period,trend,seasonal_7,seasonal_365,resid,respondent
2019-01-01,340.22660159685597,3.9757745188567264,-69.01921193317557,31.28183581746282,FPL
2019-01-02,340.2550576011074,4.406384518836859,-69.08108593018423,44.67064381023988,FPL
2019-01-03,340.28351360535885,3.5675399871605777,-69.12234846039,52.169294867870576,FPL
2019-01-04,340.3119696096103,0.04902210944793817,-69.14333916457399,51.81634744551576,FPL
2019-01-05,340.3404256138617,-8.05709581479769,-69.14440346616873,18.59207366710467,FPL
2019-01-06,340.36888161811316,-7.0953986121141615,-69.12589205285488,0.10940904685588748,FPL
2019-01-07,340.3973376223646,3.1551490434084095,-69.08816035734856,14.070673691575564,FPL
2019-01-08,340.42579362661604,3.9757745188567264,-69.03156803802453,15.238999892551703,FPL
2019-01-09,340.4542496308675,4.406384518836859,-68.95647846001947,2.4658443103151626,FPL
2019-01-10,340.4827056351189,3.5675399871605777,-68.86325817745652,10.337012555177012,FPL
2019-01-11,340.5111616393704,0.04902210944793817,-68.7522764174305,18.475092668612206,FPL
2019-01-12,340.53961764362185,-8.05709581479769,-68.62390456638852,7.426382737564381,FPL
2019-01-13,340.5680736478733,-7.0953986121141615,-68.47851565953647,17.93884062377731,FPL
2019-01-14,340.59652965212473,3.1551490434084095,-68.31648387389694,6.950805178363794,FPL
2019-01-15,340.62498565637617,3.9757745188567264,-68.13818402563808,4.806423850405224,FPL
2019-01-16,340.6534416606276,4.406384518836859,-67.9439910722855,23.600164892821,FPL
2019-01-17,340.68189766487905,3.5675399871605777,-67.73427962042292,22.847841968383364,FPL
2019-01-18,340.7103536691305,0.04902210944793817,-67.50942343947862,2.909047660900171,FPL
2019-01-19,340.7388096733819,-8.05709581479769,-67.26979498218518,5.755081123600917,FPL
2019-01-20,340.76726567763336,-7.0953986121141615,-67.01576491229197,-3.5631021532272484,FPL
2019-01-21,340.7957216818848,3.1551490434084095,-66.74770164009813,32.059830914804934,FPL
2019-01-22,340.82417768613624,3.9757745188567264,-66.46597086636336,9.335018661370384,FPL
2019-01-23,340.8526336903877,4.406384518836859,-66.17093513514271,1.6819169259181876,FPL
2019-01-24,340.8810896946391,3.5675399871605777,-65.8629533960784,12.01432371427876,FPL
2019-01-25,340.90954569889055,0.04902210944793817,-65.5423805766695,0.21981276833099628,FPL
2019-01-26,340.938001703142,-8.05709581479769,-65.20956716502663,18.964661276682307,FPL
2019-01-27,340.96645770739343,-7.0953986121141615,-64.86485880360445,27.452799708325188,FPL
2019-01-28,340.99491371164487,3.1551490434084095,-64.50859589439055,43.011533139337246,FPL
2019-01-29,341.02336971589637,3.9757745188567264,-64.14111321601361,37.20196898126056,FPL
2019-01-30,341.0518257201478,4.406384518836859,-63.76273955321798,20.435529314233293,FPL
2019-01-31,341.08028172439924,3.5675399871605777,-63.37379733913612,22.734975627576375,FPL
2019-02-01,341.1087377286507,0.04902210944793817,-62.974602310772234,2.1158424726735916,FPL
2019-02-02,341.1371937329021,-8.05709581479769,-62.565463178094674,7.768365259990276,FPL
2019-02-03,341.16564973715356,-7.0953986121141615,-62.1466813071155,12.899430182076117,FPL
2019-02-04,341.194105741405,3.1551490434084095,-61.71855041731826,2.1312956325048162,FPL
2019-02-05,341.22256174565644,3.9757745188567264,-61.28135629377606,3.7740200292628856,FPL
2019-02-06,341.2510177499079,4.406384518836859,-60.83537651428284,0.7639742455381224,FPL
2019-02-07,341.2794737541593,3.5675399871605777,-60.380880191801715,5.036866450481796,FPL
2019-02-08,341.30792975841075,0.04902210944793817,-59.91812773251384,5.497175864655162,FPL
2019-02-09,341.3363857626622,-8.05709581479769,-59.447370609731905,-0.4819193381326272,FPL
2019-02-10,341.3648417669136,-7.0953986121141615,-58.96885115392136,10.172407999121845,FPL
2019-02-11,341.39329777116507,3.1551490434084095,-58.4828023590518,16.20235554447828,FPL
2019-02-12,341.4217537754165,3.9757745188567264,-57.98944770548054,34.54791941120732,FPL
2019-02-13,341.45020977966794,4.406384518836859,-57.48900099954838,-11.674593298956438,FPL
2019-02-14,341.4786657839194,3.5675399871605777,-56.98166623004691,-8.67553954103306,FPL
2019-02-15,341.5071217881708,0.04902210944793817,-56.46763744169475,-0.2565064559240682,FPL
2019-02-16,341.53557779242226,-8.05709581479769,-55.94709862573835,3.975616648113771,FPL
2019-02-17,341.56403379667375,-7.0953986121141615,-55.4202236277714,23.988588443211768,FPL
2019-02-18,341.5924898009252,3.1551490434084095,-54.88717607284475,61.59953722851111,FPL
2019-02-19,341.62094580517663,3.9757745188567264,-54.348109307916694,57.462388983883386,FPL
2019-02-20,341.64940180942807,4.406384518836859,-53.80316636167149,55.288380033406554,FPL
2019-02-21,341.6778578136795,3.5675399871605777,-53.25247992171185,56.895082120871734,FPL
2019-02-22,341.70631381793095,0.04902210944793817,-52.69617232910914,63.45283640173028,FPL
2019-02-23,341.7347698221824,-8.05709581479769,-52.13435559027265,68.37368158288791,FPL
2019-02-24,341.7632258264338,-7.0953986121141615,-51.567131406077806,62.44730419175812,FPL
2019-02-25,341.79168183068526,3.1551490434084095,-50.994591218170825,25.360760344077164,FPL
2019-02-26,341.8201378349367,3.9757745188567264,-50.41681627234566,17.485903918552253,FPL
2019-02-27,341.84859383918814,4.406384518836859,-49.833877698867624,18.646899340842594,FPL
2019-02-28,341.8770498434396,3.5675399871605777,-49.24583660959618,10.939246778995994,FPL
2019-03-01,341.905505847691,0.04902210944793817,-48.652744211738494,16.773216254599504,FPL
2019-03-02,341.93396185194246,-8.05709581479769,-48.054641938043844,31.213775900899066,FPL
2019-03-03,341.9624178561939,-7.0953986121141615,-47.451561593228575,37.863542349148815,FPL
2019-03-04,341.99087386044533,3.1551490434084095,-46.843525516400135,45.910502612546395,FPL
2019-03-05,342.0193298646968,3.9757745188567264,-46.23054675922912,12.896442375675633,FPL
2019-03-06,342.0477858689482,4.406384518836859,-45.61262927959759,-20.642541108187515,FPL
2019-03-07,342.0762418731997,3.5675399871605777,-44.98976815043271,-17.802013709927508,FPL
2019-03-08,342.10469787745114,0.04902210944793817,-44.36194978341539,-13.864770203483658,FPL
2019-03-09,342.1331538817026,-8.05709581479769,-43.72915216723463,7.945094100329641,FPL
2019-03-10,342.161609885954,-7.0953986121141615,-43.09134512003985,15.96113384619997,FPL
2019-03-11,342.19006589020546,3.1551490434084095,-42.44849055572532,40.88027562211141,FPL
2019-03-12,342.2185218944569,3.9757745188567264,-41.80054276366353,26.115246350349935,FPL
2019-03-13,342.24697789870834,4.406384518836859,-41.147448701486695,16.138086283941504,FPL
2019-03-14,342.2754339029598,3.5675399871605777,-40.48914830049945,17.572174410379148,FPL
2019-03-15,342.3038899072112,0.04902210944793817,-39.82557478328928,22.457662766630108,FPL
2019-03-16,342.33234591146265,-8.05709581479769,-39.156654993086036,12.844404896421054,FPL
2019-03-17,342.3608019157141,-7.0953986121141615,-38.482309734406414,4.52990643080642,FPL
2019-03-18,342.38925791996553,3.1551490434084095,-37.802454124505196,-17.012952838868728,FPL
2019-03-19,342.41771392421697,3.9757745188567264,-37.116997955140974,-37.54549048793274,FPL
2019-03-20,342.4461699284684,4.406384518836859,-36.42584606415079,-39.11470838315449,FPL
2019-03-21,342.47462593271985,3.5675399871605777,-35.72889871631568,-35.21426720356476,FPL
2019-03-22,342.5030819369713,0.04902210944793817,-35.026051992986815,-44.26105205343248,FPL
2019-03-23,342.5315379412227,-8.05709581479769,-34.3171981899309,-37.606243936494195,FPL
2019-03-24,342.55999394547416,-7.0953986121141615,-33.60222622284235,-26.091369110517633,FPL
2019-03-25,342.5884499497256,3.1551490434084095,-32.88102203996036,-2.5845769531736096,FPL
2019-03-26,342.6169059539771,3.9757745188567264,-32.15346904121897,-1.209211431614733,FPL
2019-03-27,342.64536195822853,4.406384518836859,-31.41944850335019,-31.5022979737152,FPL
2019-03-28,342.67381796248,3.5675399871605777,-30.678840010351973,-38.06851793928848,FPL
2019-03-29,342.7022739667314,0.04902210944793817,-29.93152188872571,-37.50477418745362,FPL
2019-03-30,342.73072997098285,-8.05709581479769,-29.177371646881642,-19.431262509303565,FPL
2019-03-31,342.7591859752343,-7.0953986121141615,-28.416266418104563,-1.8505209450155462,FPL
2019-04-01,342.7876419794857,3.1551490434084095,-27.648083406467304,0.2052923835732372,FPL
2019-04-02,342.81609798373717,3.9757745188567264,-26.872700335075567,-2.143172167518287,FPL
2019-04-03,342.8445539879886,4.406384518836859,-26.089995896023627,-9.833942610801842,FPL
2019-04-04,342.87300999224004,3.5675399871605777,-25.299850201438296,-14.122699777962339,FPL
2019-04-05,342.9014659964915,0.04902210944793817,-24.50214523498606,11.476657129046657,FPL
2019-04-06,342.9299220007429,-8.05709581479769,-23.696765303217575,26.822939117272313,FPL
2019-04-07,342.95837800499436,-7.0953986121141615,-22.883597486123044,33.183618093242785,FPL
2019-04-08,342.9868340092458,3.1551490434084095,-22.062532086272356,41.08154903361816,FPL
2019-04-09,343.01529001349724,3.9757745188567264,-21.233463075915033,1.4643985435610603,FPL
2019-04-10,343.0437460177487,4.406384518836859,-20.39628854141709,1.2631580048315527,FPL
2019-04-11,343.0722020220001,3.5675399871605777,-19.550911124414075,14.915169115253377,FPL
2019-04-12,343.10065802625155,0.04902210944793817,-18.69723845906362,39.724558323364136,FPL
2019-04-13,343.12911403050305,-8.05709581479769,-17.835183604784568,54.74416538907923,FPL
2019-04-14,343.1575700347545,-7.0953986121141615,-16.964665473874714,57.56949405123436,FPL
2019-04-15,343.1860260390059,3.1551490434084095,-16.08560925340515,33.28543417099081,FPL
2019-04-16,343.21448204325736,3.9757745188567264,-15.197946820795114,1.7426902586810797,FPL
2019-04-17,343.2429380475088,4.406384518836859,-14.301617152479047,2.067294586133414,FPL
2019-04-18,343.27139405176024,3.5675399871605777,-13.396566725084913,32.46063268616416,FPL
2019-04-19,343.2998500560117,0.04902210944793817,-12.482749908551579,25.262877743091963,FPL
2019-04-20,343.3283060602631,-8.05709581479769,-11.560129350622528,-39.90008089484297,FPL
2019-04-21,343.35676206451456,-7.0953986121141615,-10.62867635216297,-52.59768710023741,FPL
2019-04-22,343.385218068766,3.1551490434084095,-9.688371232757934,-37.53599587941653,FPL
2019-04-23,343.41367407301743,3.9757745188567264,-8.739203686061042,-28.559244905813102,FPL
2019-04-24,343.44213007726887,4.406384518836859,-7.781173124374444,-19.26934147173131,FPL
2019-04-25,343.4705860815203,3.5675399871605777,-6.814289011954283,-4.540837056726616,FPL
2019-04-26,343.49904208577175,0.04902210944793817,-5.838571186548446,-3.555493008671249,FPL
2019-04-27,343.5274980900232,-8.05709581479769,-4.854050168687614,-0.9703521065379164,FPL
2019-04-28,343.5559540942746,-7.0953986121141615,-3.8607674582652898,11.4122119761048,FPL
2019-04-29,343.58441009852606,3.1551490434084095,-2.858775817957003,24.33721667602248,FPL
2019-04-30,343.6128661027775,3.9757745188567264,-1.8481395430450291,32.16449892141071,FPL
2019-05-01,343.64132210702894,4.406384518836859,-0.8289347172310642,12.111228091365206,FPL
2019-05-02,343.66977811128044,3.5675399871605777,0.19875054596447939,2.313931355594491,FPL
2019-05-03,343.6982341155319,0.04902210944793817,1.2348158766001944,15.562927898420014,FPL
2019-05-04,343.7266901197833,-8.05709581479769,2.2791484368742516,31.71225725814014,FPL
2019-05-05,343.75514612403475,-7.0953986121141615,3.3316227251963326,21.543629762883086,FPL
2019-05-06,343.7836021282862,3.1551490434084095,4.392100396099778,11.67414843220564,FPL
2019-05-07,343.81205813253763,3.9757745188567264,5.460430096304947,12.424737252300702,FPL
2019-05-08,343.84051413678907,4.406384518836859,6.536447317223988,18.033654027150135,FPL
2019-05-09,343.8689701410405,3.5675399871605777,7.619974264179184,25.050515607619786,FPL
2019-05-10,343.89742614529194,0.04902210944793817,8.71081974258513,24.78973200267501,FPL
2019-05-11,343.9258821495434,-8.05709581479769,9.808779061326021,32.09443460392828,FPL
2019-05-12,343.9543381537948,-7.0953986121141615,10.913633953537463,31.33742650478183,FPL
2019-05-13,343.98279415804626,3.1551490434084095,12.025152514982238,20.657904283563084,FPL
2019-05-14,344.0112501622977,3.9757745188567264,13.14308916018728,12.995886158658323,FPL
2019-05-15,344.03970616654914,4.406384518836859,14.267184596487901,-7.40327528187396,FPL
2019-05-16,344.0681621708006,3.5675399871605777,15.39716581610407,-8.443867974065256,FPL
2019-05-17,344.096618175052,0.04902210944793817,16.53274610635087,-3.5193863908509115,FPL
2019-05-18,344.12507417930345,-8.05709581479769,17.67362507806395,2.818396557430219,FPL
2019-05-19,344.1535301835549,-7.0953986121141615,18.819488712298185,21.151379716261033,FPL
2019-05-20,344.1819861878064,3.1551490434084095,19.97000942533572,23.141855343449492,FPL
2019-05-21,344.2104421920578,3.9757745188567264,21.124846152017096,33.261937137068344,FPL
2019-05-22,344.23889819630926,4.406384518836859,22.283644447386976,28.82207283746692,FPL
2019-05-23,344.2673542005607,3.5675399871605777,23.44603660662365,25.292069205655082,FPL
2019-05-24,344.29581020481214,0.04902210944793817,24.61164180319894,6.287525882541047,FPL
2019-05-25,344.3242662090636,-8.05709581479769,25.780066245192636,7.747763360541512,FPL
2019-05-26,344.352722213315,-7.0953986121141615,26.950903349664095,20.011773049135115,FPL
2019-05-27,344.38117821756646,3.1551490434084095,28.123733934960377,27.275938804064765,FPL
2019-05-28,344.4096342218179,3.9757745188567264,29.298126430819302,31.355464828506058,FPL
2019-05-29,344.43809022606933,4.406384518836859,30.47363710610309,28.050888148990737,FPL
2019-05-30,344.4665462303208,3.5675399871605777,31.649810313976865,43.796103468541844,FPL
2019-05-31,344.4950022345722,0.04902210944793817,32.826178754324694,56.232796901655206,FPL
2019-06-01,344.52345823882365,-8.05709581479769,34.00226375317459,43.74537382279942,FPL
2019-06-02,344.5519142430751,-7.0953986121141615,35.1775755588827,39.3219088101564,FPL
2019-06-03,344.5803702473265,3.1551490434084095,36.35161365480591,54.92986705445918,FPL
2019-06-04,344.60882625157797,3.9757745188567264,37.52386708817233,45.666532141392906,FPL
2019-06-05,344.6372822558294,4.406384518836859,38.693814814837765,41.55151841049587,FPL
2019-06-06,344.66573826008084,3.5675399871605777,39.860926059597375,35.520795693161176,FPL
2019-06-07,344.6941942643323,0.04902210944793817,41.024660691702195,19.88312293451753,FPL
2019-06-08,344.7226502685838,-8.05709581479769,42.184469615210176,3.904975931003719,FPL
2019-06-09,344.7511062728352,-7.0953986121141615,43.33979517378415,-26.443502834505182,FPL
2019-06-10,344.77956227708665,3.1551490434084095,44.490071569529505,-18.103782890024547,FPL
2019-06-11,344.8080182813381,3.9757745188567264,45.63472529544768,7.0124819043574576,FPL
2019-06-12,344.83647428558953,4.406384518836859,46.77317558106338,0.38996561451023126,FPL
2019-06-13,344.86493028984097,3.5675399871605777,47.90483485076777,-15.80030512776932,FPL
2019-06-14,344.8933862940924,0.04902210944793817,49.029109194402004,-27.95651759794231,FPL
2019-06-15,344.92184229834385,-8.05709581479769,50.1453988495916,-21.216145333137774,FPL
2019-06-16,344.9502983025953,-7.0953986121141615,51.25309869532512,-61.51399838580619,FPL
2019-06-17,344.9787543068467,3.1551490434084095,52.35159875625813,-60.42650210651328,FPL
2019-06-18,345.00721031109816,3.9757745188567264,53.44028471720691,-36.785269547161874,FPL
2019-06-19,345.0356663153496,4.406384518836859,54.51853844728564,-23.540589281472137,FPL
2019-06-20,345.06412231960104,3.5675399871605777,55.585738533125735,25.985599160112656,FPL
2019-06-21,345.0925783238525,0.04902210944793817,56.64126082060557,52.99913874609399,FPL
2019-06-22,345.1210343281039,-8.05709581479769,57.684478964506546,46.567582522187195,FPL
2019-06-23,345.14949033235536,-7.0953986121141615,58.7147649855009,46.25314329425788,FPL
2019-06-24,345.1779463366068,3.1551490434084095,59.73148983386649,49.45541478611824,FPL
2019-06-25,345.20640234085823,3.9757745188567264,60.734023959314676,50.73779918097034,FPL
2019-06-26,345.2348583451097,4.406384518836859,61.72173788630825,39.811019249745186,FPL
2019-06-27,345.26331434936117,3.5675399871605777,62.69400279423915,26.310142869239144,FPL
2019-06-28,345.2917703536126,0.04902210944793817,63.65019110182762,6.684016435111914,FPL
2019-06-29,345.32022635786404,-8.05709581479769,64.58967705509897,-47.8978075981654,FPL
2019-06-30,345.3486823621155,-7.0953986121141615,65.51183731828704,-25.175121068288377,FPL
2019-07-01,345.3771383663669,3.1551490434084095,66.41605156701014,10.14466102321461,FPL
2019-07-02,345.40559437061836,3.9757745188567264,67.30170308305965,33.61792802746527,FPL
2019-07-03,345.4340503748698,4.406384518836859,68.16817935013879,18.248385756154562,FPL
2019-07-04,345.46250637912124,3.5675399871605777,69.01487264988596,2.9200809838322357,FPL
2019-07-05,345.4909623833727,0.04902210944793817,69.84118065751579,13.729834849663575,FPL
2019-07-06,345.5194183876241,-8.05709581479769,70.64650703640869,-26.452829609235152,FPL
2019-07-07,345.54787439187555,-7.0953986121141615,71.43026203098125,-38.723737810742705,FPL
2019-07-08,345.576330396127,3.1551490434084095,72.19186305716839,-52.55434249670378,FPL
2019-07-09,345.60478640037843,3.9757745188567264,72.93073528985016,-33.79429620908536,FPL
2019-07-10,345.63324240462987,4.406384518836859,73.64631224655913,-4.893939170025931,FPL
2019-07-11,345.6616984088813,3.5675399871605777,74.33803636680462,-11.43927476284648,FPL
2019-07-12,345.69015441313275,0.04902210944793817,75.00535958635646,-31.76053610893723,FPL
2019-07-13,345.7186104173842,-8.05709581479769,75.64774390583293,-1.3212585084194757,FPL
2019-07-14,345.7470664216356,-7.0953986121141615,76.2646619529442,21.989670237534312,FPL
2019-07-15,345.7755224258871,3.1551490434084095,76.85559753774749,27.184730992956986,FPL
2019-07-16,345.80397843013856,3.9757745188567264,77.42004620027754,24.411200850727198,FPL
2019-07-17,345.83243443439,4.406384518836859,77.95751574992238,16.760665296850846,FPL
2019-07-18,345.86089043864143,3.5675399871605777,78.46752679592382,-6.680957221725862,FPL
2019-07-19,345.8893464428929,0.04902210944793817,78.94961326838971,1.6860181792695244,FPL
2019-07-20,345.9178024471443,-8.05709581479769,79.40332292921485,-20.279029561561515,FPL
2019-07-21,345.94625845139575,-7.0953986121141615,79.8282178723185,-20.784077711600105,FPL
2019-07-22,345.9747144556472,3.1551490434084095,80.22387501261636,-18.057738511671914,FPL
2019-07-23,346.0031704598986,3.9757745188567264,80.58988656315671,-32.88983154191209,FPL
2019-07-24,346.03162646415007,4.406384518836859,80.92586049986393,-24.777871482850856,FPL
2019-07-25,346.0600824684015,3.5675399871605777,81.23142101334341,-48.42504346890547,FPL
2019-07-26,346.08853847265294,0.04902210944793817,81.50620894721763,-49.62676952931855,FPL
2019-07-27,346.1169944769044,-8.05709581479769,81.74988222247615,-27.678780884582977,FPL
2019-07-28,346.1454504811558,-7.0953986121141615,81.96211624733749,-19.373168116379134,FPL
2019-07-29,346.17390648540726,3.1551490434084095,82.14260431213634,-6.541659840951979,FPL
2019-07-30,346.2023624896587,3.9757745188567264,82.29105796876563,-13.866194977281054,FPL
2019-07-31,346.23081849391014,4.406384518836859,82.40720739421948,-13.02841040696643,FPL
2019-08-01,346.2592744981616,3.5675399871605777,82.49080173779994,-58.0826162231221,FPL
2019-08-02,346.28773050241307,0.04902210944793817,82.54160945156887,-61.057362063429764,FPL
2019-08-03,346.3161865066645,-8.05709581479769,82.55941860364332,-53.4525092955102,FPL
2019-08-04,346.34464251091595,-7.0953986121141615,82.54403717395242,-46.07728107275415,FPL
2019-08-05,346.3730985151674,3.1551490434084095,82.49529333209222,-59.185540890667994,FPL
2019-08-06,346.4015545194188,3.9757745188567264,82.41303569693476,-49.290364735210346,FPL
2019-08-07,346.43001052367026,4.406384518836859,82.29713357766738,-44.05952862017449,FPL
2019-08-08,346.4584665279217,3.5675399871605777,82.14747719595867,-19.538483711040897,FPL
2019-08-09,346.48692253217314,0.04902210944793817,81.96397788896829,-7.155922530589407,FPL
2019-08-10,346.5153785364246,-8.05709581479769,81.74656829293849,-6.959851014565402,FPL
2019-08-11,346.543834540676,-7.0953986121141615,81.49520250712708,-14.325638435688973,FPL
2019-08-12,346.57229054492745,3.1551490434084095,81.20985623786258,-24.16429582619844,FPL
2019-08-13,346.6007465491789,3.9757745188567264,80.89052692252488,-26.23004799056048,FPL
2019-08-14,346.62920255343033,4.406384518836859,80.5372338332759,-40.471820905543154,FPL
2019-08-15,346.65765855768177,3.5675399871605777,80.15001816038854,-36.94221670523092,FPL
2019-08-16,346.6861145619332,0.04902210944793817,79.72894307504288,-37.19207974642404,FPL
2019-08-17,346.71457056618465,-8.05709581479769,79.27409377148325,-34.712568522870185,FPL
2019-08-18,346.7430265704361,-7.0953986121141615,78.78557748845094,-5.79820544677284,FPL
2019-08-19,346.7714825746875,3.1551490434084095,78.26352350983144,-0.20115512792744994,FPL
2019-08-20,346.79993857893896,3.9757745188567264,77.70808314447751,-16.280796242273254,FPL
2019-08-21,346.82839458319046,4.406384518836859,77.11942968519266,-2.09820878721996,FPL
2019-08-22,346.8568505874419,3.5675399871605777,76.49775834688278,-7.309148921485246,FPL
2019-08-23,346.88530659169334,0.04902210944793817,75.8432861839068,-9.508614885048019,FPL
2019-08-24,346.9137625959448,-8.05709581479769,75.15625198668002,-12.240918767827111,FPL
2019-08-25,346.9422186001962,-7.0953986121141615,74.4369161576074,-3.282736145689455,FPL
2019-08-26,346.97067460444765,3.1551490434084095,73.68556056644654,-9.970384214302555,FPL
2019-08-27,346.9991306086991,3.9757745188567264,72.90248838522297,-5.6123935127787945,FPL
2019-08-28,347.02758661295053,4.406384518836859,72.08802390284386,0.8320049653687533,FPL
2019-08-29,347.05604261720197,3.5675399871605777,71.24251231957754,-0.4370949239400943,FPL
2019-08-30,347.0844986214534,0.04902210944793817,70.36631952158967,-6.162840252491037,FPL
2019-08-31,347.11295462570484,-8.05709581479769,69.45983183574889,-1.5946906466561472,FPL
2019-09-01,347.1414106299563,-7.0953986121141615,68.52345576493595,-9.515467782778046,FPL
2019-09-02,347.1698666342077,3.1551490434084095,67.55761770411371,-48.621633381729794,FPL
2019-09-03,347.19832263845916,3.9757745188567264,66.56276363743417,-46.8138607947501,FPL
2019-09-04,347.2267786427106,4.406384518836859,65.53935881668309,-19.15052197823053,FPL
2019-09-05,347.25523464696204,3.5675399871605777,64.48788742138018,20.020337944497214,FPL
2019-09-06,347.2836906512135,0.04902210944793817,63.40885220087551,33.26443503846298,FPL
2019-09-07,347.3121466554649,-8.05709581479769,62.302774098802466,24.670175060530255,FPL
2019-09-08,347.3406026597164,-7.0953986121141615,61.1701918602658,22.467604092131978,FPL
2019-09-09,347.36905866396785,3.1551490434084095,60.011661622164404,39.63813067045936,FPL
2019-09-10,347.3975146682193,3.9757745188567264,58.82775648706532,32.5099543258587,FPL
2019-09-11,347.4259706724707,4.406384518836859,57.619066081065995,20.78857872762643,FPL
2019-09-12,347.45442667672216,3.5675399871605777,56.386196096096626,5.226837240020643,FPL
2019-09-13,347.4828826809736,0.04902210944793817,55.12976781713423,-0.24867260755576126,FPL
2019-09-14,347.51133868522504,-8.05709581479769,53.85041763481582,4.659339494756807,FPL
2019-09-15,347.5397946894765,-7.0953986121141615,52.54879654395365,15.435807378684046,FPL
2019-09-16,347.5682506937279,3.1551490434084095,51.2255696284716,30.127030634392042,FPL
2019-09-17,347.59670669797936,3.9757745188567264,49.88141553329777,25.973103249866142,FPL
2019-09-18,347.6251627022308,4.406384518836859,48.51702592375975,13.091426855172585,FPL
2019-09-19,347.65361870648223,3.5675399871605777,47.13310493304705,-15.488263626689843,FPL
2019-09-20,347.6820747107337,0.04902210944793817,45.73036859831364,-20.30746541849527,FPL
2019-09-21,347.7105307149851,-8.05709581479769,44.30954428600995,-14.924979186197447,FPL
2019-09-22,347.73898671923655,-7.0953986121141615,42.87137010704296,-12.907958214165319,FPL
2019-09-23,347.767442723488,3.1551490434084095,41.41659432237475,-12.605186089271172,FPL
2019-09-24,347.7958987277394,3.9757745188567264,39.94597473968148,-17.112647986277636,FPL
2019-09-25,347.82435473199087,4.406384518836859,38.46027810170193,-11.203017352529741,FPL
2019-09-26,347.8528107362423,3.5675399871605777,36.96027946691576,1.0663698096813619,FPL
2019-09-27,347.8812667404938,0.04902210944793817,35.44676158320008,16.414949566858184,FPL
2019-09-28,347.90972274474524,-8.05709581479769,33.920514255117595,24.01785881493487,FPL
2019-09-29,347.9381787489967,-7.0953986121141615,32.38233370550052,18.799886157616925,FPL
2019-09-30,347.9666347532481,3.1551490434084095,30.8330219319962,26.773194271347336,FPL
2019-10-01,347.99509075749955,3.9757745188567264,29.273386059248875,15.443748664394832,FPL
2019-10-02,348.023546761751,4.406384518836859,27.704237687394638,12.813831032017504,FPL
2019-10-03,348.05200276600243,3.5675399871605777,26.12639223755044,6.944065009286589,FPL
2019-10-04,348.08045877025387,0.04902210944793817,24.540668294982446,17.55985082531572,FPL
2019-10-05,348.1089147745053,-8.05709581479769,22.94788695063837,28.322294089654008,FPL
2019-10-06,348.13737077875675,-7.0953986121141615,21.34887114173211,21.625156691625307,FPL
2019-10-07,348.1658267830082,3.1551490434084095,19.744444992069294,-3.761420818485931,FPL
2019-10-08,348.1942827872596,3.9757745188567264,18.135433152799738,-4.873490458916081,FPL
2019-10-09,348.22273879151106,4.406384518836859,16.52266014428578,0.0742165453662551,FPL
2019-10-10,348.2511947957625,3.5675399871605777,14.906949699769287,5.703315517307601,FPL
2019-10-11,348.27965080001394,0.04902210944793817,13.289124111521021,5.447202979017106,FPL
2019-10-12,348.3081068042654,-8.05709581479769,11.670003580150544,-4.7640145696182685,FPL
2019-10-13,348.3365628085168,-7.0953986121141615,10.050405567751273,7.948430235846047,FPL
2019-10-14,348.36501881276826,3.1551490434084095,8.43114415555154,24.53468798827174,FPL
2019-10-15,348.39347481701975,3.9757745188567264,6.813029406733595,19.817721257389962,FPL
2019-10-16,348.4219308212712,4.406384518836859,5.196866735080636,42.67581792481138,FPL
2019-10-17,348.4503868255226,3.5675399871605777,3.5834562801002043,34.35461690721661,FPL
2019-10-18,348.47884282977407,0.04902210944793817,1.9735922892670565,17.13254277151094,FPL
2019-10-19,348.5072988340255,-8.05709581479769,0.36806250802013096,27.520734472752054,FPL
2019-10-20,348.53575483827694,-7.0953986121141615,-1.2323524218636308,52.45099619570084,FPL
2019-10-21,348.5642108425284,3.1551490434084095,-2.826879554903776,61.55151966896699,FPL
2019-10-22,348.5926668467798,3.9757745188567264,-4.414754224954375,65.29631285931782,FPL
2019-10-23,348.62112285103126,4.406384518836859,-5.995220618057029,47.47871324818897,FPL
2019-10-24,348.6495788552827,3.5675399871605777,-7.567532334524973,59.484413492081785,FPL
2019-10-25,348.67803485953414,0.04902210944793817,-9.130952939695202,58.94189597071312,FPL
2019-10-26,348.7064908637856,-8.05709581479769,-10.684756502792201,40.42136145380431,FPL
2019-10-27,348.734946868037,-7.0953986121141615,-12.228228123366094,56.42267986744321,FPL
2019-10-28,348.76340287228845,3.1551490434084095,-13.760664444779756,66.46511252908289,FPL
2019-10-29,348.7918588765399,3.9757745188567264,-15.281374154234864,71.08674075883823,FPL
2019-10-30,348.82031488079133,4.406384518836859,-16.78967846884491,70.0089790692167,FPL
2019-10-31,348.84877088504277,3.5675399871605777,-18.284911607277387,66.88860073507402,FPL
2019-11-01,348.8772268892942,0.04902210944793817,-19.76642124650448,31.651172247762304,FPL
2019-11-02,348.90568289354565,-8.05709581479769,-21.23356896322101,46.620981884473,FPL
2019-11-03,348.93413889779714,-7.0953986121141615,-22.68573065950401,20.00999037382104,FPL
2019-11-04,348.9625949020486,3.1551490434084095,-24.12229697230844,28.042553026851465,FPL
2019-11-05,348.9910509063,3.9757745188567264,-25.542673666410828,41.26684824125408,FPL
2019-11-06,349.01950691055146,4.406384518836859,-26.946282010434075,40.53539058104576,FPL
2019-11-07,349.0479629148029,3.5675399871605777,-28.332559135604754,53.88005623364131,FPL
2019-11-08,349.07641891905433,0.04902210944793817,-29.700958376914024,41.83251734841173,FPL
2019-11-09,349.1048749233058,-8.05709581479769,-31.050949596375972,-19.575829512132145,FPL
2019-11-10,349.1333309275572,-7.0953986121141615,-32.38201948809588,-23.8509128273472,FPL
2019-11-11,349.16178693180865,3.1551490434084095,-33.69367186488198,-0.8622641103351043,FPL
2019-11-12,349.1902429360601,3.9757745188567264,-34.98542792615811,11.425410471241264,FPL
2019-11-13,349.2186989403115,4.406384518836859,-36.25682650695326,-14.001256952195092,FPL
2019-11-14,349.24715494456296,3.5675399871605777,-37.507424307768176,-9.48427062395541,FPL
2019-11-15,349.2756109488144,0.04902210944793817,-38.73679610513955,-5.318836953122798,FPL
2019-11-16,349.30406695306584,-8.05709581479769,-39.94453494274668,-38.98043619552152,FPL
2019-11-17,349.3325229573173,-7.0953986121141615,-41.130252302926166,-51.141872042277015,FPL
2019-11-18,349.3609789615687,3.1551490434084095,-42.29357825848288,-48.279549746494354,FPL
2019-11-19,349.38943496582016,3.9757745188567264,-43.43416160471005,-41.42104787996686,FPL
2019-11-20,349.4178909700716,4.406384518836859,-44.55166997155124,-44.7056055173573,FPL
2019-11-21,349.4463469743231,3.5675399871605777,-45.64578991586231,-38.5200970456213,FPL
2019-11-22,349.47480297857453,0.04902210944793817,-46.71622699375307,-25.64759809426937,FPL
2019-11-23,349.50325898282597,-8.05709581479769,-47.762705813010626,-26.56045735501766,FPL
2019-11-24,349.5317149870774,-7.0953986121141615,-48.784970065631086,-15.478346309332096,FPL
2019-11-25,349.56017099132885,3.1551490434084095,-49.7827825405076,-32.349537494229594,FPL
2019-11-26,349.5886269955803,3.9757745188567264,-50.75592511634454,-25.31047639809242,FPL
2019-11-27,349.6170829998317,4.406384518836859,-51.704198734894184,-10.62226878377436,FPL
2019-11-28,349.64553900408316,3.5675399871605777,-52.62742335462799,-13.766655636615667,FPL
2019-11-29,349.6739950083346,0.04902210944793817,-53.52543788498471,-34.42257923279789,FPL
2019-11-30,349.70245101258604,-8.05709581479769,-54.398100101352924,-10.975255096435433,FPL
2019-12-01,349.7309070168375,-7.0953986121141615,-55.245286540971,-0.04422186375234105,FPL
2019-12-02,349.7593630210889,3.1551490434084095,-56.06689237994907,-5.9706196845482395,FPL
2019-12-03,349.78781902534035,3.9757745188567264,-56.86283129163665,-26.522762252560483,FPL
2019-12-04,349.8162750295918,4.406384518836859,-57.6330352865841,-21.88862426184454,FPL
2019-12-05,349.84473103384323,3.5675399871605777,-58.37745453436289,-23.902816486640916,FPL
2019-12-06,349.87318703809467,0.04902210944793817,-59.09605716753393,-17.692151980008703,FPL
2019-12-07,349.9016430423461,-8.05709581479769,-59.78882906806995,-17.652718159478525,FPL
2019-12-08,349.93009904659755,-7.0953986121141615,-60.45577363656032,-12.424926797923035,FPL
2019-12-09,349.958555050849,3.1551490434084095,-61.09691154454373,3.0782074502863566,FPL
2019-12-10,349.9870110551005,3.9757745188567264,-61.71228047033439,29.333494896377204,FPL
2019-12-11,350.0154670593519,4.406384518836859,-62.3019348187259,29.71408324053715,FPL
2019-12-12,350.04392306360336,3.5675399871605777,-62.86594542497281,10.147482374208892,FPL
2019-12-13,350.0723790678548,0.04902210944793817,-63.404399243470515,11.494998066167796,FPL
2019-12-14,350.10083507210624,-8.05709581479769,-63.917399021567846,15.759659764259311,FPL
2019-12-15,350.1292910763577,-7.0953986121141615,-64.40506295896564,-1.3678295052778253,FPL
2019-12-16,350.1577470806091,3.1551490434084095,-64.86752435316805,27.070628229150543,FPL
2019-12-17,350.18620308486055,3.9757745188567264,-65.30493123147102,49.907953627753784,FPL
2019-12-18,350.214659089112,4.406384518836859,-65.71744596998448,7.0534023620356265,FPL
2019-12-19,350.24311509336343,3.5675399871605777,-66.10524490020113,-3.185410180322947,FPL
2019-12-20,350.27157109761487,0.04902210944793817,-66.4685179036362,-4.4120753034266045,FPL
2019-12-21,350.3000271018663,-8.05709581479769,-66.80746799507668,-1.3854632919919823,FPL
2019-12-22,350.32848310611774,-7.0953986121141615,-67.12231089498992,-1.4417735990136862,FPL
2019-12-23,350.3569391103692,3.1551490434084095,-67.41327459165288,-6.54181356212473,FPL
2019-12-24,350.3853951146206,3.9757745188567264,-67.680598893575,-23.049570739902435,FPL
2019-12-25,350.41385111887206,4.406384518836859,-67.92453497279587,-24.933700664913147,FPL
2019-12-26,350.4423071231235,3.5675399871605777,-68.14534489965087,1.0664977893667356,FPL
2019-12-27,350.47076312737494,0.04902210944793817,-68.34330116960366,7.920515932780745,FPL
2019-12-28,350.49921913162643,-8.05709581479769,-68.51868622275497,26.86256290592621,FPL
2019-12-29,350.52767513587787,-7.0953986121141615,-68.67179195664217,27.681515432878484,FPL
2019-12-30,350.5561311401293,3.1551490434084095,-68.80291923295233,22.13363904941457,FPL
2019-12-31,350.58458714438075,3.9757745188567264,-68.91237737877589,2.2600157155384295,FPL
2020-01-01,350.6130431486322,4.406384518836859,-69.01921193317557,-22.82421573429349,FPL
2020-01-02,350.6414991528836,3.5675399871605777,-69.08108593018423,7.103046790140013,FPL
2020-01-03,350.66995515713506,0.04902210944793817,-69.12234846039,40.373371193806975,FPL
2020-01-04,350.6984111613865,-8.05709581479769,-69.14333916457399,16.721023817985156,FPL
2020-01-05,350.72686716563794,-7.0953986121141615,-69.14440346616873,-17.346065087355043,FPL
2020-01-06,350.7553231698894,3.1551490434084095,-69.12589205285488,-4.028580160442914,FPL
2020-01-07,350.7837791741408,3.9757745188567264,-69.08816035734856,-8.050393335649005,FPL
2020-01-08,350.81223517839226,4.406384518836859,-69.03156803802453,-15.111051659204577,FPL
2020-01-09,350.8406911826437,3.5675399871605777,-68.95647846001947,-1.2557527097847014,FPL
2020-01-10,350.86914718689513,0.04902210944793817,-68.86325817745652,3.1880888811134014,FPL
2020-01-11,350.8976031911466,-8.05709581479769,-68.7522764174305,10.925769041081594,FPL
2020-01-12,350.926059195398,-7.0953986121141615,-68.62390456638852,31.2362439831046,FPL
2020-01-13,350.95451519964945,3.1551490434084095,-68.47851565953647,27.101851416478553,FPL
2020-01-14,350.9829712039009,3.9757745188567264,-68.31648387389694,29.643738151139246,FPL
2020-01-15,351.0114272081523,4.406384518836859,-68.13818402563808,20.610372298648883,FPL
2020-01-16,351.0398832124038,3.5675399871605777,-67.9439910722855,17.86756787272111,FPL
2020-01-17,351.06833921665526,0.04902210944793817,-67.73427962042292,2.9119182943197757,FPL
2020-01-18,351.0967952209067,-8.05709581479769,-67.50942343947862,-1.14127596663036,FPL
2020-01-19,351.12525122515814,-7.0953986121141615,-67.26979498218518,3.9199423691412107,FPL
2020-01-20,351.1537072294096,3.1551490434084095,-67.01576491229197,3.123908639473939,FPL
2020-01-21,351.182163233661,3.9757745188567264,-66.74770164009813,13.731763887580428,FPL
2020-01-22,351.21061923791245,4.406384518836859,-66.46597086636336,68.123967109614,FPL
2020-01-23,351.2390752421639,3.5675399871605777,-66.17093513514271,-1.8606800941817028,FPL
2020-01-24,351.26753124641533,0.04902210944793817,-65.8629533960784,-14.795599959784852,FPL
2020-01-25,351.29598725066677,-8.05709581479769,-65.5423805766695,-13.931510859199648,FPL
2020-01-26,351.3244432549182,-7.0953986121141615,-65.20956716502663,-12.140477477777438,FPL
2020-01-27,351.35289925916965,3.1551490434084095,-64.86485880360445,-19.66018949897358,FPL
2020-01-28,351.3813552634211,3.9757745188567264,-64.50859589439055,-16.242533887887248,FPL
2020-01-29,351.4098112676725,4.406384518836859,-64.14111321601361,-4.941082570495837,FPL
2020-01-30,351.43826727192396,3.5675399871605777,-63.76273955321798,-11.691067705866544,FPL
2020-01-31,351.4667232761754,0.04902210944793817,-63.37379733913612,-11.009948046487239,FPL
2020-02-01,351.49517928042684,-8.05709581479769,-62.974602310772234,-15.491481154857013,FPL
2020-02-02,351.5236352846783,-7.0953986121141615,-62.565463178094674,-16.647773494469504,FPL
2020-02-03,351.5520912889298,3.1551490434084095,-62.1466813071155,-10.692559025222636,FPL
2020-02-04,351.5805472931812,3.9757745188567264,-61.71855041731826,-15.73977139471964,FPL
2020-02-05,351.60900329743265,4.406384518836859,-61.28135629377606,-10.802031522493394,FPL
2020-02-06,351.6374593016841,3.5675399871605777,-60.83537651428284,24.694377225438245,FPL
2020-02-07,351.6659153059355,0.04902210944793817,-60.380880191801715,-12.871057223581715,FPL
2020-02-08,351.69437131018697,-8.05709581479769,-59.91812773251384,-16.604147762875414,FPL
2020-02-09,351.7228273144384,-7.0953986121141615,-59.447370609731905,-13.837058092592315,FPL
2020-02-10,351.75128331868984,3.1551490434084095,-58.96885115392136,6.623418791823042,FPL
2020-02-11,351.7797393229413,3.9757745188567264,-58.4828023590518,27.267288517253803,FPL
2020-02-12,351.8081953271927,4.406384518836859,-57.98944770548054,35.16986785945096,FPL
2020-02-13,351.83665133144416,3.5675399871605777,-57.48900099954838,46.20180968094371,FPL
2020-02-14,351.8651073356956,0.04902210944793817,-56.98166623004691,22.480536784903393,FPL
2020-02-15,351.89356333994704,-8.05709581479769,-56.46763744169475,-14.463830083454695,FPL
2020-02-16,351.9220193441985,-7.0953986121141615,-55.94709862573835,0.00847789365400331,FPL
2020-02-17,351.9504753484499,3.1551490434084095,-55.4202236277714,21.257599235913005,FPL
2020-02-18,351.97893135270135,3.9757745188567264,-54.88717607284475,34.92947020128668,FPL
2020-02-19,352.0073873569528,4.406384518836859,-54.348109307916694,43.686337432127004,FPL
2020-02-20,352.03584336120423,3.5675399871605777,-53.80316636167149,40.3187830133067,FPL
2020-02-21,352.06429936545567,0.04902210944793817,-53.25247992171185,-3.8528415531918085,FPL
2020-02-22,352.09275536970716,-8.05709581479769,-52.69617232910914,-18.762487225800328,FPL
2020-02-23,352.1212113739586,-7.0953986121141615,-52.13435559027265,-24.329457171571732,FPL
2020-02-24,352.14966737821004,3.1551490434084095,-51.567131406077806,-20.099685015540672,FPL
2020-02-25,352.1781233824615,3.9757745188567264,-50.994591218170825,5.479693316852661,FPL
2020-02-26,352.2065793867129,4.406384518836859,-50.41681627234566,19.923852366795927,FPL
2020-02-27,352.23503539096436,3.5675399871605777,-49.833877698867624,-35.7946976792573,FPL
2020-02-28,352.2634913952158,0.04902210944793817,-49.24583660959618,-25.04067689506752,FPL
2020-02-29,352.29194739946723,-8.05709581479769,-48.652744211738494,-26.99610737293108,FPL
2020-03-01,352.3204034037187,-7.0953986121141615,-48.054641938043844,-26.5533628535606,FPL
2020-03-02,352.3488594079701,3.1551490434084095,-47.451561593228575,-33.73744685814995,FPL
2020-03-03,352.37731541222155,3.9757745188567264,-46.843525516400135,-11.832564414678131,FPL
2020-03-04,352.405771416473,4.406384518836859,-46.23054675922912,19.140390823919233,FPL
2020-03-05,352.4342274207244,3.5675399871605777,-45.61262927959759,50.814861871712594,FPL
2020-03-06,352.46268342497586,0.04902210944793817,-44.98976815043271,6.416062616008901,FPL
2020-03-07,352.4911394292273,-8.05709581479769,-44.36194978341539,-42.11609383101427,FPL
2020-03-08,352.51959543347874,-7.0953986121141615,-43.72915216723463,-54.87004465413003,FPL
2020-03-09,352.5480514377302,3.1551490434084095,-43.09134512003985,-38.228855361098795,FPL
2020-03-10,352.5765074419816,3.9757745188567264,-42.44849055572532,-24.675791405113102,FPL
2020-03-11,352.6049634462331,4.406384518836859,-41.80054276366353,-14.155805201406451,FPL
2020-03-12,352.63341945048455,3.5675399871605777,-41.147448701486695,-4.529510736158443,FPL
2020-03-13,352.661875454736,0.04902210944793817,-40.48914830049945,-6.221749263684387,FPL
2020-03-14,352.69033145898743,-8.05709581479769,-39.82557478328928,-8.684660860900522,FPL
2020-03-15,352.71878746323887,-7.0953986121141615,-39.156654993086036,25.58526614196137,FPL
2020-03-16,352.7472434674903,3.1551490434084095,-38.482309734406414,17.168917223507663,FPL
2020-03-17,352.77569947174175,3.9757745188567264,-37.802454124505196,22.033980133906766,FPL
2020-03-18,352.8041554759932,4.406384518836859,-37.116997955140974,19.01645796031096,FPL
2020-03-19,352.8326114802446,3.5675399871605777,-36.42584606415079,20.206694596745592,FPL
2020-03-20,352.86106748449606,0.04902210944793817,-35.72889871631568,23.60380912237173,FPL
2020-03-21,352.8895234887475,-8.05709581479769,-35.026051992986815,20.928624319037,FPL
2020-03-22,352.91797949299894,-7.0953986121141615,-34.3171981899309,16.357617309046134,FPL
2020-03-23,352.9464354972504,3.1551490434084095,-33.60222622284235,14.458641682183554,FPL
2020-03-24,352.9748915015018,3.9757745188567264,-32.88102203996036,16.31435601960186,FPL
2020-03-25,353.00334750575325,4.406384518836859,-32.15346904121897,24.03373701662889,FPL
2020-03-26,353.0318035100047,3.5675399871605777,-31.41944850335019,30.609105006184905,FPL
2020-03-27,353.06025951425613,0.04902210944793817,-30.678840010351973,30.778558386647887,FPL
2020-03-28,353.08871551850757,-8.05709581479769,-29.93152188872571,21.740902185015784,FPL
2020-03-29,353.117171522759,-7.0953986121141615,-29.177371646881642,31.748598736236772,FPL
2020-03-30,353.1456275270105,3.1551490434084095,-28.416266418104563,37.34248984768567,FPL
2020-03-31,353.17408353126194,3.9757745188567264,-27.648083406467304,35.211225356348734,FPL
2020-04-01,353.2025395355134,4.406384518836859,-26.872700335075567,-7.414223719274673,FPL
2020-04-02,353.2309955397648,3.5675399871605777,-26.089995896023627,-36.99153963090174,FPL
2020-04-03,353.25945154401626,0.04902210944793817,-25.299850201438296,-28.18062345202594,FPL
2020-04-04,353.2879075482677,-8.05709581479769,-24.50214523498606,-7.226666498483951,FPL
2020-04-05,353.31636355251914,-7.0953986121141615,-23.696765303217575,-26.488199637187392,FPL
2020-04-06,353.3448195567706,3.1551490434084095,-22.883597486123044,-17.063371114055997,FPL
2020-04-07,353.373275561022,3.9757745188567264,-22.062532086272356,7.0274820063936545,FPL
2020-04-08,353.40173156527345,4.406384518836859,-21.233463075915033,27.444346991804764,FPL
2020-04-09,353.4301875695249,3.5675399871605777,-20.39628854141709,42.95956098473158,FPL
2020-04-10,353.4586435737763,0.04902210944793817,-19.550911124414075,36.272245441189796,FPL
2020-04-11,353.48709957802777,-8.05709581479769,-18.69723845906362,5.3302346958334965,FPL
2020-04-12,353.5155555822792,-7.0953986121141615,-17.835183604784568,42.038026634619484,FPL
2020-04-13,353.54401158653064,3.1551490434084095,-16.964665473874714,68.76750484393568,FPL
2020-04-14,353.5724675907821,3.9757745188567264,-16.08560925340515,61.108367143766316,FPL
2020-04-15,353.6009235950335,4.406384518836859,-15.197946820795114,61.24163870692473,FPL
2020-04-16,353.62937959928496,3.5675399871605777,-14.301617152479047,4.88669756603349,FPL
2020-04-17,353.65783560353645,0.04902210944793817,-13.396566725084913,11.52370901210054,FPL
2020-04-18,353.6862916077879,-8.05709581479769,-12.482749908551579,18.41155411556133,FPL
2020-04-19,353.71474761203933,-7.0953986121141615,-11.560129350622528,36.317780350697376,FPL
2020-04-20,353.74320361629077,3.1551490434084095,-10.62867635216297,46.658323692463796,FPL
2020-04-21,353.7716596205422,3.9757745188567264,-9.688371232757934,26.211937093358983,FPL
2020-04-22,353.80011562479365,4.406384518836859,-8.739203686061042,-1.6182964575694427,FPL
2020-04-23,353.8285716290451,3.5675399871605777,-7.781173124374444,29.099061508168802,FPL
2020-04-24,353.8570276332965,0.04902210944793817,-6.814289011954283,26.401239269209782,FPL
2020-04-25,353.88548363754796,-8.05709581479769,-5.838571186548446,12.980183363798233,FPL
2020-04-26,353.9139396417994,-7.0953986121141615,-4.854050168687614,-19.28349086099763,FPL
2020-04-27,353.94239564605084,3.1551490434084095,-3.8607674582652898,-49.031777231193985,FPL
2020-04-28,353.9708516503023,3.9757745188567264,-2.858775817957003,-47.47385035120209,FPL
2020-04-29,353.9993076545537,4.406384518836859,-1.8481395430450291,-14.44755263034557,FPL
2020-04-30,354.02776365880516,3.5675399871605777,-0.8289347172310642,-38.830368928734686,FPL
2020-05-01,354.0562196630566,0.04902210944793817,0.19875054596447939,-60.092992318469044,FPL
2020-05-02,354.08467566730803,-8.05709581479769,1.2348158766001944,-44.12539572911061,FPL
2020-05-03,354.1131316715595,-7.0953986121141615,2.2791484368742516,-25.70988149631961,FPL
2020-05-04,354.1415876758109,3.1551490434084095,3.3316227251963326,-10.613359444415721,FPL
2020-05-05,354.17004368006235,3.9757745188567264,4.392100396099778,4.659081404981123,FPL
2020-05-06,354.19849968431384,4.406384518836859,5.460430096304947,5.470685700544379,FPL
2020-05-07,354.2269556885653,3.5675399871605777,6.536447317223988,-40.718942992949735,FPL
2020-05-08,354.2554116928167,0.04902210944793817,7.619974264179184,-47.7604080664438,FPL
2020-05-09,354.28386769706816,-8.05709581479769,8.71081974258513,-24.131591624855616,FPL
2020-05-10,354.3123237013196,-7.0953986121141615,9.808779061326021,-68.62570415053148,FPL
2020-05-11,354.34077970557104,3.1551490434084095,10.913633953537463,-41.279562702516955,FPL
2020-05-12,354.3692357098225,3.9757745188567264,12.025152514982238,-34.51116274366149,FPL
2020-05-13,354.3976917140739,4.406384518836859,13.14308916018728,-34.37716539309804,FPL
2020-05-14,354.42614771832535,3.5675399871605777,14.267184596487901,-43.75387230197384,FPL
2020-05-15,354.4546037225768,0.04902210944793817,15.39716581610407,-44.90979164812887,FPL
2020-05-16,354.48305972682823,-8.05709581479769,16.53274610635087,-16.308710018381475,FPL
2020-05-17,354.51151573107967,-7.0953986121141615,17.67362507806395,-0.9887421970294668,FPL
2020-05-18,354.5399717353311,3.1551490434084095,18.819488712298185,-35.39160949103774,FPL
2020-05-19,354.56842773958255,3.9757745188567264,19.97000942533572,-16.76521168377502,FPL
2020-05-20,354.596883743834,4.406384518836859,21.124846152017096,0.7278855853120376,FPL
2020-05-21,354.6253397480854,3.5675399871605777,22.283644447386976,9.768475817367062,FPL
2020-05-22,354.65379575233686,0.04902210944793817,23.44603660662365,12.459145531591503,FPL
2020-05-23,354.6822517565883,-8.05709581479769,24.61164180319894,7.149202255010437,FPL
2020-05-24,354.7107077608398,-7.0953986121141615,25.780066245192636,-45.48537539391822,FPL
2020-05-25,354.73916376509123,3.1551490434084095,26.950903349664095,-67.9142161581637,FPL
2020-05-26,354.7676197693427,3.9757745188567264,28.123733934960377,-32.02212822315971,FPL
2020-05-27,354.7960757735941,4.406384518836859,29.298126430819302,-10.680586723250258,FPL
2020-05-28,354.82453177784555,3.5675399871605777,30.47363710610309,11.704291128890816,FPL
2020-05-29,354.852987782097,0.04902210944793817,31.649810313976865,18.192179794478307,FPL
2020-05-30,354.8814437863484,-8.05709581479769,32.826178754324694,23.69847327412458,FPL
2020-05-31,354.90989979059987,-7.0953986121141615,34.00226375317459,24.11923506833972,FPL
2020-06-01,354.9383557948513,3.1551490434084095,35.1775755588827,23.18591960285761,FPL
2020-06-02,354.96681179910274,3.9757745188567264,36.35161365480591,-2.682199972765318,FPL
2020-06-03,354.9952678033542,4.406384518836859,37.52386708817233,-48.912519410363416,FPL
2020-06-04,355.0237238076056,3.5675399871605777,38.693814814837765,-63.18007860960398,FPL
2020-06-05,355.05217981185706,0.04902210944793817,39.860926059597375,-30.795127980902407,FPL
2020-06-06,355.0806358161085,-8.05709581479769,41.024660691702195,-21.6462006930131,FPL
2020-06-07,355.10909182035994,-7.0953986121141615,42.184469615210176,5.687837176544065,FPL
2020-06-08,355.1375478246114,3.1551490434084095,43.33979517378415,19.685507958196013,FPL
2020-06-09,355.1660038288628,3.9757745188567264,44.490071569529505,28.996150082750887,FPL
2020-06-10,355.19445983311425,4.406384518836859,45.63472529544768,32.10343035260115,FPL
2020-06-11,355.2229158373657,3.5675399871605777,46.77317558106338,8.199368594410316,FPL
2020-06-12,355.2513718416172,0.04902210944793817,47.90483485076777,1.9167711981671118,FPL
2020-06-13,355.2798278458686,-8.05709581479769,49.029109194402004,-6.621841225472906,FPL
2020-06-14,355.30828385012006,-7.0953986121141615,50.1453988495916,-16.92028408759751,FPL
2020-06-15,355.3367398543715,3.1551490434084095,51.25309869532512,-22.263987593104957,FPL
2020-06-16,355.36519585862294,3.9757745188567264,52.35159875625813,-27.81056913373783,FPL
2020-06-17,355.3936518628744,4.406384518836859,53.44028471720691,-31.33332109891819,FPL
2020-06-18,355.4221078671258,3.5675399871605777,54.51853844728564,-37.714186301572056,FPL
2020-06-19,355.45056387137726,0.04902210944793817,55.585738533125735,-43.57732451395094,FPL
2020-06-20,355.4790198756287,-8.05709581479769,56.64126082060557,-7.380184881436605,FPL
2020-06-21,355.50747587988013,-7.0953986121141615,57.684478964506546,-0.7705562322724973,FPL
2020-06-22,355.53593188413157,3.1551490434084095,58.7147649855009,19.813154086959116,FPL
2020-06-23,355.564387888383,3.9757745188567264,59.73148983386649,30.271347758893796,FPL
2020-06-24,355.59284389263445,4.406384518836859,60.734023959314676,40.689747629214025,FPL
2020-06-25,355.6212998968859,3.5675399871605777,61.72173788630825,48.1744222296453,FPL
2020-06-26,355.6497559011373,0.04902210944793817,62.69400279423915,46.2762191951756,FPL
2020-06-27,355.67821190538876,-8.05709581479769,63.65019110182762,39.652692807581275,FPL
2020-06-28,355.7066679096402,-7.0953986121141615,64.58967705509897,33.62405364737492,FPL
2020-06-29,355.73512391389164,3.1551490434084095,65.51183731828704,34.165889724412864,FPL
2020-06-30,355.76357991814314,3.9757745188567264,66.41605156701014,33.30759399599009,FPL
2020-07-01,355.7920359223946,4.406384518836859,67.30170308305965,21.66087647570896,FPL
2020-07-02,355.820491926646,3.5675399871605777,68.16817935013879,14.317788736054695,FPL
2020-07-03,355.84894793089745,0.04902210944793817,69.01487264988596,13.80615730976865,FPL
2020-07-04,355.8774039351489,-8.05709581479769,69.84118065751579,7.170511222132973,FPL
2020-07-05,355.90585993940033,-7.0953986121141615,70.64650703640869,-21.45896836369485,FPL
2020-07-06,355.93431594365177,3.1551490434084095,71.43026203098125,-40.58172701804148,FPL
2020-07-07,355.9627719479032,3.9757745188567264,72.19186305716839,-10.802409523928361,FPL
2020-07-08,355.99122795215465,4.406384518836859,72.93073528985016,4.376652239158261,FPL
2020-07-09,356.0196839564061,3.5675399871605777,73.64631224655913,26.610463809874204,FPL
2020-07-10,356.0481399606575,0.04902210944793817,74.33803636680462,22.04880156308991,FPL
2020-07-11,356.07659596490896,-8.05709581479769,75.00535958635646,-15.086859736467773,FPL
2020-07-12,356.1050519691604,-7.0953986121141615,75.64774390583293,-25.394397262879238,FPL
2020-07-13,356.13350797341184,3.1551490434084095,76.2646619529442,3.3146810302354766,FPL
2020-07-14,356.1619639776633,3.9757745188567264,76.85559753774749,11.66466396573253,FPL
2020-07-15,356.1904199819147,4.406384518836859,77.42004620027754,-7.609850701029131,FPL
2020-07-16,356.21887598616615,3.5675399871605777,77.95751574992238,-7.138931723249016,FPL
2020-07-17,356.2473319904176,0.04902210944793817,78.46752679592382,-24.619880895789436,FPL
2020-07-18,356.27578799466903,-8.05709581479769,78.94961326838971,-52.515305448261074,FPL
2020-07-19,356.3042439989205,-7.0953986121141615,79.40332292921485,-12.46716831602123,FPL
2020-07-20,356.33270000317196,3.1551490434084095,79.8282178723185,-9.842066918898865,FPL
2020-07-21,356.3611560074234,3.9757745188567264,80.22387501261636,-39.932805538896446,FPL
2020-07-22,356.38961201167484,4.406384518836859,80.58988656315671,-66.52288309366844,FPL
2020-07-23,356.4180680159263,3.5675399871605777,80.92586049986393,-69.42446850295073,FPL
2020-07-24,356.4465240201777,0.04902210944793817,81.23142101334341,-30.978967142969054,FPL
2020-07-25,356.47498002442916,-8.05709581479769,81.50620894721763,-24.372093156849132,FPL
2020-07-26,356.5034360286806,-7.0953986121141615,81.74988222247615,-24.600919639042615,FPL
2020-07-27,356.53189203293203,3.1551490434084095,81.96211624733749,-22.9381573236779,FPL
2020-07-28,356.5603480371835,3.9757745188567264,82.14260431213634,-29.726726868176513,FPL
2020-07-29,356.5888040414349,4.406384518836859,82.29105796876563,-16.99224652903746,FPL
2020-07-30,356.61726004568635,3.5675399871605777,82.40720739421948,2.961992572933582,FPL
2020-07-31,356.6457160499378,0.04902210944793817,82.49080173779994,22.107460102814287,FPL
2020-08-01,356.6741720541892,-8.05709581479769,82.54160945156887,-9.941685690960412,FPL
2020-08-02,356.70262805844067,-7.0953986121141615,82.55941860364332,-38.58864804996989,FPL
2020-08-03,356.7310840626921,3.1551490434084095,82.54403717395242,-18.645270280052898,FPL
2020-08-04,356.75954006694354,3.9757745188567264,82.49529333209222,-8.891607917892486,FPL
2020-08-05,356.78799607119504,4.406384518836859,82.41303569693476,-28.93141628696668,FPL
2020-08-06,356.8164520754465,3.5675399871605777,82.29713357766738,-20.414125640274392,FPL
2020-08-07,356.8449080796979,0.04902210944793817,82.14747719595867,-6.542407385104411,FPL
2020-08-08,356.87336408394935,-8.05709581479769,81.96397788896829,4.202753841880053,FPL
2020-08-09,356.9018200882008,-7.0953986121141615,81.74656829293849,2.5950102309748786,FPL
2020-08-10,356.93027609245223,3.1551490434084095,81.49520250712708,8.919372357012264,FPL
2020-08-11,356.95873209670367,3.9757745188567264,81.20985623786258,-8.377362853422994,FPL
2020-08-12,356.9871881009551,4.406384518836859,80.89052692252488,-15.644099542316837,FPL
2020-08-13,357.01564410520655,3.5675399871605777,80.5372338332759,2.9975820743569557,FPL
2020-08-14,357.044100109458,0.04902210944793817,80.15001816038854,11.808859620705562,FPL
2020-08-15,357.0725561137094,-8.05709581479769,79.72894307504288,-15.191403373954586,FPL
2020-08-16,357.10101211796086,-7.0953986121141615,79.27409377148325,-5.864707277329899,FPL
2020-08-17,357.1294681222123,3.1551490434084095,78.78557748845094,-6.828194654071638,FPL
2020-08-18,357.15792412646374,3.9757745188567264,78.26352350983144,-8.613222155151902,FPL
2020-08-19,357.1863801307152,4.406384518836859,77.70808314447751,-42.92484779402963,FPL
2020-08-20,357.2148361349666,3.5675399871605777,77.11942968519266,-37.53080580731984,FPL
2020-08-21,357.24329213921806,0.04902210944793817,76.49775834688278,-12.787072595548807,FPL
2020-08-22,357.2717481434695,-8.05709581479769,75.8432861839068,-12.381938512578643,FPL
2020-08-23,357.30020414772093,-7.0953986121141615,75.15625198668002,15.334942477713184,FPL
2020-08-24,357.3286601519724,3.1551490434084095,74.4369161576074,30.882274647011798,FPL
2020-08-25,357.35711615622387,3.9757745188567264,73.68556056644654,38.94554875847291,FPL
2020-08-26,357.3855721604753,4.406384518836859,72.90248838522297,27.041554935464887,FPL
2020-08-27,357.41402816472674,3.5675399871605777,72.08802390284386,30.627407945268885,FPL
2020-08-28,357.4424841689782,0.04902210944793817,71.24251231957754,36.86698140199633,FPL
2020-08-29,357.4709401732296,-8.05709581479769,70.36631952158967,29.53383611997839,FPL
2020-08-30,357.49939617748106,-7.0953986121141615,69.45983183574889,2.8991705988841545,FPL
2020-08-31,357.5278521817325,3.1551490434084095,68.52345576493595,-19.456456990076845,FPL
2020-09-01,357.55630818598394,3.9757745188567264,67.55761770411371,7.461299591045645,FPL
2020-09-02,357.5847641902354,4.406384518836859,66.56276363743417,31.16908765349359,FPL
2020-09-03,357.6132201944868,3.5675399871605777,65.53935881668309,44.31388100166953,FPL
2020-09-04,357.64167619873825,0.04902210944793817,64.48788742138018,46.44041427043362,FPL
2020-09-05,357.6701322029897,-8.05709581479769,63.40885220087551,26.926111410932435,FPL
2020-09-06,357.69858820724113,-7.0953986121141615,62.302774098802466,-19.155963693929436,FPL
2020-09-07,357.72704421149257,3.1551490434084095,61.1701918602658,-41.43938511516677,FPL
2020-09-08,357.755500215744,3.9757745188567264,60.011661622164404,-23.753936356765166,FPL
2020-09-09,357.78395621999545,4.406384518836859,58.82775648706532,-39.05909722589769,FPL
2020-09-10,357.8124122242469,3.5675399871605777,57.619066081065995,-25.840018292473474,FPL
2020-09-11,357.8408682284984,0.04902210944793817,56.386196096096626,-1.2290864340429266,FPL
2020-09-12,357.8693242327498,-8.05709581479769,55.12976781713423,-36.72999623508633,FPL
2020-09-13,357.89778023700126,-7.0953986121141615,53.85041763481582,-46.60679925970288,FPL
2020-09-14,357.9262362412527,3.1551490434084095,52.54879654395365,-11.202181828614698,FPL
2020-09-15,357.95469224550413,3.9757745188567264,51.2255696284716,4.489963607167567,FPL
2020-09-16,357.9831482497556,4.406384518836859,49.88141553329777,18.165051698109778,FPL
2020-09-17,358.011604254007,3.5675399871605777,48.51702592375975,24.24682983507273,FPL
2020-09-18,358.04006025825845,0.04902210944793817,47.13310493304705,26.465812699246612,FPL
2020-09-19,358.0685162625099,-8.05709581479769,45.73036859831364,19.01821095397412,FPL
2020-09-20,358.0969722667613,-7.0953986121141615,44.30954428600995,11.812882059342883,FPL
2020-09-21,358.12542827101277,3.1551490434084095,42.87137010704296,-19.042947421464135,FPL
2020-09-22,358.1538842752642,3.9757745188567264,41.41659432237475,-27.421253116495677,FPL
2020-09-23,358.18234027951564,4.406384518836859,39.94597473968148,-23.147699538033976,FPL
2020-09-24,358.2107962837671,3.5675399871605777,38.46027810170193,-15.247614372629641,FPL
2020-09-25,358.2392522880185,0.04902210944793817,36.96027946691576,3.984446135617759,FPL
2020-09-26,358.26770829226996,-8.05709581479769,35.44676158320008,16.325625939327608,FPL
2020-09-27,358.2961642965214,-7.0953986121141615,33.920514255117595,12.711720060475216,FPL
2020-09-28,358.32462030077284,3.1551490434084095,32.38233370550052,14.092896950318163,FPL
2020-09-29,358.3530763050243,3.9757745188567264,30.8330219319962,16.9391272441228,FPL
2020-09-30,358.38153230927577,4.406384518836859,29.273386059248875,-26.717302887361484,FPL
2020-10-01,358.4099883135272,3.5675399871605777,27.704237687394638,-31.295765988082337,FPL
2020-10-02,358.43844431777865,0.04902210944793817,26.12639223755044,-74.02385866477698,FPL
2020-10-03,358.4669003220301,-8.05709581479769,24.540668294982446,-54.874472802214825,FPL
2020-10-04,358.4953563262815,-7.0953986121141615,22.94788695063837,-24.081844664805715,FPL
2020-10-05,358.52381233053296,3.1551490434084095,21.34887114173211,14.713167484326505,FPL
2020-10-06,358.5522683347844,3.9757745188567264,19.744444992069294,36.25151215428957,FPL
2020-10-07,358.58072433903584,4.406384518836859,18.135433152799738,45.82545798932756,FPL
2020-10-08,358.6091803432873,3.5675399871605777,16.52266014428578,42.84961952526635,FPL
2020-10-09,358.6376363475387,0.04902210944793817,14.906949699769287,39.057391843244034,FPL
2020-10-10,358.66609235179016,-8.05709581479769,13.289124111521021,33.628879351486546,FPL
2020-10-11,358.6945483560416,-7.0953986121141615,11.670003580150544,37.08184667592201,FPL
2020-10-12,358.72300436029303,3.1551490434084095,10.050405567751273,31.778441028547263,FPL
2020-10-13,358.75146036454447,3.9757745188567264,8.43114415555154,16.958620961047302,FPL
2020-10-14,358.7799163687959,4.406384518836859,6.813029406733595,20.60166970563364,FPL
2020-10-15,358.80837237304735,3.5675399871605777,5.196866735080636,32.02122090471147,FPL
2020-10-16,358.8368283772988,0.04902210944793817,3.5834562801002043,15.512693233153016,FPL
2020-10-17,358.8652843815502,-8.05709581479769,1.9735922892670565,12.651219143980313,FPL
2020-10-18,358.8937403858017,-7.0953986121141615,0.36806250802013096,26.76159571829237,FPL
2020-10-19,358.92219639005316,3.1551490434084095,-1.2323524218636308,-1.2899930115979146,FPL
2020-10-20,358.9506523943046,3.9757745188567264,-2.826879554903776,-1.412547358257541,FPL
2020-10-21,358.97910839855604,4.406384518836859,-4.414754224954375,-20.12573869243846,FPL
2020-10-22,359.0075644028075,3.5675399871605777,-5.995220618057029,-0.10388377191094378,FPL
2020-10-23,359.0360204070589,0.04902210944793817,-7.567532334524973,17.32048981801819,FPL
2020-10-24,359.06447641131035,-8.05709581479769,-9.130952939695202,18.671572343182504,FPL
2020-10-25,359.0929324155618,-7.0953986121141615,-10.684756502792201,13.610222699344604,FPL
2020-10-26,359.12138841981323,3.1551490434084095,-12.228228123366094,38.02269066014446,FPL
2020-10-27,359.14984442406467,3.9757745188567264,-13.760664444779756,60.86104550185837,FPL
2020-10-28,359.1783004283161,4.406384518836859,-15.281374154234864,63.85468920708189,FPL
2020-10-29,359.20675643256754,3.5675399871605777,-16.78967846884491,70.24738204911682,FPL
2020-10-30,359.235212436819,0.04902210944793817,-18.284911607277387,33.21367706101046,FPL
2020-10-31,359.2636684410704,-8.05709581479769,-19.76642124650448,19.18184862023179,FPL
2020-11-01,359.29212444532186,-7.0953986121141615,-21.23356896322101,54.8408431300133,FPL
2020-11-02,359.3205804495733,3.1551490434084095,-22.68573065950401,-17.437998833477764,FPL
2020-11-03,359.34903645382474,3.9757745188567264,-24.12229697230844,-35.1485140003731,FPL
2020-11-04,359.3774924580762,4.406384518836859,-25.542673666410828,-19.279203310502226,FPL
2020-11-05,359.4059484623276,3.5675399871605777,-26.946282010434075,10.577793560945906,FPL
2020-11-06,359.43440446657905,0.04902210944793817,-28.332559135604754,21.478132559577716,FPL
2020-11-07,359.46286047083055,-8.05709581479769,-29.700958376914024,14.882193720881162,FPL
2020-11-08,359.491316475082,-7.0953986121141615,-31.050949596375972,0.09103173340815829,FPL
2020-11-09,359.5197724793334,3.1551490434084095,-32.38201948809588,28.670097965354046,FPL
2020-11-10,359.54822848358486,3.9757745188567264,-33.69367186488198,45.03566886244033,FPL
2020-11-11,359.5766844878363,4.406384518836859,-34.98542792615811,44.63535891948493,FPL
2020-11-12,359.60514049208774,3.5675399871605777,-36.25682650695326,36.20114602770502,FPL
2020-11-13,359.6335964963392,0.04902210944793817,-37.507424307768176,31.71480570198105,FPL
2020-11-14,359.6620525005906,-8.05709581479769,-38.73679610513955,12.887839419346562,FPL
2020-11-15,359.69050850484206,-7.0953986121141615,-39.94453494274668,37.08642505001882,FPL
2020-11-16,359.7189645090935,3.1551490434084095,-41.130252302926166,31.02313875042421,FPL
2020-11-17,359.74742051334493,3.9757745188567264,-42.29357825848288,-4.533616773718791,FPL
2020-11-18,359.7758765175964,4.406384518836859,-43.43416160471005,-29.49009943172325,FPL
2020-11-19,359.8043325218478,3.5675399871605777,-44.55166997155124,-26.58120253745716,FPL
2020-11-20,359.83278852609925,0.04902210944793817,-45.64578991586231,-14.562020719684881,FPL
2020-11-21,359.8612445303507,-8.05709581479769,-46.71622699375307,-4.3609217217999685,FPL
2020-11-22,359.8897005346021,-7.0953986121141615,-47.762705813010626,-4.264596109477338,FPL
2020-11-23,359.91815653885357,3.1551490434084095,-48.784970065631086,-10.602335516630887,FPL
2020-11-24,359.94661254310506,3.9757745188567264,-49.7827825405076,-13.691604521454167,FPL
2020-11-25,359.9750685473565,4.406384518836859,-50.75592511634454,-2.8035279498487853,FPL
2020-11-26,360.00352455160794,3.5675399871605777,-51.704198734894184,6.069134196125731,FPL
2020-11-27,360.0319805558594,0.04902210944793817,-52.62742335462799,-6.659579310679305,FPL
2020-11-28,360.0604365601108,-8.05709581479769,-53.52543788498471,-3.7809028603284673,FPL
2020-11-29,360.08889256436225,-7.0953986121141615,-54.398100101352924,3.7186061491049145,FPL
2020-11-30,360.1173485686137,3.1551490434084095,-55.245286540971,-4.13621107105115,FPL
2020-12-01,360.14580457286513,3.9757745188567264,-56.06689237994907,-44.09668671177269,FPL
2020-12-02,360.17426057711657,4.406384518836859,-56.86283129163665,-15.840813804316781,FPL
2020-12-03,360.202716581368,3.5675399871605777,-57.6330352865841,-23.648221281944473,FPL
2020-12-04,360.23117258561945,0.04902210944793817,-58.37745453436289,-26.233740160704542,FPL
2020-12-05,360.2596285898709,-8.05709581479769,-59.09605716753393,-6.73047560753929,FPL
2020-12-06,360.2880845941223,-7.0953986121141615,-59.78882906806995,-4.029856913938204,FPL
2020-12-07,360.31654059837376,3.1551490434084095,-60.45577363656032,-14.633916005221806,FPL
2020-12-08,360.3449966026252,3.9757745188567264,-61.09691154454373,-15.490859576938192,FPL
2020-12-09,360.37345260687664,4.406384518836859,-61.71228047033439,1.6404433446209055,FPL
2020-12-10,360.4019086111281,3.5675399871605777,-62.3019348187259,-8.08051377956275,FPL
2020-12-11,360.4303646153795,0.04902210944793817,-62.86594542497281,-22.147441299854677,FPL
2020-12-12,360.45882061963096,-8.05709581479769,-63.404399243470515,-13.37032556136279,FPL
2020-12-13,360.48727662388245,-7.0953986121141615,-63.917399021567846,-3.1754789902004177,FPL
2020-12-14,360.5157326281339,3.1551490434084095,-64.40506295896564,5.361181287423392,FPL
2020-12-15,360.5441886323853,3.9757745188567264,-64.86752435316805,6.2125612019260075,FPL
2020-12-16,360.57264463663677,4.406384518836859,-65.30493123147102,14.96490207599743,FPL
2020-12-17,360.6011006408882,3.5675399871605777,-65.71744596998448,12.875805341935688,FPL
2020-12-18,360.62955664513964,0.04902210944793817,-66.10524490020113,-7.276333854386451,FPL
2020-12-19,360.6580126493911,-8.05709581479769,-66.4685179036362,-2.6193989309572316,FPL
2020-12-20,360.6864686536425,-7.0953986121141615,-66.80746799507668,-0.31760204645166823,FPL
2020-12-21,360.71492465789396,3.1551490434084095,-67.12231089498992,-8.711762806312436,FPL
2020-12-22,360.7433806621454,3.9757745188567264,-67.41327459165288,-16.664880589349195,FPL
2020-12-23,360.77183666639684,4.406384518836859,-67.680598893575,-2.5456222916587308,FPL
2020-12-24,360.8002926706483,3.5675399871605777,-67.92453497279587,11.21570231498697,FPL
2020-12-25,360.8287486748997,0.04902210944793817,-68.14534489965087,-10.733425884696828,FPL
2020-12-26,360.85720467915115,-8.05709581479769,-68.34330116960366,40.6951923052502,FPL
2020-12-27,360.8856606834026,-7.0953986121141615,-68.51868622275497,21.72542415146654,FPL
2020-12-28,360.91411668765403,3.1551490434084095,-68.67179195664217,-15.716473774420308,FPL
2020-12-29,360.94257269190547,3.9757745188567264,-68.80291923295233,-18.89142797780994,FPL
2020-12-30,360.9710286961569,4.406384518836859,-68.91237737877589,-14.185035836217935,FPL
2020-12-31,360.99948470040835,3.5675399871605777,-69.00048368303325,10.680458995464335,FPL
2021-01-01,361.02794070465984,0.04902210944793817,-69.01921193317557,16.660249119067828,FPL
2021-01-02,361.0563967089113,-8.05709581479769,-69.08108593018423,18.815785036070565,FPL
2021-01-03,361.0848527131627,-7.0953986121141615,-69.12234846039,3.027894359341417,FPL
2021-01-04,361.11330871741416,3.1551490434084095,-69.14333916457399,-13.092118596248554,FPL
2021-01-05,361.1417647216656,3.9757745188567264,-69.14440346616873,-14.160135774353591,FPL
2021-01-06,361.17022072591703,4.406384518836859,-69.12589205285488,-13.616713191898953,FPL
2021-01-07,361.1986767301685,3.5675399871605777,-69.08816035734856,-14.744056359980448,FPL
2021-01-08,361.2271327344199,0.04902210944793817,-69.03156803802453,-22.465586805843316,FPL
2021-01-09,361.25558873867135,-8.05709581479769,-68.95647846001947,-3.911014463854144,FPL
2021-01-10,361.2840447429228,-7.0953986121141615,-68.86325817745652,14.569612046647876,FPL
2021-01-11,361.3125007471742,3.1551490434084095,-68.7522764174305,-10.836373373152128,FPL
2021-01-12,361.34095675142567,3.9757745188567264,-68.62390456638852,-20.14382670389392,FPL
2021-01-13,361.3694127556771,4.406384518836859,-68.47851565953647,-6.263281614977529,FPL
2021-01-14,361.39786875992854,3.5675399871605777,-68.31648387389694,-10.761924873192186,FPL
2021-01-15,361.42632476418,0.04902210944793817,-68.13818402563808,-2.4481628479898063,FPL
2021-01-16,361.4547807684314,-8.05709581479769,-67.9439910722855,-11.99269388134826,FPL
2021-01-17,361.48323677268286,-7.0953986121141615,-67.73427962042292,1.2964414598541794,FPL
2021-01-18,361.5116927769343,3.1551490434084095,-67.50942343947862,-11.39741838086411,FPL
2021-01-19,361.54014878118574,3.9757745188567264,-67.26979498218518,0.9458716821426947,FPL
2021-01-20,361.56860478543723,4.406384518836859,-67.01576491229197,-10.852224391982077,FPL
2021-01-21,361.59706078968867,3.5675399871605777,-66.74770164009813,-18.37189913675104,FPL
2021-01-22,361.6255167939401,0.04902210944793817,-66.46597086636336,-32.46856803702468,FPL
2021-01-23,361.65397279819155,-8.05709581479769,-66.17093513514271,-21.231941848251097,FPL
2021-01-24,361.682428802443,-7.0953986121141615,-65.8629533960784,-14.096076794250394,FPL
2021-01-25,361.7108848066944,3.1551490434084095,-65.5423805766695,-7.95765327343338,FPL
2021-01-26,361.73934081094586,3.9757745188567264,-65.20956716502663,0.4774518352240307,FPL
2021-01-27,361.7677968151973,4.406384518836859,-64.86485880360445,5.203677469570266,FPL
2021-01-28,361.79625281944874,3.5675399871605777,-64.50859589439055,-22.173196912218714,FPL
2021-01-29,361.8247088237002,0.04902210944793817,-64.14111321601361,-16.917617717134533,FPL
2021-01-30,361.8531648279516,-8.05709581479769,-63.76273955321798,-22.26732945993598,FPL
2021-01-31,361.88162083220305,-7.0953986121141615,-63.37379733913612,-22.52442488095278,FPL
2021-02-01,361.9100768364545,3.1551490434084095,-62.974602310772234,-25.900623569090726,FPL
2021-02-02,361.93853284070593,3.9757745188567264,-62.565463178094674,12.349155818531983,FPL
2021-02-03,361.96698884495737,4.406384518836859,-62.1466813071155,31.367307943321293,FPL
2021-02-04,361.9954448492088,3.5675399871605777,-61.71855041731826,31.739565580948863,FPL
2021-02-05,362.02390085346025,0.04902210944793817,-61.28135629377606,-7.368566669132122,FPL
2021-02-06,362.05235685771174,-8.05709581479769,-60.83537651428284,-12.097884528631198,FPL
2021-02-07,362.0808128619632,-7.0953986121141615,-60.380880191801715,3.4034659419526747,FPL
2021-02-08,362.1092688662146,3.1551490434084095,-59.91812773251384,3.3447098228908203,FPL
2021-02-09,362.13772487046606,3.9757745188567264,-59.447370609731905,4.80787122040914,FPL
2021-02-10,362.1661808747175,4.406384518836859,-58.96885115392136,4.888285760367012,FPL
2021-02-11,362.19463687896894,3.5675399871605777,-58.4828023590518,6.090625492922356,FPL
2021-02-12,362.2230928832204,0.04902210944793817,-57.98944770548054,12.590332712812199,FPL
2021-02-13,362.2515488874718,-8.05709581479769,-57.48900099954838,22.811547926874255,FPL
2021-02-14,362.28000489172325,-7.0953986121141615,-56.98166623004691,29.091059950437796,FPL
2021-02-15,362.3084608959747,3.1551490434084095,-56.46763744169475,38.85202750231167,FPL
2021-02-16,362.33691690022613,3.9757745188567264,-55.94709862573835,13.887407206655496,FPL
2021-02-17,362.36537290447757,4.406384518836859,-55.4202236277714,14.812466204456939,FPL
2021-02-18,362.393828908729,3.5675399871605777,-54.88717607284475,38.97480717695515,FPL
2021-02-19,362.42228491298044,0.04902210944793817,-54.348109307916694,30.47780228548828,FPL
2021-02-20,362.4507409172319,-8.05709581479769,-53.80316636167149,-24.799478740762765,FPL
2021-02-21,362.4791969214833,-7.0953986121141615,-53.25247992171185,-28.587318387657376,FPL
2021-02-22,362.50765292573476,3.1551490434084095,-52.69617232910914,-5.66162964003405,FPL
2021-02-23,362.5361089299862,3.9757745188567264,-52.13435559027265,-3.9225278585702767,FPL
2021-02-24,362.56456493423764,4.406384518836859,-51.567131406077806,-10.17981804699673,FPL
2021-02-25,362.5930209384891,3.5675399871605777,-50.994591218170825,-6.352969707478849,FPL
2021-02-26,362.62147694274057,0.04902210944793817,-50.41681627234566,12.818317220157155,FPL
2021-02-27,362.649932946992,-8.05709581479769,-49.833877698867624,30.247040566673263,FPL
2021-02-28,362.67838895124345,-7.0953986121141615,-49.24583660959618,34.260846270466914,FPL
2021-03-01,362.7068449554949,3.1551490434084095,-48.652744211738494,40.99775021283517,FPL
2021-03-02,362.7353009597463,3.9757745188567264,-48.054641938043844,29.72456645944078,FPL
2021-03-03,362.76375696399776,4.406384518836859,-47.451561593228575,5.677420110393996,FPL
2021-03-04,362.7922129682492,3.5675399871605777,-46.843525516400135,-35.56722743900963,FPL
2021-03-05,362.82066897250064,0.04902210944793817,-46.23054675922912,-32.25814432271949,FPL
2021-03-06,362.8491249767521,-8.05709581479769,-45.61262927959759,-38.831399882356834,FPL
2021-03-07,362.8775809810035,-7.0953986121141615,-44.98976815043271,-44.55941421845665,FPL
2021-03-08,362.90603698525496,3.1551490434084095,-44.36194978341539,-48.173236245248006,FPL
2021-03-09,362.9344929895064,3.9757745188567264,-43.72915216723463,-50.06911534112851,FPL
2021-03-10,362.96294899375783,4.406384518836859,-43.09134512003985,-46.81198839255484,FPL
2021-03-11,362.9914049980093,3.5675399871605777,-42.44849055572532,-33.66645442944457,FPL
2021-03-12,363.0198610022607,0.04902210944793817,-41.80054276366353,-27.71234034804519,FPL
2021-03-13,363.04831700651215,-8.05709581479769,-41.147448701486695,-23.57577249022785,FPL
2021-03-14,363.0767730107636,-7.0953986121141615,-40.48914830049945,-31.712226098149983,FPL
2021-03-15,363.105229015015,3.1551490434084095,-39.82557478328928,-5.9568032751341775,FPL
2021-03-16,363.1336850192665,3.9757745188567264,-39.156654993086036,-1.7368045450372165,FPL
2021-03-17,363.16214102351796,4.406384518836859,-38.482309734406414,9.2187841920516,FPL
2021-03-18,363.1905970277694,3.5675399871605777,-37.802454124505196,23.38531710957534,FPL
2021-03-19,363.21905303202084,0.04902210944793817,-37.116997955140974,-2.7840771863277496,FPL
2021-03-20,363.2475090362723,-8.05709581479769,-36.42584606415079,-43.064567157323836,FPL
2021-03-21,363.2759650405237,-7.0953986121141615,-35.72889871631568,-51.43066771209385,FPL
2021-03-22,363.30442104477515,3.1551490434084095,-35.026051992986815,-56.12551809519675,FPL
2021-03-23,363.3328770490266,3.9757745188567264,-34.3171981899309,-47.83345337795237,FPL
2021-03-24,363.36133305327803,4.406384518836859,-33.60222622284235,-25.170491349272538,FPL
2021-03-25,363.38978905752947,3.5675399871605777,-32.88102203996036,20.502692995270365,FPL
2021-03-26,363.4182450617809,0.04902210944793817,-32.15346904121897,37.023201869990146,FPL
2021-03-27,363.44670106603235,-8.05709581479769,-31.41944850335019,32.926843252115475,FPL
2021-03-28,363.4751570702838,-7.0953986121141615,-30.678840010351973,36.43108155218238,FPL
2021-03-29,363.5036130745352,3.1551490434084095,-29.93152188872571,28.111759770782044,FPL
2021-03-30,363.53206907878666,3.9757745188567264,-29.177371646881642,32.010528049238246,FPL
2021-03-31,363.5605250830381,4.406384518836859,-28.416266418104563,39.12835681622954,FPL
2021-04-01,363.58898108728954,3.5675399871605777,-27.648083406467304,0.8025623320172031,FPL
2021-04-02,363.617437091541,0.04902210944793817,-26.872700335075567,-63.41675886591338,FPL
2021-04-03,363.6458930957924,-8.05709581479769,-26.089995896023627,-67.29480138497115,FPL
2021-04-04,363.6743491000439,-7.0953986121141615,-25.299850201438296,-68.11210028649145,FPL
2021-04-05,363.70280510429535,3.1551490434084095,-24.50214523498606,-60.334808912717676,FPL
2021-04-06,363.7312611085468,3.9757745188567264,-23.696765303217575,-54.6332703241859,FPL
2021-04-07,363.7597171127982,4.406384518836859,-22.883597486123044,-48.52950414551208,FPL
2021-04-08,363.78817311704967,3.5675399871605777,-22.062532086272356,-36.277181017937835,FPL
2021-04-09,363.8166291213011,0.04902210944793817,-21.233463075915033,-22.27018815483393,FPL
2021-04-10,363.84508512555254,-8.05709581479769,-20.39628854141709,-8.050700769337766,FPL
2021-04-11,363.873541129804,-7.0953986121141615,-19.550911124414075,-26.915231393275747,FPL
2021-04-12,363.9019971340554,3.1551490434084095,-18.69723845906362,-31.269907718400248,FPL
2021-04-13,363.93045313830686,3.9757745188567264,-17.835183604784568,-15.950044052379042,FPL
2021-04-14,363.9589091425583,4.406384518836859,-16.964665473874714,-10.876628187520453,FPL
2021-04-15,363.98736514680974,3.5675399871605777,-16.08560925340515,-16.260295880565195,FPL
2021-04-16,364.0158211510612,0.04902210944793817,-15.197946820795114,0.18210356028595243,FPL
2021-04-17,364.0442771553126,-8.05709581479769,-14.301617152479047,14.270435811964091,FPL
2021-04-18,364.07273315956405,-7.0953986121141615,-13.396566725084913,24.205232177635025,FPL
2021-04-19,364.1011891638155,3.1551490434084095,-12.482749908551579,16.954411701327615,FPL
2021-04-20,364.12964516806693,3.9757745188567264,-11.560129350622528,-17.241290336301176,FPL
2021-04-21,364.1581011723184,4.406384518836859,-10.62867635216297,-18.73680933899226,FPL
2021-04-22,364.18655717656986,3.5675399871605777,-9.688371232757934,-26.67872593097252,FPL
2021-04-23,364.2150131808213,0.04902210944793817,-8.739203686061042,-30.524831604208146,FPL
2021-04-24,364.24346918507274,-8.05709581479769,-7.781173124374444,7.095799754099346,FPL
2021-04-25,364.2719251893242,-7.0953986121141615,-6.814289011954283,32.028762434744294,FPL
2021-04-26,364.3003811935756,3.1551490434084095,-5.838571186548446,4.9700409495644635,FPL
2021-04-27,364.32883719782706,3.9757745188567264,-4.854050168687614,-9.477561547996117,FPL
2021-04-28,364.3572932020785,4.406384518836859,-3.8607674582652898,-3.3469102626500558,FPL
2021-04-29,364.38574920632993,3.5675399871605777,-2.858775817957003,29.333486624466502,FPL
2021-04-30,364.4142052105814,0.04902210944793817,-1.8481395430450291,33.62991222301571,FPL
2021-05-01,364.4426612148328,-8.05709581479769,-0.8289347172310642,25.36736931719588,FPL
2021-05-02,364.47111721908425,-7.0953986121141615,0.19875054596447939,32.45753084706536,FPL
2021-05-03,364.4995732233357,3.1551490434084095,1.2348158766001944,49.98346185665565,FPL
2021-05-04,364.5280292275871,3.9757745188567264,2.2791484368742516,60.02104781668186,FPL
2021-05-05,364.55648523183856,4.406384518836859,3.3316227251963326,60.838507524128204,FPL
2021-05-06,364.58494123609,3.5675399871605777,4.392100396099778,43.502418380649715,FPL
2021-05-07,364.61339724034144,0.04902210944793817,5.460430096304947,7.424150553905633,FPL
2021-05-08,364.6418532445929,-8.05709581479769,6.536447317223988,-23.086204747019167,FPL
2021-05-09,364.6703092488443,-7.0953986121141615,7.619974264179184,-6.037884900909376,FPL
2021-05-10,364.69876525309576,3.1551490434084095,8.71081974258513,27.32826596091064,FPL
2021-05-11,364.72722125734725,3.9757745188567264,9.808779061326021,37.72022516247006,FPL
2021-05-12,364.7556772615987,4.406384518836859,10.913633953537463,39.901304266026955,FPL
2021-05-13,364.78413326585013,3.5675399871605777,12.025152514982238,-3.388825767992955,FPL
2021-05-14,364.81258927010157,0.04902210944793817,13.14308916018728,-23.392700539736722,FPL
2021-05-15,364.841045274353,-8.05709581479769,14.267184596487901,-13.626134056043213,FPL
2021-05-16,364.86950127860445,-7.0953986121141615,15.39716581610407,-36.78226848259436,FPL
2021-05-17,364.8979572828559,3.1551490434084095,16.53274610635087,-27.284852432615196,FPL
2021-05-18,364.9264132871073,3.9757745188567264,17.67362507806395,-18.731812884028045,FPL
2021-05-19,364.95486929135876,4.406384518836859,18.819488712298185,-18.890742522493838,FPL
2021-05-20,364.9833252956102,3.5675399871605777,19.97000942533572,-24.31287470810645,FPL
2021-05-21,365.01178129986164,0.04902210944793817,21.124846152017096,-34.674649561326646,FPL
2021-05-22,365.0402373041131,-8.05709581479769,22.283644447386976,-39.93578593670236,FPL
2021-05-23,365.0686933083645,-7.0953986121141615,23.44603660662365,-40.975331302874,FPL
2021-05-24,365.09714931261595,3.1551490434084095,24.61164180319894,-30.48894015922332,FPL
2021-05-25,365.1256053168674,3.9757745188567264,25.780066245192636,-16.960446080916768,FPL
2021-05-26,365.15406132111883,4.406384518836859,26.950903349664095,-10.476349189619725,FPL
2021-05-27,365.18251732537027,3.5675399871605777,28.123733934960377,-7.426791247491224,FPL
2021-05-28,365.2109733296217,0.04902210944793817,29.298126430819302,-4.1491218698889725,FPL
2021-05-29,365.2394293338732,-8.05709581479769,30.47363710610309,0.3490293748213844,FPL
2021-05-30,365.26788533812464,-7.0953986121141615,31.649810313976865,-13.491297039987273,FPL
2021-05-31,365.2963413423761,3.1551490434084095,32.826178754324694,-23.619669140109124,FPL
2021-06-01,365.3247973466275,3.9757745188567264,34.00226375317459,-25.77583561865879,FPL
2021-06-02,365.35325335087896,4.406384518836859,35.1775755588827,-25.67921342859853,FPL
2021-06-03,365.3817093551304,3.5675399871605777,36.35161365480591,-25.57086299709681,FPL
2021-06-04,365.41016535938184,0.04902210944793817,37.52386708817233,-12.854054557002087,FPL
2021-06-05,365.4386213636333,-8.05709581479769,38.693814814837765,-3.011340363673412,FPL
2021-06-06,365.4670773678847,-7.0953986121141615,39.860926059597375,12.14439518463206,FPL
2021-06-07,365.49553337213615,3.1551490434084095,41.024660691702195,13.779656892753223,FPL
2021-06-08,365.5239893763876,3.9757745188567264,42.184469615210176,-15.463233510454472,FPL
2021-06-09,365.552445380639,4.406384518836859,43.33979517378415,9.910374926739962,FPL
2021-06-10,365.58090138489047,3.5675399871605777,44.490071569529505,16.106487058419418,FPL
2021-06-11,365.6093573891419,0.04902210944793817,45.63472529544768,20.998895205962356,FPL
2021-06-12,365.63781339339334,-8.05709581479769,46.77317558106338,6.9851068403409045,FPL
2021-06-13,365.6662693976448,-7.0953986121141615,47.90483485076777,-5.622705636298406,FPL
2021-06-14,365.6947254018962,3.1551490434084095,49.029109194402004,-46.84698363970665,FPL
2021-06-15,365.72318140614766,3.9757745188567264,50.1453988495916,-49.406354774596025,FPL
2021-06-16,365.7516374103991,4.406384518836859,51.25309869532512,-70.59912062456107,FPL
2021-06-17,365.7800934146506,3.5675399871605777,52.35159875625813,-58.47623215806925,FPL
2021-06-18,365.80854941890203,0.04902210944793817,53.44028471720691,-25.366856245556903,FPL
2021-06-19,365.83700542315347,-8.05709581479769,54.51853844728564,4.348551944358519,FPL
2021-06-20,365.8654614274049,-7.0953986121141615,55.585738533125735,3.5121986515835033,FPL
2021-06-21,365.89391743165635,3.1551490434084095,56.64126082060557,1.987672704329725,FPL
2021-06-22,365.9223734359078,3.9757745188567264,57.684478964506546,4.4973730807289485,FPL
2021-06-23,365.9508294401592,4.406384518836859,58.7147649855009,-35.32097894449697,FPL
2021-06-24,365.97928544441066,3.5675399871605777,59.73148983386649,-60.50231526543769,FPL
2021-06-25,366.0077414486621,0.04902210944793817,60.734023959314676,-61.59878751742468,FPL
2021-06-26,366.03619745291354,-8.05709581479769,61.72173788630825,-36.95083952442411,FPL
2021-06-27,366.064653457165,-7.0953986121141615,62.69400279423915,-20.082257639289935,FPL
2021-06-28,366.0931094614164,3.1551490434084095,63.65019110182762,-42.06244960665242,FPL
2021-06-29,366.12156546566786,3.9757745188567264,64.58967705509897,-57.79301703962358,FPL
2021-06-30,366.1500214699193,4.406384518836859,65.51183731828704,-80.57124330704318,FPL
2021-07-01,366.17847747417073,3.5675399871605777,66.41605156701014,-65.9970690283414,FPL
2021-07-02,366.2069334784222,0.04902210944793817,67.30170308305965,-37.11065867092975,FPL
2021-07-03,366.2353894826736,-8.05709581479769,68.16817935013879,-17.40547301801479,FPL
2021-07-04,366.2638454869251,-7.0953986121141615,69.01487264988596,-9.506319524696892,FPL
2021-07-05,366.29230149117654,3.1551490434084095,69.84118065751579,-29.37363119210073,FPL
2021-07-06,366.320757495428,3.9757745188567264,70.64650703640869,-68.74103905069336,FPL
2021-07-07,366.3492134996794,4.406384518836859,71.43026203098125,-48.24686004949757,FPL
2021-07-08,366.37766950393086,3.5675399871605777,72.19186305716839,-34.490072548259775,FPL
2021-07-09,366.4061255081823,0.04902210944793817,72.93073528985016,-21.133882907480427,FPL
2021-07-10,366.43458151243374,-8.05709581479769,73.64631224655913,-45.873797944195246,FPL
2021-07-11,366.4630375166852,-7.0953986121141615,74.33803636680462,-39.76767527137565,FPL
2021-07-12,366.4914935209366,3.1551490434084095,75.00535958635646,-60.15300215070147,FPL
2021-07-13,366.51994952518805,3.9757745188567264,75.64774390583293,-62.47846794987771,FPL
2021-07-14,366.5484055294395,4.406384518836859,76.2646619529442,-52.040452001220615,FPL
2021-07-15,366.57686153369093,3.5675399871605777,76.85559753774749,-27.860999058598964,FPL
2021-07-16,366.60531753794237,0.04902210944793817,77.42004620027754,-18.19638584766784,FPL
2021-07-17,366.6337735421938,-8.05709581479769,77.95751574992238,-33.67319347731848,FPL
2021-07-18,366.66222954644525,-7.0953986121141615,78.46752679592382,-24.87535773025496,FPL
2021-07-19,366.6906855506967,3.1551490434084095,78.94961326838971,-13.319447862494826,FPL
2021-07-20,366.7191415549481,3.9757745188567264,79.40332292921485,-36.57423900301973,FPL
2021-07-21,366.74759755919956,4.406384518836859,79.8282178723185,-14.07719995035501,FPL
2021-07-22,366.776053563451,3.5675399871605777,80.22387501261636,9.342531436772106,FPL
2021-07-23,366.80450956770244,0.04902210944793817,80.58988656315671,-1.7684182403071418,FPL
2021-07-24,366.83296557195393,-8.05709581479769,80.92586049986393,-16.326730257020188,FPL
2021-07-25,366.8614215762054,-7.0953986121141615,81.23142101334341,-27.434443977434626,FPL
2021-07-26,366.8898775804568,3.1551490434084095,81.50620894721763,-24.219235571082834,FPL
2021-07-27,366.91833358470825,3.9757745188567264,81.74988222247615,-23.049990326041154,FPL
2021-07-28,366.9467895889597,4.406384518836859,81.96211624733749,-42.795290355134,FPL
2021-07-29,366.9752455932111,3.5675399871605777,82.14260431213634,-36.19038989250794,FPL
2021-07-30,367.00370159746257,0.04902210944793817,82.29105796876563,19.396218324323854,FPL
2021-07-31,367.032157601714,-8.05709581479769,82.40720739421948,13.526730818864223,FPL
2021-08-01,367.06061360596544,-7.0953986121141615,82.49080173779994,5.729983268348747,FPL
2021-08-02,367.0890696102169,3.1551490434084095,82.54160945156887,-19.061828105194138,FPL
2021-08-03,367.1175256144683,3.9757745188567264,82.55941860364332,-68.33371873696836,FPL
2021-08-04,367.14598161871976,4.406384518836859,82.54403717395242,-91.20840331150907,FPL
2021-08-05,367.1744376229712,3.5675399871605777,82.49529333209222,-46.04427094222399,FPL
2021-08-06,367.20289362722264,0.04902210944793817,82.41303569693476,-13.351951433605393,FPL
2021-08-07,367.2313496314741,-8.05709581479769,82.29713357766738,-22.700387394343807,FPL
2021-08-08,367.2598056357255,-7.0953986121141615,82.14747719595867,-24.33888421956999,FPL
2021-08-09,367.28826163997695,3.1551490434084095,81.96397788896829,-6.805388572353706,FPL
2021-08-10,367.31671764422845,3.9757745188567264,81.74656829293849,-6.524060456023676,FPL
2021-08-11,367.3451736484799,4.406384518836859,81.49520250712708,-9.171760674443817,FPL
2021-08-12,367.3736296527313,3.5675399871605777,81.20985623786258,-9.230025877754485,FPL
2021-08-13,367.40208565698276,0.04902210944793817,80.89052692252488,-27.837634688955518,FPL
2021-08-14,367.4305416612342,-8.05709581479769,80.5372338332759,-51.41967967971249,FPL
2021-08-15,367.45899766548564,-7.0953986121141615,80.15001816038854,-61.66861721376,FPL
2021-08-16,367.4874536697371,3.1551490434084095,79.72894307504288,-16.27754578818832,FPL
2021-08-17,367.5159096739885,3.9757745188567264,79.27409377148325,5.355222035671545,FPL
2021-08-18,367.54436567823996,4.406384518836859,78.78557748845094,16.468672314472258,FPL
2021-08-19,367.5728216824914,3.5675399871605777,78.26352350983144,11.911114820516616,FPL
2021-08-20,367.60127768674283,0.04902210944793817,77.70808314447751,6.006617059331688,FPL
2021-08-21,367.62973369099427,-8.05709581479769,77.11942968519266,12.960932438610769,FPL
2021-08-22,367.6581896952457,-7.0953986121141615,76.49775834688278,12.144450569985622,FPL
2021-08-23,367.68664569949715,3.1551490434084095,75.8432861839068,3.433919073187667,FPL
2021-08-24,367.7151017037486,3.9757745188567264,75.15625198668002,-0.3911282092853412,FPL
2021-08-25,367.743557708,4.406384518836859,74.4369161576074,-13.736858384444304,FPL
2021-08-26,367.77201371225146,3.5675399871605777,73.68556056644654,-24.9971142658585,FPL
2021-08-27,367.8004697165029,0.04902210944793817,72.90248838522297,-13.282980211173879,FPL
2021-08-28,367.82892572075434,-8.05709581479769,72.08802390284386,-0.5648538088005353,FPL
2021-08-29,367.8573817250058,-7.0953986121141615,71.24251231957754,3.3555045675308293,FPL
2021-08-30,367.8858377292573,3.1551490434084095,70.36631952158967,-2.2523062942553906,FPL
2021-08-31,367.9142937335087,3.9757745188567264,69.45983183574889,-13.98490008811433,FPL
2021-09-01,367.94274973776015,4.406384518836859,68.52345576493595,-23.158590021532916,FPL
2021-09-02,367.9712057420116,3.5675399871605777,67.55761770411371,-53.66936343328581,FPL
2021-09-03,367.99966174626303,0.04902210944793817,66.56276363743417,-50.60044749314517,FPL
2021-09-04,368.02811775051447,-8.05709581479769,65.53935881668309,-43.84338075239987,FPL
2021-09-05,368.0565737547659,-7.0953986121141615,64.48788742138018,-36.426062564031895,FPL
2021-09-06,368.08502975901735,3.1551490434084095,63.40885220087551,-23.903031003301294,FPL
2021-09-07,368.1134857632688,3.9757745188567264,62.302774098802466,-23.71903438092795,FPL
2021-09-08,368.1419417675202,4.406384518836859,61.1701918602658,-22.398518146622905,FPL
2021-09-09,368.17039777177166,3.5675399871605777,60.011661622164404,-21.3565993810966,FPL
2021-09-10,368.1988537760231,0.04902210944793817,58.82775648706532,-13.262632372536416,FPL
2021-09-11,368.22730978027454,-8.05709581479769,57.619066081065995,-14.544280046542895,FPL
2021-09-12,368.255765784526,-7.0953986121141615,56.386196096096626,0.4184367314914539,FPL
2021-09-13,368.2842217887774,3.1551490434084095,55.12976781713423,-24.288138649320047,FPL
2021-09-14,368.31267779302885,3.9757745188567264,53.85041763481582,-18.81586994670147,FPL
2021-09-15,368.3411337972803,4.406384518836859,52.54879654395365,-15.546314860070822,FPL
2021-09-16,368.3695898015318,3.5675399871605777,51.2255696284716,-37.70369941716393,FPL
2021-09-17,368.3980458057832,0.04902210944793817,49.88141553329777,-39.1464834485289,FPL
2021-09-18,368.42650181003467,-8.05709581479769,48.51702592375975,-25.132431918996645,FPL
2021-09-19,368.4549578142861,-7.0953986121141615,47.13310493304705,-14.815664135218924,FPL
2021-09-20,368.48341381853754,3.1551490434084095,45.73036859831364,-14.717931460259535,FPL
2021-09-21,368.511869822789,3.9757745188567264,44.30954428600995,-46.87018862765564,FPL
2021-09-22,368.5403258270404,4.406384518836859,42.87137010704296,-45.54508045292016,FPL
2021-09-23,368.56878183129186,3.5675399871605777,41.41659432237475,-27.084916140827147,FPL
2021-09-24,368.5972378355433,0.04902210944793817,39.94597473968148,-25.687234684672717,FPL
2021-09-25,368.62569383979474,-8.05709581479769,38.46027810170193,-27.23887612669904,FPL
2021-09-26,368.6541498440462,-7.0953986121141615,36.96027946691576,-17.821030698847835,FPL
2021-09-27,368.6826058482976,3.1551490434084095,35.44676158320008,-25.83251647490613,FPL
2021-09-28,368.71106185254905,3.9757745188567264,33.920514255117595,-30.220350626523384,FPL
2021-09-29,368.7395178568005,4.406384518836859,32.38233370550052,-29.335236081137907,FPL
2021-09-30,368.7679738610519,3.5675399871605777,30.8330219319962,-14.424535780208657,FPL
2021-10-01,368.79642986530337,0.04902210944793817,29.273386059248875,-29.214838034000195,FPL
2021-10-02,368.8248858695548,-8.05709581479769,27.704237687394638,-27.591027742151823,FPL
2021-10-03,368.85334187380624,-7.0953986121141615,26.12639223755044,-16.997335499242524,FPL
2021-10-04,368.8817978780577,3.1551490434084095,24.540668294982446,-12.360615216448593,FPL
2021-10-05,368.9102538823091,3.9757745188567264,22.94788695063837,5.360084648195766,FPL
2021-10-06,368.9387098865606,4.406384518836859,21.34887114173211,22.518034452870438,FPL
2021-10-07,368.96716589081205,3.5675399871605777,19.744444992069294,38.84084912995809,FPL
2021-10-08,368.9956218950635,0.04902210944793817,18.135433152799738,24.076922842688816,FPL
2021-10-09,369.02407789931493,-8.05709581479769,16.52266014428578,-17.57064222880308,FPL
2021-10-10,369.05253390356637,-7.0953986121141615,14.906949699769287,-17.52908499122151,FPL
2021-10-11,369.0809899078178,3.1551490434084095,13.289124111521021,-9.855263062747156,FPL
2021-10-12,369.10944591206925,3.9757745188567264,11.670003580150544,3.4327759889234812,FPL
2021-10-13,369.1379019163207,4.406384518836859,10.050405567751273,10.177307997091134,FPL
2021-10-14,369.1663579205721,3.5675399871605777,8.43114415555154,16.596957936715796,FPL
2021-10-15,369.19481392482356,0.04902210944793817,6.813029406733595,10.563134558994875,FPL
2021-10-16,369.223269929075,-8.05709581479769,5.196866735080636,11.990959150642027,FPL
2021-10-17,369.25172593332644,-7.0953986121141615,3.5834562801002043,0.6722163986874534,FPL
2021-10-18,369.2801819375779,3.1551490434084095,1.9735922892670565,-21.67392327025334,FPL
2021-10-19,369.3086379418293,3.9757745188567264,0.36806250802013096,-29.0274749687062,FPL
2021-10-20,369.33709394608076,4.406384518836859,-1.2323524218636308,-14.844126043054075,FPL
2021-10-21,369.3655499503322,3.5675399871605777,-2.826879554903776,5.120789617410992,FPL
2021-10-22,369.39400595458363,0.04902210944793817,-4.414754224954375,-8.017273839077177,FPL
2021-10-23,369.42246195883513,-8.05709581479769,-5.995220618057029,21.919854474019644,FPL
2021-10-24,369.45091796308657,-7.0953986121141615,-7.567532334524973,2.9900129835526172,FPL
2021-10-25,369.479373967338,3.1551490434084095,-9.130952939695202,19.63342992894883,FPL
2021-10-26,369.50782997158944,3.9757745188567264,-10.684756502792201,34.361152012346054,FPL
2021-10-27,369.5362859758409,4.406384518836859,-12.228228123366094,8.714557628688283,FPL
2021-10-28,369.5647419800923,3.5675399871605777,-13.760664444779756,16.475382477526864,FPL
2021-10-29,369.59319798434376,0.04902210944793817,-15.281374154234864,-3.4188459395568316,FPL
2021-10-30,369.6216539885952,-8.05709581479769,-16.78967846884491,-25.29887970495264,FPL
2021-10-31,369.65010999284664,-7.0953986121141615,-18.284911607277387,-44.55779977345509,FPL
2021-11-01,369.6785659970981,3.1551490434084095,-19.76642124650448,-46.96429379400195,FPL
2021-11-02,369.7070220013495,3.9757745188567264,-21.23356896322101,-40.311227556985216,FPL
2021-11-03,369.73547800560095,4.406384518836859,-22.68573065950401,-23.049131864933827,FPL
2021-11-04,369.7639340098524,3.5675399871605777,-24.12229697230844,-26.3751770247045,FPL
2021-11-05,369.79239001410383,0.04902210944793817,-25.542673666410828,-41.75173845714096,FPL
2021-11-06,369.82084601835527,-8.05709581479769,-26.946282010434075,-53.944468193123555,FPL
2021-11-07,369.8493020226067,-7.0953986121141615,-28.332559135604754,-64.11934427488785,FPL
2021-11-08,369.87775802685815,3.1551490434084095,-29.700958376914024,-68.42694869335259,FPL
2021-11-09,369.9062140311096,3.9757745188567264,-31.050949596375972,-61.33903895359032,FPL
2021-11-10,369.934670035361,4.406384518836859,-32.38201948809588,-39.38603506610207,FPL
2021-11-11,369.96312603961246,3.5675399871605777,-33.69367186488198,-16.655994161891158,FPL
2021-11-12,369.99158204386396,0.04902210944793817,-34.98542792615811,-16.858176227153763,FPL
2021-11-13,370.0200380481154,-8.05709581479769,-36.25682650695326,-8.996115726364451,FPL
2021-11-14,370.04849405236683,-7.0953986121141615,-37.507424307768176,-48.0396711324845,FPL
2021-11-15,370.0769500566183,3.1551490434084095,-38.73679610513955,-57.063302994887124,FPL
2021-11-16,370.1054060608697,3.9757745188567264,-39.94453494274668,-47.82664563697972,FPL
2021-11-17,370.13386206512115,4.406384518836859,-41.130252302926166,-22.605994281031883,FPL
2021-11-18,370.1623180693726,3.5675399871605777,-42.29357825848288,-14.87027979805032,FPL
2021-11-19,370.190774073624,0.04902210944793817,-43.43416160471005,-14.65363457836196,FPL
2021-11-20,370.21923007787547,-8.05709581479769,-44.55166997155124,-15.224464291526544,FPL
2021-11-21,370.2476860821269,-7.0953986121141615,-45.64578991586231,-5.938497554150445,FPL
2021-11-22,370.27614208637834,3.1551490434084095,-46.71622699375307,-16.177064136033664,FPL
2021-11-23,370.3045980906298,3.9757745188567264,-47.762705813010626,-55.32666679647588,FPL
2021-11-24,370.3330540948812,4.406384518836859,-48.784970065631086,-51.41846854808699,FPL
2021-11-25,370.36151009913266,3.5675399871605777,-49.7827825405076,-47.25726754578562,FPL
2021-11-26,370.3899661033841,0.04902210944793817,-50.75592511634454,-46.162063096487486,FPL
2021-11-27,370.41842210763554,-8.05709581479769,-51.704198734894184,-43.56912755794366,FPL
2021-11-28,370.446878111887,-7.0953986121141615,-52.62742335462799,-42.39105614514483,FPL
2021-11-29,370.47533411613847,3.1551490434084095,-53.52543788498471,-47.435045274562185,FPL
2021-11-30,370.5037901203899,3.9757745188567264,-54.398100101352924,-38.59246453789365,FPL
2021-12-01,370.53224612464135,4.406384518836859,-55.245286540971,-34.847344102507236,FPL
2021-12-02,370.5607021288928,3.5675399871605777,-56.06689237994907,-36.56234973610418,FPL
2021-12-03,370.5891581331442,0.04902210944793817,-56.86283129163665,-37.7323489509555,FPL
2021-12-04,370.61761413739566,-8.05709581479769,-57.6330352865841,-33.77948303601386,FPL
2021-12-05,370.6460701416471,-7.0953986121141615,-58.37745453436289,-14.680216995170042,FPL
2021-12-06,370.67452614589854,3.1551490434084095,-59.09605716753393,-5.534618021772985,FPL
2021-12-07,370.70298215015,3.9757745188567264,-59.78882906806995,-9.449927600936746,FPL
2021-12-08,370.7314381544014,4.406384518836859,-60.45577363656032,-1.5480490366779236,FPL
2021-12-09,370.75989415865286,3.5675399871605777,-61.09691154454373,10.146477398730326,FPL
2021-12-10,370.7883501629043,0.04902210944793817,-61.71228047033439,17.630908197982137,FPL
2021-12-11,370.81680616715573,-8.05709581479769,-62.3019348187259,21.685224466367856,FPL
2021-12-12,370.84526217140717,-7.0953986121141615,-62.86594542497281,21.04008186567978,FPL
2021-12-13,370.8737181756586,3.1551490434084095,-63.404399243470515,17.92353202440347,FPL
2021-12-14,370.90217417991005,3.9757745188567264,-63.917399021567846,8.478450322801052,FPL
2021-12-15,370.9306301841615,4.406384518836859,-64.40506295896564,5.969048255967266,FPL
2021-12-16,370.9590861884129,3.5675399871605777,-64.86752435316805,13.686898177594514,FPL
2021-12-17,370.98754219266436,0.04902210944793817,-65.30493123147102,14.468366929358695,FPL
2021-12-18,371.0159981969158,-8.05709581479769,-65.71744596998448,22.8745435878663,FPL
2021-12-19,371.0444542011673,-7.0953986121141615,-66.10524490020113,29.640189311147935,FPL
2021-12-20,371.07291020541874,3.1551490434084095,-66.4685179036362,19.36945865480908,FPL
2021-12-21,371.1013662096702,3.9757745188567264,-66.80746799507668,0.3773272665497984,FPL
2021-12-22,371.1298222139216,4.406384518836859,-67.12231089498992,-28.624895837768577,FPL
2021-12-23,371.15827821817305,3.5675399871605777,-67.41327459165288,-25.897543613680682,FPL
2021-12-24,371.1867342224245,0.04902210944793817,-67.680598893575,-20.935157438297438,FPL
2021-12-25,371.21519022667593,-8.05709581479769,-67.92453497279587,-16.229559439082436,FPL
2021-12-26,371.24364623092737,-7.0953986121141615,-68.14534489965087,-15.381902719162383,FPL
2021-12-27,371.2721022351788,3.1551490434084095,-68.34330116960366,-10.874950108983512,FPL
2021-12-28,371.30055823943025,3.9757745188567264,-68.51868622275497,-9.640646535531971,FPL
2021-12-29,371.3290142436817,4.406384518836859,-68.67179195664217,10.410393194123628,FPL
2021-12-30,371.3574702479331,3.5675399871605777,-68.80291923295233,12.818908997858614,FPL
2021-12-31,371.38592625218456,0.04902210944793817,-68.91237737877589,22.88242901714335,FPL
2022-01-01,371.414382256436,-8.05709581479769,-69.01921193317557,18.29592549153722,FPL
2022-01-02,371.44283826068744,-7.0953986121141615,-69.08108593018423,25.363646281610897,FPL
2022-01-03,371.4712942649389,3.1551490434084095,-69.12234846039,-12.41809484795732,FPL
2022-01-04,371.4997502691903,3.9757745188567264,-69.14333916457399,-21.068185623473028,FPL
2022-01-05,371.5282062734418,4.406384518836859,-69.14440346616873,-11.462187326109927,FPL
2022-01-06,371.55666227769325,3.5675399871605777,-69.12589205285488,-16.913310211998862,FPL
2022-01-07,371.5851182819447,0.04902210944793817,-69.08816035734856,1.7300199659559894,FPL
2022-01-08,371.6135742861961,-8.05709581479769,-69.03156803802453,7.511089566626083,FPL
2022-01-09,371.64203029044756,-7.0953986121141615,-68.95647846001947,8.527846781686094,FPL
2022-01-10,371.670486294699,3.1551490434084095,-68.86325817745652,10.011622839349116,FPL
2022-01-11,371.69894229895044,3.9757745188567264,-68.7522764174305,-17.67944040037662,FPL
2022-01-12,371.7273983032019,4.406384518836859,-68.62390456638852,-20.62087825565021,FPL
2022-01-13,371.7558543074533,3.5675399871605777,-68.47851565953647,-17.19087863507741,FPL
2022-01-14,371.78431031170476,0.04902210944793817,-68.31648387389694,-29.0428485472558,FPL
2022-01-15,371.8127663159562,-8.05709581479769,-68.13818402563808,-21.128486475520447,FPL
2022-01-16,371.84122232020763,-7.0953986121141615,-67.9439910722855,-28.332832635808018,FPL
2022-01-17,371.8696783244591,3.1551490434084095,-67.73427962042292,-27.244547747444585,FPL
2022-01-18,371.8981343287105,3.9757745188567264,-67.50942343947862,-16.822485408088653,FPL
2022-01-19,371.92659033296195,4.406384518836859,-67.26979498218518,-16.84417986961364,FPL
2022-01-20,371.9550463372134,3.5675399871605777,-67.01576491229197,-15.127821412081971,FPL
2022-01-21,371.9835023414648,0.04902210944793817,-66.74770164009813,-1.0358228108146363,FPL
2022-01-22,372.01195834571627,-8.05709581479769,-66.46597086636336,-9.371891664555221,FPL
2022-01-23,372.0404143499677,-7.0953986121141615,-66.17093513514271,9.66891939728913,FPL
2022-01-24,372.06887035421914,3.1551490434084095,-65.8629533960784,30.659933998450867,FPL
2022-01-25,372.09732635847064,3.9757745188567264,-65.5423805766695,11.574279699342185,FPL
2022-01-26,372.1257823627221,4.406384518836859,-65.20956716502663,-25.6155997165323,FPL
2022-01-27,372.1542383669735,3.5675399871605777,-64.86485880360445,-26.328919550529577,FPL
2022-01-28,372.18269437122495,0.04902210944793817,-64.50859589439055,-32.459120586282324,FPL
2022-01-29,372.2111503754764,-8.05709581479769,-64.14111321601361,11.331058655334857,FPL
2022-01-30,372.23960637972783,-7.0953986121141615,-63.76273955321798,75.39453178560433,FPL
2022-01-31,372.26806238397927,3.1551490434084095,-63.37379733913612,36.535585911748456,FPL
2022-02-01,372.2965183882307,3.9757745188567264,-62.974602310772234,-16.512690596315167,FPL
2022-02-02,372.32497439248215,4.406384518836859,-62.565463178094674,-32.40589573322433,FPL
2022-02-03,372.3534303967336,3.5675399871605777,-62.1466813071155,-21.976289076778585,FPL
2022-02-04,372.381886400985,0.04902210944793817,-61.71855041731826,-10.145358093114737,FPL
2022-02-05,372.41034240523646,-8.05709581479769,-61.28135629377606,-20.014890296662713,FPL
2022-02-06,372.4387984094879,-7.0953986121141615,-60.83537651428284,-18.80902328309088,FPL
2022-02-07,372.46725441373934,3.1551490434084095,-60.380880191801715,-19.27452326534609,FPL
2022-02-08,372.4957104179908,3.9757745188567264,-59.91812773251384,0.9476427956662974,FPL
2022-02-09,372.5241664222422,4.406384518836859,-59.447370609731905,-18.438180331347212,FPL
2022-02-10,372.55262242649366,3.5675399871605777,-58.96885115392136,-19.374311259732906,FPL
2022-02-11,372.58107843074515,0.04902210944793817,-58.4828023590518,-25.41429818114125,FPL
2022-02-12,372.6095344349966,-8.05709581479769,-57.98944770548054,-17.17199091471838,FPL
2022-02-13,372.63799043924803,-7.0953986121141615,-57.48900099954838,-38.762590827585484,FPL
2022-02-14,372.66644644349947,3.1551490434084095,-56.98166623004691,-34.60792925686093,FPL
2022-02-15,372.6949024477509,3.9757745188567264,-56.46763744169475,-33.60603952491289,FPL
2022-02-16,372.72335845200234,4.406384518836859,-55.94709862573835,-35.69964434510081,FPL
2022-02-17,372.7518144562538,3.5675399871605777,-55.4202236277714,-9.939130815642955,FPL
2022-02-18,372.7802704605052,0.04902210944793817,-54.88717607284475,9.943883502891595,FPL
2022-02-19,372.80872646475666,-8.05709581479769,-54.348109307916694,-6.248521342042295,FPL
2022-02-20,372.8371824690081,-7.0953986121141615,-53.80316636167149,-26.813617495222502,FPL
2022-02-21,372.86563847325954,3.1551490434084095,-53.25247992171185,-14.45130759495612,FPL
2022-02-22,372.894094477511,3.9757745188567264,-52.69617232910914,-1.6506966672585577,FPL
2022-02-23,372.9225504817624,4.406384518836859,-52.13435559027265,9.540420589673374,FPL
2022-02-24,372.95100648601385,3.5675399871605777,-51.567131406077806,12.78958493290338,FPL
2022-02-25,372.9794624902653,0.04902210944793817,-50.994591218170825,30.640106618457594,FPL
2022-02-26,373.00791849451673,-8.05709581479769,-50.41681627234566,23.800993592626583,FPL
2022-02-27,373.03637449876817,-7.0953986121141615,-49.833877698867624,11.936901812213591,FPL
2022-02-28,373.0648305030196,3.1551490434084095,-49.24583660959618,-1.5281429368318413,FPL
2022-03-01,373.09328650727105,3.9757745188567264,-48.652744211738494,-25.554316814389267,FPL
2022-03-02,373.1217425115225,4.406384518836859,-48.054641938043844,-37.02848509231552,FPL
2022-03-03,373.150198515774,3.5675399871605777,-47.451561593228575,-21.871176909705923,FPL
2022-03-04,373.1786545200254,0.04902210944793817,-46.843525516400135,-14.060151113073232,FPL
2022-03-05,373.20711052427686,-8.05709581479769,-46.23054675922912,-0.6494679502500844,FPL
2022-03-06,373.2355665285283,-7.0953986121141615,-45.61262927959759,7.979461363183475,FPL
2022-03-07,373.26402253277973,3.1551490434084095,-44.98976815043271,19.29159657424458,FPL
2022-03-08,373.2924785370312,3.9757745188567264,-44.36194978341539,32.964696727527496,FPL
2022-03-09,373.3209345412826,4.406384518836859,-43.72915216723463,30.95283310711511,FPL
2022-03-10,373.34939054553405,3.5675399871605777,-43.09134512003985,20.11441458734521,FPL
2022-03-11,373.3778465497855,0.04902210944793817,-42.44849055572532,38.07562189649184,FPL
2022-03-12,373.4063025540369,-8.05709581479769,-41.80054276366353,24.324336024424213,FPL
2022-03-13,373.43475855828837,-7.0953986121141615,-41.147448701486695,-60.85391124468754,FPL
2022-03-14,373.4632145625398,3.1551490434084095,-40.48914830049945,-47.39021530544875,FPL
2022-03-15,373.49167056679124,3.9757745188567264,-39.82557478328928,-29.83987030235869,FPL
2022-03-16,373.5201265710427,4.406384518836859,-39.156654993086036,-6.026856096793551,FPL
2022-03-17,373.5485825752941,3.5675399871605777,-38.482309734406414,2.2631871719516994,FPL
2022-03-18,373.57703857954556,0.04902210944793817,-37.802454124505196,18.7063934355117,FPL
2022-03-19,373.60549458379705,-8.05709581479769,-37.116997955140974,34.917599186141615,FPL
2022-03-20,373.6339505880485,-7.0953986121141615,-36.42584606415079,12.778294088216512,FPL
2022-03-21,373.66240659229993,3.1551490434084095,-35.72889871631568,-17.42165691939266,FPL
2022-03-22,373.69086259655137,3.9757745188567264,-35.026051992986815,-10.198585122421264,FPL
2022-03-23,373.7193186008028,4.406384518836859,-34.3171981899309,23.781495070291214,FPL
2022-03-24,373.74777460505425,3.5675399871605777,-33.60222622284235,26.082911630627564,FPL
2022-03-25,373.7762306093057,0.04902210944793817,-32.88102203996036,-34.77223067879322,FPL
2022-03-26,373.8046866135571,-8.05709581479769,-32.15346904121897,-53.32212175754046,FPL
2022-03-27,373.83314261780856,-7.0953986121141615,-31.41944850335019,-55.09529550234424,FPL
2022-03-28,373.86159862206,3.1551490434084095,-30.678840010351973,-37.535907655116375,FPL
2022-03-29,373.89005462631144,3.9757745188567264,-29.93152188872571,-24.468307256442415,FPL
2022-03-30,373.9185106305629,4.406384518836859,-29.177371646881642,-9.799523502518127,FPL
2022-03-31,373.9469666348143,3.5675399871605777,-28.416266418104563,16.799759796129706,FPL
2022-04-01,373.97542263906575,0.04902210944793817,-27.648083406467304,27.930638657953637,FPL
2022-04-02,374.0038786433172,-8.05709581479769,-26.872700335075567,20.680917506556,FPL
2022-04-03,374.03233464756863,-7.0953986121141615,-26.089995896023627,-23.434940139430864,FPL
2022-04-04,374.06079065182007,3.1551490434084095,-25.299850201438296,-15.66308949379021,FPL
2022-04-05,374.0892466560715,3.9757745188567264,-24.50214523498606,21.515124060057758,FPL
2022-04-06,374.11770266032295,4.406384518836859,-23.696765303217575,45.75267812405775,FPL
2022-04-07,374.1461586645744,3.5675399871605777,-22.883597486123044,35.396898834388026,FPL
2022-04-08,374.1746146688258,0.04902210944793817,-22.062532086272356,-30.570104692001394,FPL
2022-04-09,374.2030706730773,-8.05709581479769,-21.233463075915033,-73.85251178236456,FPL
2022-04-10,374.23152667732876,-7.0953986121141615,-20.39628854141709,-80.82383952379752,FPL
2022-04-11,374.2599826815802,3.1551490434084095,-19.550911124414075,-56.58522060057453,FPL
2022-04-12,374.28843868583164,3.9757745188567264,-18.69723845906362,-39.192974745624724,FPL
2022-04-13,374.3168946900831,4.406384518836859,-17.835183604784568,-11.883095604135349,FPL
2022-04-14,374.3453506943345,3.5675399871605777,-16.964665473874714,13.802774792379637,FPL
2022-04-15,374.37380669858595,0.04902210944793817,-16.08560925340515,-1.0752195546287453,FPL
2022-04-16,374.4022627028374,-8.05709581479769,-15.197946820795114,12.713779932755415,FPL
2022-04-17,374.43071870708883,-7.0953986121141615,-14.301617152479047,18.467297057504368,FPL
2022-04-18,374.45917471134027,3.1551490434084095,-13.396566725084913,14.044242970336256,FPL
2022-04-19,374.4876307155917,3.9757745188567264,-12.482749908551579,-11.616655325896886,FPL
2022-04-20,374.51608671984314,4.406384518836859,-11.560129350622528,-34.43234188805752,FPL
2022-04-21,374.5445427240946,3.5675399871605777,-10.62867635216297,-31.580406359092137,FPL
2022-04-22,374.572998728346,0.04902210944793817,-9.688371232757934,-26.044649605036057,FPL
2022-04-23,374.60145473259746,-8.05709581479769,-8.739203686061042,-21.187155231738757,FPL
2022-04-24,374.6299107368489,-7.0953986121141615,-7.781173124374444,-13.483339000360388,FPL
2022-04-25,374.6583667411004,3.1551490434084095,-6.814289011954283,-4.334226772554473,FPL
2022-04-26,374.68682274535183,3.9757745188567264,-5.838571186548446,-7.101026077660038,FPL
2022-04-27,374.71527874960327,4.406384518836859,-4.854050168687614,-13.713613099752479,FPL
2022-04-28,374.7437347538547,3.5675399871605777,-3.8607674582652898,-17.909507282749985,FPL
2022-04-29,374.77219075810615,0.04902210944793817,-2.858775817957003,-33.1764370495971,FPL
2022-04-30,374.8006467623576,-8.05709581479769,-1.8481395430450291,-35.824411404514876,FPL
2022-05-01,374.829102766609,-7.0953986121141615,-0.8289347172310642,-26.643769437263757,FPL
2022-05-02,374.85755877086046,3.1551490434084095,0.19875054596447939,-10.954458360233389,FPL
2022-05-03,374.8860147751119,3.9757745188567264,1.2348158766001944,-8.051605170568791,FPL
2022-05-04,374.91447077936334,4.406384518836859,2.2791484368742516,2.5479962649255867,FPL
2022-05-05,374.9429267836148,3.5675399871605777,3.3316227251963326,17.20191050402832,FPL
2022-05-06,374.9713827878662,0.04902210944793817,4.392100396099778,34.11949470658607,FPL
2022-05-07,374.99983879211766,-8.05709581479769,5.460430096304947,13.246826926375036,FPL
2022-05-08,375.0282947963691,-7.0953986121141615,6.536447317223988,36.99165649852108,FPL
2022-05-09,375.05675080062053,3.1551490434084095,7.619974264179184,-8.706874108208126,FPL
2022-05-10,375.085206804872,3.9757745188567264,8.71081974258513,-37.485801066313854,FPL
2022-05-11,375.1136628091234,4.406384518836859,9.808779061326021,-56.658826389286276,FPL
2022-05-12,375.14211881337485,3.5675399871605777,10.913633953537463,-54.103292754072925,FPL
2022-05-13,375.1705748176263,0.04902210944793817,12.025152514982238,-38.54474944205651,FPL
2022-05-14,375.1990308218777,-8.05709581479769,13.14308916018728,-17.472024167267364,FPL
2022-05-15,375.2274868261292,-7.0953986121141615,14.267184596487901,-9.37827281050295,FPL
2022-05-16,375.2559428303806,3.1551490434084095,15.39716581610407,-14.276257689893157,FPL
2022-05-17,375.2843988346321,3.9757745188567264,16.53274610635087,-2.917919459839709,FPL
2022-05-18,375.31285483888354,4.406384518836859,17.67362507806395,11.996135564215649,FPL
2022-05-19,375.341310843135,3.5675399871605777,18.819488712298185,27.824660457406253,FPL
2022-05-20,375.3697668473864,0.04902210944793817,19.97000942533572,-12.635798382170094,FPL
2022-05-21,375.39822285163785,-8.05709581479769,21.124846152017096,12.136026811142699,FPL
2022-05-22,375.4266788558893,-7.0953986121141615,22.283644447386976,29.2040753088379,FPL
2022-05-23,375.45513486014073,3.1551490434084095,23.44603660662365,25.85467948982722,FPL
2022-05-24,375.48359086439217,3.9757745188567264,24.61164180319894,13.178992813552156,FPL
2022-05-25,375.5120468686436,4.406384518836859,25.780066245192636,10.405502367326903,FPL
2022-05-26,375.54050287289505,3.5675399871605777,26.950903349664095,13.55505379028034,FPL
2022-05-27,375.5689588771465,0.04902210944793817,28.123733934960377,10.247285078445145,FPL
2022-05-28,375.5974148813979,-8.05709581479769,29.298126430819302,23.20755450258042,FPL
2022-05-29,375.62587088564936,-7.0953986121141615,30.47363710610309,-28.742109379638293,FPL
2022-05-30,375.6543268899008,3.1551490434084095,31.649810313976865,-47.39728624728605,FPL
2022-05-31,375.68278289415224,3.9757745188567264,32.826178754324694,-36.147736167333676,FPL
2022-06-01,375.7112388984037,4.406384518836859,34.00226375317459,17.731112829584845,FPL
2022-06-02,375.7396949026552,3.5675399871605777,35.1775755588827,-36.273810448698384,FPL
2022-06-03,375.7681509069066,0.04902210944793817,36.35161365480591,-83.11678667116041,FPL
2022-06-04,375.79660691115805,-8.05709581479769,37.52386708817233,-93.6943781845327,FPL
2022-06-05,375.8250629154095,-7.0953986121141615,38.693814814837765,-26.28547911813314,FPL
2022-06-06,375.8535189196609,3.1551490434084095,39.860926059597375,-6.475594022666712,FPL
2022-06-07,375.88197492391237,3.9757745188567264,41.024660691702195,-29.920410134471297,FPL
2022-06-08,375.9104309281638,4.406384518836859,42.184469615210176,-29.636285062210845,FPL
2022-06-09,375.93888693241524,3.5675399871605777,43.33979517378415,-37.9482220933599,FPL
2022-06-10,375.9673429366667,0.04902210944793817,44.490071569529505,-41.330436615644146,FPL
2022-06-11,375.9957989409181,-8.05709581479769,45.63472529544768,-54.503428421568174,FPL
2022-06-12,376.02425494516956,-7.0953986121141615,46.77317558106338,-21.9150319141188,FPL
2022-06-13,376.052710949421,3.1551490434084095,47.90483485076777,14.133305156402798,FPL
2022-06-14,376.08116695367244,3.9757745188567264,49.029109194402004,24.108949333068836,FPL
2022-06-15,376.1096229579239,4.406384518836859,50.1453988495916,17.568593673647683,FPL
2022-06-16,376.1380789621753,3.5675399871605777,51.25309869532512,24.30028235533905,FPL
2022-06-17,376.16653496642675,0.04902210944793817,52.35159875625813,17.988844167867114,FPL
2022-06-18,376.1949909706782,-8.05709581479769,53.44028471720691,-0.2771798730875048,FPL
2022-06-19,376.22344697492963,-7.0953986121141615,54.51853844728564,-20.34258681010118,FPL
2022-06-20,376.25190297918107,3.1551490434084095,55.585738533125735,-19.183790555715234,FPL
2022-06-21,376.2803589834325,3.9757745188567264,56.64126082060557,-33.77739432289479,FPL
2022-06-22,376.30881498768395,4.406384518836859,57.684478964506546,-37.924678471027335,FPL
2022-06-23,376.33727099193544,3.5675399871605777,58.7147649855009,-17.500575964596806,FPL
2022-06-24,376.3657269961869,0.04902210944793817,59.73148983386649,5.298761060498691,FPL
2022-06-25,376.3941830004383,-8.05709581479769,60.734023959314676,-21.275111144955304,FPL
2022-06-26,376.42263900468976,-7.0953986121141615,61.72173788630825,-32.807978278883866,FPL
2022-06-27,376.4510950089412,3.1551490434084095,62.69400279423915,-15.864246846588742,FPL
2022-06-28,376.47955101319263,3.9757745188567264,63.65019110182762,-11.661516633876943,FPL
2022-06-29,376.5080070174441,4.406384518836859,64.58967705509897,-23.937068591379955,FPL
2022-06-30,376.5364630216955,3.5675399871605777,65.51183731828704,-19.203840327143155,FPL
2022-07-01,376.56491902594695,0.04902210944793817,66.41605156701014,-17.535992702404997,FPL
2022-07-02,376.5933750301984,-8.05709581479769,67.30170308305965,-18.47498229846036,FPL
2022-07-03,376.6218310344498,-7.0953986121141615,68.16817935013879,-20.494611772474457,FPL
2022-07-04,376.65028703870126,3.1551490434084095,69.01487264988596,-17.811308731995666,FPL
2022-07-05,376.6787430429527,3.9757745188567264,69.84118065751579,3.8153017806747016,FPL
2022-07-06,376.70719904720414,4.406384518836859,70.64650703640869,-9.824090602449758,FPL
2022-07-07,376.7356550514556,3.5675399871605777,71.43026203098125,-9.481457069597468,FPL
2022-07-08,376.7641110557071,0.04902210944793817,72.19186305716839,-4.456996222323369,FPL
2022-07-09,376.7925670599585,-8.05709581479769,72.93073528985016,-0.4312065350110288,FPL
2022-07-10,376.82102306420995,-7.0953986121141615,73.64631224655913,-10.13693669865495,FPL
2022-07-11,376.8494790684614,3.1551490434084095,74.33803636680462,-8.128664478674352,FPL
2022-07-12,376.87793507271283,3.9757745188567264,75.00535958635646,-1.0340691779260283,FPL
2022-07-13,376.90639107696427,4.406384518836859,75.64774390583293,26.79848049836596,FPL
2022-07-14,376.9348470812157,3.5675399871605777,76.2646619529442,18.597950978679535,FPL
2022-07-15,376.96330308546715,0.04902210944793817,76.85559753774749,-2.1939227326625996,FPL
2022-07-16,376.9917590897186,-8.05709581479769,77.42004620027754,-16.979709475198433,FPL
2022-07-17,377.02021509397,-7.0953986121141615,77.95751574992238,-26.12933223177822,FPL
2022-07-18,377.04867109822146,3.1551490434084095,78.46752679592382,18.720653062446274,FPL
2022-07-19,377.0771271024729,3.9757745188567264,78.94961326838971,26.816485110280667,FPL
2022-07-20,377.10558310672434,4.406384518836859,79.40332292921485,30.407709445223873,FPL
2022-07-21,377.1340391109758,3.5675399871605777,79.8282178723185,32.95420302954511,FPL
2022-07-22,377.1624951152272,0.04902210944793817,80.22387501261636,22.423607762708514,FPL
2022-07-23,377.19095111947865,-8.05709581479769,80.58988656315671,8.307258132162247,FPL
2022-07-24,377.2194071237301,-7.0953986121141615,80.92586049986393,17.26413098852015,FPL
2022-07-25,377.24786312798153,3.1551490434084095,81.23142101334341,17.04256681526664,FPL
2022-07-26,377.27631913223297,3.9757745188567264,81.50620894721763,-23.876302598307348,FPL
2022-07-27,377.3047751364844,4.406384518836859,81.74988222247615,1.5329581222025581,FPL
2022-07-28,377.33323114073585,3.5675399871605777,81.96211624733749,28.374112624766155,FPL
2022-07-29,377.36168714498734,0.04902210944793817,82.14260431213634,35.84468643342848,FPL
2022-07-30,377.3901431492388,-8.05709581479769,82.29105796876563,34.40989469679323,FPL
2022-07-31,377.4185991534902,-7.0953986121141615,82.40720739421948,38.31459206440451,FPL
2022-08-01,377.44705515774166,3.1551490434084095,82.49080173779994,49.564994061050015,FPL
2022-08-02,377.4755111619931,3.9757745188567264,82.54160945156887,25.790104867581363,FPL
2022-08-03,377.50396716624454,4.406384518836859,82.55941860364332,5.304229711275241,FPL
2022-08-04,377.532423170496,3.5675399871605777,82.54403717395242,19.534999668391038,FPL
2022-08-05,377.5608791747474,0.04902210944793817,82.49529333209222,23.632805383712423,FPL
2022-08-06,377.58933517899885,-8.05709581479769,82.41303569693476,23.07172493886401,FPL
2022-08-07,377.6177911832503,-7.0953986121141615,82.29713357766738,8.480473851196507,FPL
2022-08-08,377.64624718750173,3.1551490434084095,82.14747719595867,10.041126573131237,FPL
2022-08-09,377.67470319175317,3.9757745188567264,81.96397788896829,6.803544400421799,FPL
2022-08-10,377.7031591960046,4.406384518836859,81.74656829293849,27.064887992220008,FPL
2022-08-11,377.73161520025604,3.5675399871605777,81.49520250712708,15.135642305456315,FPL
2022-08-12,377.7600712045075,0.04902210944793817,81.20985623786258,11.167050448181897,FPL
2022-08-13,377.7885272087589,-8.05709581479769,80.89052692252488,-10.601958316486161,FPL
2022-08-14,377.8169832130104,-7.0953986121141615,80.5372338332759,-28.73681843417222,FPL
2022-08-15,377.84543921726186,3.1551490434084095,80.15001816038854,-19.48060642105878,FPL
2022-08-16,377.8738952215133,3.9757745188567264,79.72894307504288,-1.1936128154128482,FPL
2022-08-17,377.90235122576473,4.406384518836859,79.27409377148325,20.100170483915235,FPL
2022-08-18,377.93080723001617,3.5675399871605777,78.78557748845094,18.910075294372405,FPL
2022-08-19,377.9592632342676,0.04902210944793817,78.26352350983144,29.03119114645301,FPL
2022-08-20,377.98771923851905,-8.05709581479769,77.70808314447751,46.86829343180108,FPL
2022-08-21,378.0161752427705,-7.0953986121141615,77.11942968519266,47.96379368415103,FPL
2022-08-22,378.0446312470219,3.1551490434084095,76.49775834688278,40.63946136268686,FPL
2022-08-23,378.07308725127336,3.9757745188567264,75.8432861839068,31.49285204596316,FPL
2022-08-24,378.1015432555248,4.406384518836859,75.15625198668002,32.0168202389583,FPL
2022-08-25,378.12999925977624,3.5675399871605777,74.4369161576074,31.92354459545578,FPL
2022-08-26,378.1584552640277,0.04902210944793817,73.68556056644654,24.96296206007787,FPL
2022-08-27,378.1869112682791,-8.05709581479769,72.90248838522297,13.687696161295605,FPL
2022-08-28,378.21536727253056,-7.0953986121141615,72.08802390284386,-4.934992563260209,FPL
2022-08-29,378.243823276782,3.1551490434084095,71.24251231957754,-6.772484639767981,FPL
2022-08-30,378.27227928103343,3.9757745188567264,70.36631952158967,29.384626678520135,FPL
2022-08-31,378.3007352852849,4.406384518836859,69.45983183574889,24.81704836012932,FPL
2022-09-01,378.3291912895363,3.5675399871605777,68.52345576493595,12.285812958367217,FPL
2022-09-02,378.35764729378775,0.04902210944793817,67.55761770411371,14.572712892650543,FPL
2022-09-03,378.3861032980392,-8.05709581479769,66.56276363743417,24.504228879324216,FPL
2022-09-04,378.4145593022907,-7.0953986121141615,65.53935881668309,27.433480493140394,FPL
2022-09-05,378.4430153065421,3.1551490434084095,64.48788742138018,36.411948228669246,FPL
2022-09-06,378.47147131079356,3.9757745188567264,63.40885220087551,46.76090196947422,FPL
2022-09-07,378.499927315045,4.406384518836859,62.302774098802466,39.67091406731572,FPL
2022-09-08,378.52838331929644,3.5675399871605777,61.1701918602658,-4.912115166722799,FPL
2022-09-09,378.5568393235479,0.04902210944793817,60.011661622164404,-16.55452305516019,FPL
2022-09-10,378.5852953277993,-8.05709581479769,58.82775648706532,12.818043999933025,FPL
2022-09-11,378.61375133205075,-7.0953986121141615,57.619066081065995,27.062581198997407,FPL
2022-09-12,378.6422073363022,3.1551490434084095,56.386196096096626,16.72144752419274,FPL
2022-09-13,378.67066334055363,3.9757745188567264,55.12976781713423,9.463794323455431,FPL
2022-09-14,378.69911934480507,4.406384518836859,53.85041763481582,-29.775921498457762,FPL
2022-09-15,378.7275753490565,3.5675399871605777,52.54879654395365,-34.126911880170724,FPL
2022-09-16,378.75603135330795,0.04902210944793817,51.2255696284716,-27.130623091227562,FPL
2022-09-17,378.7844873575594,-8.05709581479769,49.88141553329777,-14.539807076059503,FPL
2022-09-18,378.8129433618108,-7.0953986121141615,48.51702592375975,-20.993570673456418,FPL
2022-09-19,378.84139936606226,3.1551490434084095,47.13310493304705,-1.2776533425177377,FPL
2022-09-20,378.8698553703137,3.9757745188567264,45.73036859831364,17.244001512515922,FPL
2022-09-21,378.8983113745652,4.406384518836859,44.30954428600995,17.847759820587953,FPL
2022-09-22,378.92676737881663,3.5675399871605777,42.87137010704296,26.960322526979894,FPL
2022-09-23,378.9552233830681,0.04902210944793817,41.41659432237475,36.53116018510923,FPL
2022-09-24,378.9836793873195,-8.05709581479769,39.94597473968148,18.50944168779671,FPL
2022-09-25,379.01213539157095,-7.0953986121141615,38.46027810170193,29.09798511884128,FPL
2022-09-26,379.0405913958224,3.1551490434084095,36.96027946691576,13.391980093853476,FPL
2022-09-27,379.0690474000738,3.9757745188567264,35.44676158320008,-44.521583502130625,FPL
2022-09-28,379.09750340432527,4.406384518836859,33.920514255117595,-63.82940217827968,FPL
2022-09-29,379.1259594085767,3.5675399871605777,32.38233370550052,-104.33883310123781,FPL
2022-09-30,379.15441541282814,0.04902210944793817,30.8330219319962,-104.72545945427225,FPL
2022-10-01,379.1828714170796,-8.05709581479769,29.273386059248875,-75.48216166153077,FPL
2022-10-02,379.211327421331,-7.0953986121141615,27.704237687394638,-60.20016649661147,FPL
2022-10-03,379.23978342558246,3.1551490434084095,26.12639223755044,-51.68332470654127,FPL
2022-10-04,379.2682394298339,3.9757745188567264,24.540668294982446,-52.62768224367312,FPL
2022-10-05,379.29669543408534,4.406384518836859,22.94788695063837,-45.44996690356055,FPL
2022-10-06,379.3251514383368,3.5675399871605777,21.34887114173211,-43.61956256722942,FPL
2022-10-07,379.3536074425882,0.04902210944793817,19.744444992069294,-36.63207454410548,FPL
2022-10-08,379.38206344683965,-8.05709581479769,18.135433152799738,-28.585400784841795,FPL
2022-10-09,379.4105194510911,-7.0953986121141615,16.52266014428578,-18.89778098326275,FPL
2022-10-10,379.4389754553426,3.1551490434084095,14.906949699769287,15.117925801479771,FPL
2022-10-11,379.46743145959397,3.9757745188567264,13.289124111521021,38.230669910028325,FPL
2022-10-12,379.49588746384546,4.406384518836859,11.670003580150544,40.19072443716715,FPL
2022-10-13,379.5243434680969,3.5675399871605777,10.050405567751273,-1.7752890230087246,FPL
2022-10-14,379.55279947234834,0.04902210944793817,8.43114415555154,1.052034262652171,FPL
2022-10-15,379.5812554765998,-8.05709581479769,6.813029406733595,6.560810931464346,FPL
2022-10-16,379.6097114808512,-7.0953986121141615,5.196866735080636,15.591820396182356,FPL
2022-10-17,379.63816748510266,3.1551490434084095,3.5834562801002043,19.063227191388705,FPL
2022-10-18,379.6666234893541,3.9757745188567264,1.9735922892670565,-6.354990297477855,FPL
2022-10-19,379.69507949360553,4.406384518836859,0.36806250802013096,-87.06452652046255,FPL
2022-10-20,379.723535497857,3.5675399871605777,-1.2323524218636308,-83.46172306315395,FPL
2022-10-21,379.7519915021084,0.04902210944793817,-2.826879554903776,-71.8031340566526,FPL
2022-10-22,379.78044750635985,-8.05709581479769,-4.414754224954375,-54.22759746660779,FPL
2022-10-23,379.8089035106113,-7.0953986121141615,-5.995220618057029,-34.13828428044013,FPL
2022-10-24,379.8373595148627,3.1551490434084095,-7.567532334524973,-17.48797622374616,FPL
2022-10-25,379.86581551911416,3.9757745188567264,-9.130952939695202,-13.949637098275673,FPL
2022-10-26,379.8942715233656,4.406384518836859,-10.684756502792201,-14.470899539410311,FPL
2022-10-27,379.92272752761704,3.5675399871605777,-12.228228123366094,7.357960608588428,FPL
2022-10-28,379.95118353186854,0.04902210944793817,-13.760664444779756,20.402458803463276,FPL
2022-10-29,379.97963953612,-8.05709581479769,-15.281374154234864,23.894830432912556,FPL
2022-10-30,380.0080955403714,-7.0953986121141615,-16.78967846884491,33.77598154058768,FPL
2022-10-31,380.03655154462285,3.1551490434084095,-18.284911607277387,48.78621101924614,FPL
2022-11-01,380.0650075488743,3.9757745188567264,-19.76642124650448,71.2626391787735,FPL
2022-11-02,380.09346355312573,4.406384518836859,-21.23356896322101,91.19972089125844,FPL
2022-11-03,380.12191955737717,3.5675399871605777,-22.68573065950401,60.857271114966295,FPL
2022-11-04,380.1503755616286,0.04902210944793817,-24.12229697230844,30.936899301231904,FPL
2022-11-05,380.17883156588005,-8.05709581479769,-25.542673666410828,38.58493791532845,FPL
2022-11-06,380.2072875701315,-7.0953986121141615,-26.946282010434075,66.44039305241677,FPL
2022-11-07,380.2357435743829,3.1551490434084095,-28.332559135604754,43.87766651781334,FPL
2022-11-08,380.26419957863436,3.9757745188567264,-29.700958376914024,32.7139842794229,FPL
2022-11-09,380.2926555828858,4.406384518836859,-31.050949596375972,-3.9300905053466977,FPL
2022-11-10,380.32111158713724,3.5675399871605777,-32.38201948809588,0.8643679137980484,FPL
2022-11-11,380.3495675913887,0.04902210944793817,-33.69367186488198,38.64008216404534,FPL
2022-11-12,380.3780235956401,-8.05709581479769,-34.98542792615811,35.15150014531565,FPL
2022-11-13,380.40647959989155,-7.0953986121141615,-36.25682650695326,20.5077455191759,FPL
2022-11-14,380.434935604143,3.1551490434084095,-37.507424307768176,27.504339660216715,FPL
2022-11-15,380.46339160839443,3.9757745188567264,-38.73679610513955,35.466629977888374,FPL
2022-11-16,380.49184761264587,4.406384518836859,-39.94453494274668,30.168302811263914,FPL
2022-11-17,380.52030361689737,3.5675399871605777,-41.130252302926166,-8.407591301131731,FPL
2022-11-18,380.5487596211488,0.04902210944793817,-42.29357825848288,-17.165203472113888,FPL
2022-11-19,380.57721562540024,-8.05709581479769,-43.43416160471005,-7.206958205892533,FPL
2022-11-20,380.6056716296517,-7.0953986121141615,-44.55166997155124,-6.926603045986326,FPL
2022-11-21,380.6341276339031,3.1551490434084095,-45.64578991586231,1.3445132385508032,FPL
2022-11-22,380.66258363815456,3.9757745188567264,-46.71622699375307,14.015868836741788,FPL
2022-11-23,380.691039642406,4.406384518836859,-47.762705813010626,23.428281651767747,FPL
2022-11-24,380.71949564665744,3.5675399871605777,-48.784970065631086,34.121934431813145,FPL
2022-11-25,380.7479516509089,0.04902210944793817,-49.7827825405076,44.79880878015081,FPL
2022-11-26,380.7764076551603,-8.05709581479769,-50.75592511634454,49.24161327598193,FPL
2022-11-27,380.80486365941175,-7.0953986121141615,-51.704198734894184,57.26473368759662,FPL
2022-11-28,380.8333196636632,3.1551490434084095,-52.62742335462799,31.652954647556385,FPL
2022-11-29,380.8617756679146,3.9757745188567264,-53.52543788498471,24.763887698213352,FPL
2022-11-30,380.89023167216607,4.406384518836859,-54.398100101352924,46.56348391034999,FPL
2022-12-01,380.9186876764175,3.5675399871605777,-55.245286540971,19.87705887739287,FPL
2022-12-02,380.94714368066894,0.04902210944793817,-56.06689237994907,18.642726589832193,FPL
2022-12-03,380.97559968492044,-8.05709581479769,-56.86283129163665,19.435327421513875,FPL
2022-12-04,381.0040556891719,-7.0953986121141615,-57.6330352865841,8.35637820952644,FPL
2022-12-05,381.0325116934233,3.1551490434084095,-58.37745453436289,9.55379379753117,FPL
2022-12-06,381.06096769767476,3.9757745188567264,-59.09605716753393,21.564314951002473,FPL
2022-12-07,381.0894237019262,4.406384518836859,-59.78882906806995,22.49602084730691,FPL
2022-12-08,381.11787970617763,3.5675399871605777,-60.45577363656032,23.47735394322217,FPL
2022-12-09,381.14633571042907,0.04902210944793817,-61.09691154454373,18.116553724666744,FPL
2022-12-10,381.1747917146805,-8.05709581479769,-61.71228047033439,10.490584570451574,FPL
2022-12-11,381.20324771893195,-7.0953986121141615,-62.3019348187259,-0.16991428809183162,FPL
2022-12-12,381.2317037231834,3.1551490434084095,-62.86594542497281,-2.19690734161901,FPL
2022-12-13,381.2601597274348,3.9757745188567264,-63.404399243470515,0.2164649971790027,FPL
2022-12-14,381.28861573168626,4.406384518836859,-63.917399021567846,13.406398771044735,FPL
2022-12-15,381.3170717359377,3.5675399871605777,-64.40506295896564,27.675451235867342,FPL
2022-12-16,381.34552774018914,0.04902210944793817,-64.86752435316805,6.4449745035308865,FPL
2022-12-17,381.3739837444406,-8.05709581479769,-65.30493123147102,5.642043301828153,FPL
2022-12-18,381.402439748692,-7.0953986121141615,-65.71744596998448,10.565404833406546,FPL
2022-12-19,381.43089575294346,3.1551490434084095,-66.10524490020113,4.225200103849204,FPL
2022-12-20,381.4593517571949,3.9757745188567264,-66.4685179036362,0.8453916275846041,FPL
2022-12-21,381.48780776144633,4.406384518836859,-66.80746799507668,12.990275714793427,FPL
2022-12-22,381.5162637656978,3.5675399871605777,-67.12231089498992,24.734507142131577,FPL
2022-12-23,381.5447197699492,0.04902210944793817,-67.41327459165288,35.625532712255676,FPL
2022-12-24,381.5731757742007,-8.05709581479769,-67.680598893575,88.99251893417193,FPL
2022-12-25,381.60163177845214,-7.0953986121141615,-67.92453497279587,138.64030180645784,FPL
2022-12-26,381.6300877827036,3.1551490434084095,-68.14534489965087,125.21810807353887,FPL
2022-12-27,381.658543786955,3.9757745188567264,-68.34330116960366,45.187982863791945,FPL
2022-12-28,381.68699979120646,4.406384518836859,-68.51868622275497,13.038301912711631,FPL
2022-12-29,381.7154557954579,3.5675399871605777,-68.67179195664217,-1.6692038259762967,FPL
2022-12-30,381.74391179970934,0.04902210944793817,-68.80291923295233,14.227985323795053,FPL
2022-12-31,381.7723678039608,-8.05709581479769,-68.91237737877589,28.923105389612772,FPL
2023-01-01,381.8008238082122,-7.0953986121141615,-69.01921193317557,17.806786737077516,FPL
2023-01-02,381.82927981246365,3.1551490434084095,-69.08108593018423,16.481657074312125,FPL
2023-01-03,381.8577358167151,3.9757745188567264,-69.12234846039,30.57783812481813,FPL
2023-01-04,381.88619182096653,4.406384518836859,-69.14333916457399,40.322762824770564,FPL
2023-01-05,381.91464782521797,3.5675399871605777,-69.14440346616873,27.325215653790224,FPL
2023-01-06,381.9431038294694,0.04902210944793817,-69.12589205285488,-7.641233886062423,FPL
2023-01-07,381.97155983372085,-8.05709581479769,-69.08816035734856,0.8456963384253982,FPL
2023-01-08,382.0000158379723,-7.0953986121141615,-69.03156803802453,4.304950812166339,FPL
2023-01-09,382.0284718422238,3.1551490434084095,-68.95647846001947,0.9498575743873516,FPL
2023-01-10,382.0569278464752,3.9757745188567264,-68.86325817745652,-4.189444187875381,FPL
2023-01-11,382.08538385072666,4.406384518836859,-68.7522764174305,-7.645491952133,FPL
2023-01-12,382.1138398549781,3.5675399871605777,-68.62390456638852,-4.262475275750091,FPL
2023-01-13,382.14229585922953,0.04902210944793817,-68.47851565953647,-7.420802309141038,FPL
2023-01-14,382.170751863481,-8.05709581479769,-68.31648387389694,41.66082782521363,FPL
2023-01-15,382.1992078677324,-7.0953986121141615,-68.13818402563808,72.72037477001982,FPL
2023-01-16,382.22766387198385,3.1551490434084095,-67.9439910722855,52.268178156893214,FPL
2023-01-17,382.2561198762353,3.9757745188567264,-67.73427962042292,5.839385225330943,FPL
2023-01-18,382.2845758804867,4.406384518836859,-67.50942343947862,-15.454536959844972,FPL
2023-01-19,382.31303188473817,3.5675399871605777,-67.26979498218518,-6.037776889713541,FPL
2023-01-20,382.3414878889896,0.04902210944793817,-67.01576491229197,0.6902549138544032,FPL
2023-01-21,382.36994389324104,-8.05709581479769,-66.74770164009813,8.41085356165479,FPL
2023-01-22,382.3983998974925,-7.0953986121141615,-66.46597086636336,16.694969580985003,FPL
2023-01-23,382.4268559017439,3.1551490434084095,-66.17093513514271,9.512930189990357,FPL
2023-01-24,382.45531190599536,3.9757745188567264,-65.8629533960784,6.365866971226353,FPL
2023-01-25,382.4837679102468,4.406384518836859,-65.5423805766695,25.602228147585777,FPL
2023-01-26,382.51222391449824,3.5675399871605777,-65.20956716502663,3.9438032633678404,FPL
2023-01-27,382.5406799187497,0.04902210944793817,-64.86485880360445,-0.26884322459318355,FPL
2023-01-28,382.5691359230011,-8.05709581479769,-64.50859589439055,2.342555786187063,FPL
2023-01-29,382.59759192725255,-7.0953986121141615,-64.14111321601361,12.796919900875196,FPL
2023-01-30,382.62604793150405,3.1551490434084095,-63.76273955321798,25.074542578305568,FPL
2023-01-31,382.6545039357555,3.9757745188567264,-63.37379733913612,25.38251888452396,FPL
2023-02-01,382.6829599400069,4.406384518836859,-62.974602310772234,25.79225785192841,FPL
2023-02-02,382.71141594425836,3.5675399871605777,-62.565463178094674,28.9185072466758,FPL
2023-02-03,382.7398719485098,0.04902210944793817,-62.1466813071155,24.98278724915781,FPL
2023-02-04,382.76832795276124,-8.05709581479769,-61.71855041731826,-3.6796817206453625,FPL
2023-02-05,382.7967839570127,-7.0953986121141615,-61.28135629377606,-0.5300290511224262,FPL
2023-02-06,382.8252399612641,3.1551490434084095,-60.83537651428284,-6.71801249038964,FPL
2023-02-07,382.85369596551556,3.9757745188567264,-60.380880191801715,-9.516590292570584,FPL
2023-02-08,382.882151969767,4.406384518836859,-59.91812773251384,-6.340408756090028,FPL
2023-02-09,382.91060797401843,3.5675399871605777,-59.447370609731905,15.165222648552913,FPL
2023-02-10,382.93906397826987,0.04902210944793817,-58.96885115392136,27.502765066203494,FPL
2023-02-11,382.9675199825213,-8.05709581479769,-58.4828023590518,36.62037819132814,FPL
2023-02-12,382.99597598677275,-7.0953986121141615,-57.98944770548054,-4.161129669178081,FPL
2023-02-13,383.0244319910242,3.1551490434084095,-57.48900099954838,-29.66258003488423,FPL
2023-02-14,383.0528879952757,3.9757745188567264,-56.98166623004691,-23.327996284085486,FPL
2023-02-15,383.08134399952706,4.406384518836859,-56.46763744169475,-7.397091076669199,FPL
2023-02-16,383.10980000377856,3.5675399871605777,-55.94709862573835,15.912758634799275,FPL
2023-02-17,383.13825600803,0.04902210944793817,-55.4202236277714,30.157945510293473,FPL
2023-02-18,383.16671201228144,-8.05709581479769,-54.88717607284475,10.486559875360967,FPL
2023-02-19,383.1951680165329,-7.0953986121141615,-54.348109307916694,26.010339903497993,FPL
2023-02-20,383.2236240207843,3.1551490434084095,-53.80316636167149,29.967393297478736,FPL
2023-02-21,383.25208002503575,3.9757745188567264,-53.25247992171185,30.63662537781937,FPL
2023-02-22,383.2805360292872,4.406384518836859,-52.69617232910914,34.55325178098508,FPL
2023-02-23,383.30899203353863,3.5675399871605777,-52.13435559027265,49.594823569573464,FPL
2023-02-24,383.33744803779007,0.04902210944793817,-51.567131406077806,47.11566125883979,FPL
2023-02-25,383.3659040420415,-8.05709581479769,-50.994591218170825,37.40578299092704,FPL
2023-02-26,383.39436004629295,-7.0953986121141615,-50.41681627234566,29.209854838166848,FPL
2023-02-27,383.4228160505444,3.1551490434084095,-49.833877698867624,24.05491260491482,FPL
2023-02-28,383.4512720547958,3.9757745188567264,-49.24583660959618,29.37279003594358,FPL
2023-03-01,383.47972805904726,4.406384518836859,-48.652744211738494,24.432631633854328,FPL
2023-03-02,383.5081840632987,3.5675399871605777,-48.054641938043844,26.519917887584597,FPL
2023-03-03,383.53664006755014,0.04902210944793817,-47.451561593228575,49.63789941623048,FPL
2023-03-04,383.5650960718016,-8.05709581479769,-46.843525516400135,58.952525259396225,FPL
2023-03-05,383.593552076053,-7.0953986121141615,-46.23054675922912,46.40339329529024,FPL
2023-03-06,383.62200808030445,3.1551490434084095,-45.61262927959759,57.286472155884724,FPL
2023-03-07,383.65046408455595,3.9757745188567264,-44.98976815043271,56.84652954702011,FPL
2023-03-08,383.67892008880733,4.406384518836859,-44.36194978341539,41.27264517577112,FPL
2023-03-09,383.7073760930588,3.5675399871605777,-43.72915216723463,11.670236087015212,FPL
2023-03-10,383.73583209731026,0.04902210944793817,-43.09134512003985,7.048490913281682,FPL
2023-03-11,383.7642881015617,-8.05709581479769,-42.44849055572532,14.00329826896126,FPL
2023-03-12,383.79274410581314,-7.0953986121141615,-41.80054276366353,2.4471972699645335,FPL
2023-03-13,383.8212001100646,3.1551490434084095,-41.147448701486695,32.745099548013684,FPL
2023-03-14,383.849656114316,3.9757745188567264,-40.48914830049945,-0.577282332673235,FPL
2023-03-15,383.87811211856746,4.406384518836859,-39.82557478328928,-38.848921854115076,FPL
2023-03-16,383.9065681228189,3.5675399871605777,-39.156654993086036,-35.77045311689341,FPL
2023-03-17,383.93502412707033,0.04902210944793817,-38.482309734406414,-16.276736502111874,FPL
2023-03-18,383.9634801313218,-8.05709581479769,-37.802454124505196,9.49506980798111,FPL
2023-03-19,383.9919361355732,-7.0953986121141615,-37.116997955140974,-22.719539568318112,FPL
2023-03-20,384.02039213982465,3.1551490434084095,-36.42584606415079,-41.02469511908225,FPL
2023-03-21,384.0488481440761,3.9757745188567264,-35.72889871631568,-33.42872394661714,FPL
2023-03-22,384.0773041483275,4.406384518836859,-35.026051992986815,-23.603636674177608,FPL
2023-03-23,384.10576015257897,3.5675399871605777,-34.3171981899309,-4.572101949808655,FPL
2023-03-24,384.1342161568304,0.04902210944793817,-33.60222622284235,11.788987956563972,FPL
2023-03-25,384.1626721610819,-8.05709581479769,-32.88102203996036,42.575445693676215,FPL
2023-03-26,384.19112816533334,-7.0953986121141615,-32.15346904121897,56.83073948799989,FPL
2023-03-27,384.2195841695848,3.1551490434084095,-31.41944850335019,59.156715290357,FPL
2023-03-28,384.2480401738362,3.9757745188567264,-30.678840010351973,49.92402531765907,FPL
2023-03-29,384.27649617808765,4.406384518836859,-29.93152188872571,17.24664119180119,FPL
2023-03-30,384.3049521823391,3.5675399871605777,-29.177371646881642,-1.4701205226180036,FPL
2023-03-31,384.33340818659053,0.04902210944793817,-28.416266418104563,12.104836122066104,FPL
2023-04-01,384.36186419084197,-8.05709581479769,-27.648083406467304,40.190315030422994,FPL
2023-04-02,384.3903201950934,-7.0953986121141615,-26.872700335075567,40.62277875209634,FPL
2023-04-03,384.41877619934485,3.1551490434084095,-26.089995896023627,51.62307065327042,FPL
2023-04-04,384.4472322035963,3.9757745188567264,-25.299850201438296,58.1668434789853,FPL
2023-04-05,384.4756882078477,4.406384518836859,-24.50214523498606,58.12807250830144,FPL
2023-04-06,384.50414421209916,3.5675399871605777,-23.696765303217575,57.23308110395783,FPL
2023-04-07,384.5326002163506,0.04902210944793817,-22.883597486123044,49.47297516032444,FPL
2023-04-08,384.56105622060204,-8.05709581479769,-22.062532086272356,44.04257168046797,FPL
2023-04-09,384.5895122248535,-7.0953986121141615,-21.233463075915033,5.463349463175689,FPL
2023-04-10,384.6179682291049,3.1551490434084095,-20.39628854141709,-29.622828731096263,FPL
2023-04-11,384.64642423335636,3.9757745188567264,-19.550911124414075,-41.19828762779906,FPL
2023-04-12,384.6748802376078,4.406384518836859,-18.69723845906362,-49.135026297381046,FPL
2023-04-13,384.70333624185923,3.5675399871605777,-17.835183604784568,-4.7286926242352365,FPL
2023-04-14,384.73179224611073,0.04902210944793817,-16.964665473874714,19.67685111831605,FPL
2023-04-15,384.76024825036217,-8.05709581479769,-16.08560925340515,45.02845681784066,FPL
2023-04-16,384.7887042546136,-7.0953986121141615,-15.197946820795114,45.002641178295676,FPL
2023-04-17,384.81716025886504,3.1551490434084095,-14.301617152479047,-16.148692149794385,FPL
2023-04-18,384.8456162631165,3.9757745188567264,-13.396566725084913,-39.90282405688828,FPL
2023-04-19,384.8740722673679,4.406384518836859,-12.482749908551579,-38.48170687765327,FPL
2023-04-20,384.90252827161936,3.5675399871605777,-11.560129350622528,-10.147938908157414,FPL
2023-04-21,384.9309842758708,0.04902210944793817,-10.62867635216297,6.869669966844242,FPL
2023-04-22,384.95944028012224,-8.05709581479769,-9.688371232757934,16.585026767433305,FPL
2023-04-23,384.9878962843737,-7.0953986121141615,-8.739203686061042,14.13270601380151,FPL
2023-04-24,385.0163522886251,3.1551490434084095,-7.781173124374444,-8.246328207659133,FPL
2023-04-25,385.04480829287655,3.9757745188567264,-6.814289011954283,-2.5172937997789973,FPL
2023-04-26,385.073264297128,4.406384518836859,-5.838571186548446,9.007922370583628,FPL
2023-04-27,385.10172030137943,3.5675399871605777,-4.854050168687614,22.442789880147586,FPL
2023-04-28,385.13017630563087,0.04902210944793817,-3.8607674582652898,24.21856904318645,FPL
2023-04-29,385.1586323098823,-8.05709581479769,-2.858775817957003,37.05423932287232,FPL
2023-04-30,385.1870883141338,-7.0953986121141615,-1.8481395430450291,3.279449841025439,FPL
2023-05-01,385.21554431838524,3.1551490434084095,-0.8289347172310642,-17.72475864456254,FPL
2023-05-02,385.2440003226367,3.9757745188567264,0.19875054596447939,-7.246525387457893,FPL
2023-05-03,385.2724563268881,4.406384518836859,1.2348158766001944,-5.513656722325209,FPL
2023-05-04,385.30091233113956,3.5675399871605777,2.2791484368742516,-18.738600755174332,FPL
2023-05-05,385.329368335391,0.04902210944793817,3.3316227251963326,-4.951013170035253,FPL
2023-05-06,385.35782433964243,-8.05709581479769,4.392100396099778,6.0521710790554835,FPL
2023-05-07,385.3862803438939,-7.0953986121141615,5.460430096304947,-3.0483118280847066,FPL
2023-05-08,385.4147363481453,3.1551490434084095,6.536447317223988,-8.916332708777702,FPL
2023-05-09,385.44319235239675,3.9757745188567264,7.619974264179184,11.389058864567346,FPL
2023-05-10,385.4716483566482,4.406384518836859,8.71081974258513,32.06314738192981,FPL
2023-05-11,385.5001043608996,3.5675399871605777,9.808779061326021,38.010576590613766,FPL
2023-05-12,385.52856036515107,0.04902210944793817,10.913633953537463,37.674783571863486,FPL
2023-05-13,385.5570163694025,-8.05709581479769,12.025152514982238,23.949926930412914,FPL
2023-05-14,385.58547237365394,-7.0953986121141615,13.14308916018728,13.320837078272973,FPL
2023-05-15,385.6139283779054,3.1551490434084095,14.267184596487901,24.163737982198256,FPL
2023-05-16,385.6423843821568,3.9757745188567264,15.39716581610407,27.831675282882316,FPL
2023-05-17,385.67084038640826,4.406384518836859,16.53274610635087,32.812028988403995,FPL
2023-05-18,385.6992963906597,3.5675399871605777,17.67362507806395,17.85453854411577,FPL
2023-05-19,385.72775239491114,0.04902210944793817,18.819488712298185,26.663736783342642,FPL
2023-05-20,385.7562083991626,-8.05709581479769,19.97000942533572,33.04987799029931,FPL
2023-05-21,385.78466440341407,-7.0953986121141615,21.124846152017096,28.406888056683044,FPL
2023-05-22,385.8131204076655,3.1551490434084095,22.283644447386976,32.0180861015391,FPL
2023-05-23,385.84157641191695,3.9757745188567264,23.44603660662365,4.15061246260268,FPL
2023-05-24,385.8700324161684,4.406384518836859,24.61164180319894,-27.344058738204183,FPL
2023-05-25,385.8984884204198,3.5675399871605777,25.780066245192636,-43.474094652772976,FPL
2023-05-26,385.92694442467126,0.04902210944793817,26.950903349664095,-47.73386988378326,FPL
2023-05-27,385.9554004289227,-8.05709581479769,28.123733934960377,-36.54603854908544,FPL
2023-05-28,385.98385643317414,-7.0953986121141615,29.298126430819302,-11.436584251879253,FPL
2023-05-29,386.0123124374256,3.1551490434084095,30.47363710610309,-15.43009858693705,FPL
2023-05-30,386.040768441677,3.9757745188567264,31.649810313976865,-3.076353274510609,FPL
2023-05-31,386.06922444592846,4.406384518836859,32.826178754324694,-24.497787719090013,FPL
2023-06-01,386.0976804501799,3.5675399871605777,34.00226375317459,-19.77248419051506,FPL
2023-06-02,386.12613645443133,0.04902210944793817,35.1775755588827,-20.249734122761993,FPL
2023-06-03,386.15459245868277,-8.05709581479769,36.35161365480591,-25.447110298690973,FPL
2023-06-04,386.1830484629342,-7.0953986121141615,37.52386708817233,-15.881516938992377,FPL
2023-06-05,386.21150446718565,3.1551490434084095,38.693814814837765,-11.791468325431879,FPL
2023-06-06,386.23996047143714,3.9757745188567264,39.860926059597375,-23.60766104989125,FPL
2023-06-07,386.2684164756886,4.406384518836859,41.024660691702195,-16.436461686227688,FPL
2023-06-08,386.29687247994,3.5675399871605777,42.184469615210176,-4.279882082310678,FPL
2023-06-09,386.32532848419146,0.04902210944793817,43.33979517378415,6.302854232576465,FPL
2023-06-10,386.3537844884429,-8.05709581479769,44.490071569529505,11.097239756825275,FPL
2023-06-11,386.38224049269434,-7.0953986121141615,45.63472529544768,18.95643282397208,FPL
2023-06-12,386.4106964969458,3.1551490434084095,46.77317558106338,24.82697887858245,FPL
2023-06-13,386.4391525011972,3.9757745188567264,47.90483485076777,28.651238129178296,FPL
2023-06-14,386.46760850544865,4.406384518836859,49.029109194402004,42.5808977813125,FPL
2023-06-15,386.4960645097001,3.5675399871605777,50.1453988495916,44.1409966535478,FPL
2023-06-16,386.52452051395153,0.04902210944793817,51.25309869532512,32.1913586812754,FPL
2023-06-17,386.55297651820297,-8.05709581479769,52.35159875625813,10.813520540336526,FPL
2023-06-18,386.5814325224544,-7.0953986121141615,53.44028471720691,-25.308318627547237,FPL
2023-06-19,386.60988852670584,3.1551490434084095,54.51853844728564,-2.9755760173999306,FPL
2023-06-20,386.6383445309573,3.9757745188567264,55.585738533125735,-19.32285758293972,FPL
2023-06-21,386.6668005352087,4.406384518836859,56.64126082060557,-25.277445874651164,FPL
2023-06-22,386.69525653946016,3.5675399871605777,57.684478964506546,-11.297275491127266,FPL
2023-06-23,386.7237125437116,0.04902210944793817,58.7147649855009,12.378500361339547,FPL
2023-06-24,386.75216854796304,-8.05709581479769,59.73148983386649,-5.078562567031895,FPL
2023-06-25,386.7806245522145,-7.0953986121141615,60.734023959314676,-23.670249899414955,FPL
2023-06-26,386.809080556466,3.1551490434084095,61.72173788630825,-3.379967486182636,FPL
2023-06-27,386.8375365607174,3.9757745188567264,62.69400279423915,37.68068612618674,FPL
2023-06-28,386.86599256496885,4.406384518836859,63.65019110182762,50.59343181436674,FPL
2023-06-29,386.8944485692203,3.5675399871605777,64.58967705509897,27.885334388520164,FPL
2023-06-30,386.9229045734717,0.04902210944793817,65.51183731828704,14.067235998793308,FPL
2023-07-01,386.95136057772316,-8.05709581479769,66.41605156701014,12.398683670064429,FPL
2023-07-02,386.9798165819746,-7.0953986121141615,67.30170308305965,16.889878947079865,FPL
2023-07-03,387.00827258622604,3.1551490434084095,68.16817935013879,30.50739902022673,FPL
2023-07-04,387.0367285904775,3.9757745188567264,69.01487264988596,29.127624240779824,FPL
2023-07-05,387.0651845947289,4.406384518836859,69.84118065751579,41.755250228918385,FPL
2023-07-06,387.09364059898036,3.5675399871605777,70.64650703640869,38.70131237745039,FPL
2023-07-07,387.1220966032318,0.04902210944793817,71.43026203098125,23.14161925633897,FPL
2023-07-08,387.15055260748323,-8.05709581479769,72.19186305716839,4.190680150146022,FPL
2023-07-09,387.1790086117347,-7.0953986121141615,72.93073528985016,19.42865471052926,FPL
2023-07-10,387.2074646159861,3.1551490434084095,73.64631224655913,28.983074094046344,FPL
2023-07-11,387.23592062023755,3.9757745188567264,74.33803636680462,41.50626849410111,FPL
2023-07-12,387.26437662448905,4.406384518836859,75.00535958635646,51.1298792703177,FPL
2023-07-13,387.2928326287404,3.5675399871605777,75.64774390583293,38.12088347826608,FPL
2023-07-14,387.3212886329919,0.04902210944793817,76.2646619529442,12.362027304615935,FPL
2023-07-15,387.34974463724336,-8.05709581479769,76.85559753774749,7.449753639806829,FPL
2023-07-16,387.3782006414948,-7.0953986121141615,77.42004620027754,13.859151770341839,FPL
2023-07-17,387.40665664574624,3.1551490434084095,77.95751574992238,-19.447321439076973,FPL
2023-07-18,387.4351126499977,3.9757745188567264,78.46752679592382,-10.713413964778226,FPL
2023-07-19,387.4635686542491,4.406384518836859,78.94961326838971,14.13143355852435,FPL
2023-07-20,387.49202465850055,3.5675399871605777,79.40332292921485,40.191112425124004,FPL
2023-07-21,387.520480662752,0.04902210944793817,79.8282178723185,45.10227935548153,FPL
2023-07-22,387.54893666700343,-8.05709581479769,80.22387501261636,36.45428413517794,FPL
2023-07-23,387.57739267125487,-7.0953986121141615,80.58988656315671,24.35311937770257,FPL
2023-07-24,387.6058486755063,3.1551490434084095,80.92586049986393,32.05314178122137,FPL
2023-07-25,387.63430467975775,3.9757745188567264,81.23142101334341,30.040499788042155,FPL
2023-07-26,387.6627606840092,4.406384518836859,81.50620894721763,-3.7463541500636666,FPL
2023-07-27,387.6912166882606,3.5675399871605777,81.74988222247615,-30.244638897897403,FPL
2023-07-28,387.71967269251206,0.04902210944793817,81.96211624733749,-33.078811049297485,FPL
2023-07-29,387.7481286967635,-8.05709581479769,82.14260431213634,8.21036280589783,FPL
2023-07-30,387.77658470101494,-7.0953986121141615,82.29105796876563,29.25675594233354,FPL
2023-07-31,387.8050407052664,3.1551490434084095,82.40720739421948,10.811602857105697,FPL
2023-08-01,387.8334967095178,3.9757745188567264,82.49080173779994,-16.633072966174552,FPL
2023-08-02,387.86195271376926,4.406384518836859,82.54160945156887,-4.805946684174955,FPL
2023-08-03,387.8904087180207,3.5675399871605777,82.55941860364332,1.833632691175353,FPL
2023-08-04,387.9188647222722,0.04902210944793817,82.54403717395242,6.8450759943274875,FPL
2023-08-05,387.9473207265236,-8.05709581479769,82.49529333209222,8.617481756181803,FPL
2023-08-06,387.97577673077507,-7.0953986121141615,82.41303569693476,33.16258618440429,FPL
2023-08-07,388.0042327350265,3.1551490434084095,82.29713357766738,63.77948464389772,FPL
2023-08-08,388.03268873927794,3.9757745188567264,82.14747719595867,66.21105954590666,FPL
2023-08-09,388.0611447435294,4.406384518836859,81.96397788896829,61.15549284866546,FPL
2023-08-10,388.0896007477808,3.5675399871605777,81.74656829293849,47.62129097212005,FPL
2023-08-11,388.11805675203226,0.04902210944793817,81.49520250712708,52.35971863139275,FPL
2023-08-12,388.1465127562837,-8.05709581479769,81.20985623786258,66.88572682065126,FPL
2023-08-13,388.17496876053514,-7.0953986121141615,80.89052692252488,44.00090292905418,FPL
2023-08-14,388.2034247647866,3.1551490434084095,80.5372338332759,45.820192358529084,FPL
2023-08-15,388.231880769038,3.9757745188567264,80.15001816038854,42.050326551716694,FPL
2023-08-16,388.26033677328945,4.406384518836859,79.72894307504288,5.842335632830839,FPL
2023-08-17,388.2887927775409,3.5675399871605777,79.27409377148325,-20.551426536184692,FPL
2023-08-18,388.31724878179233,0.04902210944793817,78.78557748845094,-20.59684837969121,FPL
2023-08-19,388.3457047860438,-8.05709581479769,78.26352350983144,4.6658675189224255,FPL
2023-08-20,388.37416079029526,-7.0953986121141615,77.70808314447751,-8.870845322658624,FPL
2023-08-21,388.4026167945467,3.1551490434084095,77.11942968519266,11.071804476852321,FPL
2023-08-22,388.43107279879814,3.9757745188567264,76.49775834688278,34.11139433546242,FPL
2023-08-23,388.4595288030496,4.406384518836859,75.8432861839068,36.386800494206796,FPL
2023-08-24,388.487984807301,3.5675399871605777,75.15625198668002,23.352223218858455,FPL
2023-08-25,388.51644081155246,0.04902210944793817,74.4369161576074,22.743620921392164,FPL
2023-08-26,388.5448968158039,-8.05709581479769,73.68556056644654,32.01163843254727,FPL
2023-08-27,388.57335282005533,-7.0953986121141615,72.90248838522297,29.908557406835826,FPL
2023-08-28,388.6018088243068,3.1551490434084095,72.08802390284386,22.716018229440976,FPL
2023-08-29,388.6302648285582,3.9757745188567264,71.24251231957754,8.711448333007525,FPL
2023-08-30,388.65872083280965,4.406384518836859,70.36631952158967,23.08857512676377,FPL
2023-08-31,388.6871768370611,3.5675399871605777,69.45983183574889,26.944451340029445,FPL
2023-09-01,388.7156328413125,0.04902210944793817,68.52345576493595,24.82988928430359,FPL
2023-09-02,388.74408884556397,-8.05709581479769,67.55761770411371,-8.02961073488001,FPL
2023-09-03,388.7725448498154,-7.0953986121141615,66.56276363743417,-14.997909875135463,FPL
2023-09-04,388.80100085406684,3.1551490434084095,65.53935881668309,-5.17850871415834,FPL
2023-09-05,388.8294568583183,3.9757745188567264,64.48788742138018,11.437881201444782,FPL
2023-09-06,388.8579128625697,4.406384518836859,63.40885220087551,13.1648504177179,FPL
2023-09-07,388.88636886682116,3.5675399871605777,62.302774098802466,18.731317047215782,FPL
2023-09-08,388.9148248710726,0.04902210944793817,61.1701918602658,-3.300038840786385,FPL
2023-09-09,388.9432808753241,-8.05709581479769,60.011661622164404,-14.955846682690776,FPL
2023-09-10,388.97173687957553,-7.0953986121141615,58.82775648706532,10.871905245473329,FPL
2023-09-11,389.00019288382697,3.1551490434084095,57.619066081065995,33.323591991698606,FPL
2023-09-12,389.0286488880784,3.9757745188567264,56.386196096096626,35.08538049696824,FPL
2023-09-13,389.05710489232985,4.406384518836859,55.12976781713423,39.94474277169911,FPL
2023-09-14,389.0855608965813,3.5675399871605777,53.85041763481582,39.20148148144233,FPL
2023-09-15,389.1140169008327,0.04902210944793817,52.54879654395365,25.323164445765713,FPL
2023-09-16,389.14247290508416,-8.05709581479769,51.2255696284716,11.872053281241847,FPL
2023-09-17,389.1709289093356,-7.0953986121141615,49.88141553329777,17.147054169480725,FPL
2023-09-18,389.19938491358704,3.1551490434084095,48.51702592375975,15.508440119244824,FPL
2023-09-19,389.2278409178385,3.9757745188567264,47.13310493304705,-9.692720369742233,FPL
2023-09-20,389.2562969220899,4.406384518836859,45.73036859831364,-16.614050039240453,FPL
2023-09-21,389.28475292634135,3.5675399871605777,44.30954428600995,-19.414837199511908,FPL
2023-09-22,389.3132089305928,0.04902210944793817,42.87137010704296,-19.16560114708369,FPL
2023-09-23,389.34166493484423,-8.05709581479769,41.41659432237475,-33.72216344242133,FPL
2023-09-24,389.37012093909567,-7.0953986121141615,39.94597473968148,-15.174697066662986,FPL
2023-09-25,389.39857694334717,3.1551490434084095,38.46027810170193,-6.413004088457512,FPL
2023-09-26,389.4270329475986,3.9757745188567264,36.96027946691576,-3.4770869333710266,FPL
2023-09-27,389.45548895185004,4.406384518836859,35.44676158320008,-17.735635053886995,FPL
2023-09-28,389.4839449561015,3.5675399871605777,33.920514255117595,-6.067999198379596,FPL
2023-09-29,389.5124009603529,0.04902210944793817,32.38233370550052,2.2912432246986327,FPL
2023-09-30,389.54085696460436,-8.05709581479769,30.8330219319962,6.722216918197148,FPL
2023-10-01,389.5693129688558,-7.0953986121141615,29.273386059248875,3.0366995840094546,FPL
2023-10-02,389.59776897310724,3.1551490434084095,27.704237687394638,-9.446155703910222,FPL
2023-10-03,389.6262249773587,3.9757745188567264,26.12639223755044,-5.6773917337657736,FPL
2023-10-04,389.6546809816101,4.406384518836859,24.540668294982446,9.614266204570583,FPL
2023-10-05,389.68313698586155,3.5675399871605777,22.94788695063837,27.764436076339564,FPL
2023-10-06,389.711592990113,0.04902210944793817,21.34887114173211,27.076513758706938,FPL
2023-10-07,389.74004899436443,-8.05709581479769,19.744444992069294,32.264601828363936,FPL
2023-10-08,389.76850499861587,-7.0953986121141615,18.135433152799738,-9.32853953930146,FPL
2023-10-09,389.7969610028673,3.1551490434084095,16.52266014428578,-39.346770190561585,FPL
2023-10-10,389.82541700711874,3.9757745188567264,14.906949699769287,-7.350141225744778,FPL
2023-10-11,389.8538730113702,4.406384518836859,13.289124111521021,15.395618358271975,FPL
2023-10-12,389.8823290156216,3.5675399871605777,11.670003580150544,62.90212741706722,FPL
2023-10-13,389.91078501987306,0.04902210944793817,10.050405567751273,60.43578730292768,FPL
2023-10-14,389.9392410241245,-8.05709581479769,8.43114415555154,31.432710635121566,FPL
2023-10-15,389.96769702837594,-7.0953986121141615,6.813029406733595,-3.148327822995441,FPL
2023-10-16,389.99615303262743,3.1551490434084095,5.196866735080636,-68.84916881111644,FPL
2023-10-17,390.02460903687887,3.9757745188567264,3.5834562801002043,-97.0078398358358,FPL
2023-10-18,390.0530650411303,4.406384518836859,1.9735922892670565,-80.38604184923418,FPL
2023-10-19,390.08152104538175,3.5675399871605777,0.36806250802013096,-48.04912354056239,FPL
2023-10-20,390.1099770496332,0.04902210944793817,-1.2323524218636308,-35.26564673721754,FPL
2023-10-21,390.1384330538846,-8.05709581479769,-2.826879554903776,-18.15045768418321,FPL
2023-10-22,390.16688905813606,-7.0953986121141615,-4.414754224954375,-27.13073622106748,FPL
2023-10-23,390.1953450623875,3.1551490434084095,-5.995220618057029,-21.58027348773885,FPL
2023-10-24,390.22380106663894,3.9757745188567264,-7.567532334524973,-10.636043250970658,FPL
2023-10-25,390.2522570708904,4.406384518836859,-9.130952939695202,-4.687688650032044,FPL
2023-10-26,390.2807130751418,3.5675399871605777,-10.684756502792201,5.916503440489805,FPL
2023-10-27,390.30916907939326,0.04902210944793817,-12.228228123366094,7.387036934524815,FPL
2023-10-28,390.3376250836447,-8.05709581479769,-13.760664444779756,14.551135175932757,FPL
2023-10-29,390.36608108789613,-7.0953986121141615,-15.281374154234864,14.534691678452873,FPL
2023-10-30,390.3945370921476,3.1551490434084095,-16.78967846884491,23.224992333288924,FPL
2023-10-31,390.422993096399,3.9757745188567264,-18.284911607277387,15.473143992021619,FPL
2023-11-02,390.4514491006505,3.5675399871605777,-21.23356896322101,-38.26942012459,FPL
2023-11-03,390.47990510490195,0.04902210944793817,-22.68573065950401,-23.917196554845873,FPL
2023-11-04,390.5083611091534,-8.05709581479769,-24.12229697230844,-26.499968322047266,FPL
2023-11-05,390.5368171134048,-7.0953986121141615,-25.542673666410828,-19.72874483487982,FPL
2023-11-06,390.56527311765626,3.1551490434084095,-26.946282010434075,-35.513140150630534,FPL
2023-11-07,390.5937291219077,3.9757745188567264,-28.332559135604754,-12.827944505159735,FPL
2023-11-08,390.62218512615914,4.406384518836859,-29.700958376914024,-8.908611268081984,FPL
2023-11-09,390.6506411304106,3.5675399871605777,-31.050949596375972,-1.4722315211951695,FPL
2023-11-10,390.679097134662,0.04902210944793817,-32.38201948809588,40.763900243985915,FPL
2023-11-11,390.70755313891345,-8.05709581479769,-33.69367186488198,51.82421454076615,FPL
2023-11-12,390.7360091431649,-7.0953986121141615,-34.98542792615811,34.257817395107395,FPL
2023-11-13,390.76446514741633,3.1551490434084095,-36.25682650695326,8.719212316128562,FPL
2023-11-14,390.79292115166777,3.9757745188567264,-37.507424307768176,-6.132271362756342,FPL
2023-11-15,390.8213771559192,4.406384518836859,-38.73679610513955,-25.759965569616554,FPL
2023-11-16,390.84983316017065,3.5675399871605777,-39.94453494274668,-83.62683820458454,FPL
2023-11-17,390.8782891644221,0.04902210944793817,-41.130252302926166,1.3859410290560845,FPL
2023-11-18,390.9067451686735,-8.05709581479769,-42.29357825848288,-16.620071095393087,FPL
2023-11-19,390.93520117292496,-7.0953986121141615,-43.43416160471005,-17.107640956100795,FPL
2023-11-20,390.9636571771764,3.1551490434084095,-44.55166997155124,-1.1811362490336137,FPL
2023-11-21,390.99211318142784,3.9757745188567264,-45.64578991586231,11.689902215577717,FPL
2023-11-22,391.02056918567934,4.406384518836859,-46.71622699375307,16.82427328923694,FPL
2023-11-23,391.0490251899307,3.5675399871605777,-47.762705813010626,-5.621859364080649,FPL
2023-11-24,391.0774811941822,0.04902210944793817,-48.784970065631086,-35.05653323799896,FPL
2023-11-25,391.10593719843365,-8.05709581479769,-49.7827825405076,-17.121058843128367,FPL
2023-11-26,391.1343932026851,-7.0953986121141615,-50.75592511634454,7.25093052577364,FPL
2023-11-27,391.1628492069365,3.1551490434084095,-51.704198734894184,-6.756799515450666,FPL
2023-11-28,391.19130521118797,3.9757745188567264,-52.62742335462799,-33.593656375416685,FPL
2023-11-29,391.2197612154394,4.406384518836859,-53.52543788498471,-28.533707849291602,FPL
2023-11-30,391.24821721969084,3.5675399871605777,-54.398100101352924,-19.027657105498463,FPL
2023-12-01,391.2766732239423,0.04902210944793817,-55.245286540971,8.241591207580711,FPL
2023-12-02,391.3051292281937,-8.05709581479769,-56.06689237994907,36.58885896655306,FPL
2023-12-03,391.33358523244516,-7.0953986121141615,-56.86283129163665,42.29464467130566,FPL
2023-12-04,391.3620412366966,3.1551490434084095,-57.6330352865841,22.78484500647903,FPL
2023-12-05,391.39049724094804,3.9757745188567264,-58.37745453436289,-8.946817225441919,FPL
2023-12-06,391.4189532451995,4.406384518836859,-59.09605716753393,-39.31728059650243,FPL
2023-12-07,391.4474092494509,3.5675399871605777,-59.78882906806995,-28.184120168541597,FPL
2023-12-08,391.4758652537024,0.04902210944793817,-60.45577363656032,-20.778113726589993,FPL
2023-12-09,391.5043212579538,-8.05709581479769,-61.09691154454373,2.3726861013876146,FPL
2023-12-10,391.5327772622053,-7.0953986121141615,-61.71228047033439,15.80490182024323,FPL
2023-12-11,391.5612332664567,3.1551490434084095,-62.3019348187259,-19.773447491139166,FPL
2023-12-12,391.58968927070816,3.9757745188567264,-62.86594542497281,-17.822518364592042,FPL
2023-12-13,391.6181452749596,4.406384518836859,-63.404399243470515,-9.99113055032592,FPL
2023-12-14,391.64660127921104,3.5675399871605777,-63.917399021567846,-17.956742244803763,FPL
2023-12-15,391.6750572834625,0.04902210944793817,-64.40506295896564,-21.10101643394472,FPL
2023-12-16,391.7035132877139,-8.05709581479769,-64.86752435316805,-9.197893119748187,FPL
2023-12-17,391.73196929196536,-7.0953986121141615,-65.30493123147102,-5.236639448380117,FPL
2023-12-18,391.7604252962168,3.1551490434084095,-65.71744596998448,-28.057128369640736,FPL
2023-12-19,391.78888130046823,3.9757745188567264,-66.10524490020113,-16.024410919123852,FPL
2023-12-20,391.8173373047197,4.406384518836859,-66.4685179036362,-11.709203919920355,FPL
2023-12-21,391.8457933089711,3.5675399871605777,-66.80746799507668,-18.104865301055042,FPL
2023-12-22,391.87424931322255,0.04902210944793817,-67.12231089498992,-22.05796052768062,FPL
2023-12-23,391.902705317474,-8.05709581479769,-67.41327459165288,-17.799334911023436,FPL
2023-12-24,391.9311613217254,-7.0953986121141615,-67.680598893575,-14.874163816036287,FPL
2023-12-25,391.95961732597686,3.1551490434084095,-67.92453497279587,-23.88723139658947,FPL
2023-12-26,391.9880733302283,3.9757745188567264,-68.14534489965087,-5.0185029494342075,FPL
2023-12-27,392.01652933447974,4.406384518836859,-68.34330116960366,-18.119612683712944,FPL
2023-12-28,392.0449853387312,3.5675399871605777,-68.51868622275497,-27.529839103136794,FPL
2023-12-29,392.0734413429826,0.04902210944793817,-68.67179195664217,-18.044671495788407,FPL
2023-12-30,392.1018973472341,-8.05709581479769,-68.80291923295233,-4.384882299484104,FPL
2023-12-31,392.13035335148555,-7.0953986121141615,-68.91237737877589,-3.2855773605954823,FPL
2024-01-01,392.158809355737,3.1551490434084095,-69.01921193317557,-27.535746465969794,FPL
2024-01-02,392.18726535998843,3.9757745188567264,-69.08108593018423,-17.27395394866096,FPL
2024-01-03,392.21572136423987,4.406384518836859,-69.12234846039,-1.5377574226867523,FPL
2024-01-04,392.2441773684913,3.5675399871605777,-69.14333916457399,-12.579378191077865,FPL
2024-01-05,392.27263337274275,0.04902210944793817,-69.14440346616873,-4.215252016021964,FPL
2024-01-06,392.3010893769942,-8.05709581479769,-69.12589205285488,-9.491101509341604,FPL
2024-01-07,392.3295453812456,-7.0953986121141615,-69.08816035734856,-19.08298641178294,FPL
2024-01-08,392.35800138549706,3.1551490434084095,-69.03156803802453,-6.8565823908809875,FPL
2024-01-09,392.3864573897485,3.9757745188567264,-68.95647846001947,-1.746753448585764,FPL
2024-01-10,392.41491339399994,4.406384518836859,-68.86325817745652,-16.659039735380304,FPL
2024-01-11,392.4433693982514,3.5675399871605777,-68.7522764174305,-9.061632967981438,FPL
2024-01-12,392.4718254025028,0.04902210944793817,-68.62390456638852,12.058057054437711,FPL
2024-01-13,392.50028140675425,-8.05709581479769,-68.47851565953647,12.461330067579809,FPL
2024-01-14,392.5287374110057,-7.0953986121141615,-68.31648387389694,4.951145075005343,FPL
2024-01-15,392.5571934152572,3.1551490434084095,-68.13818402563808,11.224841566972486,FPL
2024-01-16,392.5856494195086,3.9757745188567264,-67.9439910722855,25.629567133920148,FPL
2024-01-17,392.61410542376007,4.406384518836859,-67.73427962042292,21.85978967782603,FPL
2024-01-18,392.6425614280115,3.5675399871605777,-67.50942343947862,26.591322024306578,FPL
2024-01-19,392.67101743226294,0.04902210944793817,-67.26979498218518,-8.281244559525703,FPL
2024-01-20,392.6994734365144,-8.05709581479769,-67.01576491229197,7.606387290575242,FPL
2024-01-21,392.7279294407658,-7.0953986121141615,-66.74770164009813,52.330170811446465,FPL
2024-01-22,392.75638544501726,3.1551490434084095,-66.46597086636336,1.9564363779376777,FPL
2024-01-23,392.7848414492687,3.9757745188567264,-66.17093513514271,-16.366680832982695,FPL
2024-01-24,392.81329745352014,4.406384518836859,-65.8629533960784,-1.6707285762785773,FPL
2024-01-25,392.8417534577716,3.5675399871605777,-65.5423805766695,6.103087131737368,FPL
2024-01-26,392.870209462023,0.04902210944793817,-65.20956716502663,7.9713355935556365,FPL
2024-01-27,392.89866546627445,-8.05709581479769,-64.86485880360445,18.708289152127634,FPL
2024-01-28,392.9271214705259,-7.0953986121141615,-64.50859589439055,1.2158730359788024,FPL
2024-01-29,392.95557747477733,3.1551490434084095,-64.14111321601361,-35.59361330217217,FPL
2024-01-30,392.98403347902877,3.9757745188567264,-63.76273955321798,-23.812068444667545,FPL
2024-01-31,393.0124894832802,4.406384518836859,-63.37379733913612,-13.814076662980938,FPL
2024-02-01,393.04094548753164,3.5675399871605777,-62.974602310772234,-31.47188316392004,FPL
2024-02-02,393.0694014917831,0.04902210944793817,-62.565463178094674,-34.98396042313635,FPL
2024-02-03,393.0978574960345,-8.05709581479769,-62.1466813071155,-31.16208037412133,FPL
2024-02-04,393.12631350028596,-7.0953986121141615,-61.71855041731826,-36.97836447085359,FPL
2024-02-05,393.15476950453746,3.1551490434084095,-61.28135629377606,-36.92956225416975,FPL
2024-02-06,393.1832255087889,3.9757745188567264,-60.83537651428284,-33.08962351336277,FPL
2024-02-07,393.21168151304033,4.406384518836859,-60.380880191801715,-27.5441858400755,FPL
2024-02-08,393.24013751729177,3.5675399871605777,-59.91812773251384,-32.82054977193843,FPL
2024-02-09,393.2685935215432,0.04902210944793817,-59.447370609731905,-36.40024502125925,FPL
2024-02-10,393.29704952579465,-8.05709581479769,-58.96885115392136,-27.273102557075674,FPL
2024-02-11,393.3255055300461,-7.0953986121141615,-58.4828023590518,-7.410304558880171,FPL
2024-02-12,393.3539615342975,3.1551490434084095,-57.98944770548054,5.123337127774562,FPL
2024-02-13,393.38241753854896,3.9757745188567264,-57.48900099954838,-18.15519105785728,FPL
2024-02-14,393.4108735428004,4.406384518836859,-56.98166623004691,-31.948591831590363,FPL
2024-02-15,393.43932954705184,3.5675399871605777,-56.46763744169475,-28.27223209251764,FPL
2024-02-16,393.4677855513033,0.04902210944793817,-55.94709862573835,-20.94570903501284,FPL
2024-02-17,393.4962415555547,-8.05709581479769,-55.4202236277714,-9.290922112985697,FPL
2024-02-18,393.52469755980616,-7.0953986121141615,-54.88717607284475,-15.605122874847268,FPL
2024-02-19,393.5531535640576,3.1551490434084095,-54.348109307916694,-30.78119329954933,FPL
2024-02-20,393.58160956830903,3.9757745188567264,-53.80316636167149,-24.85721772549431,FPL
2024-02-21,393.61006557256053,4.406384518836859,-53.25247992171185,-30.916970169685555,FPL
2024-02-22,393.63852157681197,3.5675399871605777,-52.69617232910914,-34.45788923486333,FPL
2024-02-23,393.6669775810634,0.04902210944793817,-52.13435559027265,-37.9346441002387,FPL
2024-02-24,393.69543358531485,-8.05709581479769,-51.567131406077806,-48.36620636443939,FPL
2024-02-25,393.7238895895663,-7.0953986121141615,-50.994591218170825,-50.352899759281286,FPL
2024-02-26,393.7523455938177,3.1551490434084095,-50.41681627234566,-45.79767836488048,FPL
2024-02-27,393.78080159806916,3.9757745188567264,-49.833877698867624,-46.360698418058234,FPL
2024-02-28,393.8092576023206,4.406384518836859,-49.24583660959618,-29.028805511561302,FPL
2024-02-29,393.83771360657204,3.5675399871605777,-48.652744211738494,-21.533509381994122,FPL
2024-03-01,393.8661696108235,0.04902210944793817,-48.054641938043844,-13.698549782227587,FPL
2024-03-02,393.8946256150749,-8.05709581479769,-47.451561593228575,-14.919968207048669,FPL
2024-03-03,393.92308161932635,-7.0953986121141615,-46.843525516400135,-14.353157490812123,FPL
2024-03-04,393.9515376235778,3.1551490434084095,-46.23054675922912,-13.436139907757081,FPL
2024-03-05,393.97999362782923,3.9757745188567264,-45.61262927959759,-1.3491388670883566,FPL
2024-03-06,394.00844963208067,4.406384518836859,-44.98976815043271,-19.98006600048484,FPL
2024-03-07,394.0369056363321,3.5675399871605777,-44.36194978341539,-16.763495840077326,FPL
2024-03-08,394.06536164058355,0.04902210944793817,-43.72915216723463,17.773768417203087,FPL
2024-03-09,394.093817644835,-8.05709581479769,-43.09134512003985,19.415623290002486,FPL
2024-03-10,394.1222736490864,-7.0953986121141615,-42.44849055572532,-5.858384481246958,FPL
2024-03-11,394.15072965333786,3.1551490434084095,-41.80054276366353,-36.99733593308281,FPL
2024-03-12,394.1791856575893,3.9757745188567264,-41.147448701486695,-33.7365114749594,FPL
2024-03-13,394.2076416618408,4.406384518836859,-40.48914830049945,-23.04087788017813,FPL
2024-03-14,394.23609766609223,3.5675399871605777,-39.82557478328928,-5.671062869963521,FPL
2024-03-15,394.2645536703437,0.04902210944793817,-39.156654993086036,5.919079213294424,FPL
2024-03-16,394.2930096745951,-8.05709581479769,-38.482309734406414,12.99139587460894,FPL
2024-03-17,394.32146567884655,-7.0953986121141615,-37.802454124505196,23.84638705777286,FPL
2024-03-18,394.349921683098,3.1551490434084095,-37.116997955140974,26.25792722863457,FPL
2024-03-19,394.3783776873494,3.9757745188567264,-36.42584606415079,-37.198306142055344,FPL
2024-03-20,394.40683369160087,4.406384518836859,-35.72889871631568,-53.54431949412202,FPL
2024-03-21,394.4352896958523,3.5675399871605777,-35.026051992986815,-41.65277769002603,FPL
2024-03-22,394.46374570010374,0.04902210944793817,-34.3171981899309,-56.23556961962083,FPL
2024-03-23,394.4922017043552,-8.05709581479769,-33.60222622284235,-49.10587966671517,FPL
2024-03-24,394.5206577086066,-7.0953986121141615,-32.88102203996036,-53.20423705653212,FPL
2024-03-25,394.54911371285806,3.1551490434084095,-32.15346904121897,-37.626793715047484,FPL
2024-03-26,394.5775697171095,3.9757745188567264,-31.41944850335019,-17.655895732616045,FPL
2024-03-27,394.60602572136094,4.406384518836859,-30.678840010351973,-3.206570229845795,FPL
2024-03-28,394.63448172561243,3.5675399871605777,-29.93152188872571,-7.085499824047247,FPL
2024-03-29,394.66293772986387,0.04902210944793817,-29.177371646881642,-49.719588192430194,FPL
2024-03-30,394.6913937341153,-8.05709581479769,-28.416266418104563,-49.02203150121301,FPL
2024-03-31,394.71984973836675,-7.0953986121141615,-27.648083406467304,-44.08936771978523,FPL
2024-04-01,394.7483057426182,3.1551490434084095,-26.872700335075567,-25.222754450951015,FPL
2024-04-02,394.7767617468696,3.9757745188567264,-26.089995896023627,0.7214596302973177,FPL
2024-04-03,394.80521775112106,4.406384518836859,-25.299850201438296,17.226247931480373,FPL
2024-04-04,394.8336737553725,3.5675399871605777,-24.50214523498606,-37.69306850754697,FPL
2024-04-05,394.86212975962394,0.04902210944793817,-23.696765303217575,-57.52038656585427,FPL
2024-04-06,394.8905857638754,-8.05709581479769,-22.883597486123044,-55.22389246295472,FPL
2024-04-07,394.9190417681268,-7.0953986121141615,-22.062532086272356,-51.585111069740265,FPL
2024-04-08,394.94749777237826,3.1551490434084095,-21.233463075915033,-52.59318373987162,FPL
2024-04-09,394.9759537766297,3.9757745188567264,-20.39628854141709,-36.60743975406933,FPL
2024-04-10,395.00440978088113,4.406384518836859,-19.550911124414075,-8.149883175303955,FPL
2024-04-11,395.03286578513257,3.5675399871605777,-18.69723845906362,15.881832686770508,FPL
2024-04-12,395.061321789384,0.04902210944793817,-17.835183604784568,-26.076160294047384,FPL
2024-04-13,395.08977779363545,-8.05709581479769,-16.964665473874714,-52.50201650496314,FPL
2024-04-14,395.1182337978869,-7.0953986121141615,-16.08560925340515,-50.35622593236758,FPL
2024-04-15,395.1466898021383,3.1551490434084095,-15.197946820795114,-36.67189202475163,FPL
2024-04-16,395.17514580638976,3.9757745188567264,-14.301617152479047,-25.27330317276744,FPL
2024-04-17,395.2036018106412,4.406384518836859,-13.396566725084913,-13.452419604393128,FPL
2024-04-18,395.2320578148927,3.5675399871605777,-12.482749908551579,-1.8058478935016637,FPL
2024-04-19,395.2605138191441,0.04902210944793817,-11.560129350622528,16.244593422030505,FPL
2024-04-20,395.2889698233956,-8.05709581479769,-10.62867635216297,23.393802343565085,FPL
2024-04-21,395.317425827647,-7.0953986121141615,-9.688371232757934,18.06134401722511,FPL
2024-04-22,395.34588183189845,3.1551490434084095,-8.739203686061042,-26.797827189245822,FPL
2024-04-23,395.3743378361499,3.9757745188567264,-7.781173124374444,-56.24793923063214,FPL
2024-04-24,395.40279384040133,4.406384518836859,-6.814289011954283,-51.935889347283876,FPL
2024-04-25,395.43124984465277,3.5675399871605777,-5.838571186548446,-35.26021864526484,FPL
2024-04-26,395.4597058489042,0.04902210944793817,-4.854050168687614,-24.833677789664478,FPL
2024-04-27,395.48816185315565,-8.05709581479769,-3.8607674582652898,-26.02329858009267,FPL
2024-04-28,395.5166178574071,-7.0953986121141615,-2.858775817957003,-30.238443427335937,FPL
2024-04-29,395.5450738616585,3.1551490434084095,-1.8481395430450291,-24.362083362021906,FPL
2024-04-30,395.57352986590996,3.9757745188567264,-0.8289347172310642,-14.140369667535651,FPL
2024-05-01,395.6019858701614,4.406384518836859,0.19875054596447939,-0.5101209349627993,FPL
2024-05-02,395.63044187441284,3.5675399871605777,1.2348158766001944,11.19120226182639,FPL
2024-05-03,395.6588978786643,0.04902210944793817,2.2791484368742516,14.231931575013505,FPL
2024-05-04,395.6873538829157,-8.05709581479769,3.3316227251963326,14.296119206685546,FPL
2024-05-05,395.71580988716715,-7.0953986121141615,4.392100396099778,14.528488328847232,FPL
2024-05-06,395.74426589141865,3.1551490434084095,5.460430096304947,19.960154968867982,FPL
2024-05-07,395.7727218956701,3.9757745188567264,6.536447317223988,30.291056268249292,FPL
2024-05-08,395.8011778999215,4.406384518836859,7.619974264179184,47.14046331706248,FPL
2024-05-09,395.82963390417297,3.5675399871605777,8.71081974258513,57.09800636608139,FPL
2024-05-10,395.8580899084244,0.04902210944793817,9.808779061326021,53.516108920801685,FPL
2024-05-11,395.88654591267584,-8.05709581479769,10.913633953537463,59.380915948584345,FPL
2024-05-12,395.9150019169273,-7.0953986121141615,12.025152514982238,20.91324418020463,FPL
2024-05-13,395.9434579211787,3.1551490434084095,13.14308916018728,35.82330387522563,FPL
2024-05-14,395.97191392543016,3.9757745188567264,14.267184596487901,69.1571269592252,FPL
2024-05-15,396.0003699296816,4.406384518836859,15.39716581610407,61.72407973537747,FPL
2024-05-16,396.02882593393304,3.5675399871605777,16.53274610635087,55.75088797255546,FPL
2024-05-17,396.0572819381845,0.04902210944793817,17.67362507806395,61.75207087430357,FPL
2024-05-18,396.0857379424359,-8.05709581479769,18.819488712298185,77.14086916006352,FPL
2024-05-19,396.11419394668735,-7.0953986121141615,19.97000942533572,65.75819524009108,FPL
2024-05-20,396.1426499509388,3.1551490434084095,21.124846152017096,44.39135485363573,FPL
2024-05-21,396.1711059551902,3.9757745188567264,22.283644447386976,22.23847507856607,FPL
2024-05-22,396.19956195944167,4.406384518836859,23.44603660662365,30.677016915097795,FPL
2024-05-23,396.2280179636931,3.5675399871605777,24.61164180319894,37.57980024594741,FPL
2024-05-24,396.25647396794454,0.04902210944793817,25.780066245192636,44.80943767741485,FPL
2024-05-25,396.284929972196,-8.05709581479769,26.950903349664095,55.377262492937575,FPL
2024-05-26,396.3133859764475,-7.0953986121141615,28.123733934960377,59.116278700706346,FPL
2024-05-27,396.3418419806989,3.1551490434084095,29.298126430819302,68.6048825450734,FPL
2024-05-28,396.37029798495035,3.9757745188567264,30.47363710610309,72.82029039008984,FPL
2024-05-29,396.3987539892018,4.406384518836859,31.649810313976865,64.98705117798454,FPL
2024-05-30,396.42720999345323,3.5675399871605777,32.826178754324694,45.38407126506155,FPL
2024-05-31,396.45566599770467,0.04902210944793817,34.00226375317459,36.59404813967279,FPL
2024-06-01,396.4841220019561,-8.05709581479769,35.1775755588827,12.171398253958898,FPL
2024-06-02,396.51257800620755,-7.0953986121141615,36.35161365480591,-3.6507930488992884,FPL
2024-06-03,396.541034010459,3.1551490434084095,37.52386708817233,3.594949857960273,FPL
2024-06-04,396.5694900147104,3.9757745188567264,38.693814814837765,19.515920651595025,FPL
2024-06-05,396.59794601896186,4.406384518836859,39.860926059597375,46.54674340260385,FPL
2024-06-06,396.6264020232133,3.5675399871605777,41.024660691702195,70.09639729792389,FPL
2024-06-07,396.65485802746474,0.04902210944793817,42.184469615210176,50.08765024787715,FPL
2024-06-08,396.6833140317162,-8.05709581479769,43.33979517378415,34.268986609297315,FPL
2024-06-09,396.7117700359676,-7.0953986121141615,44.490071569529505,51.704557006616994,FPL
2024-06-10,396.74022604021906,3.1551490434084095,45.63472529544768,54.49989962092474,FPL
2024-06-11,396.76868204447055,3.9757745188567264,46.77317558106338,-20.085632144390615,FPL
2024-06-12,396.797138048722,4.406384518836859,47.90483485076777,-40.33835741832661,FPL
2024-06-13,396.82559405297343,3.5675399871605777,49.029109194402004,-30.465243234535933,FPL
2024-06-14,396.85405005722487,0.04902210944793817,50.1453988495916,-5.754471016264404,FPL
2024-06-15,396.8825060614763,-8.05709581479769,51.25309869532512,-12.430508942003655,FPL
2024-06-16,396.91096206572774,-7.0953986121141615,52.35159875625813,14.190837790128285,FPL
2024-06-17,396.9394180699792,3.1551490434084095,53.44028471720691,22.93714816940542,FPL
2024-06-18,396.9678740742306,3.9757745188567264,54.51853844728564,18.209812959627016,FPL
2024-06-19,396.99633007848206,4.406384518836859,55.585738533125735,16.045546869555324,FPL
2024-06-20,397.0247860827335,3.5675399871605777,56.64126082060557,13.496413109500395,FPL
2024-06-21,397.05324208698494,0.04902210944793817,57.684478964506546,28.004256839060588,FPL
2024-06-22,397.0816980912364,-8.05709581479769,58.7147649855009,5.391632738060366,FPL
2024-06-23,397.1101540954878,-7.0953986121141615,59.73148983386649,-7.988245317240171,FPL
2024-06-24,397.13861009973925,3.1551490434084095,60.734023959314676,2.7842168975377035,FPL
2024-06-25,397.1670661039907,3.9757745188567264,61.72173788630825,9.219421490844354,FPL
2024-06-26,397.19552210824213,4.406384518836859,62.69400279423915,10.77709057868185,FPL
2024-06-27,397.22397811249357,3.5675399871605777,63.65019110182762,30.17529079851829,FPL
2024-06-28,397.252434116745,0.04902210944793817,64.58967705509897,24.32886671870807,FPL
2024-06-29,397.28089012099645,-8.05709581479769,65.51183731828704,22.82736837551414,FPL
2024-06-30,397.3093461252479,-7.0953986121141615,66.41605156701014,-25.3259990801439,FPL
2024-07-01,397.3378021294993,3.1551490434084095,67.30170308305965,-4.693654255967431,FPL
2024-07-02,397.3662581337508,3.9757745188567264,68.16817935013879,26.929787997253698,FPL
2024-07-03,397.39471413800226,4.406384518836859,69.01487264988596,40.33802869327491,FPL
2024-07-04,397.4231701422537,3.5675399871605777,69.84118065751579,39.583109213069974,FPL
2024-07-05,397.45162614650513,0.04902210944793817,70.64650703640869,36.42784470763826,FPL
2024-07-06,397.4800821507566,-8.05709581479769,71.43026203098125,27.300751633059804,FPL
2024-07-07,397.508538155008,-7.0953986121141615,72.19186305716839,44.09799739993775,FPL
2024-07-08,397.53699415925945,3.1551490434084095,72.93073528985016,56.06212150748189,FPL
2024-07-09,397.5654501635109,3.9757745188567264,73.64631224655913,33.65346307107325,FPL
2024-07-10,397.5939061677623,4.406384518836859,74.33803636680462,8.005672946596235,FPL
2024-07-11,397.62236217201377,3.5675399871605777,75.00535958635646,-35.78426174553084,FPL
2024-07-12,397.6508181762652,0.04902210944793817,75.64774390583293,-15.2035841915461,FPL
2024-07-13,397.67927418051664,-8.05709581479769,76.2646619529442,6.777159681336798,FPL
2024-07-14,397.7077301847681,-7.0953986121141615,76.85559753774749,24.26807088959856,FPL
2024-07-15,397.7361861890195,3.1551490434084095,77.42004620027754,23.405618567294482,FPL
2024-07-16,397.76464219327096,3.9757745188567264,77.95751574992238,24.131067537949946,FPL
2024-07-17,397.7930981975224,4.406384518836859,78.46752679592382,22.663990487716887,FPL
2024-07-18,397.8215542017739,3.5675399871605777,78.94961326838971,23.973292542675892,FPL
2024-07-19,397.85001020602533,0.04902210944793817,79.40332292921485,26.648644755311864,FPL
2024-07-20,397.87846621027677,-8.05709581479769,79.8282178723185,32.88341173220243,FPL
2024-07-21,397.9069222145282,-7.0953986121141615,80.22387501261636,32.22660138496963,FPL
2024-07-22,397.93537821877965,3.1551490434084095,80.58988656315671,-15.415413825344785,FPL
2024-07-23,397.9638342230311,3.9757745188567264,80.92586049986393,-4.117469241751735,FPL
2024-07-24,397.9922902272825,4.406384518836859,81.23142101334341,24.12190424053722,FPL
2024-07-25,398.02074623153396,3.5675399871605777,81.50620894721763,24.46750483408789,FPL
2024-07-26,398.0492022357854,0.04902210944793817,81.74988222247615,24.948893432290504,FPL
2024-07-27,398.07765824003684,-8.05709581479769,81.96211624733749,17.697321327423367,FPL
2024-07-28,398.1061142442883,-7.0953986121141615,82.14260431213634,10.952680055689598,FPL
2024-07-29,398.1345702485397,3.1551490434084095,82.29105796876563,-9.850777260713755,FPL
2024-07-30,398.16302625279116,3.9757745188567264,82.40720739421948,-15.816008165867288,FPL
2024-07-31,398.1914822570426,4.406384518836859,82.49080173779994,16.68933148632061,FPL
2024-08-01,398.21993826129403,3.5675399871605777,82.54160945156887,36.36091229997663,FPL
2024-08-02,398.24839426554547,0.04902210944793817,82.55941860364332,30.432165021363176,FPL
2024-08-03,398.2768502697969,-8.05709581479769,82.54403717395242,-10.683791628951724,FPL
2024-08-04,398.30530627404835,-7.0953986121141615,82.49529333209222,-29.633200994026424,FPL
2024-08-05,398.3337622782998,3.1551490434084095,82.41303569693476,-14.987947018643013,FPL
2024-08-06,398.3622182825512,3.9757745188567264,82.29713357766738,14.575873620924654,FPL
2024-08-07,398.3906742868027,4.406384518836859,82.14747719595867,35.77546399840185,FPL
2024-08-08,398.41913029105416,3.5675399871605777,81.96397788896829,35.69735183281705,FPL
2024-08-09,398.4475862953056,0.04902210944793817,81.74656829293849,15.349823302307982,FPL
2024-08-10,398.47604229955704,-8.05709581479769,81.49520250712708,24.18585100811356,FPL
2024-08-11,398.5044983038085,-7.0953986121141615,81.20985623786258,31.52804407044306,FPL
2024-08-12,398.5329543080599,3.1551490434084095,80.89052692252488,29.82636972600676,FPL
2024-08-13,398.56141031231135,3.9757745188567264,80.5372338332759,45.74458133555595,FPL
2024-08-14,398.5898663165628,4.406384518836859,80.15001816038854,51.19173100421176,FPL
2024-08-15,398.61832232081423,3.5675399871605777,79.72894307504288,23.76919461698236,FPL
2024-08-16,398.64677832506567,0.04902210944793817,79.27409377148325,-9.516894205996834,FPL
2024-08-17,398.6752343293171,-8.05709581479769,78.78557748845094,-2.993716002970359,FPL
2024-08-18,398.70369033356855,-7.0953986121141615,78.26352350983144,0.18218476871413714,FPL
2024-08-19,398.73214633782,3.1551490434084095,77.70808314447751,8.90462147429406,FPL
2024-08-20,398.7606023420714,3.9757745188567264,77.11942968519266,14.776193453879216,FPL
2024-08-21,398.78905834632286,4.406384518836859,76.49775834688278,-14.252201212042507,FPL
2024-08-22,398.8175143505743,3.5675399871605777,75.8432861839068,-49.12134052164157,FPL
2024-08-23,398.8459703548258,0.04902210944793817,75.15625198668002,-32.49724445095376,FPL
2024-08-24,398.87442635907723,-8.05709581479769,74.4369161576074,-32.14824670188693,FPL
2024-08-25,398.9028823633287,-7.0953986121141615,73.68556056644654,-16.422044317660948,FPL
2024-08-26,398.9313383675801,3.1551490434084095,72.90248838522297,7.310024203788544,FPL
2024-08-27,398.95979437183155,3.9757745188567264,72.08802390284386,29.0394072064679,FPL
2024-08-28,398.988250376083,4.406384518836859,71.24251231957754,2.194852785502576,FPL
2024-08-29,399.0167063803344,3.5675399871605777,70.36631952158967,-34.54656588908466,FPL
2024-08-30,399.04516238458586,0.04902210944793817,69.45983183574889,-15.517016329782734,FPL
2024-08-31,399.0736183888373,-8.05709581479769,68.52345576493595,-16.613978338975528,FPL
2024-09-01,399.10207439308874,-7.0953986121141615,67.55761770411371,-36.67629348508831,FPL
2024-09-02,399.1305303973402,3.1551490434084095,66.56276363743417,-26.240443078182807,FPL
2024-09-03,399.1589864015916,3.9757745188567264,65.53935881668309,-8.02211973713139,FPL
2024-09-04,399.18744240584306,4.406384518836859,64.48788742138018,2.880285653939893,FPL
2024-09-05,399.2158984100945,3.5675399871605777,63.40885220087551,15.03470940186935,FPL
2024-09-06,399.24435441434593,0.04902210944793817,62.302774098802466,19.45884937740368,FPL
2024-09-07,399.2728104185974,-8.05709581479769,61.1701918602658,25.815093535934466,FPL
2024-09-08,399.3012664228488,-7.0953986121141615,60.011661622164404,29.086470567100946,FPL
2024-09-09,399.32972242710025,3.1551490434084095,58.82775648706532,26.637372042425966,FPL
2024-09-10,399.3581784313517,3.9757745188567264,57.619066081065995,-9.431019031274445,FPL
2024-09-11,399.3866344356031,4.406384518836859,56.386196096096626,-5.861215050536657,FPL
2024-09-12,399.41509043985457,3.5675399871605777,55.12976781713423,12.45360175585057,FPL
2024-09-13,399.44354644410606,0.04902210944793817,53.85041763481582,30.355013811630158,FPL
2024-09-14,399.47200244835744,-8.05709581479769,52.54879654395365,19.253296822486504,FPL
2024-09-15,399.50045845260894,-7.0953986121141615,51.2255696284716,2.1873705310335936,FPL
2024-09-16,399.5289144568604,3.1551490434084095,49.88141553329777,4.300520966433396,FPL
2024-09-17,399.5573704611118,3.9757745188567264,48.51702592375975,7.995829096271734,FPL
2024-09-18,399.58582646536325,4.406384518836859,47.13310493304705,15.5636840827529,FPL
2024-09-19,399.6142824696147,3.5675399871605777,45.73036859831364,0.6428089449111098,FPL
2024-09-20,399.64273847386613,0.04902210944793817,44.30954428600995,26.489695130675955,FPL
2024-09-21,399.67119447811757,-8.05709581479769,42.87137010704296,14.766531229637167,FPL
2024-09-22,399.699650482369,-7.0953986121141615,41.41659432237475,20.964153807370394,FPL
2024-09-23,399.72810648662045,3.1551490434084095,39.94597473968148,35.71976973028961,FPL
2024-09-24,399.7565624908719,3.9757745188567264,38.46027810170193,45.68438488856941,FPL
2024-09-25,399.7850184951233,4.406384518836859,36.96027946691576,18.33131751912407,FPL
2024-09-26,399.81347449937476,3.5675399871605777,35.44676158320008,19.886223930264578,FPL
2024-09-27,399.8419305036262,0.04902210944793817,33.920514255117595,29.97753313180823,FPL
2024-09-28,399.87038650787764,-8.05709581479769,32.38233370550052,38.21737560141946,FPL
2024-09-29,399.8988425121291,-7.0953986121141615,30.8330219319962,57.48653416798885,FPL
2024-09-30,399.9272985163806,3.1551490434084095,29.273386059248875,59.767166380962124,FPL
2024-10-01,399.955754520632,3.9757745188567264,27.704237687394638,74.80023327311665,FPL
2024-10-02,399.98421052488345,4.406384518836859,26.12639223755044,52.51701271872929,FPL
2024-10-03,400.0126665291349,3.5675399871605777,24.540668294982446,50.42512518872212,FPL
2024-10-04,400.04112253338633,0.04902210944793817,22.94788695063837,34.834968406527366,FPL
2024-10-05,400.06957853763777,-8.05709581479769,21.34887114173211,13.482646135427842,FPL
2024-10-06,400.0980345418892,-7.0953986121141615,19.744444992069294,-26.507080921844363,FPL
2024-10-07,400.12649054614064,3.1551490434084095,18.135433152799738,-37.430072742348784,FPL
2024-10-08,400.1549465503921,3.9757745188567264,16.52266014428578,-31.24438121353461,FPL
2024-10-09,400.1834025546435,4.406384518836859,14.906949699769287,-17.554736773249658,FPL
2024-10-10,400.21185855889496,3.5675399871605777,13.289124111521021,-80.4495226575765,FPL
2024-10-11,400.2403145631464,0.04902210944793817,11.670003580150544,-76.50734025274488,FPL
2024-10-12,400.26877056739784,-8.05709581479769,10.050405567751273,-47.00908032035153,FPL
2024-10-13,400.2972265716493,-7.0953986121141615,8.43114415555154,-24.88897211508663,FPL
2024-10-14,400.3256825759007,3.1551490434084095,6.813029406733595,-0.7848610260427336,FPL
2024-10-15,400.35413858015215,3.9757745188567264,5.196866735080636,-12.5097798340895,FPL
2024-10-16,400.3825945844036,4.406384518836859,3.5834562801002043,-40.329435383340694,FPL
2024-10-17,400.41105058865503,3.5675399871605777,1.9735922892670565,-76.40818286508272,FPL
2024-10-18,400.43950659290647,0.04902210944793817,0.36806250802013096,-66.3725912103746,FPL
2024-10-19,400.4679625971579,-8.05709581479769,-1.2323524218636308,-35.71651436049672,FPL
2024-10-20,400.49641860140935,-7.0953986121141615,-2.826879554903776,-28.248140434391416,FPL
2024-10-21,400.52487460566084,3.1551490434084095,-4.414754224954375,-13.882269424114838,FPL
2024-10-22,400.5533306099123,3.9757745188567264,-5.995220618057029,3.6901154892880754,FPL
2024-10-23,400.5817866141637,4.406384518836859,-7.567532334524973,-0.5456387984755793,FPL
2024-10-24,400.61024261841516,3.5675399871605777,-9.130952939695202,-10.063829665880519,FPL
2024-10-25,400.6386986226666,0.04902210944793817,-10.684756502792201,-5.626964229322368,FPL
2024-10-26,400.66715462691803,-8.05709581479769,-12.228228123366094,-10.992830688754282,FPL
2024-10-27,400.6956106311695,-7.0953986121141615,-13.760664444779756,-22.986547574275562,FPL
2024-10-28,400.7240666354209,3.1551490434084095,-15.281374154234864,-24.52884152459444,FPL
2024-10-29,400.75252263967235,3.9757745188567264,-16.78967846884491,0.04338131031585135,FPL
2024-10-30,400.7809786439238,4.406384518836859,-18.284911607277387,18.149548444516768,FPL
2024-10-31,400.8094346481752,3.5675399871605777,-19.76642124650448,8.34944661116873,FPL
2024-11-01,400.83789065242667,0.04902210944793817,-21.23356896322101,22.985656201346387,FPL
2024-11-02,400.8663466566781,-8.05709581479769,-22.68573065950401,19.72147981762356,FPL
2024-11-03,400.89480266092954,-7.0953986121141615,-24.12229697230844,34.71189292349305,FPL
2024-11-04,400.923258665181,3.1551490434084095,-25.542673666410828,25.92926595782137,FPL
2024-11-05,400.9517146694324,3.9757745188567264,-26.946282010434075,35.86279282214497,FPL
2024-11-06,400.9801706736839,4.406384518836859,-28.332559135604754,60.455003943083966,FPL
2024-11-07,401.00862667793535,3.5675399871605777,-29.700958376914024,61.66279171181816,FPL
2024-11-08,401.0370826821868,0.04902210944793817,-31.050949596375972,49.701844804741256,FPL
2024-11-09,401.06553868643823,-8.05709581479769,-32.38201948809588,39.29057661645527,FPL
2024-11-10,401.09399469068967,-7.0953986121141615,-33.69367186488198,33.214075786306466,FPL
2024-11-11,401.1224506949411,3.1551490434084095,-34.98542792615811,41.982828187808536,FPL
2024-11-12,401.15090669919255,3.9757745188567264,-36.25682650695326,41.067145288904044,FPL
2024-11-13,401.179362703444,4.406384518836859,-37.507424307768176,27.162677085487303,FPL
2024-11-14,401.2078187076954,3.5675399871605777,-38.73679610513955,12.08143741028357,FPL
2024-11-15,401.23627471194686,0.04902210944793817,-39.94453494274668,-4.422761878648089,FPL
2024-11-16,401.2647307161983,-8.05709581479769,-41.130252302926166,-29.69138259847449,FPL
2024-11-17,401.29318672044974,-7.0953986121141615,-42.29357825848288,-20.701209849852773,FPL
2024-11-18,401.3216427247012,3.1551490434084095,-43.43416160471005,-17.58363016339956,FPL
2024-11-19,401.3500987289526,3.9757745188567264,-44.55166997155124,-9.016203276258182,FPL
2024-11-20,401.37855473320406,4.406384518836859,-45.64578991586231,-1.4121493361786293,FPL
2024-11-21,401.4070107374555,3.5675399871605777,-46.71622699375307,-35.89232373086304,FPL
2024-11-22,401.43546674170693,0.04902210944793817,-47.762705813010626,-68.1967830381443,FPL
2024-11-23,401.46392274595837,-8.05709581479769,-48.784970065631086,-64.59385686552957,FPL
2024-11-24,401.4923787502098,-7.0953986121141615,-49.7827825405076,-58.92119759758805,FPL
2024-11-25,401.52083475446125,3.1551490434084095,-50.75592511634454,-48.693058681525144,FPL
2024-11-26,401.5492907587127,3.9757745188567264,-51.704198734894184,-33.92586654267524,FPL
2024-11-27,401.5777467629642,4.406384518836859,-52.62742335462799,-30.053707927173036,FPL
2024-11-28,401.6062027672156,3.5675399871605777,-53.52543788498471,-24.485304869391484,FPL
2024-11-29,401.63465877146706,0.04902210944793817,-54.398100101352924,-28.333580779562055,FPL
2024-11-30,401.6631147757185,-8.05709581479769,-55.245286540971,-33.968732419949845,FPL
2024-12-01,401.69157077996994,-7.0953986121141615,-56.06689237994907,-36.36527978790667,FPL
2024-12-02,401.7200267842214,3.1551490434084095,-56.86283129163665,-37.20334453599315,FPL
2024-12-03,401.7484827884728,3.9757745188567264,-57.6330352865841,-25.492222020745487,FPL
2024-12-04,401.77693879272425,4.406384518836859,-58.37745453436289,-20.992868777198225,FPL
2024-12-05,401.8053947969757,3.5675399871605777,-59.09605716753393,-32.874877616602305,FPL
2024-12-06,401.83385080122713,0.04902210944793817,-59.78882906806995,-24.510043842605114,FPL
2024-12-07,401.86230680547857,-8.05709581479769,-60.45577363656032,-21.168437354120556,FPL
2024-12-08,401.89076280973,-7.0953986121141615,-61.09691154454373,-28.287452653072137,FPL
2024-12-09,401.91921881398144,3.1551490434084095,-61.71228047033439,-27.140087387055473,FPL
2024-12-10,401.9476748182329,3.9757745188567264,-62.3019348187259,-20.271514518363688,FPL
2024-12-11,401.9761308224843,4.406384518836859,-62.86594542497281,-5.309569916348437,FPL
2024-12-12,402.00458682673576,3.5675399871605777,-63.404399243470515,-23.18672757042583,FPL
2024-12-13,402.03304283098726,0.04902210944793817,-63.917399021567846,-21.17766591886732,FPL
2024-12-14,402.0614988352387,-8.05709581479769,-64.40506295896564,-24.1883400614754,FPL
2024-12-15,402.08995483949013,-7.0953986121141615,-64.86752435316805,-10.347031874207971,FPL
2024-12-16,402.1184108437416,3.1551490434084095,-65.30493123147102,0.4523713443210795,FPL
2024-12-17,402.146866847993,3.9757745188567264,-65.71744596998448,14.734804603134705,FPL
2024-12-18,402.17532285224445,4.406384518836859,-66.10524490020113,15.237537529119777,FPL
2024-12-19,402.2037788564959,3.5675399871605777,-66.4685179036362,5.824199059979776,FPL
2024-12-20,402.2322348607473,0.04902210944793817,-66.80746799507668,-18.010788975118544,FPL
2024-12-21,402.26069086499876,-8.05709581479769,-67.12231089498992,-29.145284155211186,FPL
2024-12-22,402.2891468692502,-7.0953986121141615,-67.41327459165288,-19.637473665483185,FPL
2024-12-23,402.31760287350164,3.1551490434084095,-67.680598893575,-25.180153023335095,FPL
2024-12-24,402.3460588777531,3.9757745188567264,-67.92453497279587,-26.979298423813987,FPL
2024-12-25,402.3745148820045,4.406384518836859,-68.14534489965087,-39.69955450119056,FPL
2024-12-26,402.40297088625596,3.5675399871605777,-68.34330116960366,-20.116209703812785,FPL
2024-12-27,402.4314268905074,0.04902210944793817,-68.51868622275497,-12.47176277720041,FPL
2024-12-28,402.45988289475883,-8.05709581479769,-68.67179195664217,-5.880995123318996,FPL
2024-12-29,402.4883388990103,-7.0953986121141615,-68.80291923295233,-17.75602105394381,FPL
2024-12-30,402.5167949032617,3.1551490434084095,-68.91237737877589,-4.605566567894243,FPL
2024-12-31,402.54525090751315,3.9757745188567264,-69.00048368303325,3.096458256663425,FPL
