period,trend,seasonal_7,seasonal_365,resid,respondent
2019-01-01,1749.1376244509095,47.36433400385684,52.826482696988236,-225.99944115175458,MISO
2019-01-02,1749.147033250276,44.601699377784186,55.92683157807993,-26.733564206140272,MISO
2019-01-03,1749.156442049643,39.84923810660091,58.87747411127993,-35.36715426752335,MISO
2019-01-04,1749.1658508490095,20.8716384130814,61.67397111937679,-48.58946038146746,MISO
2019-01-05,1749.1752596483761,-76.91874331205933,64.31209086115328,-99.55360719747,MISO
2019-01-06,1749.1846684477428,-103.2054474232271,66.78781431277393,-108.68003533728938,MISO
2019-01-07,1749.1940772471096,27.28595708315208,69.09734018992873,-155.5743745201903,MISO
2019-01-08,1749.2034860464762,47.36433400385684,71.23708970471012,-169.4599097550431,MISO
2019-01-09,1749.2128948458428,44.601699377784186,73.20371105151725,-11.736305275144332,MISO
2019-01-10,1749.2223036452096,39.84923810660091,74.99408361660403,55.29537463158567,MISO
2019-01-11,1749.2317124445763,20.8716384130814,76.60532190621636,24.16332723612618,MISO
2019-01-12,1749.2411212439429,-76.91874331205933,78.03477918860085,-27.156157120484295,MISO
2019-01-13,1749.2505300433095,-103.2054474232271,79.28005084550611,11.857866534411642,MISO
2019-01-14,1749.2599388426763,27.28595708315208,80.3389774291463,59.41512664502534,MISO
2019-01-15,1749.269347642043,47.36433400385684,81.2096474209455,38.726670933154764,MISO
2019-01-16,1749.2787564414095,44.601699377784186,81.89039968873783,-10.58685550793166,MISO
2019-01-17,1749.2881652407764,39.84923810660091,82.37982563945788,-47.418228986835175,MISO
2019-01-18,1749.297574040143,20.8716384130814,82.67677106471778,-38.440983517942186,MISO
2019-01-19,1749.3069828395096,-76.91874331205933,82.78033767703404,44.170422795515606,MISO
2019-01-20,1749.3163916388764,-103.2054474232271,82.68988433483547,195.0671714495154,MISO
2019-01-21,1749.325800438243,27.28595708315208,82.40502795475444,191.5942145238505,MISO
2019-01-22,1749.3352092376097,47.36433400385684,81.92564411007642,35.510812648457204,MISO
2019-01-23,1749.3446180369763,44.601699377784186,81.2518673145962,8.643815270643472,MISO
2019-01-24,1749.354026836343,39.84923810660091,80.38409099150496,145.21864406555142,MISO
2019-01-25,1749.3634356357097,20.8716384130814,79.32296712730646,193.37295882390254,MISO
2019-01-26,1749.3728444350763,-76.91874331205933,78.0694056111374,121.10249326584562,MISO
2019-01-27,1749.3822532344432,-103.2054474232271,76.62457326024,94.55062092854428,MISO
2019-01-28,1749.3916620338098,27.28595708315208,74.98989253271114,87.57348835032735,MISO
2019-01-29,1749.4010708331764,47.36433400385684,73.16703992902275,236.55355523394383,MISO
2019-01-30,1749.410479632543,44.601699377784186,71.15794408418112,340.1738769054916,MISO
2019-01-31,1749.4198884319098,39.84923810660091,68.96478355275978,283.5260899087298,MISO
2019-02-01,1749.4292972312765,20.8716384130814,66.5899842894082,77.46008006623424,MISO
2019-02-02,1749.438706030643,-76.91874331205933,64.03621682780052,-45.942179546384295,MISO
2019-02-03,1749.44811483001,-103.2054474232271,61.30639316134795,-144.01806056813075,MISO
2019-02-04,1749.4575236293765,27.28595708315208,58.40366332935578,-140.977144041884,MISO
2019-02-05,1749.4669324287431,47.36433400385684,55.33141171265402,-57.06467814525399,MISO
2019-02-06,1749.4763412281097,44.601699377784186,52.09325304308088,-63.2492936489748,MISO
2019-02-07,1749.4857500274766,39.84923810660091,48.693028131536046,-6.9200162656134125,MISO
2019-02-08,1749.4951588268432,20.8716384130814,45.13479931965927,206.5874034404162,MISO
2019-02-09,1749.5045676262098,-76.91874331205933,41.42284566051772,193.01833002533203,MISO
2019-02-10,1749.5139764255766,-103.2054474232271,37.56165783400919,87.08381316364148,MISO
2019-02-11,1749.5233852249432,27.28595708315208,33.55593280300573,7.378724888899114,MISO
2019-02-12,1749.5327940243099,47.36433400385684,29.410568216570994,-4.743696244737748,MISO
2019-02-13,1749.5422028236765,44.601699377784186,25.130656566885577,53.41544123165386,MISO
2019-02-14,1749.5516116230433,39.84923810660091,20.721479106811643,-26.878328836455694,MISO
2019-02-15,1749.56102042241,20.8716384130814,16.188499535310527,63.61584162919826,MISO
2019-02-16,1749.5704292217765,-76.91874331205933,11.537357458206628,74.0039566320761,MISO
2019-02-17,1749.5798380211434,-103.2054474232271,6.773861632059152,66.97674777002499,MISO
2019-02-18,1749.58924682051,27.28595708315208,1.9039829991612152,100.14581309717664,MISO
2019-02-19,1749.5986556198766,47.36433400385684,-3.0661524780627474,129.0311628543293,MISO
2019-02-20,1749.6080644192432,44.601699377784186,-8.13027117475103,44.72450737772374,MISO
2019-02-21,1749.61747321861,39.84923810660091,-13.28195934465107,37.80324801944039,MISO
2019-02-22,1749.6268820179766,20.8716384130814,-18.514670835556927,32.8251504044988,MISO
2019-02-23,1749.6362908173433,-76.91874331205933,-23.821734969970933,-15.990812535313125,MISO
2019-02-24,1749.64569961671,-103.2054474232271,-29.196364581621665,35.886112388139054,MISO
2019-02-25,1749.6551084160767,27.28595708315208,-34.63166419828471,138.51759869905595,MISO
2019-02-26,1749.6645172154433,47.36433400385684,-40.120638361178095,96.33478714187777,MISO
2019-02-27,1749.6739260148101,44.601699377784186,-45.65620007103729,63.364574678443205,MISO
2019-02-28,1749.6833348141768,39.84923810660091,-51.23117935082498,119.36860643004752,MISO
2019-03-01,1749.6927436135434,20.8716384130814,-56.83833191488936,86.22394988826477,MISO
2019-03-02,1749.70215241291,-76.91874331205933,-62.47034793425541,87.2009388334045,MISO
2019-03-03,1749.7115612122768,-103.2054474232271,-68.11986088761915,188.46274709856948,MISO
2019-03-04,1749.7209700116434,27.28595708315208,-73.77945648750949,370.0015293927138,MISO
2019-03-05,1749.73037881101,47.36433400385684,-79.4416816709914,347.6339688561243,MISO
2019-03-06,1749.7397876103769,44.601699377784186,-85.09905364420597,268.55456665604515,MISO
2019-03-07,1749.7491964097435,39.84923810660091,-90.74406896997684,191.83363445363284,MISO
2019-03-08,1749.75860520911,20.8716384130814,-96.3692126876561,88.54796906546471,MISO
2019-03-09,1749.7680140084767,-76.91874331205933,-101.96696745434967,62.76569675793212,MISO
2019-03-10,1749.7774228078435,-103.2054474232271,-107.5298226966245,-2.3211526879917983,MISO
2019-03-11,1749.7868316072102,27.28595708315208,-113.05028376179442,64.01649507143225,MISO
2019-03-12,1749.7962404065768,47.36433400385684,-118.52088105787443,38.821306647440906,MISO
2019-03-13,1749.8056492059436,44.601699377784186,-123.9341791713053,5.171830587577688,MISO
2019-03-14,1749.8150580053102,39.84923810660091,-129.2827859515768,-0.9335101603339808,MISO
2019-03-15,1749.8244668046768,20.8716384130814,-134.55936155191085,45.98525633415284,MISO
2019-03-16,1749.8338756040434,-76.91874331205933,-139.7566274152198,63.24549512323574,MISO
2019-03-17,1749.8432844034103,-103.2054474232271,-144.86737519461525,61.589538214432196,MISO
2019-03-18,1749.852693202777,27.28595708315208,-149.88447559781827,73.19482531188964,MISO
2019-03-19,1749.8621020021435,47.36433400385684,-154.80088714491137,43.10445113891092,MISO
2019-03-20,1749.8715108015103,44.601699377784186,-159.60966482897155,48.63345464967733,MISO
2019-03-21,1749.880919600877,39.84923810660091,-164.3039686692374,39.73381096175967,MISO
2019-03-22,1749.8903284002436,20.8716384130814,-168.8770721465888,34.96810533326402,MISO
2019-03-23,1749.8997371996102,-76.91874331205933,-173.32237051125315,19.119376623702237,MISO
2019-03-24,1749.909145998977,-103.2054474232271,-177.63338895280523,11.816690377055465,MISO
2019-03-25,1749.9185547983436,27.28595708315208,-181.8037906226839,43.36927874118828,MISO
2019-03-26,1749.9279635977102,47.36433400385684,-185.8273844996259,39.709086898058786,MISO
2019-03-27,1749.937372397077,44.601699377784186,-189.69813308859915,27.82306131373798,MISO
2019-03-28,1749.9467811964437,39.84923810660091,-193.41015994401172,2.2171406409672727,MISO
2019-03-29,1749.9561899958103,20.8716384130814,-196.9577570081832,-1.3550714007083116,MISO
2019-03-30,1749.965598795177,-76.91874331205933,-200.33539175627675,53.63453627315903,MISO
2019-03-31,1749.9750075945437,-103.2054474232271,-203.53771413912216,130.09915396780548,MISO
2019-04-01,1749.9844163939104,27.28595708315208,-206.55956331559457,133.96218983853214,MISO
2019-04-02,1749.993825193277,47.36433400385684,-209.39597416646268,77.88281496932882,MISO
2019-04-03,1750.0032339926438,44.601699377784186,-212.0421835818766,38.94625021144884,MISO
2019-04-04,1750.0126427920104,39.84923810660091,-214.49363651493195,57.57275561632082,MISO
2019-04-05,1750.022051591377,20.8716384130814,-216.74599179402264,39.9723017895642,MISO
2019-04-06,1750.0314603907439,-76.91874331205933,-218.79512768697776,22.75541060829346,MISO
2019-04-07,1750.0408691901105,-103.2054474232271,-220.6371472102715,23.810725443388264,MISO
2019-04-08,1750.050277989477,27.28595708315208,-222.26838317689422,21.82114810426515,MISO
2019-04-09,1750.0596867888437,47.36433400385684,-223.68540297678183,13.243382184081156,MISO
2019-04-10,1750.0690955882105,44.601699377784186,-224.8850130840146,72.18121811802007,MISO
2019-04-11,1750.0785043875771,39.84923810660091,-225.8642632853199,96.62852079114191,MISO
2019-04-12,1750.0879131869438,20.8716384130814,-226.62045062474124,47.64189902471617,MISO
2019-04-13,1750.0973219863106,-76.91874331205933,-227.15112305966986,57.90854438541851,MISO
2019-04-14,1750.1067307856772,-103.2054474232271,-227.4540828237781,79.26579946132802,MISO
2019-04-15,1750.1161395850438,27.28595708315208,-227.52738949273632,72.7572928245404,MISO
2019-04-16,1750.1255483844104,47.36433400385684,-227.36936274894867,28.553480360681306,MISO
2019-04-17,1750.1349571837773,44.601699377784186,-226.978584841896,41.35892828033457,MISO
2019-04-18,1750.1443659831439,39.84923810660091,-226.35390274103486,29.79229865129014,MISO
2019-04-19,1750.1537747825105,20.8716384130814,-225.4944299785637,-20.768983217028335,MISO
2019-04-20,1750.1631835818773,-76.91874331205933,-224.3995481797341,7.02910790991632,MISO
2019-04-21,1750.172592381244,-103.2054474232271,-223.06890827875313,-37.60123667926359,MISO
2019-04-22,1750.1820011806105,27.28595708315208,-221.50243141869413,19.504473154931702,MISO
2019-04-23,1750.1914099799772,47.36433400385684,-219.7003095342078,5.526565550373562,MISO
2019-04-24,1750.200818779344,44.601699377784186,-217.66300561619818,16.935487459070146,MISO
2019-04-25,1750.2102275787106,39.84923810660091,-215.3912536580047,22.54878797269339,MISO
2019-04-26,1750.2196363780772,20.8716384130814,-212.886058283009,1.481783491850365,MISO
2019-04-27,1750.229045177444,-76.91874331205933,-210.148694053958,19.044392188573283,MISO
2019-04-28,1750.2384539768107,-103.2054474232271,-207.18070446467658,13.55569791109292,MISO
2019-04-29,1750.2478627761773,27.28595708315208,-203.98390061521135,64.55108075588214,MISO
2019-04-30,1750.2572715755439,47.36433400385684,-200.56035957182854,70.1457539924279,MISO
2019-05-01,1750.2666803749107,44.601699377784186,-196.9124224136558,70.51904266096108,MISO
2019-05-02,1750.2760891742773,39.84923810660091,-193.04269196813155,51.52136468725348,MISO
2019-05-03,1750.285497973644,20.8716384130814,-188.9540302377911,19.884893851065726,MISO
2019-05-04,1750.2949067730108,-76.91874331205933,-184.64955552128697,-23.946607939664318,MISO
2019-05-05,1750.3043155723774,-103.2054474232271,-180.13263923189842,-22.861228917251537,MISO
2019-05-06,1750.313724371744,27.28595708315208,-175.40690241714668,8.005220962250633,MISO
2019-05-07,1750.3231331711108,47.36433400385684,-170.4762119834822,11.671744808514859,MISO
2019-05-08,1750.3325419704775,44.601699377784186,-165.3446766303644,15.56643528210293,MISO
2019-05-09,1750.341950769844,39.84923810660091,-160.01664249839155,27.016453621946766,MISO
2019-05-10,1750.3513595692107,20.8716384130814,-154.49668853648265,-58.595309445809335,MISO
2019-05-11,1750.3607683685775,-76.91874331205933,-148.78962159344294,-63.61440346307518,MISO
2019-05-12,1750.3701771679441,-103.2054474232271,-142.90047123957078,-70.85025850514603,MISO
2019-05-13,1750.3795859673107,27.28595708315208,-136.8344843242841,-42.395058726178604,MISO
2019-05-14,1750.3889947666776,47.36433400385684,-130.597119276056,-52.41320949447845,MISO
2019-05-15,1750.3984035660442,44.601699377784186,-124.19404015125707,-14.12306279257109,MISO
2019-05-16,1750.4078123654108,39.84923810660091,-117.63111043879498,64.5230599667832,MISO
2019-05-17,1750.4172211647774,20.8716384130814,-110.91438662773557,59.564527049876915,MISO
2019-05-18,1750.4266299641442,-76.91874331205933,-104.050111545367,54.59722489328237,MISO
2019-05-19,1750.4360387635109,-103.2054474232271,-97.04470747344197,-4.651883866841445,MISO
2019-05-20,1750.4454475628775,27.28595708315208,-89.90476905059799,-16.199635595431346,MISO
2019-05-21,1750.4548563622443,47.36433400385684,-82.63705596920474,-18.993134396896266,MISO
2019-05-22,1750.464265161611,44.601699377784186,-75.24848547513568,36.263520935740644,MISO
2019-05-23,1750.4736739609775,39.84923810660091,-67.74612467919148,77.77521261161314,MISO
2019-05-24,1750.4830827603441,20.8716384130814,-60.13718268912788,80.95046151570227,MISO
2019-05-25,1750.492491559711,-76.91874331205933,-52.42900257145527,83.12025432380369,MISO
2019-05-26,1750.5019003590776,-103.2054474232271,-44.62905315237509,23.769600216524623,MISO
2019-05-27,1750.5113091584442,27.28595708315208,-36.74492066741378,-90.05534557418241,MISO
2019-05-28,1750.520717957811,47.36433400385684,-28.784300269490586,67.78224830782301,MISO
2019-05-29,1750.5301267571776,44.601699377784186,-20.75498740532717,39.525161270365516,MISO
2019-05-30,1750.5395355565443,39.84923810660091,-12.664869070263478,13.914095407118339,MISO
2019-05-31,1750.5489443559109,20.8716384130814,-4.5219149516856305,61.95033218269327,MISO
2019-06-01,1750.5583531552777,-76.91874331205933,3.6658315285907292,29.264558628190798,MISO
2019-06-02,1750.5677619546443,-103.2054474232271,11.890262262523436,-23.728576793940647,MISO
2019-06-03,1750.577170754011,27.28595708315208,20.143213584059026,-32.63934142122207,MISO
2019-06-04,1750.5865795533778,47.36433400385684,28.416475466699865,22.58561097606548,MISO
2019-06-05,1750.5959883527444,44.601699377784186,36.70180077967069,58.80751148980107,MISO
2019-06-06,1750.605397152111,39.84923810660091,44.990914591866556,54.710450149421376,MISO
2019-06-07,1750.6148059514776,20.8716384130814,53.275523512708645,84.92903212273245,MISO
2019-06-08,1750.6242147508444,-76.91874331205933,61.54732505898042,9.872203502234697,MISO
2019-06-09,1750.633623550211,-103.2054474232271,69.7980170366973,-17.547193163681186,MISO
2019-06-10,1750.6430323495777,27.28595708315208,78.01930692703175,-66.50829635976152,MISO
2019-06-11,1750.6524411489445,47.36433400385684,86.20292126531875,-155.30769641812003,MISO
2019-06-12,1750.661849948311,44.601699377784186,94.34061500216721,-200.07416432826267,MISO
2019-06-13,1750.6712587476777,39.84923810660091,102.42418083572875,-216.4116776900073,MISO
2019-06-14,1750.6806675470445,20.8716384130814,110.4454585042005,-184.51476446432616,MISO
2019-06-15,1750.6900763464112,-76.91874331205933,118.39634402769141,-138.92967706204286,MISO
2019-06-16,1750.6994851457778,-103.2054474232271,126.26879888863374,-142.26583661118434,MISO
2019-06-17,1750.7088939451444,27.28595708315208,134.0548591400015,-151.4447101682979,MISO
2019-06-18,1750.7183027445112,47.36433400385684,141.74664443066706,-73.73028117903505,MISO
2019-06-19,1750.7277115438778,44.601699377784186,149.33636693734096,-54.94277785900272,MISO
2019-06-20,1750.7371203432444,39.84923810660091,156.81634019263367,-92.99369864247888,MISO
2019-06-21,1750.7465291426113,20.8716384130814,164.17898779890993,-101.03915535460237,MISO
2019-06-22,1750.755937941978,-76.91874331205933,171.41685201773277,-98.31704664765152,MISO
2019-06-23,1750.7653467413445,-103.2054474232271,178.52260222484625,-88.76450154296367,MISO
2019-06-24,1750.774755540711,27.28595708315208,185.48904322079568,-127.7647558446588,MISO
2019-06-25,1750.784164340078,47.36433400385684,192.30912338746046,-89.18662173139546,MISO
2019-06-26,1750.7935731394446,44.601699377784186,198.97594268095023,15.072784801820944,MISO
2019-06-27,1750.8029819388112,39.84923810660091,205.48276045151042,80.18201950307753,MISO
2019-06-28,1750.812390738178,20.8716384130814,211.82300308128185,70.71096776745867,MISO
2019-06-29,1750.8217995375446,-76.91874331205933,217.9902714309787,112.22567234353596,MISO
2019-06-30,1750.8312083369112,-103.2054474232271,223.9783480867655,90.29589099955069,MISO
2019-07-01,1750.8406171362778,27.28595708315208,229.78120439885674,116.62122138171321,MISO
2019-07-02,1750.8500259356447,47.36433400385684,235.39300730360029,140.74663275689818,MISO
2019-07-03,1750.8594347350113,44.601699377784186,240.8081259210652,74.40173996613953,MISO
2019-07-04,1750.868843534378,39.84923810660091,246.0211379204136,-69.71821956139229,MISO
2019-07-05,1750.8782523337447,20.8716384130814,251.02683564561252,45.74627360756176,MISO
2019-07-06,1750.8876611331114,-76.91874331205933,255.82023199432155,41.46585018462656,MISO
2019-07-07,1750.897069932478,-103.2054474232271,260.39656604308254,2.514811447666716,MISO
2019-07-08,1750.9064787318446,27.28595708315208,264.75130841223626,41.25225577276706,MISO
2019-07-09,1750.9158875312114,47.36433400385684,268.88016636429387,90.4816121006379,MISO
2019-07-10,1750.925296330578,44.601699377784186,272.7790886298097,163.03991566182822,MISO
2019-07-11,1750.9347051299446,39.84923810660091,276.44426995511634,90.9497868083381,MISO
2019-07-12,1750.9441139293115,20.8716384130814,279.8721553666146,19.446092290992965,MISO
2019-07-13,1750.953522728678,-76.91874331205933,283.05944414663986,30.06777643674127,MISO
2019-07-14,1750.9629315280447,-103.2054474232271,286.00309351627055,15.638422378911855,MISO
2019-07-15,1750.9723403274115,27.28595708315208,288.70032202078335,61.74538056865367,MISO
2019-07-16,1750.9817491267781,47.36433400385684,291.1486126138137,75.02330425555147,MISO
2019-07-17,1750.9911579261448,44.601699377784186,293.34571543663213,150.64242725943905,MISO
2019-07-18,1751.0005667255114,39.84923810660091,295.2896502893065,189.40654487858092,MISO
2019-07-19,1751.0099755248782,20.8716384130814,296.97870879088157,305.88767727115874,MISO
2019-07-20,1751.0193843242448,-76.91874331205933,298.41145622607394,141.68590276174064,MISO
2019-07-21,1751.0287931236114,-103.2054474232271,299.5867330763484,-10.72907877673265,MISO
2019-07-22,1751.0382019229783,27.28595708315208,300.50365623361233,-148.47181523974245,MISO
2019-07-23,1751.0476107223449,47.36433400385684,301.1616198951397,-209.64756462134164,MISO
2019-07-24,1751.0570195217115,44.601699377784186,301.5602961387095,-165.73201503820474,MISO
2019-07-25,1751.066428321078,39.84923810660091,301.6996351773191,-109.42030160499803,MISO
2019-07-26,1751.075837120445,20.8716384130814,301.57986529321215,-45.90334082673803,MISO
2019-07-27,1751.0852459198115,-76.91874331205933,301.20149245133405,10.410004940913723,MISO
2019-07-28,1751.0946547191782,-103.2054474232271,300.56529959270904,35.729493111339934,MISO
2019-07-29,1751.104063518545,27.28595708315208,299.6723456086053,-16.111366210302094,MISO
2019-07-30,1751.1134723179116,47.36433400385684,298.52396399673285,-109.58877031850125,MISO
2019-07-31,1751.1228811172782,44.601699377784186,297.12176120109064,-133.918341696153,MISO
2019-08-01,1751.1322899166448,39.84923810660091,295.4676146374528,-100.01614266069828,MISO
2019-08-02,1751.1416987160117,20.8716384130814,293.5636704068521,-58.34700753594507,MISO
2019-08-03,1751.1511075153783,-76.91874331205933,291.412340699786,-33.81670490310489,MISO
2019-08-04,1751.1605163147449,-103.2054474232271,289.01630089423423,8.015630214247949,MISO
2019-08-05,1751.1699251141117,27.28595708315208,286.37848635093656,83.96663145179946,MISO
2019-08-06,1751.1793339134783,47.36433400385684,283.50208890973545,57.66924317292978,MISO
2019-08-07,1751.188742712845,44.601699377784186,280.3905530911378,76.29200481823318,MISO
2019-08-08,1751.1981515122116,39.84923810660091,277.04757200759946,22.518038373587842,MISO
2019-08-09,1751.2075603115784,20.8716384130814,273.47708298937437,-21.32328171403401,MISO
2019-08-10,1751.216969110945,-76.91874331205933,269.68326293010574,-48.96648872899118,MISO
2019-08-11,1751.2263779103116,-103.2054474232271,265.6705233576678,-4.243453844752366,MISO
2019-08-12,1751.2357867096785,27.28595708315208,261.4435052360872,117.74875097108225,MISO
2019-08-13,1751.245195509045,47.36433400385684,257.0070735046896,99.76339698240872,MISO
2019-08-14,1751.2546043084117,44.601699377784186,252.366311360924,-8.66361504711972,MISO
2019-08-15,1751.2640131077783,39.84923810660091,247.5265142936227,-44.028765508001925,MISO
2019-08-16,1751.2734219071451,20.8716384130814,242.49318387374024,-13.154244193966633,MISO
2019-08-17,1751.2828307065117,-76.91874331205933,237.2720213099068,25.33289129564082,MISO
2019-08-18,1751.2922395058783,-103.2054474232271,231.86892077640027,34.14528714094854,MISO
2019-08-19,1751.3016483052452,27.28595708315208,226.2899625214161,99.61043209018658,MISO
2019-08-20,1751.3110571046118,47.36433400385684,220.54140576376008,91.99020312777111,MISO
2019-08-21,1751.3204659039784,44.601699377784186,214.62968138635102,55.8461533318864,MISO
2019-08-22,1751.3298747033452,39.84923810660091,208.56138443514615,-42.05949724509219,MISO
2019-08-23,1751.3392835027119,20.8716384130814,202.34326643233703,-114.09118834813012,MISO
2019-08-24,1751.3486923020785,-76.91874331205933,195.98222751287565,-168.27217650289458,MISO
2019-08-25,1751.358101101445,-103.2054474232271,189.4853083936062,-184.04396207182413,MISO
2019-08-26,1751.367509900812,27.28595708315208,182.85968218445993,-80.14814916842374,MISO
2019-08-27,1751.3769187001785,47.36433400385684,176.1126460513665,-36.399898755401864,MISO
2019-08-28,1751.3863274995451,44.601699377784186,169.25161274070626,-102.24263961803558,MISO
2019-08-29,1751.395736298912,39.84923810660091,162.28410197528146,-43.08407638079416,MISO
2019-08-30,1751.4051450982786,20.8716384130814,155.2177317319446,-72.39151524330464,MISO
2019-08-31,1751.4145538976452,-76.91874331205933,148.06020941115327,-149.53401999673906,MISO
2019-09-01,1751.4239626970118,-103.2054474232271,140.8193229088456,-131.14883818263024,MISO
2019-09-02,1751.4333714963786,27.28595708315208,133.50293160115328,-141.39826018068356,MISO
2019-09-03,1751.4427802957453,47.36433400385684,126.11895725255098,58.66692844784711,MISO
2019-09-04,1751.4521890951119,44.601699377784186,118.67537485815362,19.592736668950465,MISO
2019-09-05,1751.4615978944787,39.84923810660091,111.18020343092559,-5.854039432005038,MISO
2019-09-06,1751.4710066938453,20.8716384130814,103.64149674464316,29.095858148430352,MISO
2019-09-07,1751.480415493212,-76.91874331205933,96.06733404350001,-13.749006224652476,MISO
2019-09-08,1751.4898242925785,-103.2054474232271,88.46581072927384,-44.237187598625496,MISO
2019-09-09,1751.4992330919454,27.28595708315208,80.8450290370082,48.44878078789429,MISO
2019-09-10,1751.508641891312,47.36433400385684,73.21308871016498,157.39093539466626,MISO
2019-09-11,1751.5180506906786,44.601699377784186,65.57807768621187,215.95417224532548,MISO
2019-09-12,1751.5274594900454,39.84923810660091,57.94806280358205,173.5882395997719,MISO
2019-09-13,1751.536868289412,20.8716384130814,50.331080540924404,115.07241275658225,MISO
2019-09-14,1751.5462770887787,-76.91874331205933,42.73512779952519,28.641338423755542,MISO
2019-09-15,1751.5556858881453,-103.2054474232271,35.168152739715566,93.4646087953663,MISO
2019-09-16,1751.565094687512,27.28595708315208,27.638045682026004,203.62890254730996,MISO
2019-09-17,1751.5745034868787,47.36433400385684,20.15263008376884,189.5875324254955,MISO
2019-09-18,1751.5839122862453,44.601699377784186,12.719653601626135,184.65373473434443,MISO
2019-09-19,1751.5933210856122,39.84923810660091,5.346779250737015,162.43166155705012,MISO
2019-09-20,1751.6027298849788,20.8716384130814,-1.958423329358709,200.89305503129867,MISO
2019-09-21,1751.6121386843454,-76.91874331205933,-9.188486491677011,180.14809111939098,MISO
2019-09-22,1751.621547483712,-103.2054474232271,-16.336053071549586,148.1249530110647,MISO
2019-09-23,1751.6309562830788,27.28595708315208,-23.393884739245294,87.94597137301457,MISO
2019-09-24,1751.6403650824454,47.36433400385684,-30.354870205665407,41.685171119363076,MISO
2019-09-25,1751.649773881812,44.601699377784186,-37.21203327151564,52.16156001191962,MISO
2019-09-26,1751.659182681179,39.84923810660091,-43.95854071053287,8.750119922753356,MISO
2019-09-27,1751.6685914805455,20.8716384130814,-50.587709977543426,52.814480083916806,MISO
2019-09-28,1751.678000279912,-76.91874331205933,-57.09301673235109,67.89975976449841,MISO
2019-09-29,1751.687409079279,-103.2054474232271,-63.468102170653054,98.22914051460134,MISO
2019-09-30,1751.6968178786456,27.28595708315208,-69.7067801534323,236.4540051916349,MISO
2019-10-01,1751.7062266780122,47.36433400385684,-75.80304412649974,264.0554834446309,MISO
2019-10-02,1751.7156354773788,44.601699377784186,-81.75107382211674,200.91173896695386,MISO
2019-10-03,1751.7250442767456,39.84923810660091,-87.54524173488952,112.19495935154328,MISO
2019-10-04,1751.7344530761122,20.8716384130814,-93.18011936438683,3.6690278751934784,MISO
2019-10-05,1751.7438618754788,-76.91874331205933,-98.65048321722259,0.6753646538029443,MISO
2019-10-06,1751.7532706748457,-103.2054474232271,-103.95132056162173,-9.61650268999665,MISO
2019-10-07,1751.7626794742123,27.28595708315208,-109.07783492778242,-43.15980162958181,MISO
2019-10-08,1751.772088273579,47.36433400385684,-114.02545134765857,-68.85397092977723,MISO
2019-10-09,1751.7814970729455,44.601699377784186,-118.78982132808359,-32.011375122646086,MISO
2019-10-10,1751.7909058723124,39.84923810660091,-123.36682755148558,34.48168357257259,MISO
2019-10-11,1751.800314671679,20.8716384130814,-127.7525882987591,-6.298364786001002,MISO
2019-10-12,1751.8097234710456,-76.91874331205933,-131.9434615891926,-75.59951856979364,MISO
2019-10-13,1751.8191322704124,-103.2054474232271,-135.93604903268772,-58.797635814497426,MISO
2019-10-14,1751.828541069779,27.28595708315208,-139.72719938984247,-43.71829876308834,MISO
2019-10-15,1751.8379498691456,47.36433400385684,-143.31401183582787,-12.229272037174496,MISO
2019-10-16,1751.8473586685122,44.601699377784186,-146.69383892432592,-39.74521912197042,MISO
2019-10-17,1751.856767467879,39.84923810660091,-149.86428924816494,-55.21671632631478,MISO
2019-10-18,1751.8661762672457,20.8716384130814,-152.82322979364142,-60.72858488668567,MISO
2019-10-19,1751.8755850666123,-76.91874331205933,-155.56878798588093,-51.103053768672225,MISO
2019-10-20,1751.8849938659791,-103.2054474232271,-158.09935342296205,-15.117193019789966,MISO
2019-10-21,1751.8944026653458,27.28595708315208,-160.41357929689264,-21.409780451605002,MISO
2019-10-22,1751.9038114647124,47.36433400385684,-162.51038349989722,-49.66676196867229,MISO
2019-10-23,1751.913220264079,44.601699377784186,-164.3889494148565,-43.0499702270065,MISO
2019-10-24,1751.9226290634458,39.84923810660091,-166.04872638910177,-33.569140780944736,MISO
2019-10-25,1751.9320378628124,20.8716384130814,-167.48942989115446,-17.504246384739417,MISO
2019-10-26,1751.941446662179,-76.91874331205933,-168.71104135036882,-20.554661999750806,MISO
2019-10-27,1751.9508554615459,-103.2054474232271,-169.7138076798158,-33.25660035850274,MISO
2019-10-28,1751.9602642609125,27.28595708315208,-170.49824048312095,-1.443980860943384,MISO
2019-10-29,1751.969673060279,47.36433400385684,-171.06511494634168,12.004107882205517,MISO
2019-10-30,1751.979081859646,44.601699377784186,-171.41546841634596,66.39168717891607,MISO
2019-10-31,1751.9884906590125,39.84923810660091,-171.5505986675233,105.44286990191017,MISO
2019-11-01,1751.9978994583792,20.8716384130814,-171.472061859029,122.68552398756856,MISO
2019-11-02,1752.0073082577458,-76.91874331205933,-171.18167018513,88.10510523944345,MISO
2019-11-03,1752.0167170571126,-103.2054474232271,-170.681489221583,132.81921958769794,MISO
2019-11-04,1752.0261258564792,27.28595708315208,-169.97383497133634,45.60875203170508,MISO
2019-11-05,1752.0355346558458,47.36433400385684,-169.0612706132034,40.930401953500905,MISO
2019-11-06,1752.0449434552127,44.601699377784186,-167.94660295750623,76.27496012450956,MISO
2019-11-07,1752.0543522545793,39.84923810660091,-166.63287861303536,135.73228825185515,MISO
2019-11-08,1752.0637610539459,20.8716384130814,-165.1233798700148,189.83098040298773,MISO
2019-11-09,1752.0731698533125,-76.91874331205933,-163.42162030409483,134.78219376284164,MISO
2019-11-10,1752.0825786526793,-103.2054474232271,-161.53134010672764,84.22620887727544,MISO
2019-11-11,1752.091987452046,27.28595708315208,-159.45650114760437,165.72855661240646,MISO
2019-11-12,1752.1013962514126,47.36433400385684,-157.20128177514755,352.8215515198781,MISO
2019-11-13,1752.1108050507794,44.601699377784186,-154.77007136136493,365.3575669328013,MISO
2019-11-14,1752.120213850146,39.84923810660091,-152.16746459767097,236.2130126409245,MISO
2019-11-15,1752.1296226495126,20.8716384130814,-149.3982555485802,195.00399448598614,MISO
2019-11-16,1752.1390314488792,-76.91874331205933,-146.46743147045802,179.3171433336381,MISO
2019-11-17,1752.148440248246,-103.2054474232271,-143.3801664027961,154.77317357777724,MISO
2019-11-18,1752.1578490476127,27.28595708315208,-140.14181453974896,107.99000840898407,MISO
2019-11-19,1752.1672578469793,47.36433400385684,-136.75790338992255,59.621311539086264,MISO
2019-11-20,1752.1766666463461,44.601699377784186,-133.23412673266424,33.094760708534295,MISO
2019-11-21,1752.1860754457127,39.84923810660091,-129.5763373793353,35.82002382702194,MISO
2019-11-22,1752.1954842450793,20.8716384130814,-125.79053974828335,63.489417090122515,MISO
2019-11-23,1752.204893044446,-76.91874331205933,-121.88288226245093,84.64673253006436,MISO
2019-11-24,1752.2143018438128,-103.2054474232271,-117.85964957876297,66.58579515817746,MISO
2019-11-25,1752.2237106431794,27.28595708315208,-113.72725465863616,23.118586932304652,MISO
2019-11-26,1752.233119442546,47.36433400385684,-109.49223068914543,-9.165222757257425,MISO
2019-11-27,1752.2425282419129,44.601699377784186,-105.16122286454386,-16.413004755152997,MISO
2019-11-28,1752.2519370412795,39.84923810660091,-100.74098003802192,-151.29619510985822,MISO
2019-11-29,1752.261345840646,20.8716384130814,-96.23834625371379,-128.44463800001358,MISO
2019-11-30,1752.2707546400127,-76.91874331205933,-91.6602521691265,-31.601759158827235,MISO
2019-12-01,1752.2801634393795,-103.2054474232271,-87.01370637828288,22.702990362130322,MISO
2019-12-02,1752.2895722387461,27.28595708315208,-82.30578664598322,114.8302573240851,MISO
2019-12-03,1752.2989810381127,47.36433400385684,-77.54363106370928,96.9933160217397,MISO
2019-12-04,1752.3083898374796,44.601699377784186,-72.73442913776431,30.42433992250062,MISO
2019-12-05,1752.3177986368462,39.84923810660091,-67.88541282034723,13.829376076900417,MISO
2019-12-06,1752.3272074362128,20.8716384130814,-63.00384749430074,6.567001645006485,MISO
2019-12-07,1752.3366162355796,-76.91874331205933,-58.09702292234776,36.281149998827686,MISO
2019-12-08,1752.3460250349463,-103.2054474232271,-53.17224417165397,7.984666559935022,MISO
2019-12-09,1752.3554338343129,27.28595708315208,-48.2368225245979,-1.9455683928667895,MISO
2019-12-10,1752.3648426336795,47.36433400385684,-43.29806638663256,142.3918897490962,MISO
2019-12-11,1752.3742514330463,44.601699377784186,-38.363272202128584,209.5983213912982,MISO
2019-12-12,1752.383660232413,39.84923810660091,-33.439715389086544,159.74281705007297,MISO
2019-12-13,1752.3930690317795,20.8716384130814,-28.53464130356508,58.30293385870414,MISO
2019-12-14,1752.4024778311464,-76.91874331205933,-23.655256244653785,58.795521725566914,MISO
2019-12-15,1752.411886630513,-103.2054474232271,-18.808718510753422,102.69527930346794,MISO
2019-12-16,1752.4212954298796,27.28595708315208,-14.00212951787929,98.58287700484766,MISO
2019-12-17,1752.4307042292462,47.36433400385684,-9.242524990613177,153.79048675751028,MISO
2019-12-18,1752.440113028613,44.601699377784186,-4.536866236258845,221.33005382986198,MISO
2019-12-19,1752.4495218279797,39.84923810660091,0.10796848736494269,170.49727157805478,MISO
2019-12-20,1752.4589306273463,20.8716384130814,4.6851925001479415,96.5772384594245,MISO
2019-12-21,1752.468339426713,-76.91874331205933,9.188119113730117,5.810284771616352,MISO
2019-12-22,1752.4777482260797,-103.2054474232271,13.610169921286126,-36.79747072413852,MISO
2019-12-23,1752.4871570254463,27.28595708315208,17.944882953126204,-128.34099706172447,MISO
2019-12-24,1752.496565824813,47.36433400385684,22.1859206883621,-268.9488205170321,MISO
2019-12-25,1752.5059746241798,44.601699377784186,26.327077913031783,-392.31075191499554,MISO
2019-12-26,1752.5153834235464,39.84923810660091,30.362289415295038,-286.0169109454421,MISO
2019-12-27,1752.524792222913,20.8716384130814,34.28563750847166,-205.6900681444663,MISO
2019-12-28,1752.5342010222798,-76.91874331205933,38.09135937292881,-164.92681708314922,MISO
2019-12-29,1752.5436098216464,-103.2054474232271,41.77385420801897,-191.7060166064382,MISO
2019-12-30,1752.553018621013,27.28595708315208,45.327690185510804,-115.60566588967595,MISO
2019-12-31,1752.5624274203797,47.36433400385684,48.74761119618721,-126.3053726204239,MISO
2020-01-01,1752.5718362197465,44.601699377784186,52.826482696988236,-242.640018294519,MISO
2020-01-02,1752.581245019113,39.84923810660091,55.92683157807993,-182.8873147037939,MISO
2020-01-03,1752.5906538184797,20.8716384130814,58.87747411127993,-162.15576634284093,MISO
2020-01-04,1752.6000626178466,-76.91874331205933,61.67397111937679,-85.87329042516399,MISO
2020-01-05,1752.6094714172132,-103.2054474232271,64.31209086115328,-85.0511148551393,MISO
2020-01-06,1752.6188802165798,27.28595708315208,66.78781431277393,-102.25565161250574,MISO
2020-01-07,1752.6282890159464,47.36433400385684,69.09734018992873,-90.4029632097322,MISO
2020-01-08,1752.6376978153132,44.601699377784186,71.23708970471012,-5.817486897807157,MISO
2020-01-09,1752.6471066146798,39.84923810660091,73.20371105151725,-94.20605577279798,MISO
2020-01-10,1752.6565154140465,20.8716384130814,74.99408361660403,-160.12223744373182,MISO
2020-01-11,1752.6659242134133,-76.91874331205933,76.60532190621636,-97.02350280757014,MISO
2020-01-12,1752.67533301278,-103.2054474232271,78.03477918860085,-23.600664778153487,MISO
2020-01-13,1752.6847418121465,27.28595708315208,79.28005084550611,-68.84274974080449,MISO
2020-01-14,1752.6941506115134,47.36433400385684,80.3389774291463,-129.5834620445164,MISO
2020-01-15,1752.70355941088,44.601699377784186,81.2096474209455,-127.17390620960964,MISO
2020-01-16,1752.7129682102466,39.84923810660091,81.89039968873783,-32.46260600558526,MISO
2020-01-17,1752.7223770096132,20.8716384130814,82.37982563945788,3.947158937847462,MISO
2020-01-18,1752.73178580898,-76.91874331205933,82.67677106471778,-60.058813561638544,MISO
2020-01-19,1752.7411946083466,-103.2054474232271,82.78033767703404,82.58291513784638,MISO
2020-01-20,1752.7506034077132,27.28595708315208,82.68988433483547,113.89755517429921,MISO
2020-01-21,1752.76001220708,47.36433400385684,82.40502795475444,104.79262583430864,MISO
2020-01-22,1752.7694210064467,44.601699377784186,81.92564411007642,68.83023550569283,MISO
2020-01-23,1752.7788298058133,39.84923810660091,81.2518673145962,-36.654935227010355,MISO
2020-01-24,1752.78823860518,20.8716384130814,80.38409099150496,-66.14296800976626,MISO
2020-01-25,1752.7976474045468,-76.91874331205933,79.32296712730646,-56.23387121979363,MISO
2020-01-26,1752.8070562039134,-103.2054474232271,78.0694056111374,-83.10801439182342,MISO
2020-01-27,1752.81646500328,27.28595708315208,76.62457326024,-62.050995346671925,MISO
2020-01-28,1752.8258738026468,47.36433400385684,74.98989253271114,-32.953100339214416,MISO
2020-01-29,1752.8352826020134,44.601699377784186,73.16703992902275,-34.18902190882022,MISO
2020-01-30,1752.84469140138,39.84923810660091,71.15794408418112,-37.649873592162066,MISO
2020-01-31,1752.8541002007466,20.8716384130814,68.96478355275978,-76.43052216658793,MISO
2020-02-01,1752.8635090001135,-76.91874331205933,66.5899842894082,-94.87574997746196,MISO
2020-02-02,1752.87291779948,-103.2054474232271,64.03621682780052,-165.6126872040536,MISO
2020-02-03,1752.8823265988467,27.28595708315208,61.30639316134795,-187.81667684334684,MISO
2020-02-04,1752.8917353982135,47.36433400385684,58.40366332935578,-139.1807327314259,MISO
2020-02-05,1752.9011441975802,44.601699377784186,55.33141171265402,-49.54125528801842,MISO
2020-02-06,1752.9105529969468,39.84923810660091,52.09325304308088,31.616955853371564,MISO
2020-02-07,1752.9199617963134,20.8716384130814,48.693028131536046,31.41137165906912,MISO
2020-02-08,1752.9293705956802,-76.91874331205933,45.13479931965927,-28.88542660327994,MISO
2020-02-09,1752.9387793950468,-103.2054474232271,41.42284566051772,-53.4671776323371,MISO
2020-02-10,1752.9481881944134,27.28595708315208,37.56165783400919,-70.02080311157465,MISO
2020-02-11,1752.9575969937803,47.36433400385684,33.55593280300573,-51.032863800642644,MISO
2020-02-12,1752.9670057931469,44.601699377784186,29.410568216570994,-6.260273387501911,MISO
2020-02-13,1752.9764145925135,39.84923810660091,25.130656566885577,102.36869073400021,MISO
2020-02-14,1752.9858233918803,20.8716384130814,20.721479106811643,183.75905908822688,MISO
2020-02-15,1752.995232191247,-76.91874331205933,16.188499535310527,60.828011585502054,MISO
2020-02-16,1753.0046409906136,-103.2054474232271,11.537357458206628,-72.45655102559294,MISO
2020-02-17,1753.0140497899802,27.28595708315208,6.773861632059152,-62.49586850519131,MISO
2020-02-18,1753.023458589347,47.36433400385684,1.9039829991612152,-53.22377559236497,MISO
2020-02-19,1753.0328673887136,44.601699377784186,-3.0661524780627474,30.93858571156511,MISO
2020-02-20,1753.0422761880802,39.84923810660091,-8.13027117475103,123.64175688007003,MISO
2020-02-21,1753.051684987447,20.8716384130814,-13.28195934465107,122.23363594412285,MISO
2020-02-22,1753.0610937868137,-76.91874331205933,-18.514670835556927,27.978320360802627,MISO
2020-02-23,1753.0705025861803,-103.2054474232271,-23.821734969970933,-65.55432019298223,MISO
2020-02-24,1753.079911385547,27.28595708315208,-29.196364581621665,-73.18750388707736,MISO
2020-02-25,1753.0893201849137,47.36433400385684,-34.63166419828471,-44.47698999048566,MISO
2020-02-26,1753.0987289842803,44.601699377784186,-40.120638361178095,57.604209999113664,MISO
2020-02-27,1753.108137783647,39.84923810660091,-45.65620007103729,115.85282418078964,MISO
2020-02-28,1753.1175465830138,20.8716384130814,-51.23117935082498,74.60399435473005,MISO
2020-02-29,1753.1269553823804,-76.91874331205933,-56.83833191488936,15.82011984456858,MISO
2020-03-01,1753.136364181747,-103.2054474232271,-62.47034793425541,-67.98956882426455,MISO
2020-03-02,1753.1457729811136,27.28595708315208,-68.11986088761915,-85.70386917664655,MISO
2020-03-03,1753.1551817804805,47.36433400385684,-73.77945648750949,-83.3730592968277,MISO
2020-03-04,1753.164590579847,44.601699377784186,-79.4416816709914,-64.5246082866397,MISO
2020-03-05,1753.1739993792137,39.84923810660091,-85.09905364420597,-48.1361838416085,MISO
2020-03-06,1753.1834081785805,20.8716384130814,-90.74406896997684,-3.1089776216849714,MISO
2020-03-07,1753.1928169779471,-76.91874331205933,-96.3692126876561,-21.974860978231618,MISO
2020-03-08,1753.2022257773137,-103.2054474232271,-101.96696745434967,-142.06881089973695,MISO
2020-03-09,1753.2116345766804,27.28595708315208,-107.5298226966245,-77.1617689632078,MISO
2020-03-10,1753.2210433760472,47.36433400385684,-113.05028376179442,-52.052093618109666,MISO
2020-03-11,1753.2304521754138,44.601699377784186,-118.52088105787443,-28.629270495323453,MISO
2020-03-12,1753.2398609747804,39.84923810660091,-123.9341791713053,-25.4159199100759,MISO
2020-03-13,1753.2492697741473,20.8716384130814,-129.2827859515768,-8.59412223565164,MISO
2020-03-14,1753.2586785735139,-76.91874331205933,-134.55936155191085,57.10042629045665,MISO
2020-03-15,1753.2680873728805,-103.2054474232271,-139.7566274152198,61.18298746556661,MISO
2020-03-16,1753.277496172247,27.28595708315208,-144.86737519461525,65.03492193921625,MISO
2020-03-17,1753.286904971614,47.36433400385684,-149.88447559781827,4.560236622347702,MISO
2020-03-18,1753.2963137709805,44.601699377784186,-154.80088714491137,25.643873996146795,MISO
2020-03-19,1753.3057225703471,39.84923810660091,-159.60966482897155,25.179704152023533,MISO
2020-03-20,1753.315131369714,20.8716384130814,-164.3039686692374,14.261198886442116,MISO
2020-03-21,1753.3245401690806,-76.91874331205933,-168.8770721465888,46.01827528956778,MISO
2020-03-22,1753.3339489684472,-103.2054474232271,-173.32237051125315,62.61786896603303,MISO
2020-03-23,1753.343357767814,27.28595708315208,-177.63338895280523,21.304074101839205,MISO
2020-03-24,1753.3527665671807,47.36433400385684,-181.8037906226839,-5.654309948353557,MISO
2020-03-25,1753.3621753665473,44.601699377784186,-185.8273844996259,-31.932490244705605,MISO
2020-03-26,1753.3715841659139,39.84923810660091,-189.69813308859915,-47.00568918391559,MISO
2020-03-27,1753.3809929652807,20.8716384130814,-193.41015994401172,-37.03247143435033,MISO
2020-03-28,1753.3904017646473,-76.91874331205933,-196.9577570081832,-9.042901444404833,MISO
2020-03-29,1753.399810564014,-103.2054474232271,-200.33539175627675,-57.25297138451015,MISO
2020-03-30,1753.4092193633808,27.28595708315208,-203.53771413912216,-85.77046230741053,MISO
2020-03-31,1753.4186281627474,47.36433400385684,-206.55956331559457,-76.21739885100942,MISO
2020-04-01,1753.428036962114,44.601699377784186,-209.39597416646268,-105.23376217343548,MISO
2020-04-02,1753.4374457614806,39.84923810660091,-212.0421835818766,-115.41550028620486,MISO
2020-04-03,1753.4468545608474,20.8716384130814,-214.49363651493195,-96.82385645899672,MISO
2020-04-04,1753.456263360214,-76.91874331205933,-216.74599179402264,-68.200528254132,MISO
2020-04-05,1753.4656721595807,-103.2054474232271,-218.79512768697776,-60.71809704937573,MISO
2020-04-06,1753.4750809589475,27.28595708315208,-220.6371472102715,-90.93389083182797,MISO
2020-04-07,1753.484489758314,47.36433400385684,-222.26838317689422,-80.79144058527663,MISO
2020-04-08,1753.4938985576807,44.601699377784186,-223.68540297678183,-52.317194958682876,MISO
2020-04-09,1753.5033073570473,39.84923810660091,-224.8850130840146,-58.98153237963356,MISO
2020-04-10,1753.5127161564142,20.8716384130814,-225.8642632853199,-131.97409128417553,MISO
2020-04-11,1753.5221249557808,-76.91874331205933,-226.62045062474124,-107.79393101897995,MISO
2020-04-12,1753.5315337551474,-103.2054474232271,-227.15112305966986,-52.79696327225065,MISO
2020-04-13,1753.5409425545142,27.28595708315208,-227.4540828237781,-67.70881681388823,MISO
2020-04-14,1753.5503513538808,47.36433400385684,-227.52738949273632,-45.12529586500136,MISO
2020-04-15,1753.5597601532475,44.601699377784186,-227.36936274894867,-41.27109678208285,MISO
2020-04-16,1753.569168952614,39.84923810660091,-226.978584841896,-61.96782221731905,MISO
2020-04-17,1753.578577751981,20.8716384130814,-226.35390274103486,-64.3583134240273,MISO
2020-04-18,1753.5879865513475,-76.91874331205933,-225.4944299785637,-79.65581326072447,MISO
2020-04-19,1753.5973953507141,-103.2054474232271,-224.3995481797341,-86.56539974775296,MISO
2020-04-20,1753.606804150081,27.28595708315208,-223.06890827875313,-121.32985295447975,MISO
2020-04-21,1753.6162129494476,47.36433400385684,-221.50243141869413,-115.51511553461023,MISO
2020-04-22,1753.6256217488142,44.601699377784186,-219.7003095342078,-117.15601159239054,MISO
2020-04-23,1753.635030548181,39.84923810660091,-217.66300561619818,-109.52226303858333,MISO
2020-04-24,1753.6444393475476,20.8716384130814,-215.3912536580047,-138.1248241026242,MISO
2020-04-25,1753.6538481469142,-76.91874331205933,-212.886058283009,-117.64604655184576,MISO
2020-04-26,1753.6632569462809,-103.2054474232271,-210.148694053958,-117.95011546909586,MISO
2020-04-27,1753.6726657456477,27.28595708315208,-207.18070446467658,-157.85891836412293,MISO
2020-04-28,1753.6820745450143,47.36433400385684,-203.98390061521135,-150.89250793365977,MISO
2020-04-29,1753.691483344381,44.601699377784186,-200.56035957182854,-175.82882315033635,MISO
2020-04-30,1753.7008921437478,39.84923810660091,-196.9124224136558,-169.75670783669239,MISO
2020-05-01,1753.7103009431144,20.8716384130814,-193.04269196813155,-174.18424738806402,MISO
2020-05-02,1753.719709742481,-76.91874331205933,-188.9540302377911,-127.63393619263047,MISO
2020-05-03,1753.7291185418476,-103.2054474232271,-184.64955552128697,-118.48611559733354,MISO
2020-05-04,1753.7385273412144,27.28595708315208,-180.13263923189842,-139.96884519246782,MISO
2020-05-05,1753.747936140581,47.36433400385684,-175.40690241714668,-129.38536772729117,MISO
2020-05-06,1753.7573449399476,44.601699377784186,-170.4762119834822,-173.6308323342496,MISO
2020-05-07,1753.7667537393145,39.84923810660091,-165.3446766303644,-200.24731521555077,MISO
2020-05-08,1753.776162538681,20.8716384130814,-160.01664249839155,-188.30415845337097,MISO
2020-05-09,1753.7855713380477,-76.91874331205933,-154.49668853648265,-194.34413948950555,MISO
2020-05-10,1753.7949801374143,-103.2054474232271,-148.78962159344294,-183.5389111207444,MISO
2020-05-11,1753.8043889367812,27.28595708315208,-142.90047123957078,-184.07587478036226,MISO
2020-05-12,1753.8137977361478,47.36433400385684,-136.8344843242841,-196.12164741572042,MISO
2020-05-13,1753.8232065355144,44.601699377784186,-130.597119276056,-175.87978663724243,MISO
2020-05-14,1753.8326153348812,39.84923810660091,-124.19404015125707,-175.54681329022492,MISO
2020-05-15,1753.8420241342478,20.8716384130814,-117.63111043879498,-185.0585521085343,MISO
2020-05-16,1753.8514329336144,-76.91874331205933,-110.91438662773557,-166.01830299381936,MISO
2020-05-17,1753.860841732981,-103.2054474232271,-104.050111545367,-152.70128276438663,MISO
2020-05-18,1753.8702505323479,27.28595708315208,-97.04470747344197,-177.56550014205754,MISO
2020-05-19,1753.8796593317145,47.36433400385684,-89.90476905059799,-189.72522428497314,MISO
2020-05-20,1753.889068131081,44.601699377784186,-82.63705596920474,-200.51671153966072,MISO
2020-05-21,1753.898476930448,39.84923810660091,-75.24848547513568,-172.9152295619126,MISO
2020-05-22,1753.9078857298146,20.8716384130814,-67.74612467919148,-152.16339946370454,MISO
2020-05-23,1753.9172945291812,-76.91874331205933,-60.13718268912788,-133.71436852799388,MISO
2020-05-24,1753.9267033285478,-103.2054474232271,-52.42900257145527,-77.96925333386548,MISO
2020-05-25,1753.9361121279146,27.28595708315208,-44.62905315237509,-133.52401605869136,MISO
2020-05-26,1753.9455209272812,47.36433400385684,-36.74492066741378,18.960065736275737,MISO
2020-05-27,1753.9549297266478,44.601699377784186,-28.784300269490586,-0.18232883494124508,MISO
2020-05-28,1753.9643385260147,39.84923810660091,-20.75498740532717,-81.64958922728806,MISO
2020-05-29,1753.9737473253813,20.8716384130814,-12.664869070263478,-174.154516668199,MISO
2020-05-30,1753.983156124748,-76.91874331205933,-4.5219149516856305,-227.81449786100302,MISO
2020-05-31,1753.9925649241147,-103.2054474232271,3.6658315285907292,-224.57594902947812,MISO
2020-06-01,1754.0019737234813,27.28595708315208,11.890262262523436,-152.64719306915686,MISO
2020-06-02,1754.011382522848,47.36433400385684,20.143213584059026,55.12006988923599,MISO
2020-06-03,1754.0207913222146,44.601699377784186,28.416475466699865,72.72703383330145,MISO
2020-06-04,1754.0302001215814,39.84923810660091,36.70180077967069,61.37776099214739,MISO
2020-06-05,1754.039608920948,20.8716384130814,44.990914591866556,85.91483807410395,MISO
2020-06-06,1754.0490177203146,-76.91874331205933,53.275523512708645,29.381202079036257,MISO
2020-06-07,1754.0584265196815,-103.2054474232271,61.54732505898042,-14.62630415543481,MISO
2020-06-08,1754.067835319048,27.28595708315208,69.7980170366973,59.51219056110267,MISO
2020-06-09,1754.0772441184147,47.36433400385684,78.01930692703175,115.43511495069652,MISO
2020-06-10,1754.0866529177813,44.601699377784186,86.20292126531875,-10.976273560884238,MISO
2020-06-11,1754.0960617171481,39.84923810660091,94.34061500216721,-176.77391482591634,MISO
2020-06-12,1754.1054705165147,20.8716384130814,102.42418083572875,-167.48628976532473,MISO
2020-06-13,1754.1148793158814,-76.91874331205933,110.4454585042005,-200.12159450802233,MISO
2020-06-14,1754.1242881152482,-103.2054474232271,118.39634402769141,-205.4771847197121,MISO
2020-06-15,1754.1336969146148,27.28595708315208,126.26879888863374,-139.76445288640048,MISO
2020-06-16,1754.1431057139814,47.36433400385684,134.0548591400015,-66.37929885783979,MISO
2020-06-17,1754.152514513348,44.601699377784186,141.74664443066706,-16.083858321799198,MISO
2020-06-18,1754.1619233127149,39.84923810660091,149.33636693734096,5.7334716433435915,MISO
2020-06-19,1754.1713321120815,20.8716384130814,156.81634019263367,15.608689282203613,MISO
2020-06-20,1754.180740911448,-76.91874331205933,164.17898779890993,-1.1099853982987042,MISO
2020-06-21,1754.190149710815,-103.2054474232271,171.41685201773277,-55.75355430532068,MISO
2020-06-22,1754.1995585101815,27.28595708315208,178.52260222484625,-115.64311781817992,MISO
2020-06-23,1754.2089673095481,47.36433400385684,185.48904322079568,-200.59034453420077,MISO
2020-06-24,1754.2183761089148,44.601699377784186,192.30912338746046,-236.91419887415964,MISO
2020-06-25,1754.2277849082816,39.84923810660091,198.97594268095023,-143.13896569583267,MISO
2020-06-26,1754.2371937076482,20.8716384130814,205.48276045151042,-63.422592572239864,MISO
2020-06-27,1754.2466025070148,-76.91874331205933,211.82300308128185,-11.30186227623767,MISO
2020-06-28,1754.2560113063817,-103.2054474232271,217.9902714309787,25.95116468586707,MISO
2020-06-29,1754.2654201057483,27.28595708315208,223.9783480867655,67.22027472433433,MISO
2020-06-30,1754.2748289051149,47.36433400385684,229.78120439885674,59.2076326921715,MISO
2020-07-01,1754.2842377044817,44.601699377784186,235.39300730360029,61.559055614134195,MISO
2020-07-02,1754.2936465038483,39.84923810660091,240.8081259210652,86.15998946848572,MISO
2020-07-03,1754.303055303215,20.8716384130814,246.0211379204136,5.347168363290166,MISO
2020-07-04,1754.3124641025815,-76.91874331205933,251.02683564561252,13.382443563865309,MISO
2020-07-05,1754.3218729019484,-103.2054474232271,255.82023199432155,57.24034252695719,MISO
2020-07-06,1754.331281701315,27.28595708315208,260.39656604308254,117.81219517245063,MISO
2020-07-07,1754.3406905006816,47.36433400385684,264.75130841223626,140.45466708322556,MISO
2020-07-08,1754.3500993000484,44.601699377784186,268.88016636429387,168.7850349578739,MISO
2020-07-09,1754.359508099415,39.84923810660091,272.7790886298097,165.42616516417502,MISO
2020-07-10,1754.3689168987817,20.8716384130814,276.44426995511634,63.73917473302072,MISO
2020-07-11,1754.3783256981483,-76.91874331205933,279.8721553666146,52.11126224729651,MISO
2020-07-12,1754.387734497515,-103.2054474232271,283.05944414663986,-14.632731220928008,MISO
2020-07-13,1754.3971432968817,27.28595708315208,286.00309351627055,-17.15819389630451,MISO
2020-07-14,1754.4065520962483,47.36433400385684,288.70032202078335,-5.011208120888568,MISO
2020-07-15,1754.4159608956152,44.601699377784186,291.1486126138137,-7.202272887212985,MISO
2020-07-16,1754.4253696949818,39.84923810660091,293.34571543663213,-48.859323238214984,MISO
2020-07-17,1754.4347784943484,20.8716384130814,295.2896502893065,61.18893280326347,MISO
2020-07-18,1754.444187293715,-76.91874331205933,296.97870879088157,154.6008472274625,MISO
2020-07-19,1754.4535960930818,-103.2054474232271,298.41145622607394,71.6963951040716,MISO
2020-07-20,1754.4630048924485,27.28595708315208,299.5867330763484,-36.115695051948705,MISO
2020-07-21,1754.472413691815,47.36433400385684,300.50365623361233,-56.15040392928404,MISO
2020-07-22,1754.481822491182,44.601699377784186,301.1616198951397,-42.113141764105876,MISO
2020-07-23,1754.4912312905485,39.84923810660091,301.5602961387095,-37.116765535858576,MISO
2020-07-24,1754.5006400899151,20.8716384130814,301.6996351773191,11.588086319684407,MISO
2020-07-25,1754.5100488892817,-76.91874331205933,301.57986529321215,77.26882912956557,MISO
2020-07-26,1754.5194576886486,-103.2054474232271,301.20149245133405,109.77949728324461,MISO
2020-07-27,1754.5288664880152,27.28595708315208,300.56529959270904,21.433876836123545,MISO
2020-07-28,1754.5382752873818,47.36433400385684,299.6723456086053,-31.13695489984366,MISO
2020-07-29,1754.5476840867486,44.601699377784186,298.52396399673285,14.70065253873463,MISO
2020-07-30,1754.5570928861152,39.84923810660091,297.12176120109064,-48.39609219380645,MISO
2020-07-31,1754.5665016854819,20.8716384130814,295.4676146374528,-123.98575473601568,MISO
2020-08-01,1754.5759104848485,-76.91874331205933,293.5636704068521,-206.12283757964133,MISO
2020-08-02,1754.5853192842153,-103.2054474232271,291.412340699786,-216.86921256077403,MISO
2020-08-03,1754.594728083582,27.28595708315208,289.01630089423423,-220.9249860609682,MISO
2020-08-04,1754.6041368829485,47.36433400385684,286.37848635093656,-279.1809572377422,MISO
2020-08-05,1754.6135456823154,44.601699377784186,283.50208890973545,-273.9693339698347,MISO
2020-08-06,1754.622954481682,39.84923810660091,280.3905530911378,-210.05574567942062,MISO
2020-08-07,1754.6323632810486,20.8716384130814,277.04757200759946,-125.72157370172954,MISO
2020-08-08,1754.6417720804154,-76.91874331205933,273.47708298937437,-25.207111757730445,MISO
2020-08-09,1754.651180879782,-103.2054474232271,269.68326293010574,69.08600361333947,MISO
2020-08-10,1754.6605896791486,27.28595708315208,265.6705233576678,86.22192988003144,MISO
2020-08-11,1754.6699984785153,47.36433400385684,261.4435052360872,-19.868837718459417,MISO
2020-08-12,1754.679407277882,44.601699377784186,257.0070735046896,-40.02718016035578,MISO
2020-08-13,1754.6888160772487,39.84923810660091,252.366311360924,21.656634455226595,MISO
2020-08-14,1754.6982248766153,20.8716384130814,247.5265142936227,33.40662241668065,MISO
2020-08-15,1754.7076336759822,-76.91874331205933,242.49318387374024,18.314925762337225,MISO
2020-08-16,1754.7170424753488,-103.2054474232271,237.2720213099068,-8.070616362028204,MISO
2020-08-17,1754.7264512747154,27.28595708315208,231.86892077640027,-32.032329134267684,MISO
2020-08-18,1754.735860074082,47.36433400385684,226.2899625214161,-97.08215659935513,MISO
2020-08-19,1754.7452688734488,44.601699377784186,220.54140576376008,-115.182374014993,MISO
2020-08-20,1754.7546776728154,39.84923810660091,214.62968138635102,-67.14859716576734,MISO
2020-08-21,1754.764086472182,20.8716384130814,208.56138443514615,9.106890679590379,MISO
2020-08-22,1754.7734952715489,-76.91874331205933,202.34326643233703,51.62398160817361,MISO
2020-08-23,1754.7829040709155,-103.2054474232271,195.98222751287565,136.25731583943616,MISO
2020-08-24,1754.792312870282,27.28595708315208,189.4853083936062,231.7174216529595,MISO
2020-08-25,1754.8017216696487,47.36433400385684,182.85968218445993,200.89426214203445,MISO
2020-08-26,1754.8111304690156,44.601699377784186,176.1126460513665,186.10752410183386,MISO
2020-08-27,1754.8205392683822,39.84923810660091,169.25161274070626,126.97360988431069,MISO
2020-08-28,1754.8299480677488,20.8716384130814,162.28410197528146,62.56831154388851,MISO
2020-08-29,1754.8393568671156,-76.91874331205933,155.2177317319446,-70.54734528700101,MISO
2020-08-30,1754.8487656664822,-103.2054474232271,148.06020941115327,-163.01852765440822,MISO
2020-08-31,1754.8581744658488,27.28595708315208,140.8193229088456,-108.12045445784611,MISO
2020-09-01,1754.8675832652154,47.36433400385684,133.50293160115328,-85.81784887022559,MISO
2020-09-02,1754.8769920645823,44.601699377784186,126.11895725255098,-27.395648694917327,MISO
2020-09-03,1754.886400863949,39.84923810660091,118.67537485815362,-33.16401382870299,MISO
2020-09-04,1754.8958096633155,20.8716384130814,111.18020343092559,-144.27565150732244,MISO
2020-09-05,1754.9052184626823,-76.91874331205933,103.64149674464316,-157.78297189526597,MISO
2020-09-06,1754.914627262049,-103.2054474232271,96.06733404350001,-130.10251388232177,MISO
2020-09-07,1754.9240360614156,27.28595708315208,88.46581072927384,-203.9278038738414,MISO
2020-09-08,1754.9334448607822,47.36433400385684,80.8450290370082,-124.59280790164757,MISO
2020-09-09,1754.942853660149,44.601699377784186,73.21308871016498,-94.71364174809787,MISO
2020-09-10,1754.9522624595156,39.84923810660091,65.57807768621187,-106.2885782523283,MISO
2020-09-11,1754.9616712588822,20.8716384130814,57.94806280358205,-113.24437247554579,MISO
2020-09-12,1754.971080058249,-76.91874331205933,50.331080540924404,-85.83641728711382,MISO
2020-09-13,1754.9804888576157,-103.2054474232271,42.73512779952519,-75.13316923391358,MISO
2020-09-14,1754.9898976569823,27.28595708315208,35.168152739715566,-98.74500747984962,MISO
2020-09-15,1754.9993064563491,47.36433400385684,27.638045682026004,-100.66468614223186,MISO
2020-09-16,1755.0087152557157,44.601699377784186,20.15263008376884,-97.88404471726881,MISO
2020-09-17,1755.0181240550824,39.84923810660091,12.719653601626135,-118.35001576330933,MISO
2020-09-18,1755.027532854449,20.8716384130814,5.346779250737015,-200.71395051826744,MISO
2020-09-19,1755.0369416538158,-76.91874331205933,-1.958423329358709,-243.73677501239763,MISO
2020-09-20,1755.0463504531824,-103.2054474232271,-9.188486491677011,-239.81841653827814,MISO
2020-09-21,1755.055759252549,27.28595708315208,-16.336053071549586,-199.8846632641514,MISO
2020-09-22,1755.0651680519159,47.36433400385684,-23.393884739245294,-163.75161731652724,MISO
2020-09-23,1755.0745768512825,44.601699377784186,-30.354870205665407,-119.74440602340133,MISO
2020-09-24,1755.083985650649,39.84923810660091,-37.21203327151564,-110.87419048573406,MISO
2020-09-25,1755.0933944500157,20.8716384130814,-43.95854071053287,-80.43349215256399,MISO
2020-09-26,1755.1028032493825,-76.91874331205933,-50.587709977543426,-48.01134995977941,MISO
2020-09-27,1755.1122120487491,-103.2054474232271,-57.09301673235109,-35.77774789317073,MISO
2020-09-28,1755.1216208481158,27.28595708315208,-63.468102170653054,-137.24647576061466,MISO
2020-09-29,1755.1310296474826,47.36433400385684,-69.7067801534323,-201.69558349790668,MISO
2020-09-30,1755.1404384468492,44.601699377784186,-75.80304412649974,-172.34609369813325,MISO
2020-10-01,1755.1498472462158,39.84923810660091,-81.75107382211674,-161.04201153069994,MISO
2020-10-02,1755.1592560455824,20.8716384130814,-87.54524173488952,-164.4056527237742,MISO
2020-10-03,1755.1686648449493,-76.91874331205933,-93.18011936438683,-155.510802168503,MISO
2020-10-04,1755.1780736443159,-103.2054474232271,-98.65048321722259,-146.83114300386615,MISO
2020-10-05,1755.1874824436825,27.28595708315208,-103.95132056162173,-122.61211896521263,MISO
2020-10-06,1755.1968912430493,47.36433400385684,-109.07783492778242,-116.75839031912369,MISO
2020-10-07,1755.206300042416,44.601699377784186,-114.02545134765857,-64.6395480725414,MISO
2020-10-08,1755.2157088417825,39.84923810660091,-118.78982132808359,-60.84412562029979,MISO
2020-10-09,1755.2251176411492,20.8716384130814,-123.36682755148558,-56.97092850274521,MISO
2020-10-10,1755.234526440516,-76.91874331205933,-127.7525882987591,-95.44719482969731,MISO
2020-10-11,1755.2439352398826,-103.2054474232271,-131.9434615891926,-42.33202622746285,MISO
2020-10-12,1755.2533440392492,27.28595708315208,-135.93604903268772,-34.12525208971351,MISO
2020-10-13,1755.262752838616,47.36433400385684,-139.72719938984247,-80.08888745263039,MISO
2020-10-14,1755.2721616379827,44.601699377784186,-143.31401183582787,-76.38084917993888,MISO
2020-10-15,1755.2815704373493,39.84923810660091,-146.69383892432592,-69.43996961962398,MISO
2020-10-16,1755.290979236716,20.8716384130814,-149.86428924816494,-80.85032840163217,MISO
2020-10-17,1755.3003880360827,-76.91874331205933,-152.82322979364142,-75.82041493038173,MISO
2020-10-18,1755.3097968354493,-103.2054474232271,-155.56878798588093,-46.03456142634127,MISO
2020-10-19,1755.319205634816,27.28595708315208,-158.09935342296205,22.086190704994124,MISO
2020-10-20,1755.3286144341828,47.36433400385684,-160.41357929689264,13.307630858853145,MISO
2020-10-21,1755.3380232335494,44.601699377784186,-162.51038349989722,9.56766088856375,MISO
2020-10-22,1755.347432032916,39.84923810660091,-164.3889494148565,45.32127927533975,MISO
2020-10-23,1755.3568408322828,20.8716384130814,-166.04872638910177,22.161247143737683,MISO
2020-10-24,1755.3662496316495,-76.91874331205933,-167.48942989115446,-8.678076428435588,MISO
2020-10-25,1755.375658431016,-103.2054474232271,-168.71104135036882,5.9838303425799495,MISO
2020-10-26,1755.3850672303827,27.28595708315208,-169.7138076798158,42.918783366281104,MISO
2020-10-27,1755.3944760297495,47.36433400385684,-170.49824048312095,52.316430449514655,MISO
2020-10-28,1755.4038848291161,44.601699377784186,-171.06511494634168,7.023530739441412,MISO
2020-10-29,1755.4132936284827,39.84923810660091,-171.41546841634596,-16.022063318737537,MISO
2020-10-30,1755.4227024278496,20.8716384130814,-171.5505986675233,-4.373742173407436,MISO
2020-10-31,1755.4321112272162,-76.91874331205933,-171.472061859029,-19.525306056127647,MISO
2020-11-01,1755.4415200265828,-103.2054474232271,-171.18167018513,63.75859758177444,MISO
2020-11-02,1755.4509288259494,27.28595708315208,-170.681489221583,36.22060331248167,MISO
2020-11-03,1755.4603376253162,47.36433400385684,-169.97383497133634,-31.64183665783662,MISO
2020-11-04,1755.4697464246829,44.601699377784186,-169.0612706132034,-60.71817518926355,MISO
2020-11-05,1755.4791552240495,39.84923810660091,-167.94660295750623,-70.07879037314387,MISO
2020-11-06,1755.4885640234163,20.8716384130814,-166.63287861303536,-69.71432382346234,MISO
2020-11-07,1755.497972822783,-76.91874331205933,-165.1233798700148,-69.66484964070855,MISO
2020-11-08,1755.5073816221495,-103.2054474232271,-163.42162030409483,-61.997313894827585,MISO
2020-11-09,1755.5167904215161,27.28595708315208,-161.53134010672764,-21.567407397940542,MISO
2020-11-10,1755.526199220883,47.36433400385684,-159.45650114760437,-7.827032077135527,MISO
2020-11-11,1755.5356080202496,44.601699377784186,-157.20128177514755,-17.68402562288611,MISO
2020-11-12,1755.5450168196162,39.84923810660091,-154.77007136136493,12.252816435147679,MISO
2020-11-13,1755.554425618983,20.8716384130814,-152.16746459767097,18.46340056560689,MISO
2020-11-14,1755.5638344183496,-76.91874331205933,-149.3982555485802,38.83716444229003,MISO
2020-11-15,1755.5732432177163,-103.2054474232271,-146.46743147045802,4.39863567596899,MISO
2020-11-16,1755.5826520170829,27.28595708315208,-143.3801664027961,10.930557302561056,MISO
2020-11-17,1755.5920608164497,47.36433400385684,-140.14181453974896,18.5264197194424,MISO
2020-11-18,1755.6014696158163,44.601699377784186,-136.75790338992255,7.667734396322203,MISO
2020-11-19,1755.610878415183,39.84923810660091,-133.23412673266424,-44.73298978911953,MISO
2020-11-20,1755.6202872145498,20.8716384130814,-129.5763373793353,-68.49858824829562,MISO
2020-11-21,1755.6296960139164,-76.91874331205933,-125.79053974828335,-36.17341295357369,MISO
2020-11-22,1755.639104813283,-103.2054474232271,-121.88288226245093,-0.951775127604833,MISO
2020-11-23,1755.6485136126498,27.28595708315208,-117.85964957876297,-2.2618211170386076,MISO
2020-11-24,1755.6579224120164,47.36433400385684,-113.72725465863616,1.652998242763033,MISO
2020-11-25,1755.667331211383,44.601699377784186,-109.49223068914543,-58.62879990002193,MISO
2020-11-26,1755.6767400107497,39.84923810660091,-105.16122286454386,-219.8147552528069,MISO
2020-11-27,1755.6861488101165,20.8716384130814,-100.74098003802192,-188.3928071851758,MISO
2020-11-28,1755.695557609483,-76.91874331205933,-96.23834625371379,-83.14346804371007,MISO
2020-11-29,1755.7049664088497,-103.2054474232271,-91.6602521691265,-24.660266816496232,MISO
2020-11-30,1755.7143752082166,27.28595708315208,-87.01370637828288,98.3243740869143,MISO
2020-12-01,1755.7237840075832,47.36433400385684,-82.30578664598322,130.87466863454324,MISO
2020-12-02,1755.7331928069498,44.601699377784186,-77.54363106370928,74.42973887897551,MISO
2020-12-03,1755.7426016063164,39.84923810660091,-72.73442913776431,29.968589424847096,MISO
2020-12-04,1755.7520104056832,20.8716384130814,-67.88541282034723,12.04076400158283,MISO
2020-12-05,1755.7614192050498,-76.91874331205933,-63.00384749430074,49.13117160131037,MISO
2020-12-06,1755.7708280044164,-103.2054474232271,-58.09702292234776,48.83364234115834,MISO
2020-12-07,1755.7802368037833,27.28595708315208,-53.17224417165397,55.117050284718744,MISO
2020-12-08,1755.78964560315,47.36433400385684,-48.2368225245979,24.781842917591348,MISO
2020-12-09,1755.7990544025165,44.601699377784186,-43.29806638663256,-49.86768739366812,MISO
2020-12-10,1755.8084632018831,39.84923810660091,-38.363272202128584,-74.7434291063555,MISO
2020-12-11,1755.81787200125,20.8716384130814,-33.439715389086544,-80.6587950252449,MISO
2020-12-12,1755.8272808006166,-76.91874331205933,-28.53464130356508,-52.37189618499224,MISO
2020-12-13,1755.8366895999832,-103.2054474232271,-23.655256244653785,12.95901406789767,MISO
2020-12-14,1755.84609839935,27.28595708315208,-18.808718510753422,100.0896630282516,MISO
2020-12-15,1755.8555071987166,47.36433400385684,-14.00212951787929,139.34028831530577,MISO
2020-12-16,1755.8649159980832,44.601699377784186,-9.242524990613177,120.3599096147459,MISO
2020-12-17,1755.8743247974498,39.84923810660091,-4.536866236258845,128.43030333220827,MISO
2020-12-18,1755.8837335968167,20.8716384130814,0.10796848736494269,98.49165950273732,MISO
2020-12-19,1755.8931423961833,-76.91874331205933,4.6851925001479415,14.917408415728232,MISO
2020-12-20,1755.90255119555,-103.2054474232271,9.188119113730117,-23.11922288605274,MISO
2020-12-21,1755.9119599949167,27.28595708315208,13.610169921286126,-48.30008699935479,MISO
2020-12-22,1755.9213687942834,47.36433400385684,17.944882953126204,-80.71958575126632,MISO
2020-12-23,1755.93077759365,44.601699377784186,22.1859206883621,-124.47239765979612,MISO
2020-12-24,1755.9401863930166,39.84923810660091,26.327077913031783,-54.2415024126492,MISO
2020-12-25,1755.9495951923834,20.8716384130814,30.362289415295038,-29.47952302075987,MISO
2020-12-26,1755.95900399175,-76.91874331205933,34.28563750847166,-0.6588981881625386,MISO
2020-12-27,1755.9684127911166,-103.2054474232271,38.09135937292881,-59.63632474081828,MISO
2020-12-28,1755.9778215904835,27.28595708315208,41.77385420801897,-82.34463288165443,MISO
2020-12-29,1755.98723038985,47.36433400385684,45.327690185510804,-61.724254579217586,MISO
2020-12-30,1755.9966391892167,44.601699377784186,48.74761119618721,-139.51994976318815,MISO
2020-12-31,1756.0060479885835,39.84923810660091,52.028543381525864,-140.79282947671004,MISO
2021-01-01,1756.0154567879501,20.8716384130814,52.826482696988236,-183.18257789801987,MISO
2021-01-02,1756.0248655873168,-76.91874331205933,55.92683157807993,-60.77395385333739,MISO
2021-01-03,1756.0342743866834,-103.2054474232271,58.87747411127993,-36.32930107473612,MISO
2021-01-04,1756.0436831860502,27.28595708315208,61.67397111937679,-65.444611388579,MISO
2021-01-05,1756.0530919854168,47.36433400385684,64.31209086115328,-83.97551685042708,MISO
2021-01-06,1756.0625007847834,44.601699377784186,66.78781431277393,-71.8250144753415,MISO
2021-01-07,1756.0719095841503,39.84923810660091,69.09734018992873,-21.023487880679795,MISO
2021-01-08,1756.0813183835169,20.8716384130814,71.23708970471012,26.971953498691846,MISO
2021-01-09,1756.0907271828835,-76.91874331205933,73.20371105151725,50.094305077658646,MISO
2021-01-10,1756.10013598225,-103.2054474232271,74.99408361660403,94.338227824373,MISO
2021-01-11,1756.109544781617,27.28595708315208,76.60532190621636,91.69617622901478,MISO
2021-01-12,1756.1189535809835,47.36433400385684,78.03477918860085,26.71993322655885,MISO
2021-01-13,1756.1283623803502,44.601699377784186,79.28005084550611,-69.34611260364022,MISO
2021-01-14,1756.137771179717,39.84923810660091,80.3389774291463,-96.84698671546403,MISO
2021-01-15,1756.1471799790836,20.8716384130814,81.2096474209455,-65.27746581311044,MISO
2021-01-16,1756.1565887784502,-76.91874331205933,81.89039968873783,-19.671245155128645,MISO
2021-01-17,1756.1659975778168,-103.2054474232271,82.37982563945788,-46.229375794047655,MISO
2021-01-18,1756.1754063771837,27.28595708315208,82.67677106471778,-68.42313452505368,MISO
2021-01-19,1756.1848151765503,47.36433400385684,82.78033767703404,-80.58248685744115,MISO
2021-01-20,1756.1942239759169,44.601699377784186,82.68988433483547,-86.70680768853663,MISO
2021-01-21,1756.2036327752837,39.84923810660091,82.40502795475444,-151.20589883663888,MISO
2021-01-22,1756.2130415746503,20.8716384130814,81.92564411007642,-83.0303240978078,MISO
2021-01-23,1756.222450374017,-76.91874331205933,81.2518673145962,-36.5245743765538,MISO
2021-01-24,1756.2318591733836,-103.2054474232271,80.38409099150496,-86.62550274166142,MISO
2021-01-25,1756.2412679727504,27.28595708315208,79.32296712730646,-84.78419218320869,MISO
2021-01-26,1756.250676772117,47.36433400385684,78.0694056111374,-100.09041638711119,MISO
2021-01-27,1756.2600855714836,44.601699377784186,76.62457326024,-32.54935820950777,MISO
2021-01-28,1756.2694943708505,39.84923810660091,74.98989253271114,46.52837498983786,MISO
2021-01-29,1756.278903170217,20.8716384130814,73.16703992902275,13.035418487678953,MISO
2021-01-30,1756.2883119695837,-76.91874331205933,71.15794408418112,-43.115512741705516,MISO
2021-01-31,1756.2977207689505,-103.2054474232271,68.96478355275978,-61.75005689848308,MISO
2021-02-01,1756.3071295683171,27.28595708315208,66.5899842894082,9.659929059122987,MISO
2021-02-02,1756.3165383676837,47.36433400385684,64.03621682780052,23.89891080065877,MISO
2021-02-03,1756.3259471670503,44.601699377784186,61.30639316134795,-22.535039706182488,MISO
2021-02-04,1756.3353559664172,39.84923810660091,58.40366332935578,-29.8352574023736,MISO
2021-02-05,1756.3447647657838,20.8716384130814,55.33141171265402,41.73218510848096,MISO
2021-02-06,1756.3541735651504,-76.91874331205933,52.09325304308088,103.73431670382797,MISO
2021-02-07,1756.3635823645172,-103.2054474232271,48.693028131536046,182.5388369271741,MISO
2021-02-08,1756.3729911638839,27.28595708315208,45.13479931965927,152.5502524333051,MISO
2021-02-09,1756.3823999632505,47.36433400385684,41.42284566051772,105.95842037237503,MISO
2021-02-10,1756.391808762617,44.601699377784186,37.56165783400919,139.40683402558943,MISO
2021-02-11,1756.401217561984,39.84923810660091,33.55593280300573,207.25461152840967,MISO
2021-02-12,1756.4106263613505,20.8716384130814,29.410568216570994,288.1641670089971,MISO
2021-02-13,1756.4200351607171,-76.91874331205933,25.130656566885577,367.41305158445675,MISO
2021-02-14,1756.429443960084,-103.2054474232271,20.721479106811643,450.8775243563316,MISO
2021-02-15,1756.4388527594506,27.28595708315208,16.188499535310527,459.08769062208717,MISO
2021-02-16,1756.4482615588172,47.36433400385684,11.537357458206628,352.40404697911913,MISO
2021-02-17,1756.4576703581838,44.601699377784186,6.773861632059152,325.71776863197283,MISO
2021-02-18,1756.4670791575506,39.84923810660091,1.9039829991612152,246.1666997366874,MISO
2021-02-19,1756.4764879569173,20.8716384130814,-3.0661524780627474,235.14502610806403,MISO
2021-02-20,1756.4858967562839,-76.91874331205933,-8.13027117475103,179.55911773052662,MISO
2021-02-21,1756.4953055556507,-103.2054474232271,-13.28195934465107,85.95610121222762,MISO
2021-02-22,1756.5047143550173,27.28595708315208,-18.514670835556927,-41.832000602612425,MISO
2021-02-23,1756.514123154384,47.36433400385684,-23.821734969970933,-93.42272218826997,MISO
2021-02-24,1756.5235319537505,44.601699377784186,-29.196364581621665,-113.54086674991322,MISO
2021-02-25,1756.5329407531174,39.84923810660091,-34.63166419828471,-66.46451466143344,MISO
2021-02-26,1756.542349552484,20.8716384130814,-40.120638361178095,-38.58134960438724,MISO
2021-02-27,1756.5517583518506,-76.91874331205933,-45.65620007103729,-90.91481496875394,MISO
2021-02-28,1756.5611671512174,-103.2054474232271,-51.23117935082498,-65.42454037716516,MISO
2021-03-01,1756.570575950584,27.28595708315208,-56.83833191488936,-4.1782011188468005,MISO
2021-03-02,1756.5799847499507,47.36433400385684,-62.47034793425541,21.77902918044765,MISO
2021-03-03,1756.5893935493173,44.601699377784186,-68.11986088761915,-51.80823203948239,MISO
2021-03-04,1756.598802348684,39.84923810660091,-73.77945648750949,-52.77358396777527,MISO
2021-03-05,1756.6082111480507,20.8716384130814,-79.4416816709914,-25.73116789014057,MISO
2021-03-06,1756.6176199474173,-76.91874331205933,-85.09905364420597,-43.60982299115199,MISO
2021-03-07,1756.6270287467842,-103.2054474232271,-90.74406896997684,-46.062512353579905,MISO
2021-03-08,1756.6364375461508,27.28595708315208,-96.3692126876561,-82.38318194164663,MISO
2021-03-09,1756.6458463455174,47.36433400385684,-101.96696745434967,-121.79221289502448,MISO
2021-03-10,1756.6552551448842,44.601699377784186,-107.5298226966245,-124.54613182604362,MISO
2021-03-11,1756.6646639442508,39.84923810660091,-113.05028376179442,-109.42761828905714,MISO
2021-03-12,1756.6740727436174,20.8716384130814,-118.52088105787443,-70.79483009882438,MISO
2021-03-13,1756.683481542984,-76.91874331205933,-123.9341791713053,-60.75055905961949,MISO
2021-03-14,1756.692890342351,-103.2054474232271,-129.2827859515768,-97.88965696754667,MISO
2021-03-15,1756.7022991417175,27.28595708315208,-134.55936155191085,41.67810532704152,MISO
2021-03-16,1756.7117079410841,47.36433400385684,-139.7566274152198,9.07458547027909,MISO
2021-03-17,1756.721116740451,44.601699377784186,-144.86737519461525,-7.8054409236194715,MISO
2021-03-18,1756.7305255398176,39.84923810660091,-149.88447559781827,5.4327119514000515,MISO
2021-03-19,1756.7399343391842,20.8716384130814,-154.80088714491137,15.326314392645827,MISO
2021-03-20,1756.7493431385508,-76.91874331205933,-159.60966482897155,-13.656934997520011,MISO
2021-03-21,1756.7587519379176,-103.2054474232271,-164.3039686692374,-40.67033584545311,MISO
2021-03-22,1756.7681607372842,27.28595708315208,-168.8770721465888,-60.36104567384723,MISO
2021-03-23,1756.7775695366508,47.36433400385684,-173.32237051125315,-62.874533029254735,MISO
2021-03-24,1756.7869783360177,44.601699377784186,-177.63338895280523,-66.52428876099657,MISO
2021-03-25,1756.7963871353843,39.84923810660091,-181.8037906226839,-27.277834619301075,MISO
2021-03-26,1756.805795934751,20.8716384130814,-185.8273844996259,-9.254049848206478,MISO
2021-03-27,1756.8152047341175,-76.91874331205933,-189.69813308859915,5.40867166654084,MISO
2021-03-28,1756.8246135334844,-103.2054474232271,-193.41015994401172,-7.666006166245552,MISO
2021-03-29,1756.834022332851,27.28595708315208,-196.9577570081832,-17.55922240781979,MISO
2021-03-30,1756.8434311322176,47.36433400385684,-200.33539175627675,-22.819373379797526,MISO
2021-03-31,1756.8528399315844,44.601699377784186,-203.53771413912216,16.35017482975377,MISO
2021-04-01,1756.862248730951,39.84923810660091,-206.55956331559457,52.23607647804283,MISO
2021-04-02,1756.8716575303176,20.8716384130814,-209.39597416646268,-11.016321776936365,MISO
2021-04-03,1756.8810663296842,-76.91874331205933,-212.0421835818766,-34.931139435748264,MISO
2021-04-04,1756.890475129051,-103.2054474232271,-214.49363651493195,-71.0073911908919,MISO
2021-04-05,1756.8998839284177,27.28595708315208,-216.74599179402264,-35.35284921754692,MISO
2021-04-06,1756.9092927277843,47.36433400385684,-218.79512768697776,-8.949499044663298,MISO
2021-04-07,1756.9187015271511,44.601699377784186,-220.6371472102715,5.136746305336146,MISO
2021-04-08,1756.9281103265178,39.84923810660091,-222.26838317689422,3.312034743775712,MISO
2021-04-09,1756.9375191258844,20.8716384130814,-223.68540297678183,29.987245437816227,MISO
2021-04-10,1756.9469279252512,-76.91874331205933,-224.8850130840146,-3.3831715291771616,MISO
2021-04-11,1756.9563367246178,-103.2054474232271,-225.8642632853199,-2.3706260160706734,MISO
2021-04-12,1756.9657455239844,27.28595708315208,-226.62045062474124,13.274748017604907,MISO
2021-04-13,1756.975154323351,47.36433400385684,-227.15112305966986,-5.4693652675380235,MISO
2021-04-14,1756.9845631227179,44.601699377784186,-227.4540828237781,-9.371179676723841,MISO
2021-04-15,1756.9939719220845,39.84923810660091,-227.52738949273632,8.144179464051149,MISO
2021-04-16,1757.003380721451,20.8716384130814,-227.36936274894867,-14.525656385583716,MISO
2021-04-17,1757.012789520818,-76.91874331205933,-226.978584841896,-32.598461366862466,MISO
2021-04-18,1757.0221983201845,-103.2054474232271,-226.35390274103486,-28.373848155922587,MISO
2021-04-19,1757.0316071195512,27.28595708315208,-225.4944299785637,0.5968657758605787,MISO
2021-04-20,1757.0410159189178,47.36433400385684,-224.3995481797341,37.5851982569593,MISO
2021-04-21,1757.0504247182846,44.601699377784186,-223.06890827875313,43.19578418268452,MISO
2021-04-22,1757.0598335176512,39.84923810660091,-221.50243141869413,10.258359794442185,MISO
2021-04-23,1757.0692423170178,20.8716384130814,-219.7003095342078,-6.969571195891604,MISO
2021-04-24,1757.0786511163847,-76.91874331205933,-217.66300561619818,6.906097811872996,MISO
2021-04-25,1757.0880599157513,-103.2054474232271,-215.3912536580047,-21.510358834519366,MISO
2021-04-26,1757.0974687151179,27.28595708315208,-212.886058283009,-0.37136751526077205,MISO
2021-04-27,1757.1068775144845,47.36433400385684,-210.148694053958,26.097482535616564,MISO
2021-04-28,1757.1162863138513,44.601699377784186,-207.18070446467658,40.31071877304112,MISO
2021-04-29,1757.125695113218,39.84923810660091,-203.98390061521135,26.71196739539255,MISO
2021-04-30,1757.1351039125846,20.8716384130814,-200.56035957182854,-31.582382753837237,MISO
2021-05-01,1757.1445127119514,-76.91874331205933,-196.9124224136558,-32.51434698623598,MISO
2021-05-02,1757.153921511318,-103.2054474232271,-193.04269196813155,-0.8047821199590999,MISO
2021-05-03,1757.1633303106846,27.28595708315208,-188.9540302377911,46.37374284395446,MISO
2021-05-04,1757.1727391100512,47.36433400385684,-184.64955552128697,-23.73451759262116,MISO
2021-05-05,1757.182147909418,44.601699377784186,-180.13263923189842,-89.63720805530374,MISO
2021-05-06,1757.1915567087847,39.84923810660091,-175.40690241714668,-70.07689239823867,MISO
2021-05-07,1757.2009655081513,20.8716384130814,-170.4762119834822,-81.53839193775048,MISO
2021-05-08,1757.2103743075181,-76.91874331205933,-165.3446766303644,-67.82595436509405,MISO
2021-05-09,1757.2197831068847,-103.2054474232271,-160.01664249839155,-49.298693185266075,MISO
2021-05-10,1757.2291919062513,27.28595708315208,-154.49668853648265,-49.773460452920745,MISO
2021-05-11,1757.238600705618,47.36433400385684,-148.78962159344294,-86.15031311603207,MISO
2021-05-12,1757.2480095049848,44.601699377784186,-142.90047123957078,-112.39523764319802,MISO
2021-05-13,1757.2574183043514,39.84923810660091,-136.8344843242841,-111.03417208666792,MISO
2021-05-14,1757.266827103718,20.8716384130814,-130.597119276056,-112.95034624074356,MISO
2021-05-15,1757.2762359030849,-76.91874331205933,-124.19404015125707,-128.1154524397682,MISO
2021-05-16,1757.2856447024515,-103.2054474232271,-117.63111043879498,-102.30408684042936,MISO
2021-05-17,1757.295053501818,27.28595708315208,-110.91438662773557,-85.89962395723433,MISO
2021-05-18,1757.304462301185,47.36433400385684,-104.050111545367,-76.94068475967424,MISO
2021-05-19,1757.3138711005515,44.601699377784186,-97.04470747344197,-24.104863004893332,MISO
2021-05-20,1757.3232798999181,39.84923810660091,-89.90476905059799,57.65225104407932,MISO
2021-05-21,1757.3326886992847,20.8716384130814,-82.63705596920474,88.42772885683848,MISO
2021-05-22,1757.3420974986516,-76.91874331205933,-75.24848547513568,101.49613128854367,MISO
2021-05-23,1757.3515062980182,-103.2054474232271,-67.74612467919148,87.56006580440044,MISO
2021-05-24,1757.3609150973848,27.28595708315208,-60.13718268912788,109.25531050859104,MISO
2021-05-25,1757.3703238967516,47.36433400385684,-52.42900257145527,151.25334467084667,MISO
2021-05-26,1757.3797326961183,44.601699377784186,-44.62905315237509,54.15962107847281,MISO
2021-05-27,1757.3891414954849,39.84923810660091,-36.74492066741378,-25.194458934671957,MISO
2021-05-28,1757.3985502948515,20.8716384130814,-28.784300269490586,-127.94888843844205,MISO
2021-05-29,1757.4079590942183,-76.91874331205933,-20.75498740532717,-228.24422837683164,MISO
2021-05-30,1757.417367893585,-103.2054474232271,-12.664869070263478,-246.64905140009432,MISO
2021-05-31,1757.4267766929515,27.28595708315208,-4.5219149516856305,-319.6138188244179,MISO
2021-06-01,1757.4361854923184,47.36433400385684,3.6658315285907292,-153.17035102476575,MISO
2021-06-02,1757.445594291685,44.601699377784186,11.890262262523436,-105.3135559319926,MISO
2021-06-03,1757.4550030910516,39.84923810660091,20.143213584059026,-20.99445478171151,MISO
2021-06-04,1757.4644118904182,20.8716384130814,28.416475466699865,78.64147422980045,MISO
2021-06-05,1757.473820689785,-76.91874331205933,36.70180077967069,144.2161218426038,MISO
2021-06-06,1757.4832294891517,-103.2054474232271,44.990914591866556,160.8013033422087,MISO
2021-06-07,1757.4926382885183,27.28595708315208,53.275523512708645,199.1528811156213,MISO
2021-06-08,1757.502047087885,47.36433400385684,61.54732505898042,207.7972938492776,MISO
2021-06-09,1757.5114558872517,44.601699377784186,69.7980170366973,257.8178276982667,MISO
2021-06-10,1757.5208646866183,39.84923810660091,78.01930692703175,289.052590279749,MISO
2021-06-11,1757.530273485985,20.8716384130814,86.20292126531875,299.75316683561505,MISO
2021-06-12,1757.5396822853518,-76.91874331205933,94.34061500216721,240.92244602454025,MISO
2021-06-13,1757.5490910847184,-103.2054474232271,102.42418083572875,201.92417550278014,MISO
2021-06-14,1757.558499884085,27.28595708315208,110.4454585042005,106.14208452856269,MISO
2021-06-15,1757.5679086834518,47.36433400385684,118.39634402769141,30.478413285000215,MISO
2021-06-16,1757.5773174828184,44.601699377784186,126.26879888863374,10.522184250763758,MISO
2021-06-17,1757.586726282185,39.84923810660091,134.0548591400015,90.41517647121259,MISO
2021-06-18,1757.5961350815517,20.8716384130814,141.74664443066706,164.19858207469997,MISO
2021-06-19,1757.6055438809185,-76.91874331205933,149.33636693734096,35.94183249380012,MISO
2021-06-20,1757.6149526802851,-103.2054474232271,156.81634019263367,38.5941545503083,MISO
2021-06-21,1757.6243614796517,27.28595708315208,164.17898779890993,-153.42030636171353,MISO
2021-06-22,1757.6337702790186,47.36433400385684,171.41685201773277,-262.110956300608,MISO
2021-06-23,1757.6431790783852,44.601699377784186,178.52260222484625,-151.60748068101543,MISO
2021-06-24,1757.6525878777518,39.84923810660091,185.48904322079568,-21.01586920514842,MISO
2021-06-25,1757.6619966771186,20.8716384130814,192.30912338746046,10.412241522339627,MISO
2021-06-26,1757.6714054764852,-76.91874331205933,198.97594268095023,23.463395154623868,MISO
2021-06-27,1757.6808142758518,-103.2054474232271,205.48276045151042,39.29087269586489,MISO
2021-06-28,1757.6902230752185,27.28595708315208,211.82300308128185,71.55181676034749,MISO
2021-06-29,1757.6996318745853,47.36433400385684,217.9902714309787,85.86676269057921,MISO
2021-06-30,1757.709040673952,44.601699377784186,223.9783480867655,53.49391186149842,MISO
2021-07-01,1757.7184494733185,39.84923810660091,229.78120439885674,-2.8608919787761806,MISO
2021-07-02,1757.7278582726854,20.8716384130814,235.39300730360029,-146.9205039893668,MISO
2021-07-03,1757.737267072052,-76.91874331205933,240.8081259210652,-160.65664968105762,MISO
2021-07-04,1757.7466758714186,-103.2054474232271,246.0211379204136,-17.420366368604846,MISO
2021-07-05,1757.7560846707852,27.28595708315208,251.02683564561252,21.58112260045027,MISO
2021-07-06,1757.765493470152,47.36433400385684,255.82023199432155,115.29494053166991,MISO
2021-07-07,1757.7749022695186,44.601699377784186,260.39656604308254,-35.30616769038488,MISO
2021-07-08,1757.7843110688852,39.84923810660091,264.75130841223626,-131.43085758772236,MISO
2021-07-09,1757.793719868252,20.8716384130814,268.88016636429387,-177.80652464562718,MISO
2021-07-10,1757.8031286676187,-76.91874331205933,272.7790886298097,-184.87447398536892,MISO
2021-07-11,1757.8125374669853,-103.2054474232271,276.44426995511634,-212.86435999887453,MISO
2021-07-12,1757.821946266352,27.28595708315208,279.8721553666146,-181.47505871611838,MISO
2021-07-13,1757.8313550657188,47.36433400385684,283.05944414663986,-90.99913321621557,MISO
2021-07-14,1757.8407638650854,44.601699377784186,286.00309351627055,-29.21455675913967,MISO
2021-07-15,1757.850172664452,39.84923810660091,288.70032202078335,-16.99873279183612,MISO
2021-07-16,1757.8595814638188,20.8716384130814,291.1486126138137,-137.79383249071384,MISO
2021-07-17,1757.8689902631854,-76.91874331205933,293.34571543663213,-127.30496238775822,MISO
2021-07-18,1757.878399062552,-103.2054474232271,295.2896502893065,-84.57260192863123,MISO
2021-07-19,1757.8878078619186,27.28595708315208,296.97870879088157,-33.54147373595242,MISO
2021-07-20,1757.8972166612855,47.36433400385684,298.41145622607394,-50.20300689121632,MISO
2021-07-21,1757.906625460652,44.601699377784186,299.5867330763484,-84.2190579147848,MISO
2021-07-22,1757.9160342600187,39.84923810660091,300.50365623361233,-30.032928600232026,MISO
2021-07-23,1757.9254430593855,20.8716384130814,301.1616198951397,77.49229863239361,MISO
2021-07-24,1757.9348518587522,-76.91874331205933,301.5602961387095,139.07459531459767,MISO
2021-07-25,1757.9442606581188,-103.2054474232271,301.6996351773191,100.60555158778925,MISO
2021-07-26,1757.9536694574856,27.28595708315208,301.57986529321215,134.94650816615058,MISO
2021-07-27,1757.9630782568522,47.36433400385684,301.20149245133405,128.13709528795698,MISO
2021-07-28,1757.9724870562188,44.601699377784186,300.56529959270904,169.87951397328789,MISO
2021-07-29,1757.9818958555854,39.84923810660091,299.6723456086053,175.51352042920826,MISO
2021-07-30,1757.9913046549523,20.8716384130814,298.52396399673285,-34.666907064766065,MISO
2021-07-31,1758.0007134543189,-76.91874331205933,297.12176120109064,-122.83673134335027,MISO
2021-08-01,1758.0101222536855,-103.2054474232271,295.4676146374528,-146.53228946791114,MISO
2021-08-02,1758.0195310530523,27.28595708315208,293.5636704068521,-190.988158543056,MISO
2021-08-03,1758.028939852419,47.36433400385684,291.412340699786,-166.63161455606178,MISO
2021-08-04,1758.0383486517856,44.601699377784186,289.01630089423423,-110.67334892380427,MISO
2021-08-05,1758.0477574511522,39.84923810660091,286.37848635093656,-84.04848190868984,MISO
2021-08-06,1758.057166250519,20.8716384130814,283.50208890973545,-39.845893573335616,MISO
2021-08-07,1758.0665750498856,-76.91874331205933,280.3905530911378,7.305615171036152,MISO
2021-08-08,1758.0759838492522,-103.2054474232271,277.04757200759946,79.0168915663753,MISO
2021-08-09,1758.085392648619,27.28595708315208,273.47708298937437,125.16556727885472,MISO
2021-08-10,1758.0948014479857,47.36433400385684,269.68326293010574,215.55860161805185,MISO
2021-08-11,1758.1042102473523,44.601699377784186,265.6705233576678,172.65256701719545,MISO
2021-08-12,1758.113619046719,39.84923810660091,261.4435052360872,102.44063761059306,MISO
2021-08-13,1758.1230278460857,20.8716384130814,257.0070735046896,-5.789739763856687,MISO
2021-08-14,1758.1324366454523,-76.91874331205933,252.366311360924,-74.17400469431709,MISO
2021-08-15,1758.141845444819,-103.2054474232271,247.5265142936227,-103.22691231521458,MISO
2021-08-16,1758.1512542441858,27.28595708315208,242.49318387374024,-48.53839520107772,MISO
2021-08-17,1758.1606630435524,47.36433400385684,237.2720213099068,47.25298164268429,MISO
2021-08-18,1758.170071842919,44.601699377784186,231.86892077640027,126.4103080028965,MISO
2021-08-19,1758.1794806422856,39.84923810660091,226.2899625214161,173.32931872969766,MISO
2021-08-20,1758.1888894416525,20.8716384130814,220.54140576376008,204.9110663815061,MISO
2021-08-21,1758.198298241019,-76.91874331205933,214.62968138635102,144.27576368468908,MISO
2021-08-22,1758.2077070403857,-103.2054474232271,208.56138443514615,132.41135594769503,MISO
2021-08-23,1758.2171158397525,27.28595708315208,202.34326643233703,220.65566064475865,MISO
2021-08-24,1758.2265246391191,47.36433400385684,195.98222751287565,274.2209138441483,MISO
2021-08-25,1758.2359334384857,44.601699377784186,189.4853083936062,266.7370587901237,MISO
2021-08-26,1758.2453422378524,39.84923810660091,182.85968218445993,229.2617374710867,MISO
2021-08-27,1758.2547510372192,20.8716384130814,176.1126460513665,200.24596449833325,MISO
2021-08-28,1758.2641598365858,-76.91874331205933,169.25161274070626,235.7649707347673,MISO
2021-08-29,1758.2735686359524,-103.2054474232271,162.28410197528146,143.44977681199316,MISO
2021-08-30,1758.2829774353193,27.28595708315208,155.2177317319446,-37.67866625041597,MISO
2021-08-31,1758.2923862346859,47.36433400385684,148.06020941115327,-98.53092964969596,MISO
2021-09-01,1758.3017950340525,44.601699377784186,140.8193229088456,-118.47881732068208,MISO
2021-09-02,1758.3112038334193,39.84923810660091,133.50293160115328,-176.92937354117316,MISO
2021-09-03,1758.320612632786,20.8716384130814,126.11895725255098,-196.9812082984181,MISO
2021-09-04,1758.3300214321525,-76.91874331205933,118.67537485815362,-185.35865297824648,MISO
2021-09-05,1758.3394302315191,-103.2054474232271,111.18020343092559,-152.40118623921762,MISO
2021-09-06,1758.348839030886,27.28595708315208,103.64149674464316,-252.4242928586807,MISO
2021-09-07,1758.3582478302526,47.36433400385684,96.06733404350001,-76.54891587760949,MISO
2021-09-08,1758.3676566296192,44.601699377784186,88.46581072927384,-113.81216673667723,MISO
2021-09-09,1758.377065428986,39.84923810660091,80.8450290370082,-147.8793325725951,MISO
2021-09-10,1758.3864742283527,20.8716384130814,73.21308871016498,-118.00020135159889,MISO
2021-09-11,1758.3958830277193,-76.91874331205933,65.57807768621187,-17.071217401871763,MISO
2021-09-12,1758.4052918270859,-103.2054474232271,57.94806280358205,29.766092792558993,MISO
2021-09-13,1758.4147006264527,27.28595708315208,50.331080540924404,30.8502617494712,MISO
2021-09-14,1758.4241094258193,47.36433400385684,42.73512779952519,55.005428770798744,MISO
2021-09-15,1758.433518225186,44.601699377784186,35.168152739715566,-41.144370342685534,MISO
2021-09-16,1758.4429270245528,39.84923810660091,27.638045682026004,15.325789186820657,MISO
2021-09-17,1758.4523358239194,20.8716384130814,20.15263008376884,81.6123956792303,MISO
2021-09-18,1758.461744623286,-76.91874331205933,12.719653601626135,74.895345087147,MISO
2021-09-19,1758.4711534226526,-103.2054474232271,5.346779250737015,135.16751474983744,MISO
2021-09-20,1758.4805622220194,27.28595708315208,-1.958423329358709,158.1749040241873,MISO
2021-09-21,1758.489971021386,47.36433400385684,-9.188486491677011,3.8621814664340945,MISO
2021-09-22,1758.4993798207527,44.601699377784186,-16.336053071549586,-166.18302612698722,MISO
2021-09-23,1758.5087886201195,39.84923810660091,-23.393884739245294,-188.37614198747497,MISO
2021-09-24,1758.5181974194861,20.8716384130814,-30.354870205665407,-166.54196562690208,MISO
2021-09-25,1758.5276062188527,-76.91874331205933,-37.21203327151564,-154.8168296352776,MISO
2021-09-26,1758.5370150182193,-103.2054474232271,-43.95854071053287,-84.41702688445935,MISO
2021-09-27,1758.5464238175862,27.28595708315208,-50.587709977543426,47.95432907680561,MISO
2021-09-28,1758.5558326169528,47.36433400385684,-57.09301673235109,36.84685011154147,MISO
2021-09-29,1758.5652414163194,44.601699377784186,-63.468102170653054,52.237161376549466,MISO
2021-09-30,1758.5746502156862,39.84923810660091,-69.7067801534323,81.00189183114571,MISO
2021-10-01,1758.5840590150528,20.8716384130814,-75.80304412649974,66.06834669836576,MISO
2021-10-02,1758.5934678144195,-76.91874331205933,-81.75107382211674,50.48734931975673,MISO
2021-10-03,1758.602876613786,-103.2054474232271,-87.54524173488952,69.19081254433058,MISO
2021-10-04,1758.612285413153,27.28595708315208,-93.18011936438683,43.907876868081985,MISO
2021-10-05,1758.6216942125195,47.36433400385684,-98.65048321722259,17.21645500084628,MISO
2021-10-06,1758.6311030118861,44.601699377784186,-103.95132056162173,28.693518171951382,MISO
2021-10-07,1758.640511811253,39.84923810660091,-109.07783492778242,55.37808500992878,MISO
2021-10-08,1758.6499206106196,20.8716384130814,-114.02545134765857,83.89389232395774,MISO
2021-10-09,1758.6593294099862,-76.91874331205933,-118.78982132808359,108.52823523015672,MISO
2021-10-10,1758.668738209353,-103.2054474232271,-123.36682755148558,142.58453676535964,MISO
2021-10-11,1758.6781470087196,27.28595708315208,-127.7525882987591,111.61048420688735,MISO
2021-10-12,1758.6875558080862,47.36433400385684,-131.9434615891926,56.622571777249505,MISO
2021-10-13,1758.6969646074529,44.601699377784186,-135.93604903268772,68.04638504745071,MISO
2021-10-14,1758.7063734068197,39.84923810660091,-139.72719938984247,87.993587876422,MISO
2021-10-15,1758.7157822061863,20.8716384130814,-143.31401183582787,44.612591216560304,MISO
2021-10-16,1758.725191005553,-76.91874331205933,-146.69383892432592,-75.96960876916751,MISO
2021-10-17,1758.7345998049198,-103.2054474232271,-149.86428924816494,-78.90386313352747,MISO
2021-10-18,1758.7440086042864,27.28595708315208,-152.82322979364142,-55.93673589379682,MISO
2021-10-19,1758.753417403653,47.36433400385684,-155.56878798588093,-51.49496342162888,MISO
2021-10-20,1758.7628262030196,44.601699377784186,-158.09935342296205,-11.167172157841833,MISO
2021-10-21,1758.7722350023864,39.84923810660091,-160.41357929689264,8.746106187905525,MISO
2021-10-22,1758.781643801753,20.8716384130814,-162.51038349989722,6.666101285062723,MISO
2021-10-23,1758.7910526011196,-76.91874331205933,-164.3889494148565,12.338640125796246,MISO
2021-10-24,1758.8004614004865,-103.2054474232271,-166.04872638910177,44.04271241184256,MISO
2021-10-25,1758.809870199853,27.28595708315208,-167.48942989115446,38.72060260814942,MISO
2021-10-26,1758.8192789992197,47.36433400385684,-168.71104135036882,1.9174283472923435,MISO
2021-10-27,1758.8286877985863,44.601699377784186,-169.7138076798158,3.0824205034452916,MISO
2021-10-28,1758.8380965979532,39.84923810660091,-170.49824048312095,-18.03009422143282,MISO
2021-10-29,1758.8475053973198,20.8716384130814,-171.06511494634168,-32.62202886405953,MISO
2021-10-30,1758.8569141966864,-76.91874331205933,-171.41546841634596,-45.23170246828113,MISO
2021-10-31,1758.8663229960532,-103.2054474232271,-171.5505986675233,-26.92627690530253,MISO
2021-11-01,1758.8757317954198,27.28595708315208,-171.472061859029,24.146372980457045,MISO
2021-11-02,1758.8851405947864,47.36433400385684,-171.18167018513,31.96619558648672,MISO
2021-11-03,1758.894549394153,44.601699377784186,-170.681489221583,50.543240449645964,MISO
2021-11-04,1758.9039581935199,39.84923810660091,-169.97383497133634,59.103638671215776,MISO
2021-11-05,1758.9133669928865,20.8716384130814,-169.0612706132034,53.19826520723586,MISO
2021-11-06,1758.922775792253,-76.91874331205933,-167.94660295750623,27.076570477312544,MISO
2021-11-07,1758.93218459162,-103.2054474232271,-166.63287861303536,58.10014144464253,MISO
2021-11-08,1758.9415933909866,27.28595708315208,-165.1233798700148,-15.439170604123774,MISO
2021-11-09,1758.9510021903532,47.36433400385684,-163.42162030409483,-29.613715890115373,MISO
2021-11-10,1758.96041098972,44.601699377784186,-161.53134010672764,-30.183770260776328,MISO
2021-11-11,1758.9698197890866,39.84923810660091,-159.45650114760437,-33.36755674808319,MISO
2021-11-12,1758.9792285884532,20.8716384130814,-157.20128177514755,31.398414773613013,MISO
2021-11-13,1758.9886373878198,-76.91874331205933,-154.77007136136493,80.58417728560426,MISO
2021-11-14,1758.9980461871867,-103.2054474232271,-152.16746459767097,98.89186583371179,MISO
2021-11-15,1759.0074549865533,27.28595708315208,-149.3982555485802,72.48784347887499,MISO
2021-11-16,1759.01686378592,47.36433400385684,-146.46743147045802,16.91223368068131,MISO
2021-11-17,1759.0262725852867,44.601699377784186,-143.3801664027961,-17.873805560274604,MISO
2021-11-18,1759.0356813846533,39.84923810660091,-140.14181453974896,52.001895048494816,MISO
2021-11-19,1759.04509018402,20.8716384130814,-136.75790338992255,98.73417479282125,MISO
2021-11-20,1759.0544989833866,-76.91874331205933,-133.23412673266424,59.02937106133709,MISO
2021-11-21,1759.0639077827534,-103.2054474232271,-129.5763373793353,30.888877019809343,MISO
2021-11-22,1759.07331658212,27.28595708315208,-125.79053974828335,82.76426608301131,MISO
2021-11-23,1759.0827253814866,47.36433400385684,-121.88288226245093,72.63682287710753,MISO
2021-11-24,1759.0921341808535,44.601699377784186,-117.85964957876297,-1.1841839798744331,MISO
2021-11-25,1759.10154298022,39.84923810660091,-113.72725465863616,-155.1775264281846,MISO
2021-11-26,1759.1109517795867,20.8716384130814,-109.49223068914543,-46.17235950352256,MISO
2021-11-27,1759.1203605789533,-76.91874331205933,-105.16122286454386,27.43560559765001,MISO
2021-11-28,1759.1297693783201,-103.2054474232271,-100.74098003802192,38.68165808292906,MISO
2021-11-29,1759.1391781776867,27.28595708315208,-96.23834625371379,60.05021099287501,MISO
2021-11-30,1759.1485869770534,47.36433400385684,-91.6602521691265,-6.59566881178398,MISO
2021-12-01,1759.1579957764202,44.601699377784186,-87.01370637828288,-35.969988775921365,MISO
2021-12-02,1759.1674045757868,39.84923810660091,-82.30578664598322,-75.78285603640416,MISO
2021-12-03,1759.1768133751534,20.8716384130814,-77.54363106370928,-57.40982072452539,MISO
2021-12-04,1759.18622217452,-76.91874331205933,-72.73442913776431,-22.81404972469636,MISO
2021-12-05,1759.1956309738869,-103.2054474232271,-67.88541282034723,1.0872292696876684,MISO
2021-12-06,1759.2050397732535,27.28595708315208,-63.00384749430074,48.55285063789506,MISO
2021-12-07,1759.21444857262,47.36433400385684,-58.09702292234776,144.1922403458709,MISO
2021-12-08,1759.223857371987,44.601699377784186,-53.17224417165397,77.14468742188319,MISO
2021-12-09,1759.2332661713535,39.84923810660091,-48.2368225245979,28.529318246643697,MISO
2021-12-10,1759.2426749707201,20.8716384130814,-43.29806638663256,-20.273246997169053,MISO
2021-12-11,1759.2520837700868,-76.91874331205933,-38.363272202128584,-31.344068255898947,MISO
2021-12-12,1759.2614925694536,-103.2054474232271,-33.439715389086544,11.745670242860342,MISO
2021-12-13,1759.2709013688202,27.28595708315208,-28.53464130356508,-24.286217148407104,MISO
2021-12-14,1759.2803101681868,47.36433400385684,-23.655256244653785,-76.93938792739004,MISO
2021-12-15,1759.2897189675537,44.601699377784186,-18.808718510753422,-144.63169983458397,MISO
2021-12-16,1759.2991277669203,39.84923810660091,-14.00212951787929,-101.4832363556418,MISO
2021-12-17,1759.3085365662869,20.8716384130814,-9.242524990613177,2.5553500112448546,MISO
2021-12-18,1759.3179453656537,-76.91874331205933,-4.536866236258845,10.028664182664897,MISO
2021-12-19,1759.3273541650203,-103.2054474232271,0.10796848736494269,56.73412477084207,MISO
2021-12-20,1759.336762964387,27.28595708315208,4.6851925001479415,78.46808745231328,MISO
2021-12-21,1759.3461717637535,47.36433400385684,9.188119113730117,53.804375118659664,MISO
2021-12-22,1759.3555805631204,44.601699377784186,13.610169921286126,49.08955013780951,MISO
2021-12-23,1759.364989362487,39.84923810660091,17.944882953126204,-78.24611042221386,MISO
2021-12-24,1759.3743981618536,20.8716384130814,22.1859206883621,-287.39795726329703,MISO
2021-12-25,1759.3838069612204,-76.91874331205933,26.327077913031783,-266.20614156219267,MISO
2021-12-26,1759.393215760587,-103.2054474232271,30.362289415295038,-152.44205775265505,MISO
2021-12-27,1759.4026245599537,27.28595708315208,34.28563750847166,-198.02821915157756,MISO
2021-12-28,1759.4120333593203,47.36433400385684,38.09135937292881,-117.409726736106,MISO
2021-12-29,1759.4214421586871,44.601699377784186,41.77385420801897,-95.21799574449028,MISO
2021-12-30,1759.4308509580537,39.84923810660091,45.327690185510804,-122.63577925016511,MISO
2021-12-31,1759.4402597574203,20.8716384130814,48.74761119618721,-200.06450936668898,MISO
2022-01-01,1759.4496685567872,-76.91874331205933,52.826482696988236,-90.46240794171604,MISO
2022-01-02,1759.4590773561538,-103.2054474232271,55.92683157807993,83.54153848899341,MISO
2022-01-03,1759.4684861555204,27.28595708315208,58.87747411127993,113.22008265004774,MISO
2022-01-04,1759.477894954887,47.36433400385684,61.67397111937679,65.1847999218794,MISO
2022-01-05,1759.4873037542538,44.601699377784186,64.31209086115328,32.45290600680892,MISO
2022-01-06,1759.4967125536205,39.84923810660091,66.78781431277393,138.41723502700484,MISO
2022-01-07,1759.506121352987,20.8716384130814,69.09734018992873,220.69690004400286,MISO
2022-01-08,1759.515530152354,-76.91874331205933,71.23708970471012,85.26612345499552,MISO
2022-01-09,1759.5249389517205,-103.2054474232271,73.20371105151725,4.036797419989398,MISO
2022-01-10,1759.5343477510871,27.28595708315208,74.99408361660403,95.98961154915696,MISO
2022-01-11,1759.5437565504537,47.36433400385684,76.60532190621636,66.97858753947298,MISO
2022-01-12,1759.5531653498206,44.601699377784186,78.03477918860085,-77.89364391620529,MISO
2022-01-13,1759.5625741491872,39.84923810660091,79.28005084550611,-93.72686310129393,MISO
2022-01-14,1759.5719829485538,20.8716384130814,80.3389774291463,-47.24859879078144,MISO
2022-01-15,1759.5813917479206,-76.91874331205933,81.2096474209455,26.0867041431934,MISO
2022-01-16,1759.5908005472872,-103.2054474232271,81.89039968873783,98.69724718720204,MISO
2022-01-17,1759.6002093466539,27.28595708315208,82.37982563945788,10.757007930736108,MISO
2022-01-18,1759.6096181460207,47.36433400385684,82.67677106471778,-54.546723214595204,MISO
2022-01-19,1759.6190269453873,44.601699377784186,82.78033767703404,-36.06306400020526,MISO
2022-01-20,1759.628435744754,39.84923810660091,82.68988433483547,177.99144181380984,MISO
2022-01-21,1759.6378445441205,20.8716384130814,82.40502795475444,249.44948908804372,MISO
2022-01-22,1759.6472533434874,-76.91874331205933,81.92564411007642,199.53484585849583,MISO
2022-01-23,1759.656662142854,-103.2054474232271,81.2518673145962,135.300917965777,MISO
2022-01-24,1759.6660709422206,27.28595708315208,80.38409099150496,83.4738809831224,MISO
2022-01-25,1759.6754797415874,47.36433400385684,79.32296712730646,117.94321912724945,MISO
2022-01-26,1759.684888540954,44.601699377784186,78.0694056111374,188.87500647012484,MISO
2022-01-27,1759.6942973403206,39.84923810660091,76.62457326024,99.42389129283879,MISO
2022-01-28,1759.7037061396873,20.8716384130814,74.98989253271114,114.80776291452048,MISO
2022-01-29,1759.713114939054,-76.91874331205933,73.16703992902275,146.3995884439828,MISO
2022-01-30,1759.7225237384207,-103.2054474232271,71.15794408418112,45.52197960062517,MISO
2022-01-31,1759.7319325377873,27.28595708315208,68.96478355275978,-14.99767317369924,MISO
2022-02-01,1759.7413413371542,47.36433400385684,66.5899842894082,-107.40365963041904,MISO
2022-02-02,1759.7507501365208,44.601699377784186,64.03621682780052,-25.161666342105264,MISO
2022-02-03,1759.7601589358874,39.84923810660091,61.30639316134795,122.14820979616388,MISO
2022-02-04,1759.769567735254,20.8716384130814,58.40366332935578,238.58213052230894,MISO
2022-02-05,1759.7789765346208,-76.91874331205933,55.33141171265402,228.4323550647846,MISO
2022-02-06,1759.7883853339874,-103.2054474232271,52.09325304308088,132.48480904615894,MISO
2022-02-07,1759.797794133354,27.28595708315208,48.693028131536046,92.69422065195795,MISO
2022-02-08,1759.8072029327209,47.36433400385684,45.13479931965927,10.897663743763133,MISO
2022-02-09,1759.8166117320875,44.601699377784186,41.42284566051772,-49.669156770389236,MISO
2022-02-10,1759.826020531454,39.84923810660091,37.56165783400919,-24.366916472064304,MISO
2022-02-11,1759.8354293308207,20.8716384130814,33.55593280300573,-39.55000054690777,MISO
2022-02-12,1759.8448381301876,-76.91874331205933,29.410568216570994,92.13033696530101,MISO
2022-02-13,1759.8542469295542,-103.2054474232271,25.130656566885577,178.4515439267875,MISO
2022-02-14,1759.8636557289208,27.28595708315208,20.721479106811643,111.5669080811158,MISO
2022-02-15,1759.8730645282876,47.36433400385684,16.188499535310527,7.7881019325450325,MISO
2022-02-16,1759.8824733276542,44.601699377784186,11.537357458206628,-100.50953016364497,MISO
2022-02-17,1759.8918821270208,39.84923810660091,6.773861632059152,1.0950181343191616,MISO
2022-02-18,1759.9012909263874,20.8716384130814,1.9039829991612152,122.3360876613699,MISO
2022-02-19,1759.9106997257543,-76.91874331205933,-3.0661524780627474,134.07719606436785,MISO
2022-02-20,1759.920108525121,-103.2054474232271,-8.13027117475103,12.639610072857295,MISO
2022-02-21,1759.9295173244875,27.28595708315208,-13.28195934465107,-58.80651506298864,MISO
2022-02-22,1759.9389261238543,47.36433400385684,-18.514670835556927,-16.38458929215426,MISO
2022-02-23,1759.948334923221,44.601699377784186,-23.821734969970933,147.92970066896578,MISO
2022-02-24,1759.9577437225876,39.84923810660091,-29.196364581621665,179.78638275243316,MISO
2022-02-25,1759.9671525219544,20.8716384130814,-34.63166419828471,189.447873263249,MISO
2022-02-26,1759.976561321321,-76.91874331205933,-40.120638361178095,159.92882035191656,MISO
2022-02-27,1759.9859701206876,-103.2054474232271,-45.65620007103729,82.2836773735769,MISO
2022-02-28,1759.9953789200542,27.28595708315208,-51.23117935082498,29.49384334761885,MISO
2022-03-01,1760.004787719421,47.36433400385684,-56.83833191488936,-50.78578980838847,MISO
2022-03-02,1760.0141965187877,44.601699377784186,-62.47034793425541,-63.563547962316306,MISO
2022-03-03,1760.0236053181543,39.84923810660091,-68.11986088761915,-23.220982537136024,MISO
2022-03-04,1760.0330141175211,20.8716384130814,-73.77945648750949,-27.027196043093,MISO
2022-03-05,1760.0424229168877,-76.91874331205933,-79.4416816709914,-79.23699793383685,MISO
2022-03-06,1760.0518317162544,-103.2054474232271,-85.09905364420597,-47.058330648821084,MISO
2022-03-07,1760.061240515621,27.28595708315208,-90.74406896997684,33.633871371203895,MISO
2022-03-08,1760.0706493149878,47.36433400385684,-96.3692126876561,64.74422936881138,MISO
2022-03-09,1760.0800581143544,44.601699377784186,-101.96696745434967,52.685209962211275,MISO
2022-03-10,1760.089466913721,39.84923810660091,-107.5298226966245,75.19911767630265,MISO
2022-03-11,1760.0988757130879,20.8716384130814,-113.05028376179442,137.3357696356254,MISO
2022-03-12,1760.1082845124545,-76.91874331205933,-118.52088105787443,265.4763398574794,MISO
2022-03-13,1760.117693311821,-103.2054474232271,-123.9341791713053,55.993933282711396,MISO
2022-03-14,1760.1271021111877,27.28595708315208,-129.2827859515768,5.599726757237022,MISO
2022-03-15,1760.1365109105545,47.36433400385684,-134.55936155191085,-57.06948336250025,MISO
2022-03-16,1760.1459197099211,44.601699377784186,-139.7566274152198,-76.13799167248521,MISO
2022-03-17,1760.1553285092878,39.84923810660091,-144.86737519461525,-83.3871914212732,MISO
2022-03-18,1760.1647373086546,20.8716384130814,-149.88447559781827,-47.705900123917445,MISO
2022-03-19,1760.1741461080212,-76.91874331205933,-154.80088714491137,-19.360515651050264,MISO
2022-03-20,1760.1835549073878,-103.2054474232271,-159.60966482897155,-43.45944265518892,MISO
2022-03-21,1760.1929637067544,27.28595708315208,-164.3039686692374,-66.61195212066923,MISO
2022-03-22,1760.2023725061213,47.36433400385684,-168.8770721465888,-20.984634363389205,MISO
2022-03-23,1760.2117813054879,44.601699377784186,-173.32237051125315,4.218889827981229,MISO
2022-03-24,1760.2211901048545,39.84923810660091,-177.63338895280523,39.6259607413499,MISO
2022-03-25,1760.2305989042213,20.8716384130814,-181.8037906226839,47.98655330538145,MISO
2022-03-26,1760.240007703588,-76.91874331205933,-185.8273844996259,75.59812010809742,MISO
2022-03-27,1760.2494165029545,-103.2054474232271,-189.69813308859915,99.30316400887159,MISO
2022-03-28,1760.2588253023212,27.28595708315208,-193.41015994401172,103.4963775585386,MISO
2022-03-29,1760.268234101688,47.36433400385684,-196.9577570081832,91.07718890263845,MISO
2022-03-30,1760.2776429010546,44.601699377784186,-200.33539175627675,44.85604947743809,MISO
2022-03-31,1760.2870517004212,39.84923810660091,-203.53771413912216,59.065424332100065,MISO
2022-04-01,1760.296460499788,20.8716384130814,-206.55956331559457,60.409464402725234,MISO
2022-04-02,1760.3058692991547,-76.91874331205933,-209.39597416646268,43.92384817936727,MISO
2022-04-03,1760.3152780985213,-103.2054474232271,-212.0421835818766,39.83235290658263,MISO
2022-04-04,1760.3246868978881,27.28595708315208,-214.49363651493195,24.517992533891857,MISO
2022-04-05,1760.3340956972547,47.36433400385684,-216.74599179402264,36.76656209291127,MISO
2022-04-06,1760.3435044966213,44.601699377784186,-218.79512768697776,58.24692381257228,MISO
2022-04-07,1760.352913295988,39.84923810660091,-220.6371472102715,49.96199580768257,MISO
2022-04-08,1760.3623220953548,20.8716384130814,-222.26838317689422,84.66742266845836,MISO
2022-04-09,1760.3717308947214,-76.91874331205933,-223.68540297678183,66.65041539411982,MISO
2022-04-10,1760.381139694088,-103.2054474232271,-224.8850130840146,37.02832081315364,MISO
2022-04-11,1760.3905484934548,27.28595708315208,-225.8642632853199,11.251757708713285,MISO
2022-04-12,1760.3999572928215,47.36433400385684,-226.62045062474124,35.058159328063084,MISO
2022-04-13,1760.409366092188,44.601699377784186,-227.15112305966986,54.27905758969746,MISO
2022-04-14,1760.4187748915547,39.84923810660091,-227.4540828237781,49.130069825622286,MISO
2022-04-15,1760.4281836909215,20.8716384130814,-227.52738949273632,4.795567388733389,MISO
2022-04-16,1760.4375924902881,-76.91874331205933,-227.36936274894867,53.67251357071996,MISO
2022-04-17,1760.4470012896547,-103.2054474232271,-226.978584841896,77.96603097546836,MISO
2022-04-18,1760.4564100890216,27.28595708315208,-226.35390274103486,101.9105355688614,MISO
2022-04-19,1760.4658188883882,47.36433400385684,-225.4944299785637,44.04527708631872,MISO
2022-04-20,1760.4752276877548,44.601699377784186,-224.3995481797341,59.005621114195264,MISO
2022-04-21,1760.4846364871214,39.84923810660091,-223.06890827875313,46.14603368503094,MISO
2022-04-22,1760.4940452864882,20.8716384130814,-221.50243141869413,71.57974771912473,MISO
2022-04-23,1760.5034540858549,-76.91874331205933,-219.7003095342078,77.10559876041225,MISO
2022-04-24,1760.5128628852215,-103.2054474232271,-217.66300561619818,85.88259015420408,MISO
2022-04-25,1760.5222716845883,27.28595708315208,-215.3912536580047,48.29802489026429,MISO
2022-04-26,1760.531680483955,47.36433400385684,-212.886058283009,17.124043795197395,MISO
2022-04-27,1760.5410892833215,44.601699377784186,-210.148694053958,7.222905392852454,MISO
2022-04-28,1760.5504980826881,39.84923810660091,-207.18070446467658,3.876968275387526,MISO
2022-04-29,1760.559906882055,20.8716384130814,-203.98390061521135,8.292355320075103,MISO
2022-04-30,1760.5693156814216,-76.91874331205933,-200.56035957182854,36.39278720246625,MISO
2022-05-01,1760.5787244807882,-103.2054474232271,-196.9124224136558,36.44714535609455,MISO
2022-05-02,1760.588133280155,27.28595708315208,-193.04269196813155,33.563601604824726,MISO
2022-05-03,1760.5975420795216,47.36433400385684,-188.9540302377911,39.655154154412685,MISO
2022-05-04,1760.6069508788883,44.601699377784186,-184.64955552128697,20.881905264614716,MISO
2022-05-05,1760.616359678255,39.84923810660091,-180.13263923189842,21.562041447042702,MISO
2022-05-06,1760.6257684776217,20.8716384130814,-175.40690241714668,-1.3285044735564497,MISO
2022-05-07,1760.6351772769883,-76.91874331205933,-170.4762119834822,-23.735221981446557,MISO
2022-05-08,1760.644586076355,-103.2054474232271,-165.3446766303644,-0.23446202276340955,MISO
2022-05-09,1760.6539948757218,27.28595708315208,-160.01664249839155,96.38869053951771,MISO
2022-05-10,1760.6634036750884,47.36433400385684,-154.49668853648265,202.60495085753746,MISO
2022-05-11,1760.672812474455,44.601699377784186,-148.78962159344294,301.37210974120376,MISO
2022-05-12,1760.6822212738218,39.84923810660091,-142.90047123957078,334.7420118591483,MISO
2022-05-13,1760.6916300731884,20.8716384130814,-136.8344843242841,251.46921583801463,MISO
2022-05-14,1760.701038872555,-76.91874331205933,-130.597119276056,168.09782371556025,MISO
2022-05-15,1760.7104476719217,-103.2054474232271,-124.19404015125707,108.41203990256236,MISO
2022-05-16,1760.7198564712885,27.28595708315208,-117.63111043879498,56.722296884354364,MISO
2022-05-17,1760.729265270655,47.36433400385684,-110.91438662773557,38.45278735322381,MISO
2022-05-18,1760.7386740700217,44.601699377784186,-104.050111545367,41.33273809756133,MISO
2022-05-19,1760.7480828693886,39.84923810660091,-97.04470747344197,100.89038649745294,MISO
2022-05-20,1760.7574916687552,20.8716384130814,-89.90476905059799,167.86263896876176,MISO
2022-05-21,1760.7669004681218,-76.91874331205933,-82.63705596920474,54.64989881314227,MISO
2022-05-22,1760.7763092674884,-103.2054474232271,-75.24848547513568,-84.22937636912525,MISO
2022-05-23,1760.7857180668552,27.28595708315208,-67.74612467919148,-116.77655047081566,MISO
2022-05-24,1760.7951268662218,47.36433400385684,-60.13718268912788,-106.02827818095079,MISO
2022-05-25,1760.8045356655884,44.601699377784186,-52.42900257145527,-68.53123247191752,MISO
2022-05-26,1760.8139444649553,39.84923810660091,-44.62905315237509,-58.95012941918071,MISO
2022-05-27,1760.823353264322,20.8716384130814,-36.74492066741378,-96.90507100998934,MISO
2022-05-28,1760.8327620636885,-76.91874331205933,-28.784300269490586,-88.7597184821384,MISO
2022-05-29,1760.8421708630551,-103.2054474232271,-20.75498740532717,0.25726396549885067,MISO
2022-05-30,1760.851579662422,27.28595708315208,-12.664869070263478,31.458332324689536,MISO
2022-05-31,1760.8609884617886,47.36433400385684,-4.5219149516856305,197.81959248604016,MISO
2022-06-01,1760.8703972611552,44.601699377784186,3.6658315285907292,93.79707183246978,MISO
2022-06-02,1760.879806060522,39.84923810660091,11.890262262523436,-31.915306429646307,MISO
2022-06-03,1760.8892148598886,20.8716384130814,20.143213584059026,-64.35606685702896,MISO
2022-06-04,1760.8986236592552,-76.91874331205933,28.416475466699865,-80.01035581389579,MISO
2022-06-05,1760.9080324586218,-103.2054474232271,36.70180077967069,-48.302385815065236,MISO
2022-06-06,1760.9174412579887,27.28595708315208,44.990914591866556,-13.38031293300719,MISO
2022-06-07,1760.9268500573553,47.36433400385684,53.275523512708645,-13.135707573920627,MISO
2022-06-08,1760.936258856722,44.601699377784186,61.54732505898042,-62.45428329348647,MISO
2022-06-09,1760.9456676560887,39.84923810660091,69.7980170366973,-40.12292279938674,MISO
2022-06-10,1760.9550764554554,20.8716384130814,78.01930692703175,-103.2690217955685,MISO
2022-06-11,1760.964485254822,-76.91874331205933,86.20292126531875,-53.773663208081416,MISO
2022-06-12,1760.9738940541888,-103.2054474232271,94.34061500216721,87.82093836687113,MISO
2022-06-13,1760.9833028535554,27.28595708315208,102.42418083572875,222.24855922756387,MISO
2022-06-14,1760.992711652922,47.36433400385684,110.4454585042005,356.34449583902074,MISO
2022-06-15,1761.0021204522886,44.601699377784186,118.39634402769141,364.857836142236,MISO
2022-06-16,1761.0115292516555,39.84923810660091,126.26879888863374,315.09743375310995,MISO
2022-06-17,1761.020938051022,20.8716384130814,134.0548591400015,178.7245643958952,MISO
2022-06-18,1761.0303468503887,-76.91874331205933,141.74664443066706,29.701752031003707,MISO
2022-06-19,1761.0397556497555,-103.2054474232271,149.33636693734096,18.673324836131087,MISO
2022-06-20,1761.0491644491221,27.28595708315208,156.81634019263367,196.11653827509235,MISO
2022-06-21,1761.0585732484888,47.36433400385684,164.17898779890993,322.5901049487445,MISO
2022-06-22,1761.0679820478554,44.601699377784186,171.41685201773277,284.0824665566274,MISO
2022-06-23,1761.0773908472222,39.84923810660091,178.52260222484625,181.96476882133084,MISO
2022-06-24,1761.0867996465888,20.8716384130814,185.48904322079568,201.11251871953414,MISO
2022-06-25,1761.0962084459554,-76.91874331205933,192.30912338746046,136.43941147864325,MISO
2022-06-26,1761.1056172453223,-103.2054474232271,198.97594268095023,-0.15811250304523128,MISO
2022-06-27,1761.1150260446889,27.28595708315208,205.48276045151042,-138.58674357935138,MISO
2022-06-28,1761.1244348440555,47.36433400385684,211.82300308128185,-106.92777192919425,MISO
2022-06-29,1761.133843643422,44.601699377784186,217.9902714309787,-20.54681445218489,MISO
2022-06-30,1761.143252442789,39.84923810660091,223.9783480867655,99.17716136384502,MISO
2022-07-01,1761.1526612421555,20.8716384130814,229.78120439885674,17.550495945906277,MISO
2022-07-02,1761.1620700415222,-76.91874331205933,235.39300730360029,-88.02133403306311,MISO
2022-07-03,1761.171478840889,-103.2054474232271,240.8081259210652,-38.372157338726765,MISO
2022-07-04,1761.1808876402556,27.28595708315208,246.0211379204136,-47.85698264382086,MISO
2022-07-05,1761.1902964396222,47.36433400385684,251.02683564561252,184.23553391090854,MISO
2022-07-06,1761.1997052389888,44.601699377784186,255.82023199432155,101.61036338890517,MISO
2022-07-07,1761.2091140383557,39.84923810660091,260.39656604308254,91.77408181196097,MISO
2022-07-08,1761.2185228377223,20.8716384130814,264.75130841223626,70.54953033696052,MISO
2022-07-09,1761.227931637089,-76.91874331205933,268.88016636429387,-3.3543546893233724,MISO
2022-07-10,1761.2373404364557,-103.2054474232271,272.7790886298097,-11.382981643037965,MISO
2022-07-11,1761.2467492358223,27.28595708315208,276.44426995511634,82.6230237259092,MISO
2022-07-12,1761.256158035189,47.36433400385684,279.8721553666146,43.43535259433975,MISO
2022-07-13,1761.2655668345558,44.601699377784186,283.05944414663986,-15.316710358979435,MISO
2022-07-14,1761.2749756339224,39.84923810660091,286.00309351627055,-21.344307256793854,MISO
2022-07-15,1761.284384433289,20.8716384130814,288.70032202078335,-42.35934486715337,MISO
2022-07-16,1761.2937932326556,-76.91874331205933,291.1486126138137,20.387337465590235,MISO
2022-07-17,1761.3032020320225,-103.2054474232271,293.34571543663213,3.1175299545725466,MISO
2022-07-18,1761.312610831389,27.28595708315208,295.2896502893065,111.16978179615262,MISO
2022-07-19,1761.3220196307557,47.36433400385684,296.97870879088157,190.3019375745057,MISO
2022-07-20,1761.3314284301225,44.601699377784186,298.41145622607394,214.16041596601963,MISO
2022-07-21,1761.3408372294891,39.84923810660091,299.5867330763484,175.56619158756166,MISO
2022-07-22,1761.3502460288557,20.8716384130814,300.50365623361233,140.49245932445046,MISO
2022-07-23,1761.3596548282223,-76.91874331205933,301.1616198951397,123.49546858869712,MISO
2022-07-24,1761.3690636275892,-103.2054474232271,301.5602961387095,68.27308765692874,MISO
2022-07-25,1761.3784724269558,27.28595708315208,301.6996351773191,-81.06306468742696,MISO
2022-07-26,1761.3878812263224,47.36433400385684,301.57986529321215,-95.64008052339159,MISO
2022-07-27,1761.3972900256892,44.601699377784186,301.20149245133405,-34.17448185480771,MISO
2022-07-28,1761.4066988250559,39.84923810660091,300.56529959270904,-68.24223652436581,MISO
2022-07-29,1761.4161076244225,20.8716384130814,299.6723456086053,-139.03109164610896,MISO
2022-07-30,1761.425516423789,-76.91874331205933,298.52396399673285,-148.29973710846252,MISO
2022-07-31,1761.434925223156,-103.2054474232271,297.12176120109064,-83.8852390010195,MISO
2022-08-01,1761.4443340225225,27.28595708315208,295.4676146374528,32.93909425687298,MISO
2022-08-02,1761.4537428218891,47.36433400385684,293.5636704068521,23.89625276740162,MISO
2022-08-03,1761.463151621256,44.601699377784186,291.412340699786,90.97780830117381,MISO
2022-08-04,1761.4725604206226,39.84923810660091,289.01630089423423,7.512900578542485,MISO
2022-08-05,1761.4819692199892,20.8716384130814,286.37848635093656,84.80390601599265,MISO
2022-08-06,1761.4913780193558,-76.91874331205933,283.50208890973545,160.36427638296777,MISO
2022-08-07,1761.5007868187226,-103.2054474232271,280.3905530911378,122.07710751336663,MISO
2022-08-08,1761.5101956180893,27.28595708315208,277.04757200759946,51.9122752911594,MISO
2022-08-09,1761.5196044174559,47.36433400385684,273.47708298937437,-86.56302141068704,MISO
2022-08-10,1761.5290132168227,44.601699377784186,269.68326293010574,-58.07697552471245,MISO
2022-08-11,1761.5384220161893,39.84923810660091,265.6705233576678,-82.15318348045798,MISO
2022-08-12,1761.547830815556,20.8716384130814,261.4435052360872,-153.3699744647247,MISO
2022-08-13,1761.5572396149225,-76.91874331205933,257.0070735046896,-171.7165698075528,MISO
2022-08-14,1761.5666484142894,-103.2054474232271,252.366311360924,-144.53851235198613,MISO
2022-08-15,1761.576057213656,27.28595708315208,247.5265142936227,-79.23752859043066,MISO
2022-08-16,1761.5854660130226,47.36433400385684,242.49318387374024,-65.91498389061985,MISO
2022-08-17,1761.5948748123894,44.601699377784186,237.2720213099068,-73.05859550008017,MISO
2022-08-18,1761.604283611756,39.84923810660091,231.86892077640027,-75.23944249475699,MISO
2022-08-19,1761.6136924111227,20.8716384130814,226.2899625214161,-83.32129334562023,MISO
2022-08-20,1761.6231012104895,-76.91874331205933,220.54140576376008,-95.51376366219006,MISO
2022-08-21,1761.632510009856,-103.2054474232271,214.62968138635102,-92.09874397297995,MISO
2022-08-22,1761.6419188092227,27.28595708315208,208.56138443514615,-69.42426032752087,MISO
2022-08-23,1761.6513276085893,47.36433400385684,202.34326643233703,-72.58992804478316,MISO
2022-08-24,1761.6607364079562,44.601699377784186,195.98222751287565,-21.54966329861577,MISO
2022-08-25,1761.6701452073228,39.84923810660091,189.4853083936062,-15.718691707529842,MISO
2022-08-26,1761.6795540066894,20.8716384130814,182.85968218445993,-18.518874604230632,MISO
2022-08-27,1761.6889628060562,-76.91874331205933,176.1126460513665,-4.182865545363029,MISO
2022-08-28,1761.6983716054228,-103.2054474232271,169.25161274070626,98.34346307709802,MISO
2022-08-29,1761.7077804047894,27.28595708315208,162.28410197528146,125.058160536777,MISO
2022-08-30,1761.717189204156,47.36433400385684,155.2177317319446,1.5327450600423163,MISO
2022-08-31,1761.726598003523,44.601699377784186,148.06020941115327,29.128493207539805,MISO
2022-09-01,1761.7360068028895,39.84923810660091,140.8193229088456,100.8674321816643,MISO
2022-09-02,1761.7454156022561,20.8716384130814,133.50293160115328,96.6700143835094,MISO
2022-09-03,1761.754824401623,-76.91874331205933,126.11895725255098,-17.39303834211455,MISO
2022-09-04,1761.7642332009896,-103.2054474232271,118.67537485815362,-143.34216063591566,MISO
2022-09-05,1761.7736420003562,27.28595708315208,111.18020343092559,-231.975802514434,MISO
2022-09-06,1761.7830507997228,47.36433400385684,103.64149674464316,-49.81988154822261,MISO
2022-09-07,1761.7924595990896,44.601699377784186,96.06733404350001,26.83950697962632,MISO
2022-09-08,1761.8018683984562,39.84923810660091,88.46581072927384,26.075082765669094,MISO
2022-09-09,1761.8112771978228,20.8716384130814,80.8450290370082,-2.3539446479126127,MISO
2022-09-10,1761.8206859971897,-76.91874331205933,73.21308871016498,4.36696860470488,MISO
2022-09-11,1761.8300947965563,-103.2054474232271,65.57807768621187,-59.406725059540804,MISO
2022-09-12,1761.839503595923,27.28595708315208,57.94806280358205,-146.39152348265702,MISO
2022-09-13,1761.8489123952895,47.36433400385684,50.331080540924404,-143.57832694007084,MISO
2022-09-14,1761.8583211946564,44.601699377784186,42.73512779952519,-86.48914837196548,MISO
2022-09-15,1761.867729994023,39.84923810660091,35.168152739715566,-20.677120840339057,MISO
2022-09-16,1761.8771387933896,20.8716384130814,27.638045682026004,38.44817711150313,MISO
2022-09-17,1761.8865475927564,-76.91874331205933,20.15263008376884,75.78056563553423,MISO
2022-09-18,1761.895956392123,-103.2054474232271,12.719653601626135,134.788837429478,MISO
2022-09-19,1761.9053651914896,27.28595708315208,5.346779250737015,180.33489847462124,MISO
2022-09-20,1761.9147739908562,47.36433400385684,-1.958423329358709,207.3903153346455,MISO
2022-09-21,1761.924182790223,44.601699377784186,-9.188486491677011,186.2106043236697,MISO
2022-09-22,1761.9335915895897,39.84923810660091,-16.336053071549586,-38.70277662464105,MISO
2022-09-23,1761.9430003889563,20.8716384130814,-23.393884739245294,-97.07475406279241,MISO
2022-09-24,1761.9524091883231,-76.91874331205933,-30.354870205665407,-48.67379567059834,MISO
2022-09-25,1761.9618179876898,-103.2054474232271,-37.21203327151564,-46.27733729294664,MISO
2022-09-26,1761.9712267870564,27.28595708315208,-43.95854071053287,-108.43764315967542,MISO
2022-09-27,1761.9806355864232,47.36433400385684,-50.587709977543426,-174.30825961273626,MISO
2022-09-28,1761.9900443857898,44.601699377784186,-57.09301673235109,-176.65772703122275,MISO
2022-09-29,1761.9994531851564,39.84923810660091,-63.468102170653054,-176.78758912110402,MISO
2022-09-30,1762.008861984523,20.8716384130814,-69.7067801534323,-166.310720244172,MISO
2022-10-01,1762.0182707838899,-76.91874331205933,-75.80304412649974,-166.51648334533047,MISO
2022-10-02,1762.0276795832565,-103.2054474232271,-81.75107382211674,-145.4891583379124,MISO
2022-10-03,1762.037088382623,27.28595708315208,-87.54524173488952,-119.31580373088559,MISO
2022-10-04,1762.04649718199,47.36433400385684,-93.18011936438683,-113.9737118214598,MISO
2022-10-05,1762.0559059813565,44.601699377784186,-98.65048321722259,-91.82912214191788,MISO
2022-10-06,1762.0653147807232,39.84923810660091,-103.95132056162173,-75.80723232570222,MISO
2022-10-07,1762.0747235800898,20.8716384130814,-109.07783492778242,-85.42352706538873,MISO
2022-10-08,1762.0841323794566,-76.91874331205933,-114.02545134765857,-83.68893771973853,MISO
2022-10-09,1762.0935411788232,-103.2054474232271,-118.78982132808359,-84.80227242751243,MISO
2022-10-10,1762.1029499781898,27.28595708315208,-123.36682755148558,-73.08407950985634,MISO
2022-10-11,1762.1123587775567,47.36433400385684,-127.7525882987591,-54.63610448265422,MISO
2022-10-12,1762.1217675769233,44.601699377784186,-131.9434615891926,-32.75300536551458,MISO
2022-10-13,1762.13117637629,39.84923810660091,-135.93604903268772,-38.70836545020302,MISO
2022-10-14,1762.1405851756565,20.8716384130814,-139.72719938984247,-48.60902419889544,MISO
2022-10-15,1762.1499939750233,-76.91874331205933,-143.31401183582787,-45.68723882713607,MISO
2022-10-16,1762.15940277439,-103.2054474232271,-146.69383892432592,-29.232116426836683,MISO
2022-10-17,1762.1688115737566,27.28595708315208,-149.86428924816494,-17.873479408743606,MISO
2022-10-18,1762.1782203731234,47.36433400385684,-152.82322979364142,-13.274324583338739,MISO
2022-10-19,1762.18762917249,44.601699377784186,-155.56878798588093,6.388459435606592,MISO
2022-10-20,1762.1970379718566,39.84923810660091,-158.09935342296205,-9.945922655495451,MISO
2022-10-21,1762.2064467712232,20.8716384130814,-160.41357929689264,-54.478505887411984,MISO
2022-10-22,1762.21585557059,-76.91874331205933,-162.51038349989722,-68.17172875863366,MISO
2022-10-23,1762.2252643699567,-103.2054474232271,-164.3889494148565,-38.8138675318728,MISO
2022-10-24,1762.2346731693233,27.28595708315208,-166.04872638910177,-25.252903863373376,MISO
2022-10-25,1762.2440819686901,47.36433400385684,-167.48942989115446,-61.40698608139246,MISO
2022-10-26,1762.2534907680567,44.601699377784186,-168.71104135036882,-75.30514879547218,MISO
2022-10-27,1762.2628995674233,39.84923810660091,-169.7138076798158,-41.30632999420823,MISO
2022-10-28,1762.2723083667902,20.8716384130814,-170.49824048312095,-60.77170629675038,MISO
2022-10-29,1762.2817171661568,-76.91874331205933,-171.06511494634168,-64.55285890775576,MISO
2022-10-30,1762.2911259655234,-103.2054474232271,-171.41546841634596,-69.38221012595022,MISO
2022-10-31,1762.30053476489,27.28595708315208,-171.5505986675233,-67.47389318051887,MISO
2022-11-01,1762.3099435642569,47.36433400385684,-171.472061859029,-69.17821570908472,MISO
2022-11-02,1762.3193523636235,44.601699377784186,-171.18167018513,-55.1153815562775,MISO
2022-11-03,1762.32876116299,39.84923810660091,-170.681489221583,-41.602510048007616,MISO
2022-11-04,1762.338169962357,20.8716384130814,-169.97383497133634,-14.786973404101673,MISO
2022-11-05,1762.3475787617235,-76.91874331205933,-169.0612706132034,-45.59856483646058,MISO
2022-11-06,1762.3569875610901,-103.2054474232271,-167.94660295750623,24.088062819643028,MISO
2022-11-07,1762.3663963604567,27.28595708315208,-166.63287861303536,16.432525169426526,MISO
2022-11-08,1762.3758051598236,47.36433400385684,-165.1233798700148,3.9402407063346345,MISO
2022-11-09,1762.3852139591902,44.601699377784186,-163.42162030409483,-12.508293032879465,MISO
2022-11-10,1762.3946227585568,39.84923810660091,-161.53134010672764,-38.42852075842984,MISO
2022-11-11,1762.4040315579236,20.8716384130814,-159.45650114760437,-3.3771688234005524,MISO
2022-11-12,1762.4134403572903,-76.91874331205933,-157.20128177514755,106.97758472991654,MISO
2022-11-13,1762.4228491566569,-103.2054474232271,-154.77007136136493,168.5136696279351,MISO
2022-11-14,1762.4322579560235,27.28595708315208,-152.16746459767097,160.06924955849536,MISO
2022-11-15,1762.4416667553903,47.36433400385684,-149.3982555485802,141.08525478933302,MISO
2022-11-16,1762.451075554757,44.601699377784186,-146.46743147045802,179.06465653791724,MISO
2022-11-17,1762.4604843541235,39.84923810660091,-143.3801664027961,210.18944394207165,MISO
2022-11-18,1762.4698931534904,20.8716384130814,-140.14181453974896,238.21728297317713,MISO
2022-11-19,1762.479301952857,-76.91874331205933,-136.75790338992255,267.2403447491249,MISO
2022-11-20,1762.4887107522236,-103.2054474232271,-133.23412673266424,249.1848634036678,MISO
2022-11-21,1762.4981195515902,27.28595708315208,-129.5763373793353,158.01126074459307,MISO
2022-11-22,1762.507528350957,47.36433400385684,-125.79053974828335,81.68967739346931,MISO
2022-11-23,1762.5169371503237,44.601699377784186,-121.88288226245093,0.34724573434345984,MISO
2022-11-24,1762.5263459496903,39.84923810660091,-117.85964957876297,-211.62893447752822,MISO
2022-11-25,1762.535754749057,20.8716384130814,-113.72725465863616,-203.1491385035024,MISO
2022-11-26,1762.5451635484237,-76.91874331205933,-109.49223068914543,-74.85018954721886,MISO
2022-11-27,1762.5545723477903,-103.2054474232271,-105.16122286454386,-22.05890206001959,MISO
2022-11-28,1762.563981147157,27.28595708315208,-100.74098003802192,0.7110418077129452,MISO
2022-11-29,1762.5733899465238,47.36433400385684,-96.23834625371379,7.84762230333331,MISO
2022-11-30,1762.5827987458904,44.601699377784186,-91.6602521691265,85.54575404545176,MISO
2022-12-01,1762.592207545257,39.84923810660091,-87.01370637828288,144.89326072642484,MISO
2022-12-02,1762.6016163446238,20.8716384130814,-82.30578664598322,39.50253188827833,MISO
2022-12-03,1762.6110251439904,-76.91874331205933,-77.54363106370928,56.84934923177843,MISO
2022-12-04,1762.620433943357,-103.2054474232271,-72.73442913776431,89.96644261763436,MISO
2022-12-05,1762.629842742724,27.28595708315208,-67.88541282034723,46.28461299447167,MISO
2022-12-06,1762.6392515420905,47.36433400385684,-63.00384749430074,0.08226194835356182,MISO
2022-12-07,1762.6486603414571,44.601699377784186,-58.09702292234776,-7.921336796893456,MISO
2022-12-08,1762.6580691408237,39.84923810660091,-53.17224417165397,10.064936924229642,MISO
2022-12-09,1762.6674779401906,20.8716384130814,-48.2368225245979,-3.8122938286737735,MISO
2022-12-10,1762.6768867395572,-76.91874331205933,-43.29806638663256,-2.056077040865148,MISO
2022-12-11,1762.6862955389238,-103.2054474232271,-38.363272202128584,-11.151575913568195,MISO
2022-12-12,1762.6957043382906,27.28595708315208,-33.439715389086544,-10.740946032356078,MISO
2022-12-13,1762.7051131376572,47.36433400385684,-28.53464130356508,-15.84880583794893,MISO
2022-12-14,1762.7145219370238,44.601699377784186,-23.655256244653785,-61.88296507015434,MISO
2022-12-15,1762.7239307363905,39.84923810660091,-18.808718510753422,3.7205496677622705,MISO
2022-12-16,1762.7333395357573,20.8716384130814,-14.00212951787929,65.93715156904068,MISO
2022-12-17,1762.742748335124,-76.91874331205933,-9.242524990613177,131.9195199675487,MISO
2022-12-18,1762.7521571344905,-103.2054474232271,-4.536866236258845,181.82015652499558,MISO
2022-12-19,1762.7615659338574,27.28595708315208,0.10796848736494269,187.16850849562593,MISO
2022-12-20,1762.770974733224,47.36433400385684,4.6851925001479415,119.37949876277139,MISO
2022-12-21,1762.7803835325906,44.601699377784186,9.188119113730117,154.45179797589526,MISO
2022-12-22,1762.7897923319572,39.84923810660091,13.610169921286126,186.52479964015583,MISO
2022-12-23,1762.799201131324,20.8716384130814,17.944882953126204,500.86327750246846,MISO
2022-12-24,1762.8086099306906,-76.91874331205933,22.1859206883621,414.75221269300664,MISO
2022-12-25,1762.8180187300572,-103.2054474232271,26.327077913031783,260.6823507801382,MISO
2022-12-26,1762.827427529424,27.28595708315208,30.362289415295038,78.57632597212887,MISO
2022-12-27,1762.8368363287907,47.36433400385684,34.28563750847166,86.87519215888074,MISO
2022-12-28,1762.8462451281573,44.601699377784186,38.09135937292881,-62.78730387887026,MISO
2022-12-29,1762.855653927524,39.84923810660091,41.77385420801897,-227.0007462421438,MISO
2022-12-30,1762.8650627268908,20.8716384130814,45.327690185510804,-249.0933913254828,MISO
2022-12-31,1762.8744715262574,-76.91874331205933,48.74761119618721,-177.6803394103854,MISO
2023-01-01,1762.883880325624,-103.2054474232271,52.826482696988236,-220.54791559938508,MISO
2023-01-02,1762.8932891249908,27.28595708315208,55.92683157807993,-274.43807778622295,MISO
2023-01-03,1762.9026979243574,47.36433400385684,58.87747411127993,-196.67050603949428,MISO
2023-01-04,1762.912106723724,44.601699377784186,61.67397111937679,-163.561777220885,MISO
2023-01-05,1762.9215155230909,39.84923810660091,64.31209086115328,-90.86284449084474,MISO
2023-01-06,1762.9309243224575,20.8716384130814,66.78781431277393,-56.49837704831248,MISO
2023-01-07,1762.940333121824,-76.91874331205933,69.09734018992873,-63.28592999969351,MISO
2023-01-08,1762.9497419211907,-103.2054474232271,71.23708970471012,-66.7773842026736,MISO
2023-01-09,1762.9591507205575,27.28595708315208,73.20371105151725,-85.31281885522685,MISO
2023-01-10,1762.9685595199242,47.36433400385684,74.99408361660403,-140.14097714038508,MISO
2023-01-11,1762.9779683192908,44.601699377784186,76.60532190621636,-186.83498960329143,MISO
2023-01-12,1762.9873771186576,39.84923810660091,78.03477918860085,-125.72439441385905,MISO
2023-01-13,1762.9967859180242,20.8716384130814,79.28005084550611,0.8055248233886232,MISO
2023-01-14,1763.0061947173908,-76.91874331205933,80.3389774291463,11.044571165522257,MISO
2023-01-15,1763.0156035167574,-103.2054474232271,81.2096474209455,-63.519803514475825,MISO
2023-01-16,1763.0250123161243,27.28595708315208,81.89039968873783,-173.73636908801427,MISO
2023-01-17,1763.0344211154909,47.36433400385684,82.37982563945788,-201.18758075880578,MISO
2023-01-18,1763.0438299148575,44.601699377784186,82.67677106471778,-153.8473003573597,MISO
2023-01-19,1763.0532387142243,39.84923810660091,82.78033767703404,-148.3988144978589,MISO
2023-01-20,1763.062647513591,20.8716384130814,82.68988433483547,-68.81017026150766,MISO
2023-01-21,1763.0720563129576,-76.91874331205933,82.40502795475444,-56.24634095565284,MISO
2023-01-22,1763.0814651123242,-103.2054474232271,81.92564411007642,-50.71866179917333,MISO
2023-01-23,1763.090873911691,27.28595708315208,81.2518673145962,-27.396698309439216,MISO
2023-01-24,1763.1002827110576,47.36433400385684,80.38409099150496,-52.326707706419484,MISO
2023-01-25,1763.1096915104242,44.601699377784186,79.32296712730646,-32.935358015514794,MISO
2023-01-26,1763.119100309791,39.84923810660091,78.0694056111374,27.73125597247099,MISO
2023-01-27,1763.1285091091577,20.8716384130814,76.62457326024,-0.6437207824787947,MISO
2023-01-28,1763.1379179085243,-76.91874331205933,74.98989253271114,-52.525067129175795,MISO
2023-01-29,1763.147326707891,-103.2054474232271,73.16703992902275,-41.47291921368651,MISO
2023-01-30,1763.1567355072577,27.28595708315208,71.15794408418112,69.16736332540904,MISO
2023-01-31,1763.1661443066243,47.36433400385684,68.96478355275978,131.75773813675892,MISO
2023-02-01,1763.175553105991,44.601699377784186,66.5899842894082,121.19576322681678,MISO
2023-02-02,1763.1849619053578,39.84923810660091,64.03621682780052,88.48958316024073,MISO
2023-02-03,1763.1943707047244,20.8716384130814,61.30639316134795,147.84159772084627,MISO
2023-02-04,1763.203779504091,-76.91874331205933,58.40366332935578,62.24630047861274,MISO
2023-02-05,1763.2131883034576,-103.2054474232271,55.33141171265402,-73.96615259288455,MISO
2023-02-06,1763.2225971028245,27.28595708315208,52.09325304308088,-101.72680722905716,MISO
2023-02-07,1763.232005902191,47.36433400385684,48.693028131536046,-159.71436803758388,MISO
2023-02-08,1763.2414147015577,44.601699377784186,45.13479931965927,-146.44491339900128,MISO
2023-02-09,1763.2508235009245,39.84923810660091,41.42284566051772,-115.81990726804293,MISO
2023-02-10,1763.2602323002911,20.8716384130814,37.56165783400919,-57.734528547381615,MISO
2023-02-11,1763.2696410996577,-76.91874331205933,33.55593280300573,-28.285830590603837,MISO
2023-02-12,1763.2790498990246,-103.2054474232271,29.410568216570994,-66.49017069236834,MISO
2023-02-13,1763.2884586983912,27.28595708315208,25.130656566885577,-125.30507234842867,MISO
2023-02-14,1763.2978674977578,47.36433400385684,20.721479106811643,-144.18168060842618,MISO
2023-02-15,1763.3072762971244,44.601699377784186,16.188499535310527,-162.93847521021917,MISO
2023-02-16,1763.3166850964913,39.84923810660091,11.537357458206628,-55.334280661298635,MISO
2023-02-17,1763.3260938958579,20.8716384130814,6.773861632059152,57.61640605900175,MISO
2023-02-18,1763.3355026952245,-76.91874331205933,1.9039829991612152,13.226257617673582,MISO
2023-02-19,1763.3449114945913,-103.2054474232271,-3.0661524780627474,-95.58531159330118,MISO
2023-02-20,1763.354320293958,27.28595708315208,-8.13027117475103,-122.35700620235889,MISO
2023-02-21,1763.3637290933245,47.36433400385684,-13.28195934465107,-79.55210375253023,MISO
2023-02-22,1763.3731378926911,44.601699377784186,-18.514670835556927,-62.17616643491829,MISO
2023-02-23,1763.382546692058,39.84923810660091,-23.821734969970933,-60.815049828687734,MISO
2023-02-24,1763.3919554914246,20.8716384130814,-29.196364581621665,38.459770677115785,MISO
2023-02-25,1763.4013642907912,-76.91874331205933,-34.63166419828471,-11.609956780447192,MISO
2023-02-26,1763.410773090158,-103.2054474232271,-40.120638361178095,-47.32668730575256,MISO
2023-02-27,1763.4201818895247,27.28595708315208,-45.65620007103729,-57.43093890163914,MISO
2023-02-28,1763.4295906888913,47.36433400385684,-51.23117935082498,-80.53674534192305,MISO
2023-03-01,1763.4389994882579,44.601699377784186,-56.83833191488936,-83.34236695115283,MISO
2023-03-02,1763.4484082876247,39.84923810660091,-62.47034793425541,-28.878298459969983,MISO
2023-03-03,1763.4578170869913,20.8716384130814,-68.11986088761915,-25.613594612453426,MISO
2023-03-04,1763.467225886358,-76.91874331205933,-73.77945648750949,-80.68402608678912,MISO
2023-03-05,1763.4766346857248,-103.2054474232271,-79.4416816709914,-71.71750559150587,MISO
2023-03-06,1763.4860434850914,27.28595708315208,-85.09905364420597,-54.049946924037386,MISO
2023-03-07,1763.495452284458,47.36433400385684,-90.74406896997684,-35.38871731833797,MISO
2023-03-08,1763.5048610838246,44.601699377784186,-96.3692126876561,12.468652226047197,MISO
2023-03-09,1763.5142698831914,39.84923810660091,-101.96696745434967,32.07345946455757,MISO
2023-03-10,1763.523678682558,20.8716384130814,-107.5298226966245,24.947505600985323,MISO
2023-03-11,1763.5330874819247,-76.91874331205933,-113.05028376179442,47.45693959192886,MISO
2023-03-12,1763.5424962812915,-103.2054474232271,-118.52088105787443,7.858832199810195,MISO
2023-03-13,1763.5519050806581,27.28595708315208,-123.9341791713053,88.61931700749506,MISO
2023-03-14,1763.5613138800247,47.36433400385684,-129.2827859515768,74.14913806769505,MISO
2023-03-15,1763.5707226793913,44.601699377784186,-134.55936155191085,29.58693949473559,MISO
2023-03-16,1763.5801314787582,39.84923810660091,-139.7566274152198,22.530257829861057,MISO
2023-03-17,1763.5895402781248,20.8716384130814,-144.86737519461525,80.76219650340931,MISO
2023-03-18,1763.5989490774914,-76.91874331205933,-149.88447559781827,199.2002698323863,MISO
2023-03-19,1763.6083578768582,-103.2054474232271,-154.80088714491137,192.38197669128022,MISO
2023-03-20,1763.6177666762248,27.28595708315208,-159.60966482897155,143.1529410695946,MISO
2023-03-21,1763.6271754755915,47.36433400385684,-164.3039686692374,63.60545918978892,MISO
2023-03-22,1763.6365842749583,44.601699377784186,-168.8770721465888,24.43078849384642,MISO
2023-03-23,1763.645993074325,39.84923810660091,-173.32237051125315,12.75913933032757,MISO
2023-03-24,1763.6554018736915,20.8716384130814,-177.63338895280523,48.252348666032276,MISO
2023-03-25,1763.6648106730581,-76.91874331205933,-181.8037906226839,49.36172326168503,MISO
2023-03-26,1763.674219472425,-103.2054474232271,-185.8273844996259,36.20061245042825,MISO
2023-03-27,1763.6836282717916,27.28595708315208,-189.69813308859915,51.57854773365557,MISO
2023-03-28,1763.6930370711582,47.36433400385684,-193.41015994401172,47.72778886899664,MISO
2023-03-29,1763.702445870525,44.601699377784186,-196.9577570081832,43.2706117598741,MISO
2023-03-30,1763.7118546698916,39.84923810660091,-200.33539175627675,50.99629897978434,MISO
2023-03-31,1763.7212634692582,20.8716384130814,-203.53771413912216,32.19981225678271,MISO
2023-04-01,1763.7306722686249,-76.91874331205933,-206.55956331559457,44.37263435902901,MISO
2023-04-02,1763.7400810679917,-103.2054474232271,-209.39597416646268,32.99934052169806,MISO
2023-04-03,1763.7494898673583,27.28595708315208,-212.0421835818766,52.42773663136654,MISO
2023-04-04,1763.758898666725,47.36433400385684,-214.49363651493195,81.86740384435029,MISO
2023-04-05,1763.7683074660918,44.601699377784186,-216.74599179402264,65.0059849501472,MISO
2023-04-06,1763.7777162654584,39.84923810660091,-218.79512768697776,52.29217331491873,MISO
2023-04-07,1763.787125064825,20.8716384130814,-220.6371472102715,-28.798616267634998,MISO
2023-04-08,1763.7965338641916,-76.91874331205933,-222.26838317689422,-29.73340737523813,MISO
2023-04-09,1763.8059426635584,-103.2054474232271,-223.68540297678183,-67.76109226354924,MISO
2023-04-10,1763.815351462925,27.28595708315208,-224.8850130840146,-39.79529546206254,MISO
2023-04-11,1763.8247602622916,47.36433400385684,-225.8642632853199,-31.45383098082857,MISO
2023-04-12,1763.8341690616585,44.601699377784186,-226.62045062474124,-4.779417814701219,MISO
2023-04-13,1763.843577861025,39.84923810660091,-227.15112305966986,16.532307092043993,MISO
2023-04-14,1763.8529866603917,20.8716384130814,-227.4540828237781,36.17145775030485,MISO
2023-04-15,1763.8623954597583,-76.91874331205933,-227.52738949273632,40.316737345037154,MISO
2023-04-16,1763.8718042591252,-103.2054474232271,-227.36936274894867,6.286005913050985,MISO
2023-04-17,1763.8812130584918,27.28595708315208,-226.978584841896,24.4544147002523,MISO
2023-04-18,1763.8906218578584,47.36433400385684,-226.35390274103486,-7.804053120680464,MISO
2023-04-19,1763.9000306572252,44.601699377784186,-225.4944299785637,19.6656999435545,MISO
2023-04-20,1763.9094394565918,39.84923810660091,-224.3995481797341,47.13287061654137,MISO
2023-04-21,1763.9188482559584,20.8716384130814,-223.06890827875313,-6.2225783902865714,MISO
2023-04-22,1763.928257055325,-76.91874331205933,-221.50243141869413,16.523917675428493,MISO
2023-04-23,1763.9376658546919,-103.2054474232271,-219.7003095342078,27.353091102743065,MISO
2023-04-24,1763.9470746540585,27.28595708315208,-217.66300561619818,13.05397387898779,MISO
2023-04-25,1763.956483453425,47.36433400385684,-215.3912536580047,-14.368563799277354,MISO
2023-04-26,1763.965892252792,44.601699377784186,-212.886058283009,-13.080533347566643,MISO
2023-04-27,1763.9753010521586,39.84923810660091,-210.148694053958,-21.54184510480127,MISO
2023-04-28,1763.9847098515252,20.8716384130814,-207.18070446467658,-21.885643799929994,MISO
2023-04-29,1763.994118650892,-76.91874331205933,-203.98390061521135,-57.59847472362139,MISO
2023-04-30,1764.0035274502586,-103.2054474232271,-200.56035957182854,-20.76972045520256,MISO
2023-05-01,1764.0129362496252,27.28595708315208,-196.9124224136558,-16.658470919121328,MISO
2023-05-02,1764.0223450489918,47.36433400385684,-193.04269196813155,-33.012987084717224,MISO
2023-05-03,1764.0317538483587,44.601699377784186,-188.9540302377911,-37.39942298835149,MISO
2023-05-04,1764.0411626477253,39.84923810660091,-184.64955552128697,-30.998845233038992,MISO
2023-05-05,1764.050571447092,20.8716384130814,-180.13263923189842,-15.426570628274703,MISO
2023-05-06,1764.0599802464587,-76.91874331205933,-175.40690241714668,-15.552334517252575,MISO
2023-05-07,1764.0693890458253,-103.2054474232271,-170.4762119834822,49.18427036088406,MISO
2023-05-08,1764.078797845192,27.28595708315208,-165.3446766303644,41.023921702020516,MISO
2023-05-09,1764.0882066445586,47.36433400385684,-160.01664249839155,1.612101849975943,MISO
2023-05-10,1764.0976154439254,44.601699377784186,-154.49668853648265,9.082373714773212,MISO
2023-05-11,1764.107024243292,39.84923810660091,-148.78962159344294,58.635359243550056,MISO
2023-05-12,1764.1164330426586,20.8716384130814,-142.90047123957078,91.9693997838308,MISO
2023-05-13,1764.1258418420255,-76.91874331205933,-136.8344843242841,69.76238579431833,MISO
2023-05-14,1764.135250641392,-103.2054474232271,-130.597119276056,23.246316057891136,MISO
2023-05-15,1764.1446594407587,27.28595708315208,-124.19404015125707,7.222423627346416,MISO
2023-05-16,1764.1540682401253,47.36433400385684,-117.63111043879498,-8.009291805187559,MISO
2023-05-17,1764.1634770394921,44.601699377784186,-110.91438662773557,-49.84378978954055,MISO
2023-05-18,1764.1728858388587,39.84923810660091,-104.050111545367,-25.458012400092457,MISO
2023-05-19,1764.1822946382254,20.8716384130814,-97.04470747344197,-19.51822557786454,MISO
2023-05-20,1764.1917034375922,-76.91874331205933,-89.90476905059799,-61.35019107493463,MISO
2023-05-21,1764.2011122369588,-103.2054474232271,-82.63705596920474,-68.69260884452706,MISO
2023-05-22,1764.2105210363254,27.28595708315208,-75.24848547513568,-21.405992644341495,MISO
2023-05-23,1764.219929835692,47.36433400385684,-67.74612467919148,15.818860839642412,MISO
2023-05-24,1764.2293386350589,44.601699377784186,-60.13718268912788,-17.039855323715074,MISO
2023-05-25,1764.2387474344255,39.84923810660091,-52.42900257145527,-84.72198296957117,MISO
2023-05-26,1764.248156233792,20.8716384130814,-44.62905315237509,-112.4737414944982,MISO
2023-05-27,1764.257565033159,-76.91874331205933,-36.74492066741378,-126.97890105368583,MISO
2023-05-28,1764.2669738325255,-103.2054474232271,-28.784300269490586,-97.58222613980774,MISO
2023-05-29,1764.2763826318921,27.28595708315208,-20.75498740532717,-137.1053523097171,MISO
2023-05-30,1764.285791431259,47.36433400385684,-12.664869070263478,84.28874363514774,MISO
2023-05-31,1764.2952002306256,44.601699377784186,-4.5219149516856305,175.78001534327586,MISO
2023-06-01,1764.3046090299922,39.84923810660091,3.6658315285907292,215.0693213348161,MISO
2023-06-02,1764.3140178293588,20.8716384130814,11.890262262523436,237.26208149503623,MISO
2023-06-03,1764.3234266287257,-76.91874331205933,20.143213584059026,210.6511030992749,MISO
2023-06-04,1764.3328354280923,-103.2054474232271,28.416475466699865,106.56313652843482,MISO
2023-06-05,1764.3422442274589,27.28595708315208,36.70180077967069,41.91099790971839,MISO
2023-06-06,1764.3516530268257,47.36433400385684,44.990914591866556,3.6060983774509623,MISO
2023-06-07,1764.3610618261923,44.601699377784186,53.275523512708645,-37.874284716685,MISO
2023-06-08,1764.370470625559,39.84923810660091,61.54732505898042,-74.88403379114015,MISO
2023-06-09,1764.3798794249255,20.8716384130814,69.7980170366973,-59.349534874704204,MISO
2023-06-10,1764.3892882242924,-76.91874331205933,78.01930692703175,-38.36485183926493,MISO
2023-06-11,1764.398697023659,-103.2054474232271,86.20292126531875,-145.74617086575063,MISO
2023-06-12,1764.4081058230256,27.28595708315208,94.34061500216721,-172.831677908345,MISO
2023-06-13,1764.4175146223924,47.36433400385684,102.42418083572875,-148.38002946197776,MISO
2023-06-14,1764.426923421759,44.601699377784186,110.4454585042005,-66.46908130374345,MISO
2023-06-15,1764.4363322211257,39.84923810660091,118.39634402769141,-37.63691435541773,MISO
2023-06-16,1764.4457410204923,20.8716384130814,126.26879888863374,-103.15417832220737,MISO
2023-06-17,1764.4551498198591,-76.91874331205933,134.0548591400015,-52.778265647800936,MISO
2023-06-18,1764.4645586192257,-103.2054474232271,141.74664443066706,-54.41475562666551,MISO
2023-06-19,1764.4739674185923,27.28595708315208,149.33636693734096,60.393708560915,MISO
2023-06-20,1764.4833762179592,47.36433400385684,156.81634019263367,92.29794958555044,MISO
2023-06-21,1764.4927850173258,44.601699377784186,164.17898779890993,105.60752780598,MISO
2023-06-22,1764.5021938166924,39.84923810660091,171.41685201773277,65.76071605897391,MISO
2023-06-23,1764.511602616059,20.8716384130814,178.52260222484625,41.62215674601316,MISO
2023-06-24,1764.5210114154258,-76.91874331205933,185.48904322079568,95.44268867583787,MISO
2023-06-25,1764.5304202147925,-103.2054474232271,192.30912338746046,83.91290382097395,MISO
2023-06-26,1764.539829014159,27.28595708315208,198.97594268095023,-47.31472877826127,MISO
2023-06-27,1764.549237813526,47.36433400385684,205.48276045151042,-48.38233226889315,MISO
2023-06-28,1764.5586466128925,44.601699377784186,211.82300308128185,-0.3413490719585752,MISO
2023-06-29,1764.5680554122591,39.84923810660091,217.9902714309787,85.54143505016145,MISO
2023-06-30,1764.5774642116257,20.8716384130814,223.9783480867655,147.7355492885274,MISO
2023-07-01,1764.5868730109926,-76.91874331205933,229.78120439885674,68.07766590221013,MISO
2023-07-02,1764.5962818103592,-103.2054474232271,235.39300730360029,7.1561583092677665,MISO
2023-07-03,1764.6056906097258,27.28595708315208,240.8081259210652,-20.655773613942756,MISO
2023-07-04,1764.6150994090926,47.36433400385684,246.0211379204136,-81.30657133336308,MISO
2023-07-05,1764.6245082084592,44.601699377784186,251.02683564561252,41.84595676814433,MISO
2023-07-06,1764.6339170078259,39.84923810660091,255.82023199432155,-60.28638710874816,MISO
2023-07-07,1764.6433258071927,20.8716384130814,260.39656604308254,-116.63553026335626,MISO
2023-07-08,1764.6527346065593,-76.91874331205933,264.75130841223626,-152.8452997067359,MISO
2023-07-09,1764.662143405926,-103.2054474232271,268.88016636429387,-149.6438623469926,MISO
2023-07-10,1764.6715522052925,27.28595708315208,272.7790886298097,-16.982597918254214,MISO
2023-07-11,1764.6809610046594,47.36433400385684,276.44426995511634,-24.790564963632278,MISO
2023-07-12,1764.690369804026,44.601699377784186,279.8721553666146,-72.10022454842442,MISO
2023-07-13,1764.6997786033926,39.84923810660091,283.05944414663986,-27.09546085663351,MISO
2023-07-14,1764.7091874027594,20.8716384130814,286.00309351627055,57.03308066788895,MISO
2023-07-15,1764.718596202126,-76.91874331205933,288.70032202078335,-24.326174910849886,MISO
2023-07-16,1764.7280050014926,-103.2054474232271,291.1486126138137,-92.42317019207894,MISO
2023-07-17,1764.7374138008593,27.28595708315208,293.34571543663213,-122.92908632064336,MISO
2023-07-18,1764.746822600226,47.36433400385684,295.2896502893065,-107.5628068933895,MISO
2023-07-19,1764.7562313995927,44.601699377784186,296.97870879088157,-10.56963956825848,MISO
2023-07-20,1764.7656401989593,39.84923810660091,298.41145622607394,23.86266546836623,MISO
2023-07-21,1764.7750489983262,20.8716384130814,299.5867330763484,-73.91342048775573,MISO
2023-07-22,1764.7844577976928,-76.91874331205933,300.50365623361233,-92.44437071924563,MISO
2023-07-23,1764.7938665970594,-103.2054474232271,301.1616198951397,-80.04703906897203,MISO
2023-07-24,1764.803275396426,27.28595708315208,301.5602961387095,33.411471381712545,MISO
2023-07-25,1764.8126841957928,47.36433400385684,301.6996351773191,114.91934662303129,MISO
2023-07-26,1764.8220929951594,44.601699377784186,301.57986529321215,124.9713423338444,MISO
2023-07-27,1764.831501794526,39.84923810660091,301.20149245133405,225.17576764753903,MISO
2023-07-28,1764.8409105938929,20.8716384130814,300.56529959270904,223.3791514003169,MISO
2023-07-29,1764.8503193932595,-76.91874331205933,299.6723456086053,68.58007831019495,MISO
2023-07-30,1764.859728192626,-103.2054474232271,298.52396399673285,-2.4352447661317456,MISO
2023-07-31,1764.8691369919927,27.28595708315208,297.12176120109064,-29.3788552762353,MISO
2023-08-01,1764.8785457913596,47.36433400385684,295.4676146374528,-11.65349443266905,MISO
2023-08-02,1764.8879545907262,44.601699377784186,293.5636704068521,39.0936756246374,MISO
2023-08-03,1764.8973633900928,39.84923810660091,291.412340699786,137.37105780352067,MISO
2023-08-04,1764.9067721894596,20.8716384130814,289.01630089423423,138.45028850322478,MISO
2023-08-05,1764.9161809888262,-76.91874331205933,286.37848635093656,51.527075972296416,MISO
2023-08-06,1764.9255897881928,-103.2054474232271,283.50208890973545,-39.07723127470126,MISO
2023-08-07,1764.9349985875597,27.28595708315208,280.3905530911378,-56.05350876184957,MISO
2023-08-08,1764.9444073869263,47.36433400385684,277.04757200759946,-41.21631339838268,MISO
2023-08-09,1764.953816186293,44.601699377784186,273.47708298937437,-36.93959855345133,MISO
2023-08-10,1764.9632249856595,39.84923810660091,269.68326293010574,16.13127397763401,MISO
2023-08-11,1764.9726337850263,20.8716384130814,265.6705233576678,68.41920444422476,MISO
2023-08-12,1764.982042584393,-76.91874331205933,261.4435052360872,74.82919549157918,MISO
2023-08-13,1764.9914513837596,-103.2054474232271,257.0070735046896,-1.0610774652220698,MISO
2023-08-14,1765.0008601831264,27.28595708315208,252.366311360924,-41.886128627202424,MISO
2023-08-15,1765.010268982493,47.36433400385684,247.5265142936227,-134.28811727997277,MISO
2023-08-16,1765.0196777818596,44.601699377784186,242.49318387374024,-100.73056103338376,MISO
2023-08-17,1765.0290865812262,39.84923810660091,237.2720213099068,-115.17134599773385,MISO
2023-08-18,1765.038495380593,20.8716384130814,231.86892077640027,-108.56205457007445,MISO
2023-08-19,1765.0479041799597,-76.91874331205933,226.2899625214161,37.4468766106836,MISO
2023-08-20,1765.0573129793263,-103.2054474232271,220.54140576376008,231.12272868014088,MISO
2023-08-21,1765.0667217786931,27.28595708315208,214.62968138635102,245.46463975180404,MISO
2023-08-22,1765.0761305780597,47.36433400385684,208.56138443514615,274.6181509829371,MISO
2023-08-23,1765.0855393774264,44.601699377784186,202.34326643233703,405.9494948124525,MISO
2023-08-24,1765.094948176793,39.84923810660091,195.98222751287565,430.0345862037302,MISO
2023-08-25,1765.1043569761598,20.8716384130814,189.4853083936062,322.5136962171525,MISO
2023-08-26,1765.1137657755264,-76.91874331205933,182.85968218445993,109.9392953520728,MISO
2023-08-27,1765.123174574893,-103.2054474232271,176.1126460513665,-11.302373203032403,MISO
2023-08-28,1765.1325833742599,27.28595708315208,169.25161274070626,-21.084153198117974,MISO
2023-08-29,1765.1419921736265,47.36433400385684,162.28410197528146,-13.563428152764573,MISO
2023-08-30,1765.151400972993,44.601699377784186,155.2177317319446,-80.28883208272191,MISO
2023-08-31,1765.1608097723597,39.84923810660091,148.06020941115327,-103.94925729011356,MISO
2023-09-01,1765.1702185717265,20.8716384130814,140.8193229088456,-45.10017989365315,MISO
2023-09-02,1765.1796273710931,-76.91874331205933,133.50293160115328,72.42618433981306,MISO
2023-09-03,1765.1890361704598,-103.2054474232271,126.11895725255098,211.4024540002165,MISO
2023-09-04,1765.1984449698266,27.28595708315208,118.67537485815362,180.47822308886794,MISO
2023-09-05,1765.2078537691932,47.36433400385684,111.18020343092559,290.36760879602434,MISO
2023-09-06,1765.2172625685598,44.601699377784186,103.64149674464316,157.307541309013,MISO
2023-09-07,1765.2266713679264,39.84923810660091,96.06733404350001,12.008756481972796,MISO
2023-09-08,1765.2360801672933,20.8716384130814,88.46581072927384,-82.49852930964835,MISO
2023-09-09,1765.2454889666599,-76.91874331205933,80.8450290370082,-94.10977469160889,MISO
2023-09-10,1765.2548977660265,-103.2054474232271,73.21308871016498,-78.39453905296432,MISO
2023-09-11,1765.2643065653933,27.28595708315208,65.57807768621187,-85.24934133475699,MISO
2023-09-12,1765.27371536476,47.36433400385684,57.94806280358205,-115.4521121721989,MISO
2023-09-13,1765.2831241641265,44.601699377784186,50.331080540924404,-153.8819040828348,MISO
2023-09-14,1765.2925329634934,39.84923810660091,42.73512779952519,-145.70689886961895,MISO
2023-09-15,1765.30194176286,20.8716384130814,35.168152739715566,-108.80473291565659,MISO
2023-09-16,1765.3113505622266,-76.91874331205933,27.638045682026004,-98.140652932193,MISO
2023-09-17,1765.3207593615932,-103.2054474232271,20.15263008376884,-92.42094202213525,MISO
2023-09-18,1765.33016816096,27.28595708315208,12.719653601626135,-99.8507788457382,MISO
2023-09-19,1765.3395769603267,47.36433400385684,5.346779250737015,-74.69969021492057,MISO
2023-09-20,1765.3489857596933,44.601699377784186,-1.958423329358709,-15.357261808118665,MISO
2023-09-21,1765.3583945590601,39.84923810660091,-9.188486491677011,66.16885382601617,MISO
2023-09-22,1765.3678033584267,20.8716384130814,-16.336053071549586,73.50061130004156,MISO
2023-09-23,1765.3772121577933,-76.91874331205933,-23.393884739245294,65.20141589351147,MISO
2023-09-24,1765.38662095716,-103.2054474232271,-30.354870205665407,43.02069667173237,MISO
2023-09-25,1765.3960297565268,27.28595708315208,-37.21203327151564,55.127046431837016,MISO
2023-09-26,1765.4054385558934,47.36433400385684,-43.95854071053287,42.53976815078295,MISO
2023-09-27,1765.41484735526,44.601699377784186,-50.587709977543426,29.741163244499376,MISO
2023-09-28,1765.4242561546268,39.84923810660091,-57.09301673235109,33.917522471123675,MISO
2023-09-29,1765.4336649539935,20.8716384130814,-63.468102170653054,62.726798803578504,MISO
2023-09-30,1765.44307375336,-76.91874331205933,-69.7067801534323,119.38344971213178,MISO
2023-10-01,1765.4524825527267,-103.2054474232271,-75.80304412649974,158.79800899700035,MISO
2023-10-02,1765.4618913520935,27.28595708315208,-81.75107382211674,160.43022538687114,MISO
2023-10-03,1765.4713001514601,47.36433400385684,-87.54524173488952,145.06560757957254,MISO
2023-10-04,1765.4807089508267,44.601699377784186,-93.18011936438683,86.85771103577599,MISO
2023-10-05,1765.4901177501936,39.84923810660091,-98.65048321722259,-12.615872639571535,MISO
2023-10-06,1765.4995265495602,20.8716384130814,-103.95132056162173,-84.66184440101961,MISO
2023-10-07,1765.5089353489268,-76.91874331205933,-109.07783492778242,-142.9403571090852,MISO
2023-10-08,1765.5183441482934,-103.2054474232271,-114.02545134765857,-133.54444537740778,MISO
2023-10-09,1765.5277529476602,27.28595708315208,-118.78982132808359,-113.23588870272852,MISO
2023-10-10,1765.5371617470269,47.36433400385684,-123.36682755148558,-100.17366819939821,MISO
2023-10-11,1765.5465705463935,44.601699377784186,-127.7525882987591,-104.10668162541856,MISO
2023-10-12,1765.5559793457603,39.84923810660091,-131.9434615891926,-87.58375586316834,MISO
2023-10-13,1765.565388145127,20.8716384130814,-135.93604903268772,-48.915977525520475,MISO
2023-10-14,1765.5747969444935,-76.91874331205933,-139.72719938984247,-88.73885424259151,MISO
2023-10-15,1765.5842057438604,-103.2054474232271,-143.31401183582787,-102.7647464848053,MISO
2023-10-16,1765.593614543227,27.28595708315208,-146.69383892432592,-88.30073270205298,MISO
2023-10-17,1765.6030233425936,47.36433400385684,-149.86428924816494,-84.58606809828552,MISO
2023-10-18,1765.6124321419602,44.601699377784186,-152.82322979364142,-78.58990172610311,MISO
2023-10-19,1765.621840941327,39.84923810660091,-155.56878798588093,-56.45029106204697,MISO
2023-10-20,1765.6312497406936,20.8716384130814,-158.09935342296205,-47.424534730812866,MISO
2023-10-21,1765.6406585400603,-76.91874331205933,-160.41357929689264,-38.246335931108206,MISO
2023-10-22,1765.650067339427,-103.2054474232271,-162.51038349989722,-21.206236416302545,MISO
2023-10-23,1765.6594761387937,27.28595708315208,-164.3889494148565,-8.545483807088885,MISO
2023-10-24,1765.6688849381603,47.36433400385684,-166.04872638910177,3.8275074470845993,MISO
2023-10-25,1765.678293737527,44.601699377784186,-167.48942989115446,17.934436775843324,MISO
2023-10-26,1765.6877025368938,39.84923810660091,-168.71104135036882,33.811100706874186,MISO
2023-10-27,1765.6971113362604,20.8716384130814,-169.7138076798158,51.094057930474264,MISO
2023-10-28,1765.706520135627,-76.91874331205933,-170.49824048312095,26.023463659553272,MISO
2023-10-29,1765.7159289349938,-103.2054474232271,-171.06511494634168,53.43763343457499,MISO
2023-10-30,1765.7253377343604,27.28595708315208,-171.41546841634596,52.9861735988336,MISO
2023-10-31,1765.734746533727,47.36433400385684,-171.5505986675233,109.66751812993925,MISO
2023-11-01,1765.7441553330937,44.601699377784186,-171.472061859029,125.15220714815109,MISO
2023-11-02,1765.7535641324605,39.84923810660091,-171.18167018513,95.78686794606892,MISO
2023-11-03,1765.762972931827,20.8716384130814,-170.681489221583,29.93187787667489,MISO
2023-11-04,1765.7723817311937,-76.91874331205933,-169.97383497133634,-12.688803447797909,MISO
2023-11-05,1765.7817905305606,-103.2054474232271,-169.0612706132034,55.20292750587032,MISO
2023-11-06,1765.7911993299272,27.28595708315208,-167.94660295750623,-20.299553455573005,MISO
2023-11-07,1765.8006081292938,47.36433400385684,-166.63287861303536,-13.910063520115273,MISO
2023-11-08,1765.8100169286604,44.601699377784186,-165.1233798700148,17.463663563570208,MISO
2023-11-09,1765.8194257280272,39.84923810660091,-163.42162030409483,-21.603043530533114,MISO
2023-11-10,1765.8288345273938,20.8716384130814,-161.53134010672764,-14.634132833747344,MISO
2023-11-11,1765.8382433267604,-76.91874331205933,-159.45650114760437,0.22000113290323497,MISO
2023-11-12,1765.8476521261273,-103.2054474232271,-157.20128177514755,-14.91592292775249,MISO
2023-11-13,1765.857060925494,27.28595708315208,-154.77007136136493,-32.674946647280876,MISO
2023-11-14,1765.8664697248605,47.36433400385684,-152.16746459767097,-32.27033913104651,MISO
2023-11-15,1765.8758785242271,44.601699377784186,-149.3982555485802,-49.063322353430976,MISO
2023-11-16,1765.885287323594,39.84923810660091,-146.46743147045802,-56.448093959736525,MISO
2023-11-17,1765.8946961229606,20.8716384130814,-143.3801664027961,-51.702168133246005,MISO
2023-11-18,1765.9041049223272,-76.91874331205933,-140.14181453974896,-27.161547070518964,MISO
2023-11-19,1765.913513721694,-103.2054474232271,-136.75790338992255,-8.659162908544204,MISO
2023-11-20,1765.9229225210606,27.28595708315208,-133.23412673266424,1.0882471284519397,MISO
2023-11-21,1765.9323313204272,47.36433400385684,-129.5763373793353,-8.711327944948835,MISO
2023-11-22,1765.941740119794,44.601699377784186,-125.79053974828335,-13.399899749294718,MISO
2023-11-23,1765.9511489191607,39.84923810660091,-121.88288226245093,-151.62950476331025,MISO
2023-11-24,1765.9605577185273,20.8716384130814,-117.85964957876297,-99.49454655284558,MISO
2023-11-25,1765.969966517894,-76.91874331205933,-113.72725465863616,20.647031452801457,MISO
2023-11-26,1765.9793753172607,-103.2054474232271,-109.49223068914543,69.06930279511198,MISO
2023-11-27,1765.9887841166274,27.28595708315208,-105.16122286454386,158.72348166476445,MISO
2023-11-28,1765.998192915994,47.36433400385684,-100.74098003802192,171.45345311817118,MISO
2023-11-29,1766.0076017153608,44.601699377784186,-96.23834625371379,106.91604516056896,MISO
2023-11-30,1766.0170105147274,39.84923810660091,-91.6602521691265,41.508003547798126,MISO
2023-12-01,1766.026419314094,20.8716384130814,-87.01370637828288,-0.2403513488925455,MISO
2023-12-02,1766.0358281134606,-76.91874331205933,-82.30578664598322,5.386701844581921,MISO
2023-12-03,1766.0452369128275,-103.2054474232271,-77.54363106370928,7.97884157410931,MISO
2023-12-04,1766.054645712194,27.28595708315208,-72.73442913776431,23.47582634241826,MISO
2023-12-05,1766.0640545115607,47.36433400385684,-67.88541282034723,39.337024304929855,MISO
2023-12-06,1766.0734633109275,44.601699377784186,-63.00384749430074,36.437684805589015,MISO
2023-12-07,1766.0828721102941,39.84923810660091,-58.09702292234776,-5.300087294546984,MISO
2023-12-08,1766.0922809096608,20.8716384130814,-53.17224417165397,-73.43467515108796,MISO
2023-12-09,1766.1016897090274,-76.91874331205933,-48.2368225245979,-87.91912387237016,MISO
2023-12-10,1766.1110985083942,-103.2054474232271,-43.29806638663256,33.263415301465784,MISO
2023-12-11,1766.1205073077608,27.28595708315208,-38.363272202128584,91.63380781121555,MISO
2023-12-12,1766.1299161071274,47.36433400385684,-33.439715389086544,47.42146527810223,MISO
2023-12-13,1766.1393249064943,44.601699377784186,-28.53464130356508,27.866617019286878,MISO
2023-12-14,1766.1487337058609,39.84923810660091,-23.655256244653785,-24.59571556780793,MISO
2023-12-15,1766.1581425052275,20.8716384130814,-18.808718510753422,-69.16306240755534,MISO
2023-12-16,1766.167551304594,-76.91874331205933,-14.00212951787929,-74.53067847465582,MISO
2023-12-17,1766.176960103961,-103.2054474232271,-9.242524990613177,-42.21298769012037,MISO
2023-12-18,1766.1863689033275,27.28595708315208,-4.536866236258845,36.20654024977944,MISO
2023-12-19,1766.1957777026942,47.36433400385684,0.10796848736494269,67.73891980608391,MISO
2023-12-20,1766.205186502061,44.601699377784186,4.6851925001479415,-11.624078379992852,MISO
2023-12-21,1766.2145953014276,39.84923810660091,9.188119113730117,-67.07095252175827,MISO
2023-12-22,1766.2240041007942,20.8716384130814,13.610169921286126,-151.65381243516163,MISO
2023-12-23,1766.2334129001608,-76.91874331205933,17.944882953126204,-196.74055254122777,MISO
2023-12-24,1766.2428216995277,-103.2054474232271,22.1859206883621,-246.6232949646626,MISO
2023-12-25,1766.2522304988943,27.28595708315208,26.327077913031783,-400.2702654950781,MISO
2023-12-26,1766.261639298261,47.36433400385684,30.362289415295038,-252.02026271741283,MISO
2023-12-27,1766.2710480976277,44.601699377784186,34.28563750847166,-152.66938498388345,MISO
2023-12-28,1766.2804568969943,39.84923810660091,38.09135937292881,-94.13005437652396,MISO
2023-12-29,1766.289865696361,20.8716384130814,41.77385420801897,-77.8563583174614,MISO
2023-12-30,1766.2992744957278,-76.91874331205933,45.327690185510804,-52.13522136917891,MISO
2023-12-31,1766.3086832950944,-103.2054474232271,48.74761119618721,-61.12184706805442,MISO
2024-01-01,1766.318092094461,27.28595708315208,52.826482696988236,-192.31553187460145,MISO
2024-01-02,1766.3275008938276,47.36433400385684,55.92683157807993,-43.04366647576421,MISO
2024-01-03,1766.3369096931945,44.601699377784186,58.87747411127993,-20.811083182258244,MISO
2024-01-04,1766.346318492561,39.84923810660091,61.67397111937679,3.5604722814614433,MISO
2024-01-05,1766.3557272919277,20.8716384130814,64.31209086115328,26.911543433837778,MISO
2024-01-06,1766.3651360912945,-76.91874331205933,66.78781431277393,-13.393207092008879,MISO
2024-01-07,1766.3745448906611,-103.2054474232271,69.09734018992873,-2.981437657362676,MISO
2024-01-08,1766.3839536900277,27.28595708315208,71.23708970471012,-29.374000477889922,MISO
2024-01-09,1766.3933624893943,47.36433400385684,73.20371105151725,-44.7674075447685,MISO
2024-01-10,1766.4027712887612,44.601699377784186,74.99408361660403,-7.184554283149055,MISO
2024-01-11,1766.4121800881278,39.84923810660091,76.60532190621636,-69.37874010094492,MISO
2024-01-12,1766.4215888874944,20.8716384130814,78.03477918860085,-44.83500648917652,MISO
2024-01-13,1766.4309976868612,-76.91874331205933,79.28005084550611,140.81669477969217,MISO
2024-01-14,1766.4404064862279,-103.2054474232271,80.3389774291463,308.6850635078531,MISO
2024-01-15,1766.4498152855945,27.28595708315208,81.2096474209455,369.6775802103082,MISO
2024-01-16,1766.459224084961,47.36433400385684,81.89039968873783,429.9150422224441,MISO
2024-01-17,1766.468632884328,44.601699377784186,82.37982563945788,339.40384209843,MISO
2024-01-18,1766.4780416836945,39.84923810660091,82.67677106471778,139.25094914498686,MISO
2024-01-19,1766.4874504830611,20.8716384130814,82.78033767703404,195.70557342682332,MISO
2024-01-20,1766.496859282428,-76.91874331205933,82.68988433483547,347.03499969479594,MISO
2024-01-21,1766.5062680817946,-103.2054474232271,82.40502795475444,312.173151386678,MISO
2024-01-22,1766.5156768811612,27.28595708315208,81.92564411007642,75.93972192561046,MISO
2024-01-23,1766.5250856805278,47.36433400385684,81.2518673145962,-89.89928699898087,MISO
2024-01-24,1766.5344944798946,44.601699377784186,80.38409099150496,-150.65528484918354,MISO
2024-01-25,1766.5439032792613,39.84923810660091,79.32296712730646,-157.91410851316846,MISO
2024-01-26,1766.5533120786279,20.8716384130814,78.0694056111374,-145.77535610284667,MISO
2024-01-27,1766.5627208779947,-76.91874331205933,76.62457326024,-117.96355082617492,MISO
2024-01-28,1766.5721296773613,-103.2054474232271,74.98989253271114,-57.27957478684493,MISO
2024-01-29,1766.581538476728,27.28595708315208,73.16703992902275,-68.60553548890266,MISO
2024-01-30,1766.5909472760945,47.36433400385684,71.15794408418112,-105.37322536413262,MISO
2024-01-31,1766.6003560754614,44.601699377784186,68.96478355275978,-153.13783900600515,MISO
2024-02-01,1766.609764874828,39.84923810660091,66.5899842894082,-161.95898727083704,MISO
2024-02-02,1766.6191736741946,20.8716384130814,64.03621682780052,-166.5420289150768,MISO
2024-02-03,1766.6285824735614,-76.91874331205933,61.30639316134795,-144.82623232284982,MISO
2024-02-04,1766.637991272928,-103.2054474232271,58.40366332935578,-145.34220717905646,MISO
2024-02-05,1766.6474000722947,27.28595708315208,55.33141171265402,-134.7437688681007,MISO
2024-02-06,1766.6568088716615,47.36433400385684,52.09325304308088,-138.93139591859904,MISO
2024-02-07,1766.666217671028,44.601699377784186,48.693028131536046,-153.80494518034834,MISO
2024-02-08,1766.6756264703947,39.84923810660091,45.13479931965927,-215.41866389665483,MISO
2024-02-09,1766.6850352697613,20.8716384130814,41.42284566051772,-231.75451934336047,MISO
2024-02-10,1766.6944440691282,-76.91874331205933,37.56165783400919,-174.6383585910778,MISO
2024-02-11,1766.7038528684948,-103.2054474232271,33.55593280300573,-132.30533824827307,MISO
2024-02-12,1766.7132616678614,27.28595708315208,29.410568216570994,-118.33978696758459,MISO
2024-02-13,1766.7226704672282,47.36433400385684,25.130656566885577,-94.38366103797034,MISO
2024-02-14,1766.7320792665948,44.601699377784186,20.721479106811643,-128.79625775119052,MISO
2024-02-15,1766.7414880659614,39.84923810660091,16.188499535310527,-119.83622570787293,MISO
2024-02-16,1766.750896865328,20.8716384130814,11.537357458206628,-36.35689273661592,MISO
2024-02-17,1766.760305664695,-76.91874331205933,6.773861632059152,92.73057601530559,MISO
2024-02-18,1766.7697144640615,-103.2054474232271,1.9039829991612152,60.356749960004436,MISO
2024-02-19,1766.7791232634281,27.28595708315208,-3.0661524780627474,-16.12492786851749,MISO
2024-02-20,1766.788532062795,47.36433400385684,-8.13027117475103,-119.0935948919007,MISO
2024-02-21,1766.7979408621616,44.601699377784186,-13.28195934465107,-178.35468089529468,MISO
2024-02-22,1766.8073496615282,39.84923810660091,-18.514670835556927,-201.99591693257207,MISO
2024-02-23,1766.8167584608948,20.8716384130814,-23.821734969970933,-156.38466190400527,MISO
2024-02-24,1766.8261672602616,-76.91874331205933,-29.196364581621665,-94.73205936658042,MISO
2024-02-25,1766.8355760596282,-103.2054474232271,-34.63166419828471,-117.83946443811624,MISO
2024-02-26,1766.8449848589948,27.28595708315208,-40.120638361178095,-162.6343035809689,MISO
2024-02-27,1766.8543936583617,47.36433400385684,-45.65620007103729,-158.23052759118082,MISO
2024-02-28,1766.8638024577283,44.601699377784186,-51.23117935082498,-44.060322484687276,MISO
2024-02-29,1766.873211257095,39.84923810660091,-56.83833191488936,-1.592117448806448,MISO
2024-03-01,1766.8826200564615,20.8716384130814,-62.47034793425541,-53.659910535287736,MISO
2024-03-02,1766.8920288558284,-76.91874331205933,-68.11986088761915,-117.29442465614989,MISO
2024-03-03,1766.901437655195,-103.2054474232271,-73.77945648750949,-134.45253374445838,MISO
2024-03-04,1766.9108464545616,27.28595708315208,-79.4416816709914,-128.1501218667222,MISO
2024-03-05,1766.9202552539284,47.36433400385684,-85.09905364420597,-140.64053561357923,MISO
2024-03-06,1766.929664053295,44.601699377784186,-90.74406896997684,-120.21929446110221,MISO
2024-03-07,1766.9390728526616,39.84923810660091,-96.3692126876561,-95.68209827160626,MISO
2024-03-08,1766.9484816520285,20.8716384130814,-101.96696745434967,-78.31815261075985,MISO
2024-03-09,1766.957890451395,-76.91874331205933,-107.5298226966245,-66.97732444271105,MISO
2024-03-10,1766.9672992507617,-103.2054474232271,-113.05028376179442,-95.4355680657402,MISO
2024-03-11,1766.9767080501283,27.28595708315208,-118.52088105787443,-82.98678407540592,MISO
2024-03-12,1766.9861168494951,47.36433400385684,-123.9341791713053,-130.72327168204652,MISO
2024-03-13,1766.9955256488618,44.601699377784186,-129.2827859515768,-138.26843907506895,MISO
2024-03-14,1767.0049344482284,39.84923810660091,-134.55936155191085,-86.12381100291827,MISO
2024-03-15,1767.0143432475952,20.8716384130814,-139.7566274152198,-97.13935424545639,MISO
2024-03-16,1767.0237520469618,-76.91874331205933,-144.86737519461525,-81.7666335402871,MISO
2024-03-17,1767.0331608463284,-103.2054474232271,-149.88447559781827,-16.240237825282975,MISO
2024-03-18,1767.042569645695,27.28595708315208,-154.80088714491137,55.636360416064235,MISO
2024-03-19,1767.0519784450619,47.36433400385684,-159.60966482897155,29.263352380052766,MISO
2024-03-20,1767.0613872444285,44.601699377784186,-164.3039686692374,0.1428820470246137,MISO
2024-03-21,1767.070796043795,39.84923810660091,-168.8770721465888,37.63703799619293,MISO
2024-03-22,1767.080204843162,20.8716384130814,-173.32237051125315,39.5455272550098,MISO
2024-03-23,1767.0896136425285,-76.91874331205933,-177.63338895280523,37.032518622336056,MISO
2024-03-24,1767.0990224418952,-103.2054474232271,-181.8037906226839,52.295215604015766,MISO
2024-03-25,1767.1084312412618,27.28595708315208,-185.8273844996259,8.442996175211874,MISO
2024-03-26,1767.1178400406286,47.36433400385684,-189.69813308859915,21.834959044113702,MISO
2024-03-27,1767.1272488399952,44.601699377784186,-193.41015994401172,46.29821172623224,MISO
2024-03-28,1767.1366576393618,39.84923810660091,-196.9577570081832,24.64286126222055,MISO
2024-03-29,1767.1460664387287,20.8716384130814,-200.33539175627675,-67.67531309553306,MISO
2024-03-30,1767.1554752380953,-76.91874331205933,-203.53771413912216,-46.108017786913706,MISO
2024-03-31,1767.164884037462,-103.2054474232271,-206.55956331559457,-27.24987329864007,MISO
2024-04-01,1767.1742928368285,27.28595708315208,-209.39597416646268,21.04472424648202,MISO
2024-04-02,1767.1837016361953,47.36433400385684,-212.0421835818766,31.892147941824533,MISO
2024-04-03,1767.193110435562,44.601699377784186,-214.49363651493195,20.748826701585813,MISO
2024-04-04,1767.2025192349286,39.84923810660091,-216.74599179402264,43.567234452493494,MISO
2024-04-05,1767.2119280342954,20.8716384130814,-218.79512768697776,26.66656123960115,MISO
2024-04-06,1767.221336833662,-76.91874331205933,-220.6371472102715,-9.06144631133111,MISO
2024-04-07,1767.2307456330286,-103.2054474232271,-222.26838317689422,35.80908496709276,MISO
2024-04-08,1767.2401544323952,27.28595708315208,-223.68540297678183,-3.084708538765426,MISO
2024-04-09,1767.249563231762,47.36433400385684,-224.8850130840146,-24.567884151604176,MISO
2024-04-10,1767.2589720311287,44.601699377784186,-225.8642632853199,-35.20740812359281,MISO
2024-04-11,1767.2683808304953,39.84923810660091,-226.62045062474124,-35.53416831235495,MISO
2024-04-12,1767.2777896298621,20.8716384130814,-227.15112305966986,-33.09130498327363,MISO
2024-04-13,1767.2871984292287,-76.91874331205933,-227.4540828237781,-18.709372293391425,MISO
2024-04-14,1767.2966072285953,-103.2054474232271,-227.52738949273632,17.130229687368,MISO
2024-04-15,1767.3060160279622,27.28595708315208,-227.36936274894867,45.14038963783469,MISO
2024-04-16,1767.3154248273288,47.36433400385684,-226.978584841896,61.105826010710416,MISO
2024-04-17,1767.3248336266954,44.601699377784186,-226.35390274103486,47.663369736555524,MISO
2024-04-18,1767.334242426062,39.84923810660091,-225.4944299785637,42.73194944590091,MISO
2024-04-19,1767.3436512254289,20.8716384130814,-224.3995481797341,16.32825854122393,MISO
2024-04-20,1767.3530600247955,-76.91874331205933,-223.06890827875313,18.01259156601691,MISO
2024-04-21,1767.362468824162,-103.2054474232271,-221.50243141869413,-31.58058998224078,MISO
2024-04-22,1767.371877623529,27.28595708315208,-219.7003095342078,-42.475525172473226,MISO
2024-04-23,1767.3812864228955,47.36433400385684,-217.66300561619818,-56.39661481055418,MISO
2024-04-24,1767.3906952222621,44.601699377784186,-215.3912536580047,-33.67814094204164,MISO
2024-04-25,1767.4001040216287,39.84923810660091,-212.886058283009,-26.98928384522037,MISO
2024-04-26,1767.4095128209956,20.8716384130814,-210.148694053958,9.048542819881277,MISO
2024-04-27,1767.4189216203622,-76.91874331205933,-207.18070446467658,40.00152615637376,MISO
2024-04-28,1767.4283304197288,-103.2054474232271,-203.98390061521135,73.49901761870956,MISO
2024-04-29,1767.4377392190956,27.28595708315208,-200.56035957182854,23.26866326958111,MISO
2024-04-30,1767.4471480184623,47.36433400385684,-196.9124224136558,25.340940391336744,MISO
2024-05-01,1767.4565568178289,44.601699377784186,-193.04269196813155,56.082435772518465,MISO
2024-05-02,1767.4659656171955,39.84923810660091,-188.9540302377911,66.2348265139949,MISO
2024-05-03,1767.4753744165623,20.8716384130814,-184.64955552128697,14.851542691643544,MISO
2024-05-04,1767.484783215929,-76.91874331205933,-180.13263923189842,39.231599328029006,MISO
2024-05-05,1767.4941920152955,-103.2054474232271,-175.40690241714668,0.9561578250782077,MISO
2024-05-06,1767.5036008146624,27.28595708315208,-170.4762119834822,30.190654085667802,MISO
2024-05-07,1767.513009614029,47.36433400385684,-165.3446766303644,67.33133301247858,MISO
2024-05-08,1767.5224184133956,44.601699377784186,-160.01664249839155,61.555524707211816,MISO
2024-05-09,1767.5318272127622,39.84923810660091,-154.49668853648265,43.838623217119675,MISO
2024-05-10,1767.541236012129,20.8716384130814,-148.78962159344294,-31.627252831767237,MISO
2024-05-11,1767.5506448114957,-76.91874331205933,-142.90047123957078,-68.4534302598654,MISO
2024-05-12,1767.5600536108623,-103.2054474232271,-136.8344843242841,-38.685121863351014,MISO
2024-05-13,1767.569462410229,27.28595708315208,-130.597119276056,-13.388300217325195,MISO
2024-05-14,1767.5788712095957,47.36433400385684,-124.19404015125707,-46.1481650621954,MISO
2024-05-15,1767.5882800089623,44.601699377784186,-117.63111043879498,-30.68786894795153,MISO
2024-05-16,1767.5976888083292,39.84923810660091,-110.91438662773557,-5.510540287194317,MISO
2024-05-17,1767.6070976076958,20.8716384130814,-104.050111545367,2.901375524590094,MISO
2024-05-18,1767.6165064070624,-76.91874331205933,-97.04470747344197,83.59594437843907,MISO
2024-05-19,1767.625915206429,-103.2054474232271,-89.90476905059799,132.3733012673963,MISO
2024-05-20,1767.6353240057958,27.28595708315208,-82.63705596920474,143.857774880257,MISO
2024-05-21,1767.6447328051624,47.36433400385684,-75.24848547513568,159.22641866611661,MISO
2024-05-22,1767.654141604529,44.601699377784186,-67.74612467919148,82.45428369687829,MISO
2024-05-23,1767.663550403896,39.84923810660091,-60.13718268912788,44.72139417863127,MISO
2024-05-24,1767.6729592032625,20.8716384130814,-52.42900257145527,51.16540495511117,MISO
2024-05-25,1767.6823680026291,-76.91874331205933,-44.62905315237509,24.62042846180543,MISO
2024-05-26,1767.6917768019957,-103.2054474232271,-36.74492066741378,4.814591288645261,MISO
2024-05-27,1767.7011856013626,27.28595708315208,-28.784300269490586,-127.88984241502362,MISO
2024-05-28,1767.7105944007292,47.36433400385684,-20.75498740532717,-87.35394099925907,MISO
2024-05-29,1767.7200032000958,44.601699377784186,-12.664869070263478,-107.0518335076165,MISO
2024-05-30,1767.7294119994626,39.84923810660091,-4.5219149516856305,-85.42873515437782,MISO
2024-05-31,1767.7388207988292,20.8716384130814,3.6658315285907292,-105.5392907405012,MISO
2024-06-01,1767.7482295981958,-76.91874331205933,11.890262262523436,-85.16774854866003,MISO
2024-06-02,1767.7576383975625,-103.2054474232271,20.143213584059026,-48.03440455839427,MISO
2024-06-03,1767.7670471969293,27.28595708315208,28.416475466699865,64.0265202532189,MISO
2024-06-04,1767.776455996296,47.36433400385684,36.70180077967069,100.91240922017664,MISO
2024-06-05,1767.7858647956625,44.601699377784186,44.990914591866556,24.65852123468676,MISO
2024-06-06,1767.7952735950294,39.84923810660091,53.275523512708645,-32.25103521433857,MISO
2024-06-07,1767.804682394396,20.8716384130814,61.54732505898042,-55.730645866457735,MISO
2024-06-08,1767.8140911937626,-76.91874331205933,69.7980170366973,-68.65536491840044,MISO
2024-06-09,1767.8234999931292,-103.2054474232271,78.01930692703175,-71.19435949693411,MISO
2024-06-10,1767.832908792496,27.28595708315208,86.20292126531875,-127.70678714096675,MISO
2024-06-11,1767.8423175918626,47.36433400385684,94.34061500216721,-122.48026659788684,MISO
2024-06-12,1767.8517263912292,44.601699377784186,102.42418083572875,9.42539339525797,MISO
2024-06-13,1767.861135190596,39.84923810660091,110.4454585042005,125.89116819860283,MISO
2024-06-14,1767.8705439899627,20.8716384130814,118.39634402769141,102.00947356926463,MISO
2024-06-15,1767.8799527893293,-76.91874331205933,126.26879888863374,43.11799163409614,MISO
2024-06-16,1767.889361588696,-103.2054474232271,134.0548591400015,143.9112266945299,MISO
2024-06-17,1767.8987703880628,27.28595708315208,141.74664443066706,228.29062809811853,MISO
2024-06-18,1767.9081791874294,47.36433400385684,149.33636693734096,213.78411987137315,MISO
2024-06-19,1767.917587986796,44.601699377784186,156.81634019263367,180.82437244278617,MISO
2024-06-20,1767.9269967861628,39.84923810660091,164.17898779890993,154.01777730832646,MISO
2024-06-21,1767.9364055855294,20.8716384130814,171.41685201773277,166.0281039836566,MISO
2024-06-22,1767.945814384896,-76.91874331205933,178.52260222484625,181.69932670231674,MISO
2024-06-23,1767.9552231842629,-103.2054474232271,185.48904322079568,131.36018101816876,MISO
2024-06-24,1767.9646319836295,27.28595708315208,192.30912338746046,179.1332875457581,MISO
2024-06-25,1767.974040782996,47.36433400385684,198.97594268095023,196.21568253219698,MISO
2024-06-26,1767.9834495823627,44.601699377784186,205.48276045151042,46.43409058834254,MISO
2024-06-27,1767.9928583817295,39.84923810660091,211.82300308128185,-50.622099569612374,MISO
2024-06-28,1768.0022671810962,20.8716384130814,217.9902714309787,-43.82717702515606,MISO
2024-06-29,1768.0116759804628,-76.91874331205933,223.9783480867655,95.09971924483125,MISO
2024-06-30,1768.0210847798296,-103.2054474232271,229.78120439885674,-81.03384175545898,MISO
2024-07-01,1768.0304935791962,27.28595708315208,235.39300730360029,-109.97845796594834,MISO
2024-07-02,1768.0399023785628,47.36433400385684,240.8081259210652,-81.97036230348454,MISO
2024-07-03,1768.0493111779294,44.601699377784186,246.0211379204136,57.33085152387321,MISO
2024-07-04,1768.0587199772963,39.84923810660091,251.02683564561252,-122.55879372950972,MISO
2024-07-05,1768.068128776663,20.8716384130814,255.82023199432155,-145.27799918406595,MISO
2024-07-06,1768.0775375760295,-76.91874331205933,260.39656604308254,-102.4093603070528,MISO
2024-07-07,1768.0869463753963,-103.2054474232271,264.75130841223626,-25.97280736440507,MISO
2024-07-08,1768.096355174763,27.28595708315208,268.88016636429387,18.551521377791232,MISO
2024-07-09,1768.1057639741296,47.36433400385684,272.7790886298097,-58.421186607796244,MISO
2024-07-10,1768.1151727734962,44.601699377784186,276.44426995511634,-78.47414210639681,MISO
2024-07-11,1768.124581572863,39.84923810660091,279.8721553666146,-18.23697504607844,MISO
2024-07-12,1768.1339903722296,20.8716384130814,283.05944414663986,41.11692706804888,MISO
2024-07-13,1768.1433991715962,-76.91874331205933,286.00309351627055,122.24225062419237,MISO
2024-07-14,1768.152807970963,-103.2054474232271,288.70032202078335,169.37231743148095,MISO
2024-07-15,1768.1622167703297,27.28595708315208,291.1486126138137,214.9102135327048,MISO
2024-07-16,1768.1716255696963,47.36433400385684,293.34571543663213,66.80532498981438,MISO
2024-07-17,1768.181034369063,44.601699377784186,295.2896502893065,-59.41638403615343,MISO
2024-07-18,1768.1904431684297,39.84923810660091,296.97870879088157,-202.3923900659122,MISO
2024-07-19,1768.1998519677963,20.8716384130814,298.41145622607394,-204.63794660695135,MISO
2024-07-20,1768.209260767163,-76.91874331205933,299.5867330763484,-140.99125053145212,MISO
2024-07-21,1768.2186695665298,-103.2054474232271,300.50365623361233,-111.69787837691479,MISO
2024-07-22,1768.2280783658964,27.28595708315208,301.1616198951397,-72.87265534418816,MISO
2024-07-23,1768.237487165263,47.36433400385684,301.5602961387095,-100.13711730782916,MISO
2024-07-24,1768.2468959646299,44.601699377784186,301.6996351773191,-118.6152305197329,MISO
2024-07-25,1768.2563047639965,39.84923810660091,301.57986529321215,-111.9534081638094,MISO
2024-07-26,1768.265713563363,20.8716384130814,301.20149245133405,-113.7538444277784,MISO
2024-07-27,1768.2751223627297,-76.91874331205933,300.56529959270904,-67.17767864337952,MISO
2024-07-28,1768.2845311620965,-103.2054474232271,299.6723456086053,17.213570652525505,MISO
2024-07-29,1768.2939399614631,27.28595708315208,298.52396399673285,124.44213895865187,MISO
2024-07-30,1768.3033487608297,47.36433400385684,297.12176120109064,154.61955603422257,MISO
2024-07-31,1768.3127575601966,44.601699377784186,295.4676146374528,189.72392842456702,MISO
2024-08-01,1768.3221663595632,39.84923810660091,293.5636704068521,160.5759251269842,MISO
2024-08-02,1768.3315751589298,20.8716384130814,291.412340699786,141.86244572820306,MISO
2024-08-03,1768.3409839582964,-76.91874331205933,289.01630089423423,141.44245845952832,MISO
2024-08-04,1768.3503927576633,-103.2054474232271,286.37848635093656,154.1835683146271,MISO
2024-08-05,1768.3598015570299,27.28595708315208,283.50208890973545,166.00415245008253,MISO
2024-08-06,1768.3692103563965,47.36433400385684,280.3905530911378,11.819902548608752,MISO
2024-08-07,1768.3786191557633,44.601699377784186,277.04757200759946,-66.27189054114683,MISO
2024-08-08,1768.38802795513,39.84923810660091,273.47708298937437,-55.67934905110519,MISO
2024-08-09,1768.3974367544965,20.8716384130814,269.68326293010574,-145.75533809768353,MISO
2024-08-10,1768.4068455538631,-76.91874331205933,265.6705233576678,-227.00462559947186,MISO
2024-08-11,1768.41625435323,-103.2054474232271,261.4435052360872,-178.46231216609,MISO
2024-08-12,1768.4256631525966,27.28595708315208,257.0070735046896,-99.36269374043809,MISO
2024-08-13,1768.4350719519632,47.36433400385684,252.366311360924,-24.806717316744198,MISO
2024-08-14,1768.44448075133,44.601699377784186,247.5265142936227,19.04730557726316,MISO
2024-08-15,1768.4538895506967,39.84923810660091,242.49318387374024,37.75568846896249,MISO
2024-08-16,1768.4632983500633,20.8716384130814,237.2720213099068,90.4750419269485,MISO
2024-08-17,1768.4727071494299,-76.91874331205933,231.86892077640027,61.5161153862291,MISO
2024-08-18,1768.4821159487967,-103.2054474232271,226.2899625214161,46.92436895301444,MISO
2024-08-19,1768.4915247481633,27.28595708315208,220.54140576376008,-54.614887595075515,MISO
2024-08-20,1768.50093354753,47.36433400385684,214.62968138635102,-144.8239489377379,MISO
2024-08-21,1768.5103423468968,44.601699377784186,208.56138443514615,-173.04842615982716,MISO
2024-08-22,1768.5197511462634,39.84923810660091,202.34326643233703,-148.50025568520118,MISO
2024-08-23,1768.52915994563,20.8716384130814,195.98222751287565,-48.97202587158699,MISO
2024-08-24,1768.5385687449966,-76.91874331205933,189.4853083936062,91.76286617345636,MISO
2024-08-25,1768.5479775443634,-103.2054474232271,182.85968218445993,242.21978769440375,MISO
2024-08-26,1768.55738634373,27.28595708315208,176.1126460513665,392.6160105217516,MISO
2024-08-27,1768.5667951430967,47.36433400385684,169.25161274070626,315.4292581123402,MISO
2024-08-28,1768.5762039424635,44.601699377784186,162.28410197528146,195.5169947044708,MISO
2024-08-29,1768.5856127418301,39.84923810660091,155.2177317319446,180.12041741962457,MISO
2024-08-30,1768.5950215411967,20.8716384130814,148.06020941115327,131.23113063456844,MISO
2024-08-31,1768.6044303405636,-76.91874331205933,140.8193229088456,34.1319900626504,MISO
2024-09-01,1768.6138391399302,-103.2054474232271,133.50293160115328,-53.3453233178559,MISO
2024-09-02,1768.6232479392968,27.28595708315208,126.11895725255098,-230.40416227499986,MISO
2024-09-03,1768.6326567386634,47.36433400385684,118.67537485815362,-115.57236560067395,MISO
2024-09-04,1768.6420655380302,44.601699377784186,111.18020343092559,-45.54896834673991,MISO
2024-09-05,1768.6514743373968,39.84923810660091,103.64149674464316,32.96179081135938,MISO
2024-09-06,1768.6608831367635,20.8716384130814,96.06733404350001,-87.52885559334482,MISO
2024-09-07,1768.6702919361303,-76.91874331205933,88.46581072927384,-237.5833593533448,MISO
2024-09-08,1768.679700735497,-103.2054474232271,80.8450290370082,-220.23228234927797,MISO
2024-09-09,1768.6891095348635,27.28595708315208,73.21308871016498,-148.23515532818055,MISO
2024-09-10,1768.6985183342301,47.36433400385684,65.57807768621187,-94.9129300242987,MISO
2024-09-11,1768.707927133597,44.601699377784186,57.94806280358205,-56.219689314963034,MISO
2024-09-12,1768.7173359329636,39.84923810660091,50.331080540924404,-39.57065458048851,MISO
2024-09-13,1768.7267447323302,20.8716384130814,42.73512779952519,6.010489055063545,MISO
2024-09-14,1768.736153531697,-76.91874331205933,35.168152739715566,93.56743704064706,MISO
2024-09-15,1768.7455623310636,-103.2054474232271,27.638045682026004,138.97383941013777,MISO
2024-09-16,1768.7549711304302,27.28595708315208,20.15263008376884,130.89544170264867,MISO
2024-09-17,1768.7643799297969,47.36433400385684,12.719653601626135,106.32263246472007,MISO
2024-09-18,1768.7737887291637,44.601699377784186,5.346779250737015,129.72173264231515,MISO
2024-09-19,1768.7831975285303,39.84923810660091,-1.958423329358709,202.88198769422752,MISO
2024-09-20,1768.792606327897,20.8716384130814,-9.188486491677011,218.27124175069866,MISO
2024-09-21,1768.8020151272638,-76.91874331205933,-16.336053071549586,205.0567812563454,MISO
2024-09-22,1768.8114239266304,-103.2054474232271,-23.393884739245294,85.97890823584225,MISO
2024-09-23,1768.820832725997,27.28595708315208,-30.354870205665407,8.822080396516412,MISO
2024-09-24,1768.8302415253636,47.36433400385684,-37.21203327151564,4.250457742295339,MISO
2024-09-25,1768.8396503247304,44.601699377784186,-43.95854071053287,-1.9528089919815557,MISO
2024-09-26,1768.849059124097,39.84923810660091,-50.587709977543426,-7.829587253154386,MISO
2024-09-27,1768.8584679234636,20.8716384130814,-57.09301673235109,-47.646089604193776,MISO
2024-09-28,1768.8678767228305,-76.91874331205933,-63.468102170653054,8.018968759882,MISO
2024-09-29,1768.877285522197,-103.2054474232271,-69.7067801534323,52.4959420544626,MISO
2024-09-30,1768.8866943215637,27.28595708315208,-75.80304412649974,83.7423927217842,MISO
2024-10-01,1768.8961031209305,47.36433400385684,-81.75107382211674,-1.3233633026704865,MISO
2024-10-02,1768.9055119202972,44.601699377784186,-87.54524173488952,-56.12696956319155,MISO
2024-10-03,1768.9149207196638,39.84923810660091,-93.18011936438683,-22.80803946187757,MISO
2024-10-04,1768.9243295190304,20.8716384130814,-98.65048321722259,-12.547484714889151,MISO
2024-10-05,1768.9337383183972,-76.91874331205933,-103.95132056162173,41.417325555283924,MISO
2024-10-06,1768.9431471177638,-103.2054474232271,-109.07783492778242,51.524135233245715,MISO
2024-10-07,1768.9525559171304,27.28595708315208,-114.02545134765857,-24.327061652624025,MISO
2024-10-08,1768.9619647164973,47.36433400385684,-118.78982132808359,-81.6954773922705,MISO
2024-10-09,1768.971373515864,44.601699377784186,-123.36682755148558,-69.12524534216254,MISO
2024-10-10,1768.9807823152305,39.84923810660091,-127.7525882987591,-28.223432123072143,MISO
2024-10-11,1768.990191114597,20.8716384130814,-131.9434615891926,-14.014367938485748,MISO
2024-10-12,1768.999599913964,-76.91874331205933,-135.93604903268772,0.7611924307830122,MISO
2024-10-13,1769.0090087133306,-103.2054474232271,-139.72719938984247,8.570638099739199,MISO
2024-10-14,1769.0184175126972,27.28595708315208,-143.31401183582787,-14.910362760021371,MISO
2024-10-15,1769.027826312064,47.36433400385684,-146.69383892432592,-25.149321391594867,MISO
2024-10-16,1769.0372351114306,44.601699377784186,-149.86428924816494,-63.05064524104978,MISO
2024-10-17,1769.0466439107972,39.84923810660091,-152.82322979364142,-53.7736522237567,MISO
2024-10-18,1769.0560527101638,20.8716384130814,-155.56878798588093,-62.265903137364376,MISO
2024-10-19,1769.0654615095307,-76.91874331205933,-158.09935342296205,-52.25536477450919,MISO
2024-10-20,1769.0748703088973,-103.2054474232271,-160.41357929689264,-22.793843588777463,MISO
2024-10-21,1769.084279108264,27.28595708315208,-162.51038349989722,-19.455852691518885,MISO
2024-10-22,1769.0936879076307,47.36433400385684,-164.3889494148565,-36.209072496630824,MISO
2024-10-23,1769.1030967069973,44.601699377784186,-166.04872638910177,-34.37106969567935,MISO
2024-10-24,1769.112505506364,39.84923810660091,-167.48942989115446,-17.99831372181029,MISO
2024-10-25,1769.1219143057306,20.8716384130814,-168.71104135036882,-22.318511368443296,MISO
2024-10-26,1769.1313231050974,-76.91874331205933,-169.7138076798158,-24.75177211322216,MISO
2024-10-27,1769.140731904464,-103.2054474232271,-170.49824048312095,-5.79604399811592,MISO
2024-10-28,1769.1501407038306,27.28595708315208,-171.06511494634168,13.190017159358831,MISO
2024-10-29,1769.1595495031975,47.36433400385684,-171.41546841634596,56.05458490929186,MISO
2024-10-30,1769.168958302564,44.601699377784186,-171.5505986675233,87.34994098717516,MISO
2024-10-31,1769.1783671019307,39.84923810660091,-171.472061859029,32.02945665049742,MISO
2024-11-01,1769.1877759012973,20.8716384130814,-171.18167018513,-12.88274412924875,MISO
2024-11-02,1769.1971847006641,-76.91874331205933,-170.681489221583,10.659047832978558,MISO
2024-11-03,1769.2065935000307,-103.2054474232271,-169.97383497133634,93.32068889453285,MISO
2024-11-04,1769.2160022993974,27.28595708315208,-169.0612706132034,50.93231123065425,MISO
2024-11-05,1769.2254110987642,47.36433400385684,-167.94660295750623,25.970857854885253,MISO
2024-11-06,1769.2348198981308,44.601699377784186,-166.63287861303536,10.446359337120384,MISO
2024-11-07,1769.2442286974974,39.84923810660091,-165.1233798700148,8.351913065916506,MISO
2024-11-08,1769.2536374968643,20.8716384130814,-163.42162030409483,0.1573443941495043,MISO
2024-11-09,1769.2630462962309,-76.91874331205933,-161.53134010672764,9.797037122556048,MISO
2024-11-10,1769.2724550955975,-103.2054474232271,-159.45650114760437,0.2194934752340032,MISO
2024-11-11,1769.281863894964,27.28595708315208,-157.20128177514755,-28.940539202968694,MISO
2024-11-12,1769.291272694331,47.36433400385684,-154.77007136136493,-18.468535336822924,MISO
2024-11-13,1769.3006814936975,44.601699377784186,-152.16746459767097,11.694083726189547,MISO
2024-11-14,1769.3100902930641,39.84923810660091,-149.3982555485802,-14.82007285108466,MISO
2024-11-15,1769.319499092431,20.8716384130814,-146.46743147045802,-28.93370603505423,MISO
2024-11-16,1769.3289078917976,-76.91874331205933,-143.3801664027961,-20.94699817694209,MISO
2024-11-17,1769.3383166911642,-103.2054474232271,-140.14181453974896,-6.750054728188161,MISO
2024-11-18,1769.3477254905308,27.28595708315208,-136.75790338992255,-15.134779183760429,MISO
2024-11-19,1769.3571342898977,47.36433400385684,-133.23412673266424,-43.20734156109006,MISO
2024-11-20,1769.3665430892643,44.601699377784186,-129.5763373793353,-26.453905087712883,MISO
2024-11-21,1769.3759518886309,39.84923810660091,-125.79053974828335,68.34434975305157,MISO
2024-11-22,1769.3853606879977,20.8716384130814,-121.88288226245093,55.493883161372196,MISO
2024-11-23,1769.3947694873643,-76.91874331205933,-117.85964957876297,49.76062340345811,MISO
2024-11-24,1769.404178286731,-103.2054474232271,-113.72725465863616,16.70152379513229,MISO
2024-11-25,1769.4135870860976,27.28595708315208,-109.49223068914543,-2.0423134801042124,MISO
2024-11-26,1769.4229958854644,47.36433400385684,-105.16122286454386,26.353892975222607,MISO
2024-11-27,1769.432404684831,44.601699377784186,-100.74098003802192,27.381875975406956,MISO
2024-11-28,1769.4418134841976,39.84923810660091,-96.23834625371379,-99.60470533708462,MISO
2024-11-29,1769.4512222835644,20.8716384130814,-91.6602521691265,12.604391472480756,MISO
2024-11-30,1769.460631082931,-76.91874331205933,-87.01370637828288,177.09781860741123,MISO
2024-12-01,1769.4700398822977,-103.2054474232271,-82.30578664598322,187.18519418691267,MISO
2024-12-02,1769.4794486816643,27.28595708315208,-77.54363106370928,206.79322529889305,MISO
2024-12-03,1769.4888574810311,47.36433400385684,-72.73442913776431,194.52623765287626,MISO
2024-12-04,1769.4982662803977,44.601699377784186,-67.88541282034723,148.46644716216565,MISO
2024-12-05,1769.5076750797643,39.84923810660091,-63.00384749430074,187.84493430793555,MISO
2024-12-06,1769.5170838791312,20.8716384130814,-58.09702292234776,213.40730063013552,MISO
2024-12-07,1769.5264926784978,-76.91874331205933,-53.17224417165397,114.2684948052156,MISO
2024-12-08,1769.5359014778644,-103.2054474232271,-48.2368225245979,2.366368469960662,MISO
2024-12-09,1769.545310277231,27.28595708315208,-43.29806638663256,-54.5902009737506,MISO
2024-12-10,1769.5547190765978,47.36433400385684,-38.363272202128584,4.922219121673834,MISO
2024-12-11,1769.5641278759645,44.601699377784186,-33.439715389086544,143.40888813533797,MISO
2024-12-12,1769.573536675331,39.84923810660091,-28.53464130356508,257.21186652163306,MISO
2024-12-13,1769.582945474698,20.8716384130814,-23.655256244653785,188.9706723568745,MISO
2024-12-14,1769.5923542740645,-76.91874331205933,-18.808718510753422,91.71810754874855,MISO
2024-12-15,1769.6017630734311,-103.2054474232271,-14.00212951787929,-2.4991861323246667,MISO
2024-12-16,1769.611171872798,27.28595708315208,-9.242524990613177,-61.41060396533658,MISO
2024-12-17,1769.6205806721646,47.36433400385684,-4.536866236258845,-41.051048439762326,MISO
2024-12-18,1769.6299894715312,44.601699377784186,0.10796848736494269,-12.88465733668022,MISO
2024-12-19,1769.6393982708978,39.84923810660091,4.6851925001479415,40.78817112235356,MISO
2024-12-20,1769.6488070702646,20.8716384130814,9.188119113730117,85.8644354029243,MISO
2024-12-21,1769.6582158696312,-76.91874331205933,13.610169921286126,144.26635752114203,MISO
2024-12-22,1769.6676246689979,-103.2054474232271,17.944882953126204,132.73093980110298,MISO
2024-12-23,1769.6770334683647,27.28595708315208,22.1859206883621,-10.071911239878773,MISO
2024-12-24,1769.6864422677313,47.36433400385684,26.327077913031783,-210.81785418462005,MISO
2024-12-25,1769.695851067098,44.601699377784186,30.362289415295038,-291.19183986017697,MISO
2024-12-26,1769.7052598664645,39.84923810660091,34.28563750847166,-219.42713548153733,MISO
2024-12-27,1769.7146686658314,20.8716384130814,38.09135937292881,-202.79666645184125,MISO
2024-12-28,1769.724077465198,-76.91874331205933,41.77385420801897,-192.35718836115757,MISO
2024-12-29,1769.7334862645646,-103.2054474232271,45.327690185510804,-167.7397290268484,MISO
2024-12-30,1769.7428950639314,27.28595708315208,48.74761119618721,-190.79946334327042,MISO
2024-12-31,1769.752303863298,47.36433400385684,52.028543381525864,-204.3091812486805,MISO
