period,trend,seasonal_7,seasonal_365,resid,respondent
2019-01-01,78.36992679952674,1.0782805358611254,-14.083540626928274,14.156333291540406,AZPS
2019-01-02,78.37874409273842,1.019170746614894,-13.941622567847634,20.104707728494333,AZPS
2019-01-03,78.3875613859501,1.4539959303271426,-13.80391740914546,19.124360092868244,AZPS
2019-01-04,78.39637867916176,0.6221076758763757,-13.67077395925085,14.039287604212703,AZPS
2019-01-05,78.40519597237343,-1.6933147582472652,-13.54252944290126,12.322648228775094,AZPS
2019-01-06,78.41401326558511,-2.8022434267465797,-13.41950904885304,12.253739210014508,AZPS
2019-01-07,78.42283055879679,0.3185583105767315,-13.302025493683226,8.379636624309711,AZPS
2019-01-08,78.43164785200847,1.0782805358611254,-13.19037860221421,5.355450214344614,AZPS
2019-01-09,78.44046514522013,1.019170746614894,-13.084854905072417,3.9452190132373772,AZPS
2019-01-10,78.44928243843181,1.4539959303271426,-12.985727253871417,2.493448885112471,AZPS
2019-01-11,78.45809973164349,0.6221076758763757,-12.893254454488476,3.543047046968624,AZPS
2019-01-12,78.46691702485516,-1.6933147582472652,-12.807680918881502,4.2270786522735975,AZPS
2019-01-13,78.47573431806684,-2.8022434267465797,-12.729236335870933,5.018745444550667,AZPS
2019-01-14,78.4845516112785,0.3185583105767315,-12.658135361287977,3.7750254394327243,AZPS
2019-01-15,78.49336890449018,1.0782805358611254,-12.594577327867201,5.071927887515898,AZPS
2019-01-16,78.50218619770186,1.019170746614894,-12.538745975237582,0.8853890309208055,AZPS
2019-01-17,78.51100349091354,1.4539959303271426,-12.49080920034152,1.8498097791008519,AZPS
2019-01-18,78.51982078412522,0.6221076758763757,-12.450918828586879,-0.510009631414718,AZPS
2019-01-19,78.52863807733688,-1.6933147582472652,-12.4192104060117,0.8648870869220815,AZPS
2019-01-20,78.53745537054856,-2.8022434267465797,-12.395803012716009,1.3945910689140248,AZPS
2019-01-21,78.54627266376023,0.3185583105767315,-12.380799097789168,1.9769681234521954,AZPS
2019-01-22,78.55508995697191,1.0782805358611254,-12.374284335935398,4.504913843102358,AZPS
2019-01-23,78.56390725018359,1.019170746614894,-12.376327505973602,5.88624950917513,AZPS
2019-01-24,78.57272454339527,1.4539959303271426,-12.386980391361334,5.292259917638944,AZPS
2019-01-25,78.58154183660693,0.6221076758763757,-12.406277702865946,3.847628190382622,AZPS
2019-01-26,78.59035912981861,-1.6933147582472652,-12.434237023479174,2.7281926519078183,AZPS
2019-01-27,78.59917642303029,-2.8022434267465797,-12.47085877564458,2.0359257793608663,AZPS
2019-01-28,78.60799371624196,0.3185583105767315,-12.51612621084006,1.4925741840213647,AZPS
2019-01-29,78.61681100945364,1.0782805358611254,-12.570005421530809,0.36391387621604565,AZPS
2019-01-30,78.6256283026653,1.019170746614894,-12.632445375480819,-0.5353536737993778,AZPS
2019-01-31,78.63444559587698,1.4539959303271426,-12.703377972384096,-0.9090635538200331,AZPS
2019-02-01,78.64326288908866,0.6221076758763757,-12.782718122749644,-2.3236524422153906,AZPS
2019-02-02,78.65208018230034,-1.6933147582472652,-12.870363848947367,-0.029401575105708844,AZPS
2019-02-03,78.66089747551202,-2.8022434267465797,-12.966196408295188,0.4445423595297555,AZPS
2019-02-04,78.66971476872368,0.3185583105767315,-13.070080438041037,1.277807358740617,AZPS
2019-02-05,78.67853206193536,1.0782805358611254,-13.181864122066724,1.8150515242702312,AZPS
2019-02-06,78.68734935514703,1.019170746614894,-13.301379379114513,5.432859277352577,AZPS
2019-02-07,78.69616664835871,1.4539959303271426,-13.428442072311123,11.039279493625259,AZPS
2019-02-08,78.70498394157039,0.6221076758763757,-13.562852239737937,8.965760622291171,AZPS
2019-02-09,78.71380123478205,-1.6933147582472652,-13.70439434577089,10.804907869236082,AZPS
2019-02-10,78.72261852799373,-2.8022434267465797,-13.852837552888145,9.19746245164098,AZPS
2019-02-11,78.73143582120541,0.3185583105767315,-14.00793601361894,8.078941881836784,AZPS
2019-02-12,78.74025311441709,1.0782805358611254,-14.169429182282494,8.400895532004284,AZPS
2019-02-13,78.74907040762876,1.019170746614894,-14.337042146141924,5.524800991898275,AZPS
2019-02-14,78.75788770084043,1.4539959303271426,-14.510485975574378,6.631602344406801,AZPS
2019-02-15,78.7667049940521,0.6221076758763757,-14.689458092835698,1.1696454229072089,AZPS
2019-02-16,78.77552228726378,-1.6933147582472652,-14.873642658975179,3.572435129958663,AZPS
2019-02-17,78.78433958047546,-2.8022434267465797,-15.062710978433946,9.017614824705063,AZPS
2019-02-18,78.79315687368714,0.3185583105767315,-15.256321920838987,11.913606736575126,AZPS
2019-02-19,78.8019741668988,1.0782805358611254,-15.45412235948397,14.99786765672404,AZPS
2019-02-20,78.81079146011048,1.019170746614894,-15.655747625967464,16.013785419242097,AZPS
2019-02-21,78.81960875332216,1.4539959303271426,-15.860821980439772,21.86721729679047,AZPS
2019-02-22,78.82842604653383,0.6221076758763757,-16.0689590968902,18.83342537448,AZPS
2019-02-23,78.83724333974551,-1.6933147582472652,-16.27976256288855,16.305833981390315,AZPS
2019-02-24,78.84606063295718,-2.8022434267465797,-16.492826393176678,13.590009186966078,AZPS
2019-02-25,78.85487792616885,0.3185583105767315,-16.707735556489055,10.616299319743455,AZPS
2019-02-26,78.86369521938053,1.0782805358611254,-16.92406651496526,6.836090759723604,AZPS
2019-02-27,78.87251251259221,1.019170746614894,-17.141387775501563,2.2487045162944526,AZPS
2019-02-28,78.88132980580389,1.4539959303271426,-17.35926045237426,1.6009347162432306,AZPS
2019-03-01,78.89014709901555,0.6221076758763757,-17.57723884045351,1.3909840655615753,AZPS
2019-03-02,78.89896439222723,-1.6933147582472652,-17.79487099831329,2.279221364333317,AZPS
2019-03-03,78.9077816854389,-2.8022434267465797,-18.011699340530903,0.9231610818385789,AZPS
2019-03-04,78.91659897865058,0.3185583105767315,-18.227261238457995,1.38310394923068,AZPS
2019-03-05,78.92541627186226,1.0782805358611254,-18.44108962873451,1.2193928210111267,AZPS
2019-03-06,78.93423356507394,1.019170746614894,-18.65271362880731,2.1263093171184764,AZPS
2019-03-07,78.9430508582856,1.4539959303271426,-18.861659158706473,1.7776123700937276,AZPS
2019-03-08,78.95186815149728,0.6221076758763757,-19.06744956832412,2.1754737409504656,AZPS
2019-03-09,78.96068544470896,-1.6933147582472652,-19.269606269433915,3.8952355829722123,AZPS
2019-03-10,78.96950273792064,-2.8022434267465797,-19.467649371683024,1.4023900605089636,AZPS
2019-03-11,78.97832003113231,0.3185583105767315,-19.661098321783232,5.375219980074192,AZPS
2019-03-12,78.98713732434398,1.0782805358611254,-19.849472545123604,7.140054684918482,AZPS
2019-03-13,78.99595461755565,1.019170746614894,-20.032292089023734,5.209166724853183,AZPS
2019-03-14,79.00477191076733,1.4539959303271426,-20.209078266844287,5.994310425749816,AZPS
2019-03-15,79.01358920397901,0.6221076758763757,-20.379354302169805,4.649657422314419,AZPS
2019-03-16,79.02240649719069,-1.6933147582472652,-20.542645972278567,1.5885542333351452,AZPS
2019-03-17,79.03122379040235,-2.8022434267465797,-20.698482250114342,1.8705018864585625,AZPS
2019-03-18,79.04004108361403,0.3185583105767315,-20.846395943976376,3.601796549785604,AZPS
2019-03-19,79.0488583768257,1.0782805358611254,-20.98592433414618,4.1137854214593474,AZPS
2019-03-20,79.05767567003738,1.019170746614894,-21.11660980567286,4.399763389020578,AZPS
2019-03-21,79.06649296324906,1.4539959303271426,-21.238000476542823,2.628511582966624,AZPS
2019-03-22,79.07531025646072,0.6221076758763757,-21.349650820464817,2.5872328881277085,AZPS
2019-03-23,79.0841275496724,-1.6933147582472652,-21.451122283507072,2.9593094920819425,AZPS
2019-03-24,79.09294484288408,-2.8022434267465797,-21.54198389383039,3.3322824776928854,AZPS
2019-03-25,79.10176213609576,0.3185583105767315,-21.62181286376862,4.798492417096128,AZPS
2019-03-26,79.11057942930744,1.0782805358611254,-21.690195183516636,5.468335218348088,AZPS
2019-03-27,79.1193967225191,1.019170746614894,-21.746726205695687,6.371158736561696,AZPS
2019-03-28,79.12821401573078,1.4539959303271426,-21.7910112200761,4.430801274018187,AZPS
2019-03-29,79.13703130894245,0.6221076758763757,-21.822666017748876,3.549527032930044,AZPS
2019-03-30,79.14584860215413,-1.6933147582472652,-21.841317444049672,3.8077836001428125,AZPS
2019-03-31,79.15466589536581,-2.8022434267465797,-21.846603939551706,3.9431814709324726,AZPS
2019-04-01,79.16348318857747,0.3185583105767315,-21.838176068457887,5.198134569303676,AZPS
2019-04-02,79.17230048178915,1.0782805358611254,-21.815697033737067,5.7731160160867745,AZPS
2019-04-03,79.18111777500083,1.019170746614894,-21.778843178364596,4.438554656748877,AZPS
2019-04-04,79.1899350682125,1.4539959303271426,-21.72730447204364,4.978373473504,AZPS
2019-04-05,79.19875236142418,0.6221076758763757,-21.66078498280049,4.415924945499931,AZPS
2019-04-06,79.20756965463585,-1.6933147582472652,-21.579003332864644,5.452748436476057,AZPS
2019-04-07,79.21638694784752,-2.8022434267465797,-21.481693138263005,8.05754961716206,AZPS
2019-04-08,79.2252042410592,0.3185583105767315,-21.368603431576233,12.799840879940284,AZPS
2019-04-09,79.23402153427088,1.0782805358611254,-21.23949906732507,12.190196997193077,AZPS
2019-04-10,79.24283882748256,1.019170746614894,-21.09416110947492,3.9311515353774737,AZPS
2019-04-11,79.25165612069422,1.4539959303271426,-20.932387200567582,2.759735149546202,AZPS
2019-04-12,79.2604734139059,0.6221076758763757,-20.753991912010733,4.367410822228443,AZPS
2019-04-13,79.26929070711758,-1.6933147582472652,-20.558807075077812,3.2698311262075137,AZPS
2019-04-14,79.27810800032925,-2.8022434267465797,-20.34668209219353,5.482817518610865,AZPS
2019-04-15,79.28692529354093,0.3185583105767315,-20.117484228103315,7.595000623985655,AZPS
2019-04-16,79.29574258675261,1.0782805358611254,-19.871098880548722,3.975075757934974,AZPS
2019-04-17,79.30455987996427,1.019170746614894,-19.607429830094745,-3.9143007964844188,AZPS
2019-04-18,79.31337717317595,1.4539959303271426,-19.326399468779712,6.06302636527662,AZPS
2019-04-19,79.32219446638763,0.6221076758763757,-19.027949007282935,11.793646865018928,AZPS
2019-04-20,79.3310117595993,-1.6933147582472652,-18.712038660331032,11.451341658978997,AZPS
2019-04-21,79.33982905281098,-2.8022434267465797,-18.37864781008911,7.204062184024707,AZPS
2019-04-22,79.34864634602265,0.3185583105767315,-18.027775147308862,5.6655704907094915,AZPS
2019-04-23,79.35746363923433,1.0782805358611254,-17.6594387900323,6.137694614936848,AZPS
2019-04-24,79.366280932446,1.019170746614894,-17.273676379675628,9.654224700614733,AZPS
2019-04-25,79.37509822565768,1.4539959303271426,-16.87054515434494,15.333450998360114,AZPS
2019-04-26,79.38391551886936,0.6221076758763757,-16.45012199926211,18.908098804516385,AZPS
2019-04-27,79.39273281208102,-1.6933147582472652,-16.012503474206014,16.936085420372258,AZPS
2019-04-28,79.4015501052927,-2.8022434267465797,-15.557805817901835,15.24349913935572,AZPS
2019-04-29,79.41036739850438,0.3185583105767315,-15.08616492931795,9.314239220236843,AZPS
2019-04-30,79.41918469171605,1.0782805358611254,-14.597736325857383,1.529271098280205,AZPS
2019-05-01,79.42800198492773,1.019170746614894,-14.092695078458195,2.711522346915558,AZPS
2019-05-02,79.4368192781394,1.4539959303271426,-13.571235723644202,1.9544205151776595,AZPS
2019-05-03,79.44563657135107,0.6221076758763757,-13.033572152594889,4.9148279053674315,AZPS
2019-05-04,79.45445386456275,-1.6933147582472652,-12.479937477330608,6.808798371015143,AZPS
2019-05-05,79.46327115777443,-2.8022434267465797,-11.910583874135918,7.189556143108078,AZPS
2019-05-06,79.4720884509861,0.3185583105767315,-11.325782404371358,1.3291356428085095,AZPS
2019-05-07,79.48090574419777,1.0782805358611254,-10.725822812850007,-3.348363467208898,AZPS
2019-05-08,79.48972303740945,1.019170746614894,-10.111013303982798,-2.868880480041554,AZPS
2019-05-09,79.49854033062113,1.4539959303271426,-9.481680295921642,-0.6178559650266209,AZPS
2019-05-10,79.5073576238328,0.6221076758763757,-8.83816815295668,-2.643297146752502,AZPS
2019-05-11,79.51617491704448,-1.6933147582472652,-8.180838896448975,-2.6680212623482333,AZPS
2019-05-12,79.52499221025614,-2.8022434267465797,-7.5100718946058524,-2.516676888903703,AZPS
2019-05-13,79.53380950346782,0.3185583105767315,-6.826263531430909,1.4498957173863403,AZPS
2019-05-14,79.5426267966795,1.0782805358611254,-6.12982685520571,8.113919522665086,AZPS
2019-05-15,79.55144408989118,1.019170746614894,-5.421191206884508,9.918576370378432,AZPS
2019-05-16,79.56026138310285,1.4539959303271426,-4.700801828806881,1.5115445153769116,AZPS
2019-05-17,79.56907867631452,0.6221076758763757,-3.969119454157056,-10.215066898033854,AZPS
2019-05-18,79.5778959695262,-1.6933147582472652,-3.2266198776211574,-9.86196133365776,AZPS
2019-05-19,79.58671326273787,-2.8022434267465797,-2.473793507716337,-10.637676328274964,AZPS
2019-05-20,79.59553055594955,0.3185583105767315,-1.7111449012875326,-15.501943965238745,AZPS
2019-05-21,79.60434784916123,1.0782805358611254,-0.9391922806886299,-17.74643610433371,AZPS
2019-05-22,79.61316514237289,1.019170746614894,-0.15846703418586472,-17.508868854801918,AZPS
2019-05-23,79.62198243558457,1.4539959303271426,0.6304867998591668,-18.95246516577088,AZPS
2019-05-24,79.63079972879625,0.6221076758763757,1.4271130644496495,-16.36602046912229,AZPS
2019-05-25,79.63961702200793,-1.6933147582472652,2.2308440304610997,-14.27314629422176,AZPS
2019-05-26,79.6484343152196,-2.8022434267465797,3.041100957582664,-17.278291846055687,AZPS
2019-05-27,79.65725160843128,0.3185583105767315,3.857294669060977,-22.871104588068988,AZPS
2019-05-28,79.66606890164294,1.0782805358611254,4.678826139599099,-19.679175577103166,AZPS
2019-05-29,79.67488619485462,1.019170746614894,5.5050870957469975,-14.820144037216508,AZPS
2019-05-30,79.6837034880663,1.4539959303271426,6.335460628105043,-3.543160046498471,AZPS
2019-05-31,79.69252078127798,0.6221076758763757,7.16932181464794,-7.153950271802287,AZPS
2019-06-01,79.70133807448966,-1.6933147582472652,8.006038354462802,-7.495061670705184,AZPS
2019-06-02,79.71015536770132,-2.8022434267465797,8.844971211182926,-6.982883152137688,AZPS
2019-06-03,79.718972660913,0.3185583105767315,9.68547526538628,-5.525006236876024,AZPS
2019-06-04,79.72778995412467,1.0782805358611254,10.526899975217894,-6.849970465203697,AZPS
2019-06-05,79.73660724733635,1.019170746614894,11.368590044484169,-2.8213680384354234,AZPS
2019-06-06,79.74542454054803,1.4539959303271426,12.209886097458782,-0.7723065683339456,AZPS
2019-06-07,79.75424183375969,0.6221076758763757,13.050125359631478,-1.4114748692675647,AZPS
2019-06-08,79.76305912697137,-1.6933147582472652,13.888642343623046,-6.319386712347168,AZPS
2019-06-09,79.77187642018305,-2.8022434267465797,14.724769539484388,-0.702402532920857,AZPS
2019-06-10,79.78069371339473,0.3185583105767315,15.557838108590934,6.920909867437615,AZPS
2019-06-11,79.7895110066064,1.0782805358611254,16.38717858034001,11.246029877192484,AZPS
2019-06-12,79.79832829981807,1.019170746614894,17.212121550854242,9.8793794027128,AZPS
2019-06-13,79.80714559302974,1.4539959303271426,18.031998382892283,4.927860093750837,AZPS
2019-06-14,79.81596288624142,0.6221076758763757,18.846141906165172,-2.5112124682829773,AZPS
2019-06-15,79.8247801794531,-1.6933147582472652,19.653887117256943,-2.7583525384627734,AZPS
2019-06-16,79.83359747266478,-2.8022434267465797,20.454571878347103,-1.6979259242652915,AZPS
2019-06-17,79.84241476587644,0.3185583105767315,21.247537613934877,-2.0475106903880516,AZPS
2019-06-18,79.85123205908812,1.0782805358611254,22.032130004765406,-6.216642599714646,AZPS
2019-06-19,79.8600493522998,1.019170746614894,22.807699678162667,-8.779919777077353,AZPS
2019-06-20,79.86886664551147,1.4539959303271426,23.573602893976513,-9.729465469815125,AZPS
2019-06-21,79.87768393872315,0.6221076758763757,24.329202225356575,-9.974993839956099,AZPS
2019-06-22,79.88650123193482,-1.6933147582472652,25.073867233571207,-12.07405370725877,AZPS
2019-06-23,79.8953185251465,-2.8022434267465797,25.806975136096526,-17.785050234496453,AZPS
2019-06-24,79.90413581835817,0.3185583105767315,26.527911467207616,-13.453605596142523,AZPS
2019-06-25,79.91295311156985,1.0782805358611254,27.236070730312942,-12.630304377743926,AZPS
2019-06-26,79.92177040478153,1.019170746614894,27.930857041281875,-12.266798192678294,AZPS
2019-06-27,79.93058769799319,1.4539959303271426,28.61168476202579,-12.605268390346112,AZPS
2019-06-28,79.93940499120487,0.6221076758763757,29.277979123603846,-6.227491790685107,AZPS
2019-06-29,79.94822228441654,-1.6933147582472652,29.9291768381369,0.9579156356938228,AZPS
2019-06-30,79.95703957762822,-2.8022434267465797,30.564726698825332,3.915477150293029,AZPS
2019-07-01,79.9658568708399,0.3185583105767315,31.184090167380475,3.6964946512029115,AZPS
2019-07-02,79.97467416405156,1.0782805358611254,31.786741948193505,-2.9696966481062077,AZPS
2019-07-03,79.98349145726324,1.019170746614894,32.372170548581174,-8.902832752459332,AZPS
2019-07-04,79.99230875047492,1.4539959303271426,32.9398788244631,-16.741183505265155,AZPS
2019-07-05,80.0011260436866,0.6221076758763757,33.48938451084276,-15.158618230405736,AZPS
2019-07-06,80.00994333689827,-1.6933147582472652,34.02022073648127,-12.305849315132278,AZPS
2019-07-07,80.01876063010995,-2.8022434267465797,34.531936522171506,-11.551453725534884,AZPS
2019-07-08,80.02757792332162,0.3185583105767315,35.024097262038936,-20.251233495937285,AZPS
2019-07-09,80.0363952165333,1.0782805358611254,35.49628518731477,-18.850960939709196,AZPS
2019-07-10,80.04521250974497,1.019170746614894,35.948099812047865,-6.263483068407737,AZPS
2019-07-11,80.05402980295665,1.4539959303271426,36.379158360241995,-0.2561840935257891,AZPS
2019-07-12,80.06284709616833,0.6221076758763757,36.78909617392693,3.9479490540283564,AZPS
2019-07-13,80.07166438937999,-1.6933147582472652,37.17756710169354,5.685083267173738,AZPS
2019-07-14,80.08048168259167,-2.8022434267465797,37.54424386724608,5.447517876908833,AZPS
2019-07-15,80.08929897580335,0.3185583105767315,37.88881841754722,9.13832429607271,AZPS
2019-07-16,80.09811626901502,1.0782805358611254,38.21100225015571,7.614600944968146,AZPS
2019-07-17,80.1069335622267,1.019170746614894,38.510526719380046,2.1343689717783576,AZPS
2019-07-18,80.11575085543836,1.4539959303271426,38.78714332089643,-4.803890106661953,AZPS
2019-07-19,80.12456814865004,0.6221076758763757,39.040623954503864,-5.719299779030294,AZPS
2019-07-20,80.13338544186172,-1.6933147582472652,39.27076116471472,-8.204831848329164,AZPS
2019-07-21,80.1422027350734,-2.8022434267465797,39.47736835890475,0.6606723327684421,AZPS
2019-07-22,80.15102002828507,0.3185583105767315,39.66028000277244,1.5271416583657498,AZPS
2019-07-23,80.15983732149674,1.0782805358611254,39.81935179288382,-5.2544696502417025,AZPS
2019-07-24,80.16865461470842,1.019170746614894,39.95446080610553,-6.400286167428831,AZPS
2019-07-25,80.1774719079201,1.4539959303271426,40.065505625755485,-0.005973464002707374,AZPS
2019-07-26,80.18628920113177,0.6221076758763757,40.15240644432764,6.2691966786642155,AZPS
2019-07-27,80.19510649434345,-1.6933147582472652,40.21510514267437,8.43610312122945,AZPS
2019-07-28,80.20392378755511,-2.8022434267465797,40.253565345557206,5.980754293634249,AZPS
2019-07-29,80.21274108076679,0.3185583105767315,40.26777245350423,5.017928155152234,AZPS
2019-07-30,80.22155837397847,1.0782805358611254,40.25773365093958,-1.2935725607791824,AZPS
2019-07-31,80.23037566719015,1.019170746614894,40.223477890578266,-17.869024304383302,AZPS
2019-08-01,80.23919296040182,1.4539959303271426,40.165055854106825,-5.671244744835789,AZPS
2019-08-02,80.24801025361349,0.6221076758763757,40.08253988919782,3.4933421813123005,AZPS
2019-08-03,80.25682754682516,-1.6933147582472652,39.97602392293372,5.294463288488387,AZPS
2019-08-04,80.26564484003684,-2.8022434267465797,39.84562335174275,2.3569752349669812,AZPS
2019-08-05,80.27446213324852,0.3185583105767315,39.69147490797679,7.763504648197966,AZPS
2019-08-06,80.2832794264602,1.0782805358611254,39.513736503288285,-7.626296465609613,AZPS
2019-08-07,80.29209671967186,1.019170746614894,39.312587048989926,-4.178854515276697,AZPS
2019-08-08,80.30091401288354,1.4539959303271426,39.0882262536076,-2.466136196818283,AZPS
2019-08-09,80.30973130609522,0.6221076758763757,38.840874397863594,-7.287713379835196,AZPS
2019-08-10,80.3185485993069,-1.6933147582472652,38.57077208735273,-10.804005928412352,AZPS
2019-08-11,80.32736589251857,-2.8022434267465797,38.27817998320053,-7.28030244897252,AZPS
2019-08-12,80.33618318573023,0.3185583105767315,37.96337851101741,-8.056120007324381,AZPS
2019-08-13,80.34500047894191,1.0782805358611254,37.62666754848828,-6.390948563291303,AZPS
2019-08-14,80.35381777215359,1.019170746614894,37.26836609196148,-1.0013546107299902,AZPS
2019-08-15,80.36263506536527,1.4539959303271426,36.88881190242549,2.255557101882104,AZPS
2019-08-16,80.37145235857695,0.6221076758763757,36.48836113128512,1.0450788342615596,AZPS
2019-08-17,80.38026965178862,-1.6933147582472652,36.06738792637304,1.5696571800856276,AZPS
2019-08-18,80.38908694500029,-2.8022434267465797,35.6262840186542,-7.4281275369079225,AZPS
2019-08-19,80.39790423821196,0.3185583105767315,35.165458290104255,-5.0949208388929605,AZPS
2019-08-20,80.40672153142364,1.0782805358611254,34.68533632326338,1.153661609451845,AZPS
2019-08-21,80.41553882463532,1.019170746614894,34.186359932989376,3.8819304957604146,AZPS
2019-08-22,80.424356117847,1.4539959303271426,33.66898668095335,2.1916612708725154,AZPS
2019-08-23,80.43317341105866,0.6221076758763757,33.133689373441726,2.5440295396232386,AZPS
2019-08-24,80.44199070427034,-1.6933147582472652,32.58095554304706,3.8993685109298752,AZPS
2019-08-25,80.45080799748202,-2.8022434267465797,32.011286914849464,5.7721485144151075,AZPS
2019-08-26,80.4596252906937,0.3185583105767315,31.425198857706995,11.637617541022578,AZPS
2019-08-27,80.46844258390537,1.0782805358611254,30.823219821291424,15.938057058942078,AZPS
2019-08-28,80.47725987711704,1.019170746614894,30.205890759522028,14.947678616746032,AZPS
2019-08-29,80.48607717032871,1.4539959303271426,29.573764541064783,4.220162358279353,AZPS
2019-08-30,80.49489446354039,0.6221076758763757,28.927405347580105,11.349592513003117,AZPS
2019-08-31,80.50371175675207,-1.6933147582472652,28.26738806041567,9.17021494107955,AZPS
2019-09-01,80.51252904996375,-2.8022434267465797,27.59429763645385,7.983416740328991,AZPS
2019-09-02,80.52134634317541,0.3185583105767315,26.908728473836515,4.248366872411339,AZPS
2019-09-03,80.53016363638709,1.0782805358611254,26.21128376829973,13.579272059452052,AZPS
2019-09-04,80.53898092959876,1.019170746614894,25.502574860863525,17.99427346292282,AZPS
2019-09-05,80.54779822281044,1.4539959303271426,24.783220577629745,16.18398526923268,AZPS
2019-09-06,80.55661551602212,0.6221076758763757,24.053846562450932,14.546430245650555,AZPS
2019-09-07,80.56543280923378,-1.6933147582472652,23.315084603241118,14.554797345772357,AZPS
2019-09-08,80.57425010244546,-2.8022434267465797,22.567571952705514,7.742421371595583,AZPS
2019-09-09,80.58306739565714,0.3185583105767315,21.8119506442733,3.560423649492833,AZPS
2019-09-10,80.59188468886882,1.0782805358611254,21.04886680402195,2.7659679712481164,AZPS
2019-09-11,80.6007019820805,1.019170746614894,20.278969959386934,-3.7098426880823325,AZPS
2019-09-12,80.60951927529216,1.4539959303271426,19.50291234545241,-1.721427551071713,AZPS
2019-09-13,80.61833656850384,0.6221076758763757,18.721348209622157,1.4332075459976181,AZPS
2019-09-14,80.62715386171551,-1.6933147582472652,17.93493311547142,5.367227781060336,AZPS
2019-09-15,80.63597115492719,-2.8022434267465797,17.144323246579702,2.7259490252396716,AZPS
2019-09-16,80.64478844813887,0.3185583105767315,16.350174711145286,4.078478530139108,AZPS
2019-09-17,80.65360574135053,1.0782805358611254,15.55314284818082,-1.4460291253924993,AZPS
2019-09-18,80.66242303456221,1.019170746614894,14.753881536085757,1.6875246827371342,AZPS
2019-09-19,80.67124032777389,1.4539959303271426,13.953042504390133,-2.3892787624911733,AZPS
2019-09-20,80.68005762098556,0.6221076758763757,13.15127464945805,-9.154439946319982,AZPS
2019-09-21,80.68887491419724,-1.6933147582472652,12.349223354935543,-11.712783510885501,AZPS
2019-09-22,80.6976922074089,-2.8022434267465797,11.547529817720825,-6.48397859838316,AZPS
2019-09-23,80.70650950062058,0.3185583105767315,10.746830380227857,-4.1548981914251755,AZPS
2019-09-24,80.71532679383226,1.0782805358611254,9.947755869707205,-13.639363199400606,AZPS
2019-09-25,80.72414408704394,1.019170746614894,9.15093094537798,-9.32324577903681,AZPS
2019-09-26,80.73296138025562,1.4539959303271426,8.35697345411624,-9.112930764698987,AZPS
2019-09-27,80.7417786734673,0.6221076758763757,7.566493795434732,-8.249380144778414,AZPS
2019-09-28,80.75059596667896,-1.6933147582472652,6.780094296476041,-5.204375504907745,AZPS
2019-09-29,80.75941325989064,-2.8022434267465797,5.998368597731281,-6.002538430875333,AZPS
2019-09-30,80.76823055310231,0.3185583105767315,5.221901050181144,-11.286689913860172,AZPS
2019-10-01,80.77704784631399,1.0782805358611254,4.451266124544004,-14.313594506719113,AZPS
2019-10-02,80.78586513952567,1.019170746614894,3.6870278333001387,-10.605063719440707,AZPS
2019-10-03,80.79468243273733,1.4539959303271426,2.9297391661458594,-5.077417529210322,AZPS
2019-10-04,80.80349972594901,0.6221076758763757,2.1799415395157986,-0.9325489413411816,AZPS
2019-10-05,80.81231701916069,-1.6933147582472652,1.4381642607933696,-3.517166521706784,AZPS
2019-10-06,80.82113431237237,-2.8022434267465797,0.704924007812842,-4.502814893438625,AZPS
2019-10-07,80.82995160558404,0.3185583105767315,-0.019275675761944555,-1.6632342403988218,AZPS
2019-10-08,80.8387688987957,1.0782805358611254,-0.7339448686175025,-1.6431045660393409,AZPS
2019-10-09,80.84758619200738,1.019170746614894,-1.438607742982251,-3.2191491956400284,AZPS
2019-10-10,80.85640348521906,1.4539959303271426,-2.132803018305143,-7.321596397241066,AZPS
2019-10-11,80.86522077843074,0.6221076758763757,-2.8160843969162226,-11.184244057390899,AZPS
2019-10-12,80.87403807164242,-1.6933147582472652,-3.488020981186242,-7.361702332208893,AZPS
2019-10-13,80.88285536485408,-2.8022434267465797,-4.148197671724731,-5.926414266382778,AZPS
2019-10-14,80.89167265806576,0.3185583105767315,-4.796215546177638,-2.3680154224648504,AZPS
2019-10-15,80.90048995127744,1.0782805358611254,-5.4316922182105225,0.25392173107196925,AZPS
2019-10-16,80.90930724448911,1.019170746614894,-6.054262176284753,2.197784185180737,AZPS
2019-10-17,80.91812453770079,1.4539959303271426,-6.663577101860366,4.463456633832422,AZPS
2019-10-18,80.92694183091245,0.6221076758763757,-7.2593061666823955,-1.8667433401064386,AZPS
2019-10-19,80.93575912412413,-1.6933147582472652,-7.841136308832659,-6.369308057044222,AZPS
2019-10-20,80.94457641733581,-2.8022434267465797,-8.408772487254915,-5.897560503334319,AZPS
2019-10-21,80.95339371054749,0.3185583105767315,-8.961937914486274,-4.744014106637934,AZPS
2019-10-22,80.96221100375917,1.0782805358611254,-9.500374267353397,-2.7521172722669007,AZPS
2019-10-23,80.97102829697083,1.019170746614894,-10.023841875419857,-1.8283571681658657,AZPS
2019-10-24,80.9798455901825,1.4539959303271426,-10.53211988699488,-4.272721633514763,AZPS
2019-10-25,80.98866288339418,0.6221076758763757,-11.025006412543089,-4.882764146727482,AZPS
2019-10-26,80.99748017660586,-1.6933147582472652,-11.50231864535947,-4.447846772999128,AZPS
2019-10-27,81.00629746981754,-2.8022434267465797,-11.963892959402374,-1.8691610836685868,AZPS
2019-10-28,81.0151147630292,0.3185583105767315,-12.409584984203601,-5.391088089402345,AZPS
2019-10-29,81.02393205624088,1.0782805358611254,-12.839269656801807,-6.814942935300202,AZPS
2019-10-30,81.03274934945256,1.019170746614894,-13.25284125067345,-5.8310788453940035,AZPS
2019-10-31,81.04156664266424,1.4539959303271426,-13.650213381661942,-5.555349191329434,AZPS
2019-11-01,81.05038393587591,0.6221076758763757,-14.031318990933233,-4.403172620819063,AZPS
2019-11-02,81.05920122908758,-1.6933147582472652,-14.39611030501356,-3.2687761658267576,AZPS
2019-11-03,81.06801852229925,-2.8022434267465797,-14.744558772991718,1.1927836774390386,AZPS
2019-11-04,81.07683581551093,0.3185583105767315,-15.076654980995706,-0.7427391450919743,AZPS
2019-11-05,81.08565310872261,1.0782805358611254,-15.392408544080004,0.6674748994962556,AZPS
2019-11-06,81.09447040193429,1.019170746614894,-15.69184797568702,2.0752068271378334,AZPS
2019-11-07,81.10328769514597,1.4539959303271426,-15.975020534872378,1.6517369093992755,AZPS
2019-11-08,81.11210498835763,0.6221076758763757,-16.241992051509875,3.722779387275864,AZPS
2019-11-09,81.1209222815693,-1.6933147582472652,-16.492846729718536,2.9012392063964754,AZPS
2019-11-10,81.12973957478098,-2.8022434267465797,-16.72768692977929,4.3801907817448935,AZPS
2019-11-11,81.13855686799266,0.3185583105767315,-16.946632928834383,3.879517750264995,AZPS
2019-11-12,81.14737416120434,1.0782805358611254,-17.149822660687988,1.8811679636225165,AZPS
2019-11-13,81.156191454416,1.019170746614894,-17.337411435050583,0.20304923401968722,AZPS
2019-11-14,81.16500874762768,1.4539959303271426,-17.509571636594288,0.027566958639454242,AZPS
2019-11-15,81.17382604083936,0.6221076758763757,-17.66649240420996,1.016558687494225,AZPS
2019-11-16,81.18264333405104,-1.6933147582472652,-17.8083792908803,1.155050715076527,AZPS
2019-11-17,81.19146062726271,-2.8022434267465797,-17.93545390460585,2.3042367040897176,AZPS
2019-11-18,81.20027792047438,0.3185583105767315,-18.047953530843092,1.820117299791967,AZPS
2019-11-19,81.20909521368606,1.0782805358611254,-18.14613073693586,2.292754987388676,AZPS
2019-11-20,81.21791250689773,1.019170746614894,-18.23025295904187,2.788169705529242,AZPS
2019-11-21,81.22672980010941,1.4539959303271426,-18.300602072077332,1.6298763416407809,AZPS
2019-11-22,81.23554709332109,0.6221076758763757,-18.357473943222125,0.5068191740246633,AZPS
2019-11-23,81.24436438653275,-1.6933147582472652,-18.40117796954734,0.980128341261846,AZPS
2019-11-24,81.25318167974443,-2.8022434267465797,-18.432036600345775,1.9280983473479196,AZPS
2019-11-25,81.2619989729561,0.3185583105767315,-18.450384844763622,2.994827561230778,AZPS
2019-11-26,81.27081626616778,1.0782805358611254,-18.456569765348902,3.6974729633199956,AZPS
2019-11-27,81.27963355937946,1.019170746614894,-18.450949958148655,6.294145652154299,AZPS
2019-11-28,81.28845085259113,1.4539959303271426,-18.43389502000238,-0.6665517629158941,AZPS
2019-11-29,81.2972681458028,0.6221076758763757,-18.40578500369449,2.218409182015307,AZPS
2019-11-30,81.30608543901448,-1.6933147582472652,-18.36700986164218,4.823239180874964,AZPS
2019-12-01,81.31490273222616,-2.8022434267465797,-18.317968878808884,6.000309573329297,AZPS
2019-12-02,81.32372002543784,0.3185583105767315,-18.259070095545553,5.742791759530995,AZPS
2019-12-03,81.3325373186495,1.0782805358611254,-18.190729721074003,4.957911866563364,AZPS
2019-12-04,81.34135461186118,1.019170746614894,-18.113371538336956,2.9658461798608755,AZPS
2019-12-05,81.35017190507286,1.4539959303271426,-18.027426300949724,0.8852584655497253,AZPS
2019-12-06,81.35898919828453,0.6221076758763757,-17.933331122997174,2.6692342488362613,AZPS
2019-12-07,81.36780649149621,-1.6933147582472652,-17.831528862427987,4.14103712917904,AZPS
2019-12-08,81.37662378470787,-2.8022434267465797,-17.72246749880527,6.103087140843954,AZPS
2019-12-09,81.38544107791955,0.3185583105767315,-17.606599506179172,3.619600117682893,AZPS
2019-12-10,81.39425837113123,1.0782805358611254,-17.48438122185239,3.5978423148600314,AZPS
2019-12-11,81.40307566434291,1.019170746614894,-17.356272211813817,4.077025800856006,AZPS
2019-12-12,81.41189295755458,1.4539959303271426,-17.22273463361968,3.31884574573796,AZPS
2019-12-13,81.42071025076625,0.6221076758763757,-17.0842325975035,2.542414670860879,AZPS
2019-12-14,81.42952754397793,-1.6933147582472652,-16.94123152649847,1.4160187407678038,AZPS
2019-12-15,81.4383448371896,-2.8022434267465797,-16.794197516356242,2.6400961059132086,AZPS
2019-12-16,81.44716213040128,0.3185583105767315,-16.643596696046203,7.332876255068186,AZPS
2019-12-17,81.45597942361296,1.0782805358611254,-16.48989458961806,9.303634630143975,AZPS
2019-12-18,81.46479671682464,1.019170746614894,-16.333555480208755,7.866588016769228,AZPS
2019-12-19,81.4736140100363,1.4539959303271426,-16.175041776971284,7.25143183660785,AZPS
2019-12-20,81.48243130324798,0.6221076758763757,-16.014813385699863,7.329274406575507,AZPS
2019-12-21,81.49124859645966,-1.6933147582472652,-15.853327083920304,5.030393245707899,AZPS
2019-12-22,81.50006588967133,-2.8022434267465797,-15.69103590120917,4.198213438284412,AZPS
2019-12-23,81.50888318288301,0.3185583105767315,-15.52838850549872,4.711947012038991,AZPS
2019-12-24,81.51770047609467,1.0782805358611254,-15.365828596116502,3.755847584160705,AZPS
2019-12-25,81.52651776930635,1.019170746614894,-15.203794304301084,0.6731057883798286,AZPS
2019-12-26,81.53533506251803,1.4539959303271426,-15.042717601924728,6.861386609079574,AZPS
2019-12-27,81.54415235572971,0.6221076758763757,-14.88302371914498,10.426763687538894,AZPS
2019-12-28,81.55296964894139,-1.6933147582472652,-14.725130571695026,10.31947568100091,AZPS
2019-12-29,81.56178694215305,-2.8022434267465797,-14.569448198511488,13.707904683105014,AZPS
2019-12-30,81.57060423536473,0.3185583105767315,-14.416378210385131,13.42521566444367,AZPS
2019-12-31,81.5794215285764,1.0782805358611254,-14.266313250306611,6.050611185869073,AZPS
2020-01-01,81.58823882178808,1.019170746614894,-14.083540626928274,3.1501310585253037,AZPS
2020-01-02,81.59705611499976,1.4539959303271426,-13.941622567847634,4.259570522520747,AZPS
2020-01-03,81.60587340821142,0.6221076758763757,-13.80391740914546,5.10693632505766,AZPS
2020-01-04,81.6146907014231,-1.6933147582472652,-13.67077395925085,3.849398016075,AZPS
2020-01-05,81.62350799463478,-2.8022434267465797,-13.54252944290126,2.1192648750130587,AZPS
2020-01-06,81.63232528784646,0.3185583105767315,-13.41950904885304,1.4666254504298593,AZPS
2020-01-07,81.64114258105813,1.0782805358611254,-13.302025493683226,1.1736023767639665,AZPS
2020-01-08,81.6499598742698,1.019170746614894,-13.19037860221421,1.7452479813295128,AZPS
2020-01-09,81.65877716748147,1.4539959303271426,-13.084854905072417,3.977081807263801,AZPS
2020-01-10,81.66759446069315,0.6221076758763757,-12.985727253871417,3.4790251173018873,AZPS
2020-01-11,81.67641175390483,-1.6933147582472652,-12.893254454488476,5.645157458830909,AZPS
2020-01-12,81.68522904711651,-2.8022434267465797,-12.807680918881502,6.020695298511583,AZPS
2020-01-13,81.69404634032817,0.3185583105767315,-12.729236335870933,4.813631684966012,AZPS
2020-01-14,81.70286363353985,1.0782805358611254,-12.658135361287977,3.287991191886988,AZPS
2020-01-15,81.71168092675153,1.019170746614894,-12.594577327867201,3.0077256545007884,AZPS
2020-01-16,81.7204982199632,1.4539959303271426,-12.538745975237582,3.3412518249472356,AZPS
2020-01-17,81.72931551317488,0.6221076758763757,-12.49080920034152,0.48638601129026426,AZPS
2020-01-18,81.73813280638655,-1.6933147582472652,-12.450918828586879,0.9041007804475925,AZPS
2020-01-19,81.74695009959822,-2.8022434267465797,-12.4192104060117,-0.935496266839948,AZPS
2020-01-20,81.7557673928099,0.3185583105767315,-12.395803012716009,-2.166522690670618,AZPS
2020-01-21,81.76458468602158,1.0782805358611254,-12.380799097789168,0.34593387590646785,AZPS
2020-01-22,81.77340197923326,1.019170746614894,-12.374284335935398,-3.438288389912742,AZPS
2020-01-23,81.78221927244492,1.4539959303271426,-12.376327505973602,-2.8848876967984722,AZPS
2020-01-24,81.7910365656566,0.6221076758763757,-12.386980391361334,-2.5151638501716462,AZPS
2020-01-25,81.79985385886827,-1.6933147582472652,-12.406277702865946,-2.811261397755075,AZPS
2020-01-26,81.80867115207995,-2.8022434267465797,-12.434237023479174,-3.4041907018541977,AZPS
2020-01-27,81.81748844529163,0.3185583105767315,-12.47085877564458,-4.268187980223772,AZPS
2020-01-28,81.82630573850331,1.0782805358611254,-12.51612621084006,-3.6754600635243833,AZPS
2020-01-29,81.83512303171497,1.019170746614894,-12.570005421530809,-0.6502883567990665,AZPS
2020-01-30,81.84394032492665,1.4539959303271426,-12.632445375480819,-2.367490879772973,AZPS
2020-01-31,81.85275761813833,0.6221076758763757,-12.703377972384096,-2.696487321630599,AZPS
2020-02-01,81.86157491135,-1.6933147582472652,-12.782718122749644,-3.0915420303530965,AZPS
2020-02-02,81.87039220456168,-2.8022434267465797,-12.870363848947367,-4.318784928867736,AZPS
2020-02-03,81.87920949777335,0.3185583105767315,-12.966196408295188,-1.3065714000549065,AZPS
2020-02-04,81.88802679098502,1.0782805358611254,-13.070080438041037,7.507773111194879,AZPS
2020-02-05,81.8968440841967,1.019170746614894,-13.181864122066724,10.722849291255116,AZPS
2020-02-06,81.90566137740838,1.4539959303271426,-13.301379379114513,7.133722071378983,AZPS
2020-02-07,81.91447867062006,0.6221076758763757,-13.428442072311123,2.6278557258146975,AZPS
2020-02-08,81.92329596383172,-1.6933147582472652,-13.562852239737937,-0.4981289658465329,AZPS
2020-02-09,81.9321132570434,-2.8022434267465797,-13.70439434577089,-0.7324754845259349,AZPS
2020-02-10,81.94093055025508,0.3185583105767315,-13.852837552888145,-2.1886513079436725,AZPS
2020-02-11,81.94974784346675,1.0782805358611254,-14.00793601361894,0.2069076342910705,AZPS
2020-02-12,81.95856513667843,1.019170746614894,-14.169429182282494,1.222693298989185,AZPS
2020-02-13,81.9673824298901,1.4539959303271426,-14.337042146141924,-0.369336214075318,AZPS
2020-02-14,81.97619972310177,0.6221076758763757,-14.510485975574378,-1.6418214234037691,AZPS
2020-02-15,81.98501701631345,-1.6933147582472652,-14.689458092835698,-2.9202441652304856,AZPS
2020-02-16,81.99383430952513,-2.8022434267465797,-14.873642658975179,-3.4309482238033695,AZPS
2020-02-17,82.0026516027368,0.3185583105767315,-15.062710978433946,-3.5464989348795797,AZPS
2020-02-18,82.01146889594847,1.0782805358611254,-15.256321920838987,-3.602427510970614,AZPS
2020-02-19,82.02028618916015,1.019170746614894,-15.45412235948397,-3.791334576291078,AZPS
2020-02-20,82.02910348237182,1.4539959303271426,-15.655747625967464,-3.867351786731497,AZPS
2020-02-21,82.0379207755835,0.6221076758763757,-15.860821980439772,-4.182206471020116,AZPS
2020-02-22,82.04673806879518,-1.6933147582472652,-16.0689590968902,-0.5554642136577002,AZPS
2020-02-23,82.05555536200684,-2.8022434267465797,-16.27976256288855,-1.0805493723717134,AZPS
2020-02-24,82.06437265521852,0.3185583105767315,-16.492826393176678,-1.845104572618581,AZPS
2020-02-25,82.0731899484302,1.0782805358611254,-16.707735556489055,-1.49473492780227,AZPS
2020-02-26,82.08200724164188,1.019170746614894,-16.92406651496526,-0.13911147329150708,AZPS
2020-02-27,82.09082453485355,1.4539959303271426,-17.141387775501563,-1.2444326896791296,AZPS
2020-02-28,82.09964182806522,0.6221076758763757,-17.35926045237426,-0.9964890515673375,AZPS
2020-02-29,82.1084591212769,-1.6933147582472652,-17.57723884045351,-2.6129055225761277,AZPS
2020-03-01,82.11727641448857,-2.8022434267465797,-17.79487099831329,-3.0351619894287083,AZPS
2020-03-02,82.12609370770025,0.3185583105767315,-18.011699340530903,-0.40795267774606714,AZPS
2020-03-03,82.13491100091193,1.0782805358611254,-18.227261238457995,-2.5589302983150546,AZPS
2020-03-04,82.14372829412359,1.019170746614894,-18.44108962873451,-2.6088094120039784,AZPS
2020-03-05,82.15254558733527,1.4539959303271426,-18.65271362880731,-2.1248278888551013,AZPS
2020-03-06,82.16136288054695,0.6221076758763757,-18.861659158706473,-0.8868113977168548,AZPS
2020-03-07,82.17018017375862,-1.6933147582472652,-19.06744956832412,-1.532415847187231,AZPS
2020-03-08,82.1789974669703,-2.8022434267465797,-19.269606269433915,-5.3331477707898145,AZPS
2020-03-09,82.18781476018198,0.3185583105767315,-19.467649371683024,-1.5037236990756853,AZPS
2020-03-10,82.19663205339364,1.0782805358611254,-19.661098321783232,0.8661857325284643,AZPS
2020-03-11,82.20544934660532,1.019170746614894,-19.849472545123604,1.2218524519033735,AZPS
2020-03-12,82.214266639817,1.4539959303271426,-20.032292089023734,0.7660295188796056,AZPS
2020-03-13,82.22308393302868,0.6221076758763757,-20.209078266844287,0.3048866579392353,AZPS
2020-03-14,82.23190122624035,-1.6933147582472652,-20.379354302169805,-1.447232165823273,AZPS
2020-03-15,82.24071851945202,-2.8022434267465797,-20.542645972278567,-2.131829120426879,AZPS
2020-03-16,82.2495358126637,0.3185583105767315,-20.698482250114342,-2.6916118731260923,AZPS
2020-03-17,82.25835310587537,1.0782805358611254,-20.846395943976376,-3.399237697760128,AZPS
2020-03-18,82.26717039908705,1.019170746614894,-20.98592433414618,2.617583188444243,AZPS
2020-03-19,82.27598769229873,1.4539959303271426,-21.11660980567286,0.2996261830469962,AZPS
2020-03-20,82.28480498551039,0.6221076758763757,-21.238000476542823,-1.0739121848439623,AZPS
2020-03-21,82.29362227872207,-1.6933147582472652,-21.349650820464817,-2.8076567000099857,AZPS
2020-03-22,82.30243957193375,-2.8022434267465797,-21.451122283507072,-1.3890738616800888,AZPS
2020-03-23,82.31125686514542,0.3185583105767315,-21.54198389383039,-2.5158312818917636,AZPS
2020-03-24,82.3200741583571,1.0782805358611254,-21.62181286376862,-3.0365418304496075,AZPS
2020-03-25,82.32889145156877,1.019170746614894,-21.690195183516636,-1.1648670146670241,AZPS
2020-03-26,82.33770874478044,1.4539959303271426,-21.746726205695687,-3.952978469411896,AZPS
2020-03-27,82.34652603799212,0.6221076758763757,-21.7910112200761,-1.9026224937923928,AZPS
2020-03-28,82.3553433312038,-1.6933147582472652,-21.822666017748876,-1.1523625552076524,AZPS
2020-03-29,82.36416062441548,-2.8022434267465797,-21.841317444049672,-2.7475997536192125,AZPS
2020-03-30,82.37297791762714,0.3185583105767315,-21.846603939551706,-3.146932288652181,AZPS
2020-03-31,82.38179521083882,1.0782805358611254,-21.838176068457887,-2.043899678242056,AZPS
2020-04-01,82.3906125040505,1.019170746614894,-21.815697033737067,-1.9500862169283337,AZPS
2020-04-02,82.39942979726217,1.4539959303271426,-21.778843178364596,-3.077582549224708,AZPS
2020-04-03,82.40824709047385,0.6221076758763757,-21.72730447204364,-2.1690502943065866,AZPS
2020-04-04,82.41706438368551,-1.6933147582472652,-21.66078498280049,-2.137964642637769,AZPS
2020-04-05,82.42588167689719,-2.8022434267465797,-21.579003332864644,-2.1386349172859767,AZPS
2020-04-06,82.43469897010887,0.3185583105767315,-21.481693138263005,-2.5735641424225904,AZPS
2020-04-07,82.44351626332055,1.0782805358611254,-21.368603431576233,-2.633193367605436,AZPS
2020-04-08,82.45233355653222,1.019170746614894,-21.23949906732507,-2.3130052358220468,AZPS
2020-04-09,82.46115084974389,1.4539959303271426,-21.09416110947492,-5.889985670596111,AZPS
2020-04-10,82.46996814295557,0.6221076758763757,-20.932387200567582,-5.111688618264374,AZPS
2020-04-11,82.47878543616724,-1.6933147582472652,-20.753991912010733,-3.588478765909258,AZPS
2020-04-12,82.48760272937892,-2.8022434267465797,-20.558807075077812,-3.229552227554514,AZPS
2020-04-13,82.4964200225906,0.3185583105767315,-20.34668209219353,-3.6162962409737958,AZPS
2020-04-14,82.50523731580226,1.0782805358611254,-20.117484228103315,-5.346033623560082,AZPS
2020-04-15,82.51405460901394,1.019170746614894,-19.871098880548722,-5.105126475080127,AZPS
2020-04-16,82.52287190222562,1.4539959303271426,-19.607429830094745,-5.411438002457999,AZPS
2020-04-17,82.5316891954373,0.6221076758763757,-19.326399468779712,-4.155397402533964,AZPS
2020-04-18,82.54050648864897,-1.6933147582472652,-19.027949007282935,-4.927242723118759,AZPS
2020-04-19,82.54932378186065,-2.8022434267465797,-18.712038660331032,-3.6760416947830308,AZPS
2020-04-20,82.55814107507231,0.3185583105767315,-18.37864781008911,-3.1120515755599385,AZPS
2020-04-21,82.56695836828399,1.0782805358611254,-18.027775147308862,-4.071463756836245,AZPS
2020-04-22,82.57577566149567,1.019170746614894,-17.6594387900323,-0.5515076180782614,AZPS
2020-04-23,82.58459295470735,1.4539959303271426,-17.273676379675628,3.7680874946411507,AZPS
2020-04-24,82.59341024791901,0.6221076758763757,-16.87054515434494,8.65302723054954,AZPS
2020-04-25,82.60222754113069,-1.6933147582472652,-16.45012199926211,11.980209216378682,AZPS
2020-04-26,82.61104483434237,-2.8022434267465797,-16.012503474206014,14.46570206661022,AZPS
2020-04-27,82.61986212755404,0.3185583105767315,-15.557805817901835,14.301385379771077,AZPS
2020-04-28,82.62867942076572,1.0782805358611254,-15.08616492931795,13.31020497269111,AZPS
2020-04-29,82.6374967139774,1.019170746614894,-14.597736325857383,17.328068865265095,AZPS
2020-04-30,82.64631400718906,1.4539959303271426,-14.092695078458195,15.371385140941982,AZPS
2020-05-01,82.65513130040074,0.6221076758763757,-13.571235723644202,12.567996747367076,AZPS
2020-05-02,82.66394859361242,-1.6933147582472652,-13.033572152594889,11.38293831722973,AZPS
2020-05-03,82.6727658868241,-2.8022434267465797,-12.479937477330608,8.735415017253104,AZPS
2020-05-04,82.68158318003577,0.3185583105767315,-11.910583874135918,8.868442383523416,AZPS
2020-05-05,82.69040047324744,1.0782805358611254,-11.325782404371358,12.601101395262788,AZPS
2020-05-06,82.69921776645911,1.019170746614894,-10.725822812850007,16.11343429977599,AZPS
2020-05-07,82.70803505967079,1.4539959303271426,-10.111013303982798,15.17798231398487,AZPS
2020-05-08,82.71685235288247,0.6221076758763757,-9.481680295921642,15.571720267162817,AZPS
2020-05-09,82.72566964609415,-1.6933147582472652,-8.83816815295668,17.772813265109804,AZPS
2020-05-10,82.73448693930581,-2.8022434267465797,-8.180838896448975,13.72659538388973,AZPS
2020-05-11,82.74330423251749,0.3185583105767315,-7.5100718946058524,11.269209351511634,AZPS
2020-05-12,82.75212152572917,1.0782805358611254,-6.826263531430909,2.5028614698406244,AZPS
2020-05-13,82.76093881894084,1.019170746614894,-6.12982685520571,-2.7492827103500446,AZPS
2020-05-14,82.76975611215252,1.4539959303271426,-5.421191206884508,-3.337560835595127,AZPS
2020-05-15,82.77857340536418,0.6221076758763757,-4.700801828806881,-0.20187925243367033,AZPS
2020-05-16,82.78739069857586,-1.6933147582472652,-3.969119454157056,4.480043513828463,AZPS
2020-05-17,82.79620799178754,-2.8022434267465797,-3.2266198776211574,5.7086553125802055,AZPS
2020-05-18,82.80502528499922,0.3185583105767315,-2.473793507716337,4.114209912140382,AZPS
2020-05-19,82.8138425782109,1.0782805358611254,-1.7111449012875326,-7.056978212784486,AZPS
2020-05-20,82.82265987142256,1.019170746614894,-0.9391922806886299,-13.868638337348827,AZPS
2020-05-21,82.83147716463424,1.4539959303271426,-0.15846703418586472,-11.431006060775502,AZPS
2020-05-22,82.84029445784591,0.6221076758763757,0.6304867998591668,-7.970888933581463,AZPS
2020-05-23,82.84911175105759,-1.6933147582472652,1.4271130644496495,-7.9529100572599845,AZPS
2020-05-24,82.85792904426927,-2.8022434267465797,2.2308440304610997,-7.1215296479837775,AZPS
2020-05-25,82.86674633748093,0.3185583105767315,3.041100957582664,-6.245405605640343,AZPS
2020-05-26,82.87556363069261,1.0782805358611254,3.857294669060977,1.0758611643852873,AZPS
2020-05-27,82.88438092390429,1.019170746614894,4.678826139599099,8.552622189881717,AZPS
2020-05-28,82.89319821711597,1.4539959303271426,5.5050870957469975,14.819718756809891,AZPS
2020-05-29,82.90201551032764,0.6221076758763757,6.335460628105043,19.80441618569094,AZPS
2020-05-30,82.91083280353932,-1.6933147582472652,7.16932181464794,20.406160140060024,AZPS
2020-05-31,82.91965009675098,-2.8022434267465797,8.006038354462802,14.315554975532777,AZPS
2020-06-01,82.92846738996266,0.3185583105767315,8.844971211182926,10.710003088277674,AZPS
2020-06-02,82.93728468317434,1.0782805358611254,9.68547526538628,16.16295951557825,AZPS
2020-06-03,82.94610197638602,1.019170746614894,10.526899975217894,20.538827301781197,AZPS
2020-06-04,82.95491926959768,1.4539959303271426,11.368590044484169,20.002494755590988,AZPS
2020-06-05,82.96373656280936,0.6221076758763757,12.209886097458782,10.267269663855487,AZPS
2020-06-06,82.97255385602104,-1.6933147582472652,13.050125359631478,-9.03736445740526,AZPS
2020-06-07,82.98137114923271,-2.8022434267465797,13.888642343623046,-12.157770066109194,AZPS
2020-06-08,82.99018844244439,0.3185583105767315,14.724769539484388,-20.593516292505512,AZPS
2020-06-09,82.99900573565607,1.0782805358611254,15.557838108590934,-19.847124380108127,AZPS
2020-06-10,83.00782302886773,1.019170746614894,16.38717858034001,-9.840172355822645,AZPS
2020-06-11,83.01664032207941,1.4539959303271426,17.212121550854242,-1.2417578032607821,AZPS
2020-06-12,83.02545761529109,0.6221076758763757,18.031998382892283,1.4974363259402566,AZPS
2020-06-13,83.03427490850277,-1.6933147582472652,18.846141906165172,-4.478102056420667,AZPS
2020-06-14,83.04309220171444,-2.8022434267465797,19.653887117256943,-9.732735892224795,AZPS
2020-06-15,83.05190949492611,0.3185583105767315,20.454571878347103,-6.441039683849951,AZPS
2020-06-16,83.06072678813779,1.0782805358611254,21.247537613934877,-6.686544937933789,AZPS
2020-06-17,83.06954408134946,1.019170746614894,22.032130004765406,-9.085844832729762,AZPS
2020-06-18,83.07836137456114,1.4539959303271426,22.807699678162667,-10.439056983050946,AZPS
2020-06-19,83.08717866777282,0.6221076758763757,23.573602893976513,-10.8938892376257,AZPS
2020-06-20,83.09599596098448,-1.6933147582472652,24.329202225356575,-7.934883428093798,AZPS
2020-06-21,83.10481325419616,-2.8022434267465797,25.073867233571207,-3.689437061020797,AZPS
2020-06-22,83.11363054740784,0.3185583105767315,25.806975136096526,-1.2691639940810973,AZPS
2020-06-23,83.12244784061951,1.0782805358611254,26.527911467207616,-2.516639843688239,AZPS
2020-06-24,83.13126513383119,1.019170746614894,27.236070730312942,-1.8435066107590217,AZPS
2020-06-25,83.14008242704286,1.4539959303271426,27.930857041281875,-3.0369353986518774,AZPS
2020-06-26,83.14889972025453,0.6221076758763757,28.61168476202579,-4.128692158156696,AZPS
2020-06-27,83.15771701346621,-1.6933147582472652,29.277979123603846,-3.0063813788227947,AZPS
2020-06-28,83.16653430667789,-2.8022434267465797,29.9291768381369,-9.082467718068216,AZPS
2020-06-29,83.17535159988957,0.3185583105767315,30.564726698825332,-17.187636609291644,AZPS
2020-06-30,83.18416889310123,1.0782805358611254,31.184090167380475,-20.483539596342837,AZPS
2020-07-01,83.19298618631291,1.019170746614894,31.786741948193505,-18.537898881121322,AZPS
2020-07-02,83.20180347952459,1.4539959303271426,32.372170548581174,-13.297969958432901,AZPS
2020-07-03,83.21062077273626,0.6221076758763757,32.9398788244631,-6.0826072730757375,AZPS
2020-07-04,83.21943806594794,-1.6933147582472652,33.48938451084276,-0.6225078185434256,AZPS
2020-07-05,83.2282553591596,-2.8022434267465797,34.02022073648127,1.223767331105691,AZPS
2020-07-06,83.23707265237128,0.3185583105767315,34.531936522171506,-2.403567485119538,AZPS
2020-07-07,83.24588994558296,1.0782805358611254,35.024097262038936,-2.3362677434830204,AZPS
2020-07-08,83.25470723879464,1.019170746614894,35.49628518731477,3.8988368272756873,AZPS
2020-07-09,83.26352453200631,1.4539959303271426,35.948099812047865,0.3613797256186757,AZPS
2020-07-10,83.27234182521799,0.6221076758763757,36.379158360241995,6.211392138663626,AZPS
2020-07-11,83.28115911842966,-1.6933147582472652,36.78909617392693,11.893059465890687,AZPS
2020-07-12,83.28997641164133,-2.8022434267465797,37.17756710169354,14.0406999134117,AZPS
2020-07-13,83.29879370485301,0.3185583105767315,37.54424386724608,11.6384041173242,AZPS
2020-07-14,83.30761099806469,1.0782805358611254,37.88881841754722,4.840290048526967,AZPS
2020-07-15,83.31642829127635,1.019170746614894,38.21100225015571,0.7893987119530408,AZPS
2020-07-16,83.32524558448803,1.4539959303271426,38.510526719380046,-0.7247682341952242,AZPS
2020-07-17,83.33406287769971,0.6221076758763757,38.78714332089643,-2.4913138744725387,AZPS
2020-07-18,83.34288017091139,-1.6933147582472652,39.040623954503864,-0.4031893671679825,AZPS
2020-07-19,83.35169746412306,-2.8022434267465797,39.27076116471472,-2.125215202091212,AZPS
2020-07-20,83.36051475733474,0.3185583105767315,39.47736835890475,-14.327441426816208,AZPS
2020-07-21,83.3693320505464,1.0782805358611254,39.66028000277244,-7.2738925891799795,AZPS
2020-07-22,83.37814934375808,1.019170746614894,39.81935179288382,-0.9426718832568071,AZPS
2020-07-23,83.38696663696976,1.4539959303271426,39.95446080610553,-10.491423373402426,AZPS
2020-07-24,83.39578393018144,0.6221076758763757,40.065505625755485,-15.568397231813279,AZPS
2020-07-25,83.40460122339312,-1.6933147582472652,40.15240644432764,-14.045692909473487,AZPS
2020-07-26,83.41341851660478,-2.8022434267465797,40.21510514267437,-7.0512802325325765,AZPS
2020-07-27,83.42223580981646,0.3185583105767315,40.253565345557206,-0.33335946595039445,AZPS
2020-07-28,83.43105310302813,1.0782805358611254,40.26777245350423,5.5608939076064985,AZPS
2020-07-29,83.43987039623981,1.019170746614894,40.25773365093958,4.403225206205718,AZPS
2020-07-30,83.44868768945149,1.4539959303271426,40.223477890578266,9.825838489643104,AZPS
2020-07-31,83.45750498266315,0.6221076758763757,40.165055854106825,12.320331487353627,AZPS
2020-08-01,83.46632227587483,-1.6933147582472652,40.08253988919782,12.0124525931746,AZPS
2020-08-02,83.47513956908651,-2.8022434267465797,39.97602392293372,5.159079934726364,AZPS
2020-08-03,83.48395686229819,0.3185583105767315,39.84562335174275,4.58486147538234,AZPS
2020-08-04,83.49277415550986,1.0782805358611254,39.69147490797679,-1.0865295993477702,AZPS
2020-08-05,83.50159144872153,1.019170746614894,39.513736503288285,-2.2834986986247117,AZPS
2020-08-06,83.5104087419332,1.4539959303271426,39.312587048989926,-13.104991721250272,AZPS
2020-08-07,83.51922603514488,0.6221076758763757,39.0882262536076,-10.40455996462886,AZPS
2020-08-08,83.52804332835656,-1.6933147582472652,38.840874397863594,-4.535602967972878,AZPS
2020-08-09,83.53686062156824,-2.8022434267465797,38.57077208735273,-5.213389282174376,AZPS
2020-08-10,83.54567791477992,0.3185583105767315,38.27817998320053,-4.677416208557162,AZPS
2020-08-11,83.55449520799158,1.0782805358611254,37.96337851101741,0.07484574512989184,AZPS
2020-08-12,83.56331250120326,1.019170746614894,37.62666754848828,6.892849203693572,AZPS
2020-08-13,83.57212979441493,1.4539959303271426,37.26836609196148,9.772508183296452,AZPS
2020-08-14,83.58094708762661,0.6221076758763757,36.88881190242549,13.577133334071533,AZPS
2020-08-15,83.58976438083828,-1.6933147582472652,36.48836113128512,14.54718924612385,AZPS
2020-08-16,83.59858167404995,-2.8022434267465797,36.06738792637304,17.388273826323598,AZPS
2020-08-17,83.60739896726163,0.3185583105767315,35.6262840186542,14.047758703507427,AZPS
2020-08-18,83.61621626047331,1.0782805358611254,35.165458290104255,13.170044913561313,AZPS
2020-08-19,83.62503355368499,1.019170746614894,34.68533632326338,16.179459376436725,AZPS
2020-08-20,83.63385084689666,1.4539959303271426,34.186359932989376,11.973793289786812,AZPS
2020-08-21,83.64266814010833,0.6221076758763757,33.66898668095335,-4.395762496938062,AZPS
2020-08-22,83.65148543332,-1.6933147582472652,33.133689373441726,4.543139951485543,AZPS
2020-08-23,83.66030272653168,-2.8022434267465797,32.58095554304706,10.94598515716784,AZPS
2020-08-24,83.66912001974336,0.3185583105767315,32.011286914849464,15.824034754830464,AZPS
2020-08-25,83.67793731295502,1.0782805358611254,31.425198857706995,14.032583293476847,AZPS
2020-08-26,83.6867546061667,1.019170746614894,30.823219821291424,12.154854825926975,AZPS
2020-08-27,83.69557189937838,1.4539959303271426,30.205890759522028,16.270541410772452,AZPS
2020-08-28,83.70438919259006,0.6221076758763757,29.573764541064783,11.260738590468776,AZPS
2020-08-29,83.71320648580173,-1.6933147582472652,28.927405347580105,4.981702924865431,AZPS
2020-08-30,83.72202377901341,-2.8022434267465797,28.26738806041567,-4.902168412682499,AZPS
2020-08-31,83.73084107222508,0.3185583105767315,27.59429763645385,-7.881697019255654,AZPS
2020-09-01,83.73965836543675,1.0782805358611254,26.908728473836515,-0.12066737513440273,AZPS
2020-09-02,83.74847565864843,1.019170746614894,26.21128376829973,2.539069826436929,AZPS
2020-09-03,83.75729295186011,1.4539959303271426,25.502574860863525,5.7931362569492535,AZPS
2020-09-04,83.76611024507179,0.6221076758763757,24.783220577629745,11.994561501422112,AZPS
2020-09-05,83.77492753828345,-1.6933147582472652,24.053846562450932,18.007540657512862,AZPS
2020-09-06,83.78374483149513,-2.8022434267465797,23.315084603241118,17.140413992010323,AZPS
2020-09-07,83.7925621247068,0.3185583105767315,22.567571952705514,10.79730761201094,AZPS
2020-09-08,83.80137941791848,1.0782805358611254,21.8119506442733,1.3223894019470919,AZPS
2020-09-09,83.81019671113016,1.019170746614894,21.04886680402195,-23.53123426176701,AZPS
2020-09-10,83.81901400434182,1.4539959303271426,20.278969959386934,-23.263979894055907,AZPS
2020-09-11,83.8278312975535,0.6221076758763757,19.50291234545241,-22.32385131888229,AZPS
2020-09-12,83.83664859076518,-1.6933147582472652,18.721348209622157,-16.84568204214007,AZPS
2020-09-13,83.84546588397686,-2.8022434267465797,17.93493311547142,-9.198155572701694,AZPS
2020-09-14,83.85428317718853,0.3185583105767315,17.144323246579702,-0.6311647343449636,AZPS
2020-09-15,83.8631004704002,1.0782805358611254,16.350174711145286,1.68244428259338,AZPS
2020-09-16,83.87191776361188,1.019170746614894,15.55314284818082,6.32276864159239,AZPS
2020-09-17,83.88073505682355,1.4539959303271426,14.753881536085757,3.867387476763554,AZPS
2020-09-18,83.88955235003523,0.6221076758763757,13.953042504390133,5.1412974696982445,AZPS
2020-09-19,83.89836964324691,-1.6933147582472652,13.15127464945805,6.186670465542321,AZPS
2020-09-20,83.90718693645857,-2.8022434267465797,12.349223354935543,6.214833135352464,AZPS
2020-09-21,83.91600422967025,0.3185583105767315,11.547529817720825,6.706907642032192,AZPS
2020-09-22,83.92482152288193,1.0782805358611254,10.746830380227857,6.844067561029078,AZPS
2020-09-23,83.9336388160936,1.019170746614894,9.947755869707205,5.739434567584283,AZPS
2020-09-24,83.94245610930528,1.4539959303271426,9.15093094537798,7.176617014989617,AZPS
2020-09-25,83.95127340251695,0.6221076758763757,8.35697345411624,8.252645467490439,AZPS
2020-09-26,83.96009069572862,-1.6933147582472652,7.566493795434732,5.852730267083913,AZPS
2020-09-27,83.9689079889403,-2.8022434267465797,6.780094296476041,3.8962411413302362,AZPS
2020-09-28,83.97772528215198,0.3185583105767315,5.998368597731281,4.074347809540015,AZPS
2020-09-29,83.98654257536366,1.0782805358611254,5.221901050181144,5.381275838594092,AZPS
2020-09-30,83.99535986857533,1.019170746614894,4.451266124544004,6.103203260265786,AZPS
2020-10-01,84.004177161787,1.4539959303271426,3.6870278333001387,6.457799074585708,AZPS
2020-10-02,84.01299445499868,0.6221076758763757,2.9297391661458594,8.006158702979093,AZPS
2020-10-03,84.02181174821035,-1.6933147582472652,2.1799415395157986,4.839561470521133,AZPS
2020-10-04,84.03062904142203,-2.8022434267465797,1.4381642607933696,3.923450124531186,AZPS
2020-10-05,84.0394463346337,0.3185583105767315,0.704924007812842,5.5820713469767185,AZPS
2020-10-06,84.04826362784537,1.0782805358611254,-0.019275675761944555,5.490731512055447,AZPS
2020-10-07,84.05708092105705,1.019170746614894,-0.7339448686175025,5.322693200945551,AZPS
2020-10-08,84.06589821426873,1.4539959303271426,-1.438607742982251,4.574713598386396,AZPS
2020-10-09,84.0747155074804,0.6221076758763757,-2.132803018305143,4.3119798349483744,AZPS
2020-10-10,84.08353280069208,-1.6933147582472652,-2.8160843969162226,0.7568663544714269,AZPS
2020-10-11,84.09235009390375,-2.8022434267465797,-3.488020981186242,0.13891431402907983,AZPS
2020-10-12,84.10116738711542,0.3185583105767315,-4.148197671724731,3.0094719740325644,AZPS
2020-10-13,84.1099846803271,1.0782805358611254,-4.796215546177638,5.20895032998942,AZPS
2020-10-14,84.11880197353878,1.019170746614894,-5.4316922182105225,5.242719498056857,AZPS
2020-10-15,84.12761926675046,1.4539959303271426,-6.054262176284753,5.626646979207152,AZPS
2020-10-16,84.13643655996212,0.6221076758763757,-6.663577101860366,8.550032866021851,AZPS
2020-10-17,84.1452538531738,-1.6933147582472652,-7.2593061666823955,4.11936707175586,AZPS
2020-10-18,84.15407114638548,-2.8022434267465797,-7.841136308832659,2.2183085891937537,AZPS
2020-10-19,84.16288843959715,0.3185583105767315,-8.408772487254915,3.6823257370810154,AZPS
2020-10-20,84.17170573280883,1.0782805358611254,-8.961937914486274,2.4179516458163306,AZPS
2020-10-21,84.1805230260205,1.019170746614894,-9.500374267353397,2.0846804947180004,AZPS
2020-10-22,84.18934031923217,1.4539959303271426,-10.023841875419857,3.296505625860533,AZPS
2020-10-23,84.19815761244385,0.6221076758763757,-10.53211988699488,6.425854598674647,AZPS
2020-10-24,84.20697490565553,-1.6933147582472652,-11.025006412543089,2.6163462651348226,AZPS
2020-10-25,84.2157921988672,-2.8022434267465797,-11.50231864535947,1.7727698732388433,AZPS
2020-10-26,84.22460949207887,0.3185583105767315,-11.963892959402374,-11.353274843253232,AZPS
2020-10-27,84.23342678529055,1.0782805358611254,-12.409584984203601,-9.972122336948082,AZPS
2020-10-28,84.24224407850222,1.019170746614894,-12.839269656801807,-9.255145168315309,AZPS
2020-10-29,84.2510613717139,1.4539959303271426,-13.25284125067345,-7.470216051367601,AZPS
2020-10-30,84.25987866492558,0.6221076758763757,-13.650213381661942,-3.4647729591400207,AZPS
2020-10-31,84.26869595813724,-1.6933147582472652,-14.031318990933233,-2.3280622089567657,AZPS
2020-11-01,84.27751325134892,-2.8022434267465797,-14.39611030501356,6.964840480411212,AZPS
2020-11-02,84.2863305445606,0.3185583105767315,-14.744558772991718,7.697669917854398,AZPS
2020-11-03,84.29514783777228,1.0782805358611254,-15.076654980995706,6.061226607362315,AZPS
2020-11-04,84.30396513098395,1.019170746614894,-15.392408544080004,5.264272666481148,AZPS
2020-11-05,84.31278242419562,1.4539959303271426,-15.69184797568702,8.749069621164239,AZPS
2020-11-06,84.3215997174073,0.6221076758763757,-15.975020534872378,7.707313141588699,AZPS
2020-11-07,84.33041701061897,-1.6933147582472652,-16.241992051509875,0.8228897991381672,AZPS
2020-11-08,84.33923430383065,-2.8022434267465797,-16.492846729718536,-2.615144147365541,AZPS
2020-11-09,84.34805159704233,0.3185583105767315,-16.72768692977929,-2.726922977839763,AZPS
2020-11-10,84.356868890254,1.0782805358611254,-16.946632928834383,-2.150516497280748,AZPS
2020-11-11,84.36568618346567,1.019170746614894,-17.149822660687988,-2.36103426939259,AZPS
2020-11-12,84.37450347667735,1.4539959303271426,-17.337411435050583,-1.929087971953905,AZPS
2020-11-13,84.38332076988902,0.6221076758763757,-17.509571636594288,-2.785856809171122,AZPS
2020-11-14,84.3921380631007,-1.6933147582472652,-17.66649240420996,-2.6433309006434698,AZPS
2020-11-15,84.40095535631237,-2.8022434267465797,-17.8083792908803,-2.4603326386855002,AZPS
2020-11-16,84.40977264952404,0.3185583105767315,-17.93545390460585,-1.197877055494942,AZPS
2020-11-17,84.41858994273572,1.0782805358611254,-18.047953530843092,-0.49091694775376027,AZPS
2020-11-18,84.4274072359474,1.019170746614894,-18.14613073693586,0.05855275437356511,AZPS
2020-11-19,84.43622452915908,1.4539959303271426,-18.23025295904187,0.37403249955566764,AZPS
2020-11-20,84.44504182237075,0.6221076758763757,-18.300602072077332,0.9164525738302132,AZPS
2020-11-21,84.45385911558242,-1.6933147582472652,-18.357473943222125,1.1439295858869514,AZPS
2020-11-22,84.4626764087941,-2.8022434267465797,-18.40117796954734,1.33674498749982,AZPS
2020-11-23,84.47149370200577,0.3185583105767315,-18.432036600345775,-0.4330154122367418,AZPS
2020-11-24,84.48031099521745,1.0782805358611254,-18.450384844763622,-2.29320668631496,AZPS
2020-11-25,84.48912828842913,1.019170746614894,-18.456569765348902,-0.8667292696951137,AZPS
2020-11-26,84.49794558164079,1.4539959303271426,-18.450949958148655,-4.464991553819289,AZPS
2020-11-27,84.50676287485247,0.6221076758763757,-18.43389502000238,-3.609975530726466,AZPS
2020-11-28,84.51558016806415,-1.6933147582472652,-18.40578500369449,-0.2954804061223939,AZPS
2020-11-29,84.52439746127583,-2.8022434267465797,-18.36700986164218,0.8408558271129323,AZPS
2020-11-30,84.5332147544875,0.3185583105767315,-18.317968878808884,0.3711958137446487,AZPS
2020-12-01,84.54203204769917,1.0782805358611254,-18.259070095545553,0.7417575119852415,AZPS
2020-12-02,84.55084934091084,1.019170746614894,-18.190729721074003,1.843709633548258,AZPS
2020-12-03,84.55966663412252,1.4539959303271426,-18.113371538336956,1.1167089738872988,AZPS
2020-12-04,84.5684839273342,0.6221076758763757,-18.027426300949724,4.3408346977391545,AZPS
2020-12-05,84.57730122054588,-1.6933147582472652,-17.933331122997174,4.41334466069857,AZPS
2020-12-06,84.58611851375754,-2.8022434267465797,-17.831528862427987,3.7526537754170164,AZPS
2020-12-07,84.59493580696922,0.3185583105767315,-17.72246749880527,3.26497338125931,AZPS
2020-12-08,84.6037531001809,1.0782805358611254,-17.606599506179172,0.6135658701371511,AZPS
2020-12-09,84.61257039339257,1.019170746614894,-17.48438122185239,0.3376400818449241,AZPS
2020-12-10,84.62138768660425,1.4539959303271426,-17.356272211813817,2.232888594882411,AZPS
2020-12-11,84.63020497981591,0.6221076758763757,-17.22273463361968,2.3294219779273817,AZPS
2020-12-12,84.63902227302759,-1.6933147582472652,-17.0842325975035,3.111525082723162,AZPS
2020-12-13,84.64783956623927,-2.8022434267465797,-16.94123152649847,5.8956353870057825,AZPS
2020-12-14,84.65665685945095,0.3185583105767315,-16.794197516356242,6.418982346328548,AZPS
2020-12-15,84.66547415266263,1.0782805358611254,-16.643596696046203,6.352842007522469,AZPS
2020-12-16,84.67429144587429,1.019170746614894,-16.48989458961806,6.72243239712887,AZPS
2020-12-17,84.68310873908597,1.4539959303271426,-16.333555480208755,9.388450810795646,AZPS
2020-12-18,84.69192603229764,0.6221076758763757,-16.175041776971284,7.070008068797264,AZPS
2020-12-19,84.70074332550932,-1.6933147582472652,-16.014813385699863,5.673384818437796,AZPS
2020-12-20,84.709560618721,-2.8022434267465797,-15.853327083920304,5.415009891945871,AZPS
2020-12-21,84.71837791193268,0.3185583105767315,-15.69103590120917,2.526099678699765,AZPS
2020-12-22,84.72719520514434,1.0782805358611254,-15.52838850549872,2.3259127644932533,AZPS
2020-12-23,84.73601249835602,1.019170746614894,-15.365828596116502,4.043645351145599,AZPS
2020-12-24,84.7448297915677,1.4539959303271426,-15.203794304301084,6.058968582406251,AZPS
2020-12-25,84.75364708477937,0.6221076758763757,-15.042717601924728,-2.90903715873101,AZPS
2020-12-26,84.76246437799104,-1.6933147582472652,-14.88302371914498,-0.09912590059880699,AZPS
2020-12-27,84.77128167120271,-2.8022434267465797,-14.725130571695026,1.5310923272388948,AZPS
2020-12-28,84.78009896441439,0.3185583105767315,-14.569448198511488,-1.054209076479637,AZPS
2020-12-29,84.78891625762607,1.0782805358611254,-14.416378210385131,3.007181416897936,AZPS
2020-12-30,84.79773355083775,1.019170746614894,-14.266313250306611,2.3454089528539726,AZPS
2020-12-31,84.80655084404943,1.4539959303271426,-14.119636466165176,4.719089691788611,AZPS
2021-01-01,84.81536813726109,0.6221076758763757,-14.083540626928274,-2.3149351862091976,AZPS
2021-01-02,84.82418543047277,-1.6933147582472652,-13.941622567847634,3.1587518956221317,AZPS
2021-01-03,84.83300272368444,-2.8022434267465797,-13.80391740914546,4.597158112207595,AZPS
2021-01-04,84.84182001689612,0.3185583105767315,-13.67077395925085,2.4893956317779953,AZPS
2021-01-05,84.8506373101078,1.0782805358611254,-13.54252944290126,-0.03138840306765189,AZPS
2021-01-06,84.85945460331946,1.019170746614894,-13.41950904885304,0.4748836989186742,AZPS
2021-01-07,84.86827189653114,1.4539959303271426,-13.302025493683226,-0.3782423331750664,AZPS
2021-01-08,84.87708918974282,0.6221076758763757,-13.19037860221421,-0.0018182634049850321,AZPS
2021-01-09,84.8859064829545,-1.6933147582472652,-13.084854905072417,0.46426318036517955,AZPS
2021-01-10,84.89472377616617,-2.8022434267465797,-12.985727253871417,0.43224690445183,AZPS
2021-01-11,84.90354106937784,0.3185583105767315,-12.893254454488476,0.7521550745339027,AZPS
2021-01-12,84.91235836258952,1.0782805358611254,-12.807680918881502,1.537042020430846,AZPS
2021-01-13,84.92117565580119,1.019170746614894,-12.729236335870933,2.2028899334548413,AZPS
2021-01-14,84.92999294901287,1.4539959303271426,-12.658135361287977,-1.9348535180520372,AZPS
2021-01-15,84.93881024222455,0.6221076758763757,-12.594577327867201,-5.440340590233717,AZPS
2021-01-16,84.94762753543621,-1.6933147582472652,-12.538745975237582,-5.214566801951378,AZPS
2021-01-17,84.95644482864789,-2.8022434267465797,-12.49080920034152,-5.103392201559785,AZPS
2021-01-18,84.96526212185957,0.3185583105767315,-12.450918828586879,-3.402901603849415,AZPS
2021-01-19,84.97407941507124,1.0782805358611254,-12.4192104060117,-2.5571495449206765,AZPS
2021-01-20,84.98289670828292,1.019170746614894,-12.395803012716009,-7.3302644421818,AZPS
2021-01-21,84.99171400149459,1.4539959303271426,-12.380799097789168,-8.592910834032566,AZPS
2021-01-22,85.00053129470626,0.6221076758763757,-12.374284335935398,-6.2683546346472525,AZPS
2021-01-23,85.00934858791794,-1.6933147582472652,-12.376327505973602,-4.631706323697074,AZPS
2021-01-24,85.01816588112962,-2.8022434267465797,-12.386980391361334,0.3130579369782964,AZPS
2021-01-25,85.0269831743413,0.3185583105767315,-12.406277702865946,8.372736217947917,AZPS
2021-01-26,85.03580046755296,1.0782805358611254,-12.434237023479174,8.793156020065084,AZPS
2021-01-27,85.04461776076464,1.019170746614894,-12.47085877564458,4.180070268265041,AZPS
2021-01-28,85.05343505397632,1.4539959303271426,-12.51612621084006,-2.129304773463403,AZPS
2021-01-29,85.062252347188,0.6221076758763757,-12.570005421530809,-1.3093546015335562,AZPS
2021-01-30,85.07106964039967,-1.6933147582472652,-12.632445375480819,-1.2743095066715853,AZPS
2021-01-31,85.07988693361135,-2.8022434267465797,-12.703377972384096,-3.5662655344806637,AZPS
2021-02-01,85.08870422682301,0.3185583105767315,-12.782718122749644,-3.9275444146501,AZPS
2021-02-02,85.09752152003469,1.0782805358611254,-12.870363848947367,-8.776438206948455,AZPS
2021-02-03,85.10633881324637,1.019170746614894,-12.966196408295188,-8.22331315156606,AZPS
2021-02-04,85.11515610645804,1.4539959303271426,-13.070080438041037,-10.081071598744153,AZPS
2021-02-05,85.12397339966971,0.6221076758763757,-13.181864122066724,-7.08421695347937,AZPS
2021-02-06,85.13279069288139,-1.6933147582472652,-13.301379379114513,-5.696096555519631,AZPS
2021-02-07,85.14160798609306,-2.8022434267465797,-13.428442072311123,-4.946922487035366,AZPS
2021-02-08,85.15042527930474,0.3185583105767315,-13.562852239737937,-5.3781313501435335,AZPS
2021-02-09,85.15924257251642,1.0782805358611254,-13.70439434577089,-5.010128762606655,AZPS
2021-02-10,85.1680598657281,1.019170746614894,-13.852837552888145,-6.712393059454854,AZPS
2021-02-11,85.17687715893976,1.4539959303271426,-14.00793601361894,-7.42693707564797,AZPS
2021-02-12,85.18569445215144,0.6221076758763757,-14.169429182282494,-7.536372945745313,AZPS
2021-02-13,85.19451174536312,-1.6933147582472652,-14.337042146141924,-4.048154840973936,AZPS
2021-02-14,85.2033290385748,-2.8022434267465797,-14.510485975574378,-5.621599636253826,AZPS
2021-02-15,85.21214633178647,0.3185583105767315,-14.689458092835698,-2.5332465495274903,AZPS
2021-02-16,85.22096362499813,1.0782805358611254,-14.873642658975179,-4.234601501884086,AZPS
2021-02-17,85.22978091820981,1.019170746614894,-15.062710978433946,-2.4532406863907568,AZPS
2021-02-18,85.23859821142149,1.4539959303271426,-15.256321920838987,-1.751272220909641,AZPS
2021-02-19,85.24741550463317,0.6221076758763757,-15.45412235948397,-2.1364008210255747,AZPS
2021-02-20,85.25623279784485,-1.6933147582472652,-15.655747625967464,-3.775170413630107,AZPS
2021-02-21,85.26505009105651,-2.8022434267465797,-15.860821980439772,-4.33698468387017,AZPS
2021-02-22,85.27386738426819,0.3185583105767315,-16.0689590968902,-3.100466597954707,AZPS
2021-02-23,85.28268467747986,1.0782805358611254,-16.27976256288855,-4.82620265045243,AZPS
2021-02-24,85.29150197069154,1.019170746614894,-16.492826393176678,-5.1358463241297585,AZPS
2021-02-25,85.30031926390322,1.4539959303271426,-16.707735556489055,-5.7435796377413055,AZPS
2021-02-26,85.30913655711488,0.6221076758763757,-16.92406651496526,-2.959177718025998,AZPS
2021-02-27,85.31795385032656,-1.6933147582472652,-17.141387775501563,-2.695251316577739,AZPS
2021-02-28,85.32677114353824,-2.8022434267465797,-17.35926045237426,-0.13126726441738867,AZPS
2021-03-01,85.33558843674992,0.3185583105767315,-17.57723884045351,0.4560920931268555,AZPS
2021-03-02,85.3444057299616,1.0782805358611254,-17.79487099831329,-2.682815267509426,AZPS
2021-03-03,85.35322302317326,1.019170746614894,-18.011699340530903,-3.3576944292572506,AZPS
2021-03-04,85.36204031638493,1.4539959303271426,-18.227261238457995,-4.6207750082540855,AZPS
2021-03-05,85.37085760959661,0.6221076758763757,-18.44108962873451,-3.6558756567384734,AZPS
2021-03-06,85.37967490280829,-1.6933147582472652,-18.65271362880731,-3.825646515753732,AZPS
2021-03-07,85.38849219601997,-2.8022434267465797,-18.861659158706473,-1.8195896105669078,AZPS
2021-03-08,85.39730948923163,0.3185583105767315,-19.06744956832412,-2.3184182314842445,AZPS
2021-03-09,85.40612678244331,1.0782805358611254,-19.269606269433915,-3.8988010488705385,AZPS
2021-03-10,85.41494407565499,1.019170746614894,-19.467649371683024,-3.814465450586866,AZPS
2021-03-11,85.42376136886666,1.4539959303271426,-19.661098321783232,-1.2686589774105812,AZPS
2021-03-12,85.43257866207834,0.6221076758763757,-19.849472545123604,2.6927862071688793,AZPS
2021-03-13,85.44139595529002,-1.6933147582472652,-20.032292089023734,5.333210891980997,AZPS
2021-03-14,85.45021324850168,-2.8022434267465797,-20.209078266844287,-1.1558915549108235,AZPS
2021-03-15,85.45903054171336,0.3185583105767315,-20.379354302169805,-0.14523455012029274,AZPS
2021-03-16,85.46784783492504,1.0782805358611254,-20.542645972278567,0.6865176014923975,AZPS
2021-03-17,85.47666512813672,1.019170746614894,-20.698482250114342,0.44964637536273244,AZPS
2021-03-18,85.48548242134838,1.4539959303271426,-20.846395943976376,-2.181082407699158,AZPS
2021-03-19,85.49429971456006,0.6221076758763757,-20.98592433414618,-1.7964830562902563,AZPS
2021-03-20,85.50311700777173,-1.6933147582472652,-21.11660980567286,-1.3701924438516144,AZPS
2021-03-21,85.51193430098341,-2.8022434267465797,-21.238000476542823,-2.6946903976940177,AZPS
2021-03-22,85.52075159419509,0.3185583105767315,-21.349650820464817,-2.56765908430701,AZPS
2021-03-23,85.52956888740677,1.0782805358611254,-21.451122283507072,3.526272860239203,AZPS
2021-03-24,85.53838618061843,1.019170746614894,-21.54198389383039,0.44242696659705416,AZPS
2021-03-25,85.54720347383011,1.4539959303271426,-21.62181286376862,1.0416134596113693,AZPS
2021-03-26,85.55602076704179,0.6221076758763757,-21.690195183516636,1.7250667405984785,AZPS
2021-03-27,85.56483806025346,-1.6933147582472652,-21.746726205695687,-0.4117970963105009,AZPS
2021-03-28,85.57365535346514,-2.8022434267465797,-21.7910112200761,0.3865992933575484,AZPS
2021-03-29,85.5824726466768,0.3185583105767315,-21.822666017748876,1.7086350604953395,AZPS
2021-03-30,85.59128993988848,1.0782805358611254,-21.841317444049672,0.6277469683000731,AZPS
2021-03-31,85.60010723310016,1.019170746614894,-21.846603939551706,1.4353259598366463,AZPS
2021-04-01,85.60892452631184,1.4539959303271426,-21.838176068457887,5.338255611818923,AZPS
2021-04-02,85.61774181952352,0.6221076758763757,-21.815697033737067,9.79584753833717,AZPS
2021-04-03,85.62655911273518,-1.6933147582472652,-21.778843178364596,11.54559882387668,AZPS
2021-04-04,85.63537640594686,-2.8022434267465797,-21.72730447204364,12.843171492843354,AZPS
2021-04-05,85.64419369915854,0.3185583105767315,-21.66078498280049,10.722032973065211,AZPS
2021-04-06,85.65301099237021,1.0782805358611254,-21.579003332864644,9.21171180463331,AZPS
2021-04-07,85.66182828558189,1.019170746614894,-21.481693138263005,6.993694106066229,AZPS
2021-04-08,85.67064557879355,1.4539959303271426,-21.368603431576233,8.559961922455528,AZPS
2021-04-09,85.67946287200523,0.6221076758763757,-21.23949906732507,9.505928519443458,AZPS
2021-04-10,85.68828016521691,-1.6933147582472652,-21.09416110947492,8.061195702505287,AZPS
2021-04-11,85.69709745842859,-2.8022434267465797,-20.932387200567582,9.125533168885553,AZPS
2021-04-12,85.70591475164026,0.3185583105767315,-20.753991912010733,8.695518849793729,AZPS
2021-04-13,85.71473204485193,1.0782805358611254,-20.558807075077812,5.263794494364774,AZPS
2021-04-14,85.7235493380636,1.019170746614894,-20.34668209219353,2.4049620075150386,AZPS
2021-04-15,85.73236663127528,1.4539959303271426,-20.117484228103315,-0.9968783334990974,AZPS
2021-04-16,85.74118392448696,0.6221076758763757,-19.871098880548722,-1.0331927198146218,AZPS
2021-04-17,85.75000121769864,-1.6933147582472652,-19.607429830094745,-0.6922566293566135,AZPS
2021-04-18,85.7588185109103,-2.8022434267465797,-19.326399468779712,-0.923175615384018,AZPS
2021-04-19,85.76763580412198,0.3185583105767315,-19.027949007282935,1.3077548925842137,AZPS
2021-04-20,85.77645309733366,1.0782805358611254,-18.712038660331032,2.218305027136253,AZPS
2021-04-21,85.78527039054534,1.019170746614894,-18.37864781008911,0.9852066729288822,AZPS
2021-04-22,85.79408768375701,1.4539959303271426,-18.027775147308862,-2.6303084667752756,AZPS
2021-04-23,85.80290497696869,0.6221076758763757,-17.6594387900323,-1.484573862812752,AZPS
2021-04-24,85.81172227018035,-1.6933147582472652,-17.273676379675628,0.868268867742529,AZPS
2021-04-25,85.82053956339203,-2.8022434267465797,-16.87054515434494,2.808249017699481,AZPS
2021-04-26,85.82935685660371,0.3185583105767315,-16.45012199926211,-3.1587931679183328,AZPS
2021-04-27,85.83817414981539,1.0782805358611254,-16.012503474206014,-8.322951211470496,AZPS
2021-04-28,85.84699144302706,1.019170746614894,-15.557805817901835,-7.403356371740102,AZPS
2021-04-29,85.85580873623873,1.4539959303271426,-15.08616492931795,-0.380639737247904,AZPS
2021-04-30,85.8646260294504,0.6221076758763757,-14.597736325857383,6.575002620530597,AZPS
2021-05-01,85.87344332266208,-1.6933147582472652,-14.092695078458195,9.118566514043366,AZPS
2021-05-02,85.88226061587376,-2.8022434267465797,-13.571235723644202,4.461218534517016,AZPS
2021-05-03,85.89107790908544,0.3185583105767315,-13.033572152594889,1.9299359329327217,AZPS
2021-05-04,85.8998952022971,1.0782805358611254,-12.479937477330608,3.232761739172375,AZPS
2021-05-05,85.90871249550878,1.019170746614894,-11.910583874135918,7.727700632012244,AZPS
2021-05-06,85.91752978872046,1.4539959303271426,-11.325782404371358,10.53825668532376,AZPS
2021-05-07,85.92634708193214,0.6221076758763757,-10.725822812850007,7.894368055041497,AZPS
2021-05-08,85.93516437514381,-1.6933147582472652,-10.111013303982798,3.757163687086262,AZPS
2021-05-09,85.94398166835548,-2.8022434267465797,-9.481680295921642,3.1169420543127586,AZPS
2021-05-10,85.95279896156715,0.3185583105767315,-8.83816815295668,2.3068108808127903,AZPS
2021-05-11,85.96161625477883,1.0782805358611254,-8.180838896448975,0.9229421058090139,AZPS
2021-05-12,85.97043354799051,1.019170746614894,-7.5100718946058524,4.890467600000463,AZPS
2021-05-13,85.97925084120219,1.4539959303271426,-6.826263531430909,8.28401675990159,AZPS
2021-05-14,85.98806813441385,0.6221076758763757,-6.12982685520571,7.996651044915467,AZPS
2021-05-15,85.99688542762553,-1.6933147582472652,-5.421191206884508,5.5356205375062615,AZPS
2021-05-16,86.0057027208372,-2.8022434267465797,-4.700801828806881,-3.1546574652837336,AZPS
2021-05-17,86.01452001404888,0.3185583105767315,-3.969119454157056,-4.774958870468566,AZPS
2021-05-18,86.02333730726056,1.0782805358611254,-3.2266198776211574,-0.45299796550051497,AZPS
2021-05-19,86.03215460047223,1.019170746614894,-2.473793507716337,6.0014681606292015,AZPS
2021-05-20,86.0409718936839,1.4539959303271426,-1.7111449012875326,1.4561770772764788,AZPS
2021-05-21,86.04978918689558,0.6221076758763757,-0.9391922806886299,-11.568704582083328,AZPS
2021-05-22,86.05860648010726,-1.6933147582472652,-0.15846703418586472,-20.778824687674117,AZPS
2021-05-23,86.06742377331894,-2.8022434267465797,0.6304867998591668,-17.860667146431524,AZPS
2021-05-24,86.0762410665306,0.3185583105767315,1.4271130644496495,-11.242912441556996,AZPS
2021-05-25,86.08505835974228,1.0782805358611254,2.2308440304610997,-6.281182926064503,AZPS
2021-05-26,86.09387565295395,1.019170746614894,3.041100957582664,-3.578147357151522,AZPS
2021-05-27,86.10269294616563,1.4539959303271426,3.857294669060977,-4.317983545553744,AZPS
2021-05-28,86.11151023937731,0.6221076758763757,4.678826139599099,-3.156444054852784,AZPS
2021-05-29,86.12032753258897,-1.6933147582472652,5.5050870957469975,-3.848099870088703,AZPS
2021-05-30,86.12914482580065,-2.8022434267465797,6.335460628105043,-3.568362027159125,AZPS
2021-05-31,86.13796211901233,0.3185583105767315,7.16932181464794,-2.57484224423699,AZPS
2021-06-01,86.146779412224,1.0782805358611254,8.006038354462802,3.556901697452062,AZPS
2021-06-02,86.15559670543568,1.019170746614894,8.844971211182926,6.246261336766494,AZPS
2021-06-03,86.16441399864735,1.4539959303271426,9.68547526538628,8.160114805639225,AZPS
2021-06-04,86.17323129185903,0.6221076758763757,10.526899975217894,8.341761057046696,AZPS
2021-06-05,86.1820485850707,-1.6933147582472652,11.368590044484169,8.58767612869238,AZPS
2021-06-06,86.19086587828238,-2.8022434267465797,12.209886097458782,1.6214914510054115,AZPS
2021-06-07,86.19968317149406,0.3185583105767315,13.050125359631478,-4.590366841702277,AZPS
2021-06-08,86.20850046470574,1.0782805358611254,13.888642343623046,-9.749423344189907,AZPS
2021-06-09,86.2173177579174,1.019170746614894,14.724769539484388,-5.913258044016686,AZPS
2021-06-10,86.22613505112908,1.4539959303271426,15.557838108590934,-6.752969090047159,AZPS
2021-06-11,86.23495234434075,0.6221076758763757,16.38717858034001,-8.413238600557136,AZPS
2021-06-12,86.24376963755243,-1.6933147582472652,17.212121550854242,-0.9675764301593972,AZPS
2021-06-13,86.25258693076411,-2.8022434267465797,18.031998382892283,7.935658113090199,AZPS
2021-06-14,86.26140422397577,0.3185583105767315,18.846141906165172,13.537895559282305,AZPS
2021-06-15,86.27022151718745,1.0782805358611254,19.653887117256943,21.811610829694473,AZPS
2021-06-16,86.27903881039913,1.019170746614894,20.454571878347103,26.93721856463887,AZPS
2021-06-17,86.2878561036108,1.4539959303271426,21.247537613934877,29.289610352127184,AZPS
2021-06-18,86.29667339682248,0.6221076758763757,22.032130004765406,29.215088922535728,AZPS
2021-06-19,86.30549069003415,-1.6933147582472652,22.807699678162667,27.31912439005046,AZPS
2021-06-20,86.31430798324583,-2.8022434267465797,23.573602893976513,22.46733254952423,AZPS
2021-06-21,86.3231252764575,0.3185583105767315,24.329202225356575,14.313114187609202,AZPS
2021-06-22,86.33194256966918,1.0782805358611254,25.073867233571207,7.737909660898481,AZPS
2021-06-23,86.34075986288086,1.019170746614894,25.806975136096526,-9.57890574559228,AZPS
2021-06-24,86.34957715609252,1.4539959303271426,26.527911467207616,-5.187484553627272,AZPS
2021-06-25,86.3583944493042,0.6221076758763757,27.236070730312942,-1.0645728554935232,AZPS
2021-06-26,86.36721174251588,-1.6933147582472652,27.930857041281875,-1.301754025550494,AZPS
2021-06-27,86.37602903572756,-2.8022434267465797,28.61168476202579,7.643529628993235,AZPS
2021-06-28,86.38484632893923,0.3185583105767315,29.277979123603846,9.70561623688019,AZPS
2021-06-29,86.3936636221509,1.0782805358611254,29.9291768381369,2.480879003851072,AZPS
2021-06-30,86.40248091536257,1.019170746614894,30.564726698825332,-0.3633783608028125,AZPS
2021-07-01,86.41129820857425,1.4539959303271426,31.184090167380475,1.5116156937181557,AZPS
2021-07-02,86.42011550178593,0.6221076758763757,31.786741948193505,-0.17496512585582025,AZPS
2021-07-03,86.4289327949976,-1.6933147582472652,32.372170548581174,-0.7127885853315234,AZPS
2021-07-04,86.43775008820928,-2.8022434267465797,32.9398788244631,-9.85738548592579,AZPS
2021-07-05,86.44656738142095,0.3185583105767315,33.48938451084276,-2.1985102028404526,AZPS
2021-07-06,86.45538467463263,1.0782805358611254,34.02022073648127,1.6351140530249637,AZPS
2021-07-07,86.4642019678443,1.019170746614894,34.531936522171506,5.7006907633692805,AZPS
2021-07-08,86.47301926105598,1.4539959303271426,35.024097262038936,12.039887546577958,AZPS
2021-07-09,86.48183655426764,0.6221076758763757,35.49628518731477,16.084770582541196,AZPS
2021-07-10,86.49065384747932,-1.6933147582472652,35.948099812047865,12.833561098720082,AZPS
2021-07-11,86.499471140691,-2.8022434267465797,36.379158360241995,3.4006139258135732,AZPS
2021-07-12,86.50828843390268,0.3185583105767315,36.78909617392693,4.91105708159364,AZPS
2021-07-13,86.51710572711436,1.0782805358611254,37.17756710169354,3.8700466353309935,AZPS
2021-07-14,86.52592302032603,1.019170746614894,37.54424386724608,-6.5353376341869875,AZPS
2021-07-15,86.5347403135377,1.4539959303271426,37.88881841754722,-12.28155466141206,AZPS
2021-07-16,86.54355760674937,0.6221076758763757,38.21100225015571,-13.708667532781462,AZPS
2021-07-17,86.55237489996105,-1.6933147582472652,38.510526719380046,-15.95758686109383,AZPS
2021-07-18,86.56119219317273,-2.8022434267465797,38.78714332089643,-11.039092087322587,AZPS
2021-07-19,86.5700094863844,0.3185583105767315,39.040623954503864,-7.122191751464996,AZPS
2021-07-20,86.57882677959607,1.0782805358611254,39.27076116471472,-1.5988684801719302,AZPS
2021-07-21,86.58764407280775,1.019170746614894,39.47736835890475,0.42181682167262124,AZPS
2021-07-22,86.59646136601943,1.4539959303271426,39.66028000277244,-5.76573729911901,AZPS
2021-07-23,86.6052786592311,0.6221076758763757,39.81935179288382,-32.1117381279913,AZPS
2021-07-24,86.61409595244278,-1.6933147582472652,39.95446080610553,-38.493242000301024,AZPS
2021-07-25,86.62291324565444,-2.8022434267465797,40.065505625755485,-41.36517544466335,AZPS
2021-07-26,86.63173053886612,0.3185583105767315,40.15240644432764,-29.6396952937705,AZPS
2021-07-27,86.6405478320778,1.0782805358611254,40.21510514267437,-17.264933510613304,AZPS
2021-07-28,86.64936512528948,1.019170746614894,40.253565345557206,-11.342101217461575,AZPS
2021-07-29,86.65818241850116,1.4539959303271426,40.26777245350423,-12.296950802332532,AZPS
2021-07-30,86.66699971171282,0.6221076758763757,40.25773365093958,-13.786841038528777,AZPS
2021-07-31,86.6758170049245,-1.6933147582472652,40.223477890578266,-20.68398013725549,AZPS
2021-08-01,86.68463429813617,-2.8022434267465797,40.165055854106825,-9.753446725496431,AZPS
2021-08-02,86.69345159134785,0.3185583105767315,40.08253988919782,-1.6355497911224006,AZPS
2021-08-03,86.70226888455953,1.0782805358611254,39.97602392293372,2.2124266566456328,AZPS
2021-08-04,86.7110861777712,1.019170746614894,39.84562335174275,3.4431197238711633,AZPS
2021-08-05,86.71990347098287,1.4539959303271426,39.69147490797679,2.6606256907132035,AZPS
2021-08-06,86.72872076419455,0.6221076758763757,39.513736503288285,4.966435056640776,AZPS
2021-08-07,86.73753805740623,-1.6933147582472652,39.312587048989926,0.7261896518511151,AZPS
2021-08-08,86.7463553506179,-2.8022434267465797,39.0882262536076,0.10966182252107615,AZPS
2021-08-09,86.75517264382957,0.3185583105767315,38.840874397863594,-13.010605352269906,AZPS
2021-08-10,86.76398993704125,1.0782805358611254,38.57077208735273,-20.8100425602551,AZPS
2021-08-11,86.77280723025292,1.019170746614894,38.27817998320053,-21.389157960068346,AZPS
2021-08-12,86.7816245234646,1.4539959303271426,37.96337851101741,-20.08099896480914,AZPS
2021-08-13,86.79044181667628,0.6221076758763757,37.62666754848828,-12.455217041040925,AZPS
2021-08-14,86.79925910988796,-1.6933147582472652,37.26836609196148,-23.123310443602165,AZPS
2021-08-15,86.80807640309962,-2.8022434267465797,36.88881190242549,-13.681644878778542,AZPS
2021-08-16,86.8168936963113,0.3185583105767315,36.48836113128512,-9.603813138173152,AZPS
2021-08-17,86.82571098952297,1.0782805358611254,36.06738792637304,-21.900379451757132,AZPS
2021-08-18,86.83452828273465,1.019170746614894,35.6262840186542,-22.73698304800375,AZPS
2021-08-19,86.84334557594632,1.4539959303271426,35.165458290104255,-25.61979979637772,AZPS
2021-08-20,86.852162869158,0.6221076758763757,34.68533632326338,-18.63360686829776,AZPS
2021-08-21,86.86098016236967,-1.6933147582472652,34.186359932989376,-17.559025337111777,AZPS
2021-08-22,86.86979745558135,-2.8022434267465797,33.66898668095335,-15.37654070978813,AZPS
2021-08-23,86.87861474879303,0.3185583105767315,33.133689373441726,-16.066862432811476,AZPS
2021-08-24,86.8874320420047,1.0782805358611254,32.58095554304706,-11.903668120912883,AZPS
2021-08-25,86.89624933521637,1.019170746614894,32.011286914849464,-0.6707069966807353,AZPS
2021-08-26,86.90506662842805,1.4539959303271426,31.425198857706995,4.390738583537811,AZPS
2021-08-27,86.91388392163972,0.6221076758763757,30.823219821291424,7.770788581192477,AZPS
2021-08-28,86.9227012148514,-1.6933147582472652,30.205890759522028,6.0027227838738355,AZPS
2021-08-29,86.93151850806306,-2.8022434267465797,29.573764541064783,6.339960377618723,AZPS
2021-08-30,86.94033580127474,0.3185583105767315,28.927405347580105,2.766700540568408,AZPS
2021-08-31,86.94915309448642,1.0782805358611254,28.26738806041567,-9.763821690763208,AZPS
2021-09-01,86.9579703876981,1.019170746614894,27.59429763645385,-11.37143877076683,AZPS
2021-09-02,86.96678768090977,1.4539959303271426,26.908728473836515,-15.864512085073414,AZPS
2021-09-03,86.97560497412145,0.6221076758763757,26.21128376829973,-7.138996418297566,AZPS
2021-09-04,86.98442226733312,-1.6933147582472652,25.502574860863525,-2.29368236994938,AZPS
2021-09-05,86.9932395605448,-2.8022434267465797,24.783220577629745,1.6757832885720632,AZPS
2021-09-06,87.00205685375647,0.3185583105767315,24.053846562450932,1.6285382732158524,AZPS
2021-09-07,87.01087414696815,1.0782805358611254,23.315084603241118,10.42076071392961,AZPS
2021-09-08,87.01969144017983,1.019170746614894,22.567571952705514,8.804565860499764,AZPS
2021-09-09,87.02850873339149,1.4539959303271426,21.8119506442733,11.998544692008082,AZPS
2021-09-10,87.03732602660317,0.6221076758763757,21.04886680402195,8.969699493498496,AZPS
2021-09-11,87.04614331981485,-1.6933147582472652,20.278969959386934,11.446201479045484,AZPS
2021-09-12,87.05496061302652,-2.8022434267465797,19.50291234545241,10.160370468267644,AZPS
2021-09-13,87.0637779062382,0.3185583105767315,18.721348209622157,11.055315573562908,AZPS
2021-09-14,87.07259519944986,1.0782805358611254,17.93493311547142,8.550191149217582,AZPS
2021-09-15,87.08141249266154,1.019170746614894,17.144323246579702,3.912093514143848,AZPS
2021-09-16,87.09022978587322,1.4539959303271426,16.350174711145286,2.5415995726543628,AZPS
2021-09-17,87.0990470790849,0.6221076758763757,15.55314284818082,2.0547023968578912,AZPS
2021-09-18,87.10786437229658,-1.6933147582472652,14.753881536085757,0.5515688498649354,AZPS
2021-09-19,87.11668166550824,-2.8022434267465797,13.953042504390133,0.48751925684818787,AZPS
2021-09-20,87.12549895871992,0.3185583105767315,13.15127464945805,-4.334331918754714,AZPS
2021-09-21,87.1343162519316,1.0782805358611254,12.349223354935543,-2.5048201427282493,AZPS
2021-09-22,87.14313354514327,1.019170746614894,11.547529817720825,1.928165890521015,AZPS
2021-09-23,87.15195083835495,1.4539959303271426,10.746830380227857,2.4092228510900497,AZPS
2021-09-24,87.16076813156661,0.6221076758763757,9.947755869707205,-4.720631677150209,AZPS
2021-09-25,87.16958542477829,-1.6933147582472652,9.15093094537798,-4.161201611909007,AZPS
2021-09-26,87.17840271798997,-2.8022434267465797,8.35697345411624,-11.133132745359632,AZPS
2021-09-27,87.18722001120165,0.3185583105767315,7.566493795434732,-12.37027211721312,AZPS
2021-09-28,87.19603730441332,1.0782805358611254,6.780094296476041,-7.212412136750501,AZPS
2021-09-29,87.20485459762499,1.019170746614894,5.998368597731281,-8.845393941971167,AZPS
2021-09-30,87.21367189083666,1.4539959303271426,5.221901050181144,-9.951568871344946,AZPS
2021-10-01,87.22248918404834,0.6221076758763757,4.451266124544004,-12.47386298446871,AZPS
2021-10-02,87.23130647726002,-1.6933147582472652,3.6870278333001387,-9.500019552312892,AZPS
2021-10-03,87.2401237704717,-2.8022434267465797,2.9297391661458594,-4.430619509870965,AZPS
2021-10-04,87.24894106368338,0.3185583105767315,2.1799415395157986,-0.9814409137758844,AZPS
2021-10-05,87.25775835689504,1.0782805358611254,1.4381642607933696,-4.611203153549539,AZPS
2021-10-06,87.26657565010672,1.019170746614894,0.704924007812842,-6.796670404534467,AZPS
2021-10-07,87.2753929433184,1.4539959303271426,-0.019275675761944555,-5.398113197883575,AZPS
2021-10-08,87.28421023653007,0.6221076758763757,-0.7339448686175025,-4.367373043788945,AZPS
2021-10-09,87.29302752974174,-1.6933147582472652,-1.438607742982251,-8.55510502851223,AZPS
2021-10-10,87.30184482295341,-2.8022434267465797,-2.132803018305143,-13.793798377901695,AZPS
2021-10-11,87.31066211616509,0.3185583105767315,-2.8160843969162226,-14.464136029825596,AZPS
2021-10-12,87.31947940937677,1.0782805358611254,-3.488020981186242,-19.28373896405165,AZPS
2021-10-13,87.32829670258845,1.019170746614894,-4.148197671724731,-19.414269777478623,AZPS
2021-10-14,87.33711399580012,1.4539959303271426,-4.796215546177638,-18.27289437994962,AZPS
2021-10-15,87.34593128901179,0.6221076758763757,-5.4316922182105225,-15.080346746677634,AZPS
2021-10-16,87.35474858222346,-1.6933147582472652,-6.054262176284753,-9.209171647691463,AZPS
2021-10-17,87.36356587543514,-2.8022434267465797,-6.663577101860366,-5.931745346828208,AZPS
2021-10-18,87.37238316864682,0.3185583105767315,-7.2593061666823955,-9.01963531254114,AZPS
2021-10-19,87.3812004618585,1.0782805358611254,-7.841136308832659,-11.62634468888696,AZPS
2021-10-20,87.39001775507016,1.019170746614894,-8.408772487254915,-10.151416014430154,AZPS
2021-10-21,87.39883504828184,1.4539959303271426,-8.961937914486274,-8.038893064122703,AZPS
2021-10-22,87.40765234149352,0.6221076758763757,-9.500374267353397,-6.558385750016498,AZPS
2021-10-23,87.4164696347052,-1.6933147582472652,-10.023841875419857,-7.8673130010380845,AZPS
2021-10-24,87.42528692791687,-2.8022434267465797,-10.53211988699488,-4.946923614175404,AZPS
2021-10-25,87.43410422112854,0.3185583105767315,-11.025006412543089,-1.4426561191621943,AZPS
2021-10-26,87.44292151434021,1.0782805358611254,-11.50231864535947,-7.618883404841867,AZPS
2021-10-27,87.45173880755189,1.019170746614894,-11.963892959402374,-9.372016594764418,AZPS
2021-10-28,87.46055610076357,1.4539959303271426,-12.409584984203601,-6.592967046887111,AZPS
2021-10-29,87.46937339397525,0.6221076758763757,-12.839269656801807,-1.8892114130498072,AZPS
2021-10-30,87.47819068718691,-1.6933147582472652,-13.25284125067345,-2.8620346782661983,AZPS
2021-10-31,87.48700798039859,-2.8022434267465797,-13.650213381661942,-2.721551171990072,AZPS
2021-11-01,87.49582527361027,0.3185583105767315,-14.031318990933233,-2.3460645932537716,AZPS
2021-11-02,87.50464256682194,1.0782805358611254,-14.39611030501356,-3.2418127976695104,AZPS
2021-11-03,87.51345986003362,1.019170746614894,-14.744558772991718,-3.1980718336567833,AZPS
2021-11-04,87.52227715324528,1.4539959303271426,-15.076654980995706,-1.704618102576731,AZPS
2021-11-05,87.53109444645696,0.6221076758763757,-15.392408544080004,-0.19279357825334387,AZPS
2021-11-06,87.53991173966864,-1.6933147582472652,-15.69184797568702,-0.31774900573435616,AZPS
2021-11-07,87.54872903288032,-2.8022434267465797,-15.975020534872378,1.6835349287386379,AZPS
2021-11-08,87.557546326092,0.3185583105767315,-16.241992051509875,-0.7871125851588516,AZPS
2021-11-09,87.56636361930366,1.0782805358611254,-16.492846729718536,-3.0327974254462617,AZPS
2021-11-10,87.57518091251534,1.019170746614894,-16.72768692977929,-3.1196647293509443,AZPS
2021-11-11,87.58399820572701,1.4539959303271426,-16.946632928834383,-2.4793612072197817,AZPS
2021-11-12,87.59281549893869,0.6221076758763757,-17.149822660687988,-0.42210051412708083,AZPS
2021-11-13,87.60163279215037,-1.6933147582472652,-17.337411435050583,-0.8009065988525208,AZPS
2021-11-14,87.61045008536205,-2.8022434267465797,-17.509571636594288,-0.9676350220211702,AZPS
2021-11-15,87.61926737857371,0.3185583105767315,-17.66649240420996,-1.6563332849404873,AZPS
2021-11-16,87.62808467178539,1.0782805358611254,-17.8083792908803,-2.664985916766213,AZPS
2021-11-17,87.63690196499707,1.019170746614894,-17.93545390460585,-3.446618807006118,AZPS
2021-11-18,87.64571925820874,1.4539959303271426,-18.047953530843092,-3.3487616576927905,AZPS
2021-11-19,87.6545365514204,0.6221076758763757,-18.14613073693586,-1.757513490360921,AZPS
2021-11-20,87.66335384463208,-1.6933147582472652,-18.23025295904187,-2.322786127342951,AZPS
2021-11-21,87.67217113784376,-2.8022434267465797,-18.300602072077332,-1.3463256390198524,AZPS
2021-11-22,87.68098843105544,0.3185583105767315,-18.357473943222125,-0.3100727984100615,AZPS
2021-11-23,87.68980572426712,1.0782805358611254,-18.40117796954734,0.9900917094191044,AZPS
2021-11-24,87.6986230174788,1.019170746614894,-18.432036600345775,-1.5947571637479143,AZPS
2021-11-25,87.70744031069046,1.4539959303271426,-18.450384844763622,-6.132051396253999,AZPS
2021-11-26,87.71625760390214,0.6221076758763757,-18.456569765348902,-5.58079551442961,AZPS
2021-11-27,87.72507489711381,-1.6933147582472652,-18.450949958148655,-2.875810180717906,AZPS
2021-11-28,87.73389219032549,-2.8022434267465797,-18.43389502000238,-1.671753743576545,AZPS
2021-11-29,87.74270948353715,0.3185583105767315,-18.40578500369449,-0.7224827904193916,AZPS
2021-11-30,87.75152677674883,1.0782805358611254,-18.36700986164218,-1.3197974509677834,AZPS
2021-12-01,87.76034406996051,1.019170746614894,-18.317968878808884,-0.7305459377665358,AZPS
2021-12-02,87.76916136317219,1.4539959303271426,-18.259070095545553,-0.28608719795377624,AZPS
2021-12-03,87.77797865638387,0.6221076758763757,-18.190729721074003,-0.6473566111862397,AZPS
2021-12-04,87.78679594959554,-1.6933147582472652,-18.113371538336956,-1.3251096530113102,AZPS
2021-12-05,87.7956132428072,-2.8022434267465797,-18.027426300949724,-0.6939435151109166,AZPS
2021-12-06,87.80443053601888,0.3185583105767315,-17.933331122997174,-0.7146577235984495,AZPS
2021-12-07,87.81324782923056,1.0782805358611254,-17.831528862427987,0.554000497336304,AZPS
2021-12-08,87.82206512244224,1.019170746614894,-17.72246749880527,-0.026768370251872398,AZPS
2021-12-09,87.83088241565392,1.4539959303271426,-17.606599506179172,0.6997211601981235,AZPS
2021-12-10,87.83969970886558,0.6221076758763757,-17.48438122185239,-0.5404261628895739,AZPS
2021-12-11,87.84851700207726,-1.6933147582472652,-17.356272211813817,0.18506996798380726,AZPS
2021-12-12,87.85733429528894,-2.8022434267465797,-17.22273463361968,1.6756437650773108,AZPS
2021-12-13,87.86615158850061,0.3185583105767315,-17.0842325975035,1.668522698426159,AZPS
2021-12-14,87.87496888171229,1.0782805358611254,-16.94123152649847,-1.3660178910749323,AZPS
2021-12-15,87.88378617492396,1.019170746614894,-16.794197516356242,0.9552405948173686,AZPS
2021-12-16,87.89260346813563,1.4539959303271426,-16.643596696046203,3.6559972975834256,AZPS
2021-12-17,87.90142076134731,0.6221076758763757,-16.48989458961806,3.823366152394371,AZPS
2021-12-18,87.91023805455899,-1.6933147582472652,-16.333555480208755,3.14063218389704,AZPS
2021-12-19,87.91905534777067,-2.8022434267465797,-16.175041776971284,2.0252298559472024,AZPS
2021-12-20,87.92787264098233,0.3185583105767315,-16.014813385699863,1.329382434140797,AZPS
2021-12-21,87.936689934194,1.0782805358611254,-15.853327083920304,1.9923566138651552,AZPS
2021-12-22,87.94550722740568,1.019170746614894,-15.69103590120917,-1.2706420728114125,AZPS
2021-12-23,87.95432452061736,1.4539959303271426,-15.52838850549872,-3.23793194544578,AZPS
2021-12-24,87.96314181382904,0.6221076758763757,-15.365828596116502,-1.1284208935889097,AZPS
2021-12-25,87.97195910704072,-1.6933147582472652,-15.203794304301084,-4.353850044492361,AZPS
2021-12-26,87.98077640025238,-2.8022434267465797,-15.042717601924728,-3.53581537158108,AZPS
2021-12-27,87.98959369346406,0.3185583105767315,-14.88302371914498,2.4458717151041753,AZPS
2021-12-28,87.99841098667574,1.0782805358611254,-14.725130571695026,5.037439049158166,AZPS
2021-12-29,88.00722827988741,1.019170746614894,-14.569448198511488,0.9390491720091916,AZPS
2021-12-30,88.01604557309908,1.4539959303271426,-14.416378210385131,0.7413367069589185,AZPS
2021-12-31,88.02486286631076,0.6221076758763757,-14.266313250306611,-1.6706572918805307,AZPS
2022-01-01,88.03368015952243,-1.6933147582472652,-14.083540626928274,-0.4658247743469133,AZPS
2022-01-02,88.04249745273411,-2.8022434267465797,-13.941622567847634,6.297368541860109,AZPS
2022-01-03,88.05131474594579,0.3185583105767315,-13.80391740914546,4.748044352622941,AZPS
2022-01-04,88.06013203915747,1.0782805358611254,-13.67077395925085,3.1223613842322635,AZPS
2022-01-05,88.06894933236913,1.019170746614894,-13.54252944290126,1.285409363917239,AZPS
2022-01-06,88.07776662558081,1.4539959303271426,-13.41950904885304,-0.45025350705489586,AZPS
2022-01-07,88.08658391879248,0.6221076758763757,-13.302025493683226,-1.2766661009856506,AZPS
2022-01-08,88.09540121200416,-1.6933147582472652,-13.19037860221421,-2.386707851542681,AZPS
2022-01-09,88.10421850521584,-2.8022434267465797,-13.084854905072417,-3.6101201733968367,AZPS
2022-01-10,88.1130357984275,0.3185583105767315,-12.985727253871417,-5.47986685513284,AZPS
2022-01-11,88.12185309163918,1.0782805358611254,-12.893254454488476,-5.199879173011823,AZPS
2022-01-12,88.13067038485086,1.019170746614894,-12.807680918881502,-3.436160212584255,AZPS
2022-01-13,88.13948767806254,1.4539959303271426,-12.729236335870933,-4.590247272518738,AZPS
2022-01-14,88.14830497127421,0.6221076758763757,-12.658135361287977,-5.478277285862617,AZPS
2022-01-15,88.15712226448588,-1.6933147582472652,-12.594577327867201,-3.7062301783714275,AZPS
2022-01-16,88.16593955769756,-2.8022434267465797,-12.538745975237582,-3.8549501557134107,AZPS
2022-01-17,88.17475685090923,0.3185583105767315,-12.49080920034152,-3.803505961144438,AZPS
2022-01-18,88.18357414412091,1.0782805358611254,-12.450918828586879,-3.6839358513951623,AZPS
2022-01-19,88.19239143733259,1.019170746614894,-12.4192104060117,-5.9633517779357845,AZPS
2022-01-20,88.20120873054425,1.4539959303271426,-12.395803012716009,-6.422401648155386,AZPS
2022-01-21,88.21002602375593,0.6221076758763757,-12.380799097789168,-3.7153346018431392,AZPS
2022-01-22,88.21884331696761,-1.6933147582472652,-12.374284335935398,-3.1842442227849546,AZPS
2022-01-23,88.22766061017929,-2.8022434267465797,-12.376327505973602,-6.661089677459103,AZPS
2022-01-24,88.23647790339096,0.3185583105767315,-12.386980391361334,-5.2480558226063465,AZPS
2022-01-25,88.24529519660264,1.0782805358611254,-12.406277702865946,-4.680298029597822,AZPS
2022-01-26,88.2541124898143,1.019170746614894,-12.434237023479174,-3.861046212950029,AZPS
2022-01-27,88.26292978302598,1.4539959303271426,-12.47085877564458,-2.770066937708549,AZPS
2022-01-28,88.27174707623766,0.6221076758763757,-12.51612621084006,-4.635728541273963,AZPS
2022-01-29,88.28056436944934,-1.6933147582472652,-12.570005421530809,-5.658244189671265,AZPS
2022-01-30,88.289381662661,-2.8022434267465797,-12.632445375480819,-8.991692860433602,AZPS
2022-01-31,88.29819895587268,0.3185583105767315,-12.703377972384096,-4.997379294065325,AZPS
2022-02-01,88.30701624908436,1.0782805358611254,-12.782718122749644,-5.243578662195844,AZPS
2022-02-02,88.31583354229603,1.019170746614894,-12.870363848947367,-4.560640439963578,AZPS
2022-02-03,88.32465083550771,1.4539959303271426,-12.966196408295188,1.1015496424603413,AZPS
2022-02-04,88.33346812871939,0.6221076758763757,-13.070080438041037,0.9505046334452771,AZPS
2022-02-05,88.34228542193105,-1.6933147582472652,-13.181864122066724,-1.6091065416170807,AZPS
2022-02-06,88.35110271514273,-2.8022434267465797,-13.301379379114513,-2.9014799092816475,AZPS
2022-02-07,88.35992000835441,0.3185583105767315,-13.428442072311123,-6.145036246620009,AZPS
2022-02-08,88.36873730156609,1.0782805358611254,-13.562852239737937,-5.983165597689279,AZPS
2022-02-09,88.37755459477775,1.019170746614894,-13.70439434577089,-7.121330995621776,AZPS
2022-02-10,88.38637188798943,1.4539959303271426,-13.852837552888145,-7.883530265428433,AZPS
2022-02-11,88.3951891812011,0.6221076758763757,-14.00793601361894,-7.8653608434585465,AZPS
2022-02-12,88.40400647441278,-1.6933147582472652,-14.169429182282494,-8.533262533883033,AZPS
2022-02-13,88.41282376762446,-2.8022434267465797,-14.337042146141924,-7.30053819473595,AZPS
2022-02-14,88.42164106083614,0.3185583105767315,-14.510485975574378,-6.966713395838482,AZPS
2022-02-15,88.4304583540478,1.0782805358611254,-14.689458092835698,-7.007280797073236,AZPS
2022-02-16,88.43927564725948,1.019170746614894,-14.873642658975179,-6.127803734899203,AZPS
2022-02-17,88.44809294047116,1.4539959303271426,-15.062710978433946,-6.4043778923643515,AZPS
2022-02-18,88.45691023368283,0.6221076758763757,-15.256321920838987,-4.321695988720222,AZPS
2022-02-19,88.4657275268945,-1.6933147582472652,-15.45412235948397,-6.261290409163266,AZPS
2022-02-20,88.47454482010617,-2.8022434267465797,-15.655747625967464,-6.051553767392122,AZPS
2022-02-21,88.48336211331785,0.3185583105767315,-15.860821980439772,-5.739098443454822,AZPS
2022-02-22,88.49217940652953,1.0782805358611254,-16.0689590968902,-3.062500845500452,AZPS
2022-02-23,88.50099669974121,1.019170746614894,-16.27976256288855,5.625595116532466,AZPS
2022-02-24,88.50981399295289,1.4539959303271426,-16.492826393176678,3.7350164698966495,AZPS
2022-02-25,88.51863128616455,0.6221076758763757,-16.707735556489055,1.2259965944481195,AZPS
2022-02-26,88.52744857937623,-1.6933147582472652,-16.92406651496526,-1.6460673061637152,AZPS
2022-02-27,88.5362658725879,-2.8022434267465797,-17.141387775501563,-2.1336346703397595,AZPS
2022-02-28,88.54508316579958,0.3185583105767315,-17.35926045237426,-4.053381024002064,AZPS
2022-03-01,88.55390045901126,1.0782805358611254,-17.57723884045351,-5.579942154418873,AZPS
2022-03-02,88.56271775222292,1.019170746614894,-17.79487099831329,-6.011017500524545,AZPS
2022-03-03,88.5715350454346,1.4539959303271426,-18.011699340530903,-5.1158316352308475,AZPS
2022-03-04,88.58035233864628,0.6221076758763757,-18.227261238457995,-5.172198776064661,AZPS
2022-03-05,88.58916963185796,-1.6933147582472652,-18.44108962873451,-4.2207652448761905,AZPS
2022-03-06,88.59798692506963,-2.8022434267465797,-18.65271362880731,-3.313029869515745,AZPS
2022-03-07,88.6068042182813,0.3185583105767315,-18.861659158706473,-1.0097033701515556,AZPS
2022-03-08,88.61562151149298,1.0782805358611254,-19.06744956832412,-2.3644524790299783,AZPS
2022-03-09,88.62443880470465,1.019170746614894,-19.269606269433915,-1.9120032818856458,AZPS
2022-03-10,88.63325609791633,1.4539959303271426,-19.467649371683024,-1.060602656560448,AZPS
2022-03-11,88.64207339112801,0.6221076758763757,-19.661098321783232,-2.0850827452211433,AZPS
2022-03-12,88.65089068433967,-1.6933147582472652,-19.849472545123604,-2.6801033809688164,AZPS
2022-03-13,88.65970797755135,-2.8022434267465797,-20.032292089023734,-5.683172461781034,AZPS
2022-03-14,88.66852527076303,0.3185583105767315,-20.209078266844287,-3.4240053144954743,AZPS
2022-03-15,88.6773425639747,1.0782805358611254,-20.379354302169805,-3.332268797666032,AZPS
2022-03-16,88.68615985718638,1.019170746614894,-20.542645972278567,-3.4026846315227033,AZPS
2022-03-17,88.69497715039806,1.4539959303271426,-20.698482250114342,-2.0174908306108392,AZPS
2022-03-18,88.70379444360972,0.6221076758763757,-20.846395943976376,-3.674506175509734,AZPS
2022-03-19,88.7126117368214,-1.6933147582472652,-20.98592433414618,-2.548372644427971,AZPS
2022-03-20,88.72142903003308,-2.8022434267465797,-21.11660980567286,-2.348575797613641,AZPS
2022-03-21,88.73024632324476,0.3185583105767315,-21.238000476542823,-3.261804157278661,AZPS
2022-03-22,88.73906361645642,1.0782805358611254,-21.349650820464817,-2.6456933318527405,AZPS
2022-03-23,88.7478809096681,1.019170746614894,-21.451122283507072,-2.808929372775907,AZPS
2022-03-24,88.75669820287978,1.4539959303271426,-21.54198389383039,-2.313710239376519,AZPS
2022-03-25,88.76551549609145,0.6221076758763757,-21.62181286376862,1.4721896918007786,AZPS
2022-03-26,88.77433278930313,-1.6933147582472652,-21.690195183516636,4.006177152460793,AZPS
2022-03-27,88.78315008251481,-2.8022434267465797,-21.746726205695687,4.013819549927476,AZPS
2022-03-28,88.79196737572647,0.3185583105767315,-21.7910112200761,4.133485533772898,AZPS
2022-03-29,88.80078466893815,1.0782805358611254,-21.822666017748876,-1.1503991870503967,AZPS
2022-03-30,88.80960196214983,1.019170746614894,-21.841317444049672,-2.9514552647150367,AZPS
2022-03-31,88.8184192553615,1.4539959303271426,-21.846603939551706,-2.2448112461369476,AZPS
2022-04-01,88.82723654857318,0.6221076758763757,-21.838176068457887,0.0028318440083410223,AZPS
2022-04-02,88.83605384178485,-1.6933147582472652,-21.815697033737067,1.0449579501994748,AZPS
2022-04-03,88.84487113499652,-2.8022434267465797,-21.778843178364596,1.5252154701146452,AZPS
2022-04-04,88.8536884282082,0.3185583105767315,-21.72730447204364,2.5870577332587033,AZPS
2022-04-05,88.86250572141988,1.0782805358611254,-21.66078498280049,6.027998725519495,AZPS
2022-04-06,88.87132301463156,1.019170746614894,-21.579003332864644,8.300509571618193,AZPS
2022-04-07,88.88014030784322,1.4539959303271426,-21.481693138263005,7.030556900092634,AZPS
2022-04-08,88.8889576010549,0.6221076758763757,-21.368603431576233,9.96053815464495,AZPS
2022-04-09,88.89777489426658,-1.6933147582472652,-21.23949906732507,8.69403893130577,AZPS
2022-04-10,88.90659218747825,-2.8022434267465797,-21.09416110947492,7.365812348743248,AZPS
2022-04-11,88.91540948068993,0.3185583105767315,-20.932387200567582,3.6194194093009173,AZPS
2022-04-12,88.9242267739016,1.0782805358611254,-20.753991912010733,-4.316515397751999,AZPS
2022-04-13,88.93304406711327,1.019170746614894,-20.558807075077812,-6.7664077386503365,AZPS
2022-04-14,88.94186136032495,1.4539959303271426,-20.34668209219353,-5.39517519845856,AZPS
2022-04-15,88.95067865353663,0.6221076758763757,-20.117484228103315,-2.454302101309679,AZPS
2022-04-16,88.9594959467483,-1.6933147582472652,-19.871098880548722,-0.5760823079523192,AZPS
2022-04-17,88.96831323995998,-2.8022434267465797,-19.607429830094745,2.473360016881358,AZPS
2022-04-18,88.97713053317165,0.3185583105767315,-19.326399468779712,5.294710625031328,AZPS
2022-04-19,88.98594782638332,1.0782805358611254,-19.027949007282935,8.337720645038488,AZPS
2022-04-20,88.994765119595,1.019170746614894,-18.712038660331032,4.014102794121143,AZPS
2022-04-21,89.00358241280668,1.4539959303271426,-18.37864781008911,4.405069466955283,AZPS
2022-04-22,89.01239970601834,0.6221076758763757,-18.027775147308862,-3.3787322345858684,AZPS
2022-04-23,89.02121699923002,-1.6933147582472652,-17.6594387900323,-4.953463450950451,AZPS
2022-04-24,89.0300342924417,-2.8022434267465797,-17.273676379675628,-2.9821144860194977,AZPS
2022-04-25,89.03885158565338,0.3185583105767315,-16.87054515434494,0.32013525811483134,AZPS
2022-04-26,89.04766887886505,1.0782805358611254,-16.45012199926211,4.943172584535944,AZPS
2022-04-27,89.05648617207673,1.019170746614894,-16.012503474206014,3.169846555514397,AZPS
2022-04-28,89.0653034652884,1.4539959303271426,-15.557805817901835,0.6625064222862989,AZPS
2022-04-29,89.07412075850007,0.6221076758763757,-15.08616492931795,0.5199364949415042,AZPS
2022-04-30,89.08293805171175,-1.6933147582472652,-14.597736325857383,2.4051130323929044,AZPS
2022-05-01,89.09175534492343,-2.8022434267465797,-14.092695078458195,3.5201831602813343,AZPS
2022-05-02,89.10057263813509,0.3185583105767315,-13.571235723644202,4.113104774932367,AZPS
2022-05-03,89.10938993134677,1.0782805358611254,-13.033572152594889,2.18490168538699,AZPS
2022-05-04,89.11820722455845,1.019170746614894,-12.479937477330608,0.9585595061572718,AZPS
2022-05-05,89.12702451777012,1.4539959303271426,-11.910583874135918,3.1675634260386545,AZPS
2022-05-06,89.1358418109818,0.6221076758763757,-11.325782404371358,6.677832917513186,AZPS
2022-05-07,89.14465910419348,-1.6933147582472652,-10.725822812850007,8.3574784669038,AZPS
2022-05-08,89.15347639740514,-2.8022434267465797,-10.111013303982798,3.680780333324236,AZPS
2022-05-09,89.16229369061682,0.3185583105767315,-9.481680295921642,-3.3431717052718994,AZPS
2022-05-10,89.1711109838285,1.0782805358611254,-8.83816815295668,-4.987223366732934,AZPS
2022-05-11,89.17992827704018,1.019170746614894,-8.180838896448975,-8.825260127206107,AZPS
2022-05-12,89.18874557025184,1.4539959303271426,-7.5100718946058524,-12.160669605973126,AZPS
2022-05-13,89.19756286346352,0.6221076758763757,-6.826263531430909,-5.23640700790898,AZPS
2022-05-14,89.2063801566752,-1.6933147582472652,-6.12982685520571,4.641761456777772,AZPS
2022-05-15,89.21519744988687,-2.8022434267465797,-5.421191206884508,9.385237183744223,AZPS
2022-05-16,89.22401474309855,0.3185583105767315,-4.700801828806881,10.637228775131604,AZPS
2022-05-17,89.23283203631023,1.0782805358611254,-3.969119454157056,7.9950068819857165,AZPS
2022-05-18,89.24164932952189,1.019170746614894,-3.2266198776211574,7.603799801484371,AZPS
2022-05-19,89.25046662273357,1.4539959303271426,-2.473793507716337,4.812330954655621,AZPS
2022-05-20,89.25928391594525,0.6221076758763757,-1.7111449012875326,-0.7782466905341039,AZPS
2022-05-21,89.26810120915692,-1.6933147582472652,-0.9391922806886299,-3.908594170221022,AZPS
2022-05-22,89.2769185023686,-2.8022434267465797,-0.15846703418586472,-3.637208041436139,AZPS
2022-05-23,89.28573579558027,0.3185583105767315,0.6304867998591668,-3.570780906016168,AZPS
2022-05-24,89.29455308879194,1.0782805358611254,1.4271130644496495,-0.5369466891027201,AZPS
2022-05-25,89.30337038200362,1.019170746614894,2.2308440304610997,4.900614840920383,AZPS
2022-05-26,89.3121876752153,1.4539959303271426,3.041100957582664,8.0637154368749,AZPS
2022-05-27,89.32100496842698,0.6221076758763757,3.857294669060977,8.843592686635674,AZPS
2022-05-28,89.32982226163864,-1.6933147582472652,4.678826139599099,0.24666635700953066,AZPS
2022-05-29,89.33863955485032,-2.8022434267465797,5.5050870957469975,-6.61148322385074,AZPS
2022-05-30,89.347456848062,0.3185583105767315,6.335460628105043,-11.819475786743766,AZPS
2022-05-31,89.35627414127367,1.0782805358611254,7.16932181464794,-9.746876491782729,AZPS
2022-06-01,89.36509143448535,1.019170746614894,8.006038354462802,-5.45130053556305,AZPS
2022-06-02,89.37390872769701,1.4539959303271426,8.844971211182926,-3.158875869207094,AZPS
2022-06-03,89.38272602090869,0.6221076758763757,9.68547526538628,-2.5563089621713573,AZPS
2022-06-04,89.39154331412037,-1.6933147582472652,10.526899975217894,-4.465128531090997,AZPS
2022-06-05,89.40036060733205,-2.8022434267465797,11.368590044484169,-0.8677072250696369,AZPS
2022-06-06,89.40917790054372,0.3185583105767315,12.209886097458782,4.71837769142077,AZPS
2022-06-07,89.41799519375539,1.0782805358611254,13.050125359631478,8.677598910751996,AZPS
2022-06-08,89.42681248696707,1.019170746614894,13.888642343623046,13.380374422794986,AZPS
2022-06-09,89.43562978017874,1.4539959303271426,14.724769539484388,16.606604750009737,AZPS
2022-06-10,89.44444707339042,0.6221076758763757,15.557838108590934,20.79460714214227,AZPS
2022-06-11,89.4532643666021,-1.6933147582472652,16.38717858034001,21.85187181130516,AZPS
2022-06-12,89.46208165981376,-2.8022434267465797,17.212121550854242,20.462040216078577,AZPS
2022-06-13,89.47089895302544,0.3185583105767315,18.031998382892283,11.428544353505544,AZPS
2022-06-14,89.47971624623712,1.0782805358611254,18.846141906165172,1.2358613117365849,AZPS
2022-06-15,89.4885335394488,1.019170746614894,19.653887117256943,0.3564085966793584,AZPS
2022-06-16,89.49735083266047,1.4539959303271426,20.454571878347103,5.794081358665295,AZPS
2022-06-17,89.50616812587215,0.6221076758763757,21.247537613934877,10.259186584316609,AZPS
2022-06-18,89.51498541908381,-1.6933147582472652,22.032130004765406,-1.9708006656019563,AZPS
2022-06-19,89.52380271229549,-2.8022434267465797,22.807699678162667,-13.011258963711583,AZPS
2022-06-20,89.53262000550717,0.3185583105767315,23.573602893976513,-14.838781210060418,AZPS
2022-06-21,89.54143729871885,1.0782805358611254,24.329202225356575,-5.783920059936534,AZPS
2022-06-22,89.55025459193052,1.019170746614894,25.073867233571207,5.556707427883367,AZPS
2022-06-23,89.55907188514219,1.4539959303271426,25.806975136096526,3.5819570484341483,AZPS
2022-06-24,89.56788917835387,0.6221076758763757,26.527911467207616,0.6670916785621586,AZPS
2022-06-25,89.57670647156554,-1.6933147582472652,27.236070730312942,-0.25546244363121673,AZPS
2022-06-26,89.58552376477722,-2.8022434267465797,27.930857041281875,-4.465137379312523,AZPS
2022-06-27,89.5943410579889,0.3185583105767315,28.61168476202579,-6.659584130591426,AZPS
2022-06-28,89.60315835120058,1.0782805358611254,29.277979123603846,4.059581989334461,AZPS
2022-06-29,89.61197564441224,1.019170746614894,29.9291768381369,5.999676770835961,AZPS
2022-06-30,89.62079293762392,1.4539959303271426,30.564726698825332,-2.155515566776401,AZPS
2022-07-01,89.6296102308356,0.6221076758763757,31.184090167380475,1.4131919259075687,AZPS
2022-07-02,89.63842752404727,-1.6933147582472652,31.786741948193505,-4.3258547139935075,AZPS
2022-07-03,89.64724481725894,-2.8022434267465797,32.372170548581174,-6.807171939093536,AZPS
2022-07-04,89.65606211047061,0.3185583105767315,32.9398788244631,-11.785499245510437,AZPS
2022-07-05,89.66487940368229,1.0782805358611254,33.48938451084276,-9.140544450386173,AZPS
2022-07-06,89.67369669689397,1.019170746614894,34.02022073648127,-12.707088179990137,AZPS
2022-07-07,89.68251399010565,1.4539959303271426,34.531936522171506,-12.25244644260431,AZPS
2022-07-08,89.69133128331733,0.6221076758763757,35.024097262038936,-1.8405362212326253,AZPS
2022-07-09,89.70014857652899,-1.6933147582472652,35.49628518731477,2.9788809944034966,AZPS
2022-07-10,89.70896586974067,-2.8022434267465797,35.948099812047865,8.60617774495806,AZPS
2022-07-11,89.71778316295234,0.3185583105767315,36.379158360241995,13.147500166228909,AZPS
2022-07-12,89.72660045616402,1.0782805358611254,36.78909617392693,10.207022834047905,AZPS
2022-07-13,89.73541774937569,1.019170746614894,37.17756710169354,11.314844402315885,AZPS
2022-07-14,89.74423504258736,1.4539959303271426,37.54424386724608,7.475525159839407,AZPS
2022-07-15,89.75305233579904,0.6221076758763757,37.88881841754722,3.768021570777364,AZPS
2022-07-16,89.76186962901072,-1.6933147582472652,38.21100225015571,9.322442879080853,AZPS
2022-07-17,89.7706869222224,-2.8022434267465797,38.510526719380046,3.9410297851441243,AZPS
2022-07-18,89.77950421543407,0.3185583105767315,38.78714332089643,-4.522205846907241,AZPS
2022-07-19,89.78832150864574,1.0782805358611254,39.040623954503864,5.237774000989276,AZPS
2022-07-20,89.79713880185741,1.019170746614894,39.27076116471472,6.318929286812988,AZPS
2022-07-21,89.80595609506909,1.4539959303271426,39.47736835890475,6.512679615699028,AZPS
2022-07-22,89.81477338828077,0.6221076758763757,39.66028000277244,10.916838933070437,AZPS
2022-07-23,89.82359068149243,-1.6933147582472652,39.81935179288382,4.023372283871026,AZPS
2022-07-24,89.83240797470411,-2.8022434267465797,39.95446080610553,-10.404625354063072,AZPS
2022-07-25,89.84122526791579,0.3185583105767315,40.065505625755485,-14.171289204247984,AZPS
2022-07-26,89.85004256112747,1.0782805358611254,40.15240644432764,-20.46772954131623,AZPS
2022-07-27,89.85885985433914,1.019170746614894,40.21510514267437,-21.086135743628404,AZPS
2022-07-28,89.86767714755082,1.4539959303271426,40.253565345557206,-26.975238423435172,AZPS
2022-07-29,89.87649444076249,0.6221076758763757,40.26777245350423,-23.710374570143117,AZPS
2022-07-30,89.88531173397416,-1.6933147582472652,40.25773365093958,-18.880730626666477,AZPS
2022-07-31,89.89412902718584,-2.8022434267465797,40.223477890578266,-21.53036349101754,AZPS
2022-08-01,89.90294632039752,0.3185583105767315,40.165055854106825,-11.112560485081076,AZPS
2022-08-02,89.91176361360918,1.0782805358611254,40.08253988919782,-4.07858403866814,AZPS
2022-08-03,89.92058090682086,1.019170746614894,39.97602392293372,-11.063775576369466,AZPS
2022-08-04,89.92939820003254,1.4539959303271426,39.84562335174275,-23.756017482102422,AZPS
2022-08-05,89.93821549324421,0.6221076758763757,39.69147490797679,-18.039798077097387,AZPS
2022-08-06,89.94703278645589,-1.6933147582472652,39.513736503288285,-6.6484545314968955,AZPS
2022-08-07,89.95585007966757,-2.8022434267465797,39.312587048989926,-8.199193701910914,AZPS
2022-08-08,89.96466737287923,0.3185583105767315,39.0882262536076,-8.380451937063569,AZPS
2022-08-09,89.97348466609091,1.0782805358611254,38.840874397863594,-18.05463959981566,AZPS
2022-08-10,89.98230195930259,1.019170746614894,38.57077208735273,-13.650244793270218,AZPS
2022-08-11,89.99111925251427,1.4539959303271426,38.27817998320053,-11.405295166041938,AZPS
2022-08-12,89.99993654572593,0.6221076758763757,37.96337851101741,-14.182422732619713,AZPS
2022-08-13,90.00875383893761,-1.6933147582472652,37.62666754848828,-14.492106629178622,AZPS
2022-08-14,90.01757113214929,-2.8022434267465797,37.26836609196148,-17.965693797364196,AZPS
2022-08-15,90.02638842536096,0.3185583105767315,36.88881190242549,-15.169758638363191,AZPS
2022-08-16,90.03520571857264,1.0782805358611254,36.48836113128512,-4.948847385718878,AZPS
2022-08-17,90.04402301178432,1.019170746614894,36.06738792637304,-3.3805816847722383,AZPS
2022-08-18,90.05284030499598,1.4539959303271426,35.6262840186542,-8.088120253977323,AZPS
2022-08-19,90.06165759820766,0.6221076758763757,35.165458290104255,-20.06922356418829,AZPS
2022-08-20,90.07047489141934,-1.6933147582472652,34.68533632326338,-18.900496456435448,AZPS
2022-08-21,90.07929218463102,-2.8022434267465797,34.186359932989376,-20.888408690873817,AZPS
2022-08-22,90.08810947784269,0.3185583105767315,33.66898668095335,-17.39465446937278,AZPS
2022-08-23,90.09692677105436,1.0782805358611254,33.133689373441726,-8.065896680357213,AZPS
2022-08-24,90.10574406426603,1.019170746614894,32.58095554304706,-9.018870353927994,AZPS
2022-08-25,90.11456135747771,1.4539959303271426,32.011286914849464,-6.039844202654294,AZPS
2022-08-26,90.12337865068939,0.6221076758763757,31.425198857706995,0.35831481572724044,AZPS
2022-08-27,90.13219594390107,-1.6933147582472652,30.823219821291424,-4.9411010069452175,AZPS
2022-08-28,90.14101323711273,-2.8022434267465797,30.205890759522028,-2.824660569888195,AZPS
2022-08-29,90.14983053032441,0.3185583105767315,29.573764541064783,9.28184661803408,AZPS
2022-08-30,90.15864782353609,1.0782805358611254,28.927405347580105,11.26066629302268,AZPS
2022-08-31,90.16746511674776,1.019170746614894,28.26738806041567,9.48697607622168,AZPS
2022-09-01,90.17628240995944,1.4539959303271426,27.59429763645385,8.345424023259568,AZPS
2022-09-02,90.1850997031711,0.6221076758763757,26.908728473836515,8.200064147115995,AZPS
2022-09-03,90.19391699638278,-1.6933147582472652,26.21128376829973,7.1051139935647285,AZPS
2022-09-04,90.20273428959446,-2.8022434267465797,25.502574860863525,9.16293427628861,AZPS
2022-09-05,90.21155158280614,0.3185583105767315,24.783220577629745,6.742669528987392,AZPS
2022-09-06,90.22036887601782,1.0782805358611254,24.053846562450932,11.11650402567011,AZPS
2022-09-07,90.2291861692295,1.019170746614894,23.315084603241118,11.443558480914504,AZPS
2022-09-08,90.23800346244116,1.4539959303271426,22.567571952705514,6.847428654526183,AZPS
2022-09-09,90.24682075565283,0.6221076758763757,21.8119506442733,-0.13387907580251124,AZPS
2022-09-10,90.25563804886451,-1.6933147582472652,21.04886680402195,-8.780190094639195,AZPS
2022-09-11,90.26445534207619,-2.8022434267465797,20.278969959386934,-1.3211818747165438,AZPS
2022-09-12,90.27327263528787,0.3185583105767315,19.50291234545241,-3.9597432913169968,AZPS
2022-09-13,90.28208992849953,1.0782805358611254,18.721348209622157,-7.101718673982816,AZPS
2022-09-14,90.29090722171121,1.019170746614894,17.93493311547142,-9.037011083797523,AZPS
2022-09-15,90.29972451492289,1.4539959303271426,17.144323246579702,-8.914043691829733,AZPS
2022-09-16,90.30854180813456,0.6221076758763757,16.350174711145286,-6.345824195156226,AZPS
2022-09-17,90.31735910134624,-1.6933147582472652,15.55314284818082,-7.675187191279804,AZPS
2022-09-18,90.32617639455792,-2.8022434267465797,14.753881536085757,-8.648814503897086,AZPS
2022-09-19,90.33499368776958,0.3185583105767315,13.953042504390133,-0.015594502736462346,AZPS
2022-09-20,90.34381098098126,1.0782805358611254,13.15127464945805,0.2926338336995684,AZPS
2022-09-21,90.35262827419294,1.019170746614894,12.349223354935543,-6.139022375743366,AZPS
2022-09-22,90.36144556740462,1.4539959303271426,11.547529817720825,-4.2869713154525755,AZPS
2022-09-23,90.37026286061628,0.6221076758763757,10.746830380227857,2.394799083279466,AZPS
2022-09-24,90.37908015382796,-1.6933147582472652,9.947755869707205,3.489478734712108,AZPS
2022-09-25,90.38789744703963,-2.8022434267465797,9.15093094537798,4.050415034328978,AZPS
2022-09-26,90.39671474025131,0.3185583105767315,8.35697345411624,6.446753495055731,AZPS
2022-09-27,90.40553203346299,1.0782805358611254,7.566493795434732,10.217693635241147,AZPS
2022-09-28,90.41434932667467,1.019170746614894,6.780094296476041,8.675385630234388,AZPS
2022-09-29,90.42316661988633,1.4539959303271426,5.998368597731281,5.085468852055243,AZPS
2022-09-30,90.43198391309801,0.6221076758763757,5.221901050181144,2.0580073608444707,AZPS
2022-10-01,90.44080120630969,-1.6933147582472652,4.451266124544004,2.6882474273935912,AZPS
2022-10-02,90.44961849952136,-2.8022434267465797,3.6870278333001387,6.084597093925069,AZPS
2022-10-03,90.45843579273303,0.3185583105767315,2.9297391661458594,1.8662667305443676,AZPS
2022-10-04,90.4672530859447,1.0782805358611254,2.1799415395157986,-4.130475161321627,AZPS
2022-10-05,90.47607037915638,1.019170746614894,1.4381642607933696,-0.8974053865646425,AZPS
2022-10-06,90.48488767236806,1.4539959303271426,0.704924007812842,-1.006807610508048,AZPS
2022-10-07,90.49370496557974,0.6221076758763757,-0.019275675761944555,-3.1835369656941594,AZPS
2022-10-08,90.50252225879142,-1.6933147582472652,-0.7339448686175025,-5.131262631926646,AZPS
2022-10-09,90.51133955200308,-2.8022434267465797,-1.438607742982251,-5.087488382274245,AZPS
2022-10-10,90.52015684521476,0.3185583105767315,-2.132803018305143,-3.1439121374863532,AZPS
2022-10-11,90.52897413842643,1.0782805358611254,-2.8160843969162226,-1.63517027737133,AZPS
2022-10-12,90.53779143163811,1.019170746614894,-3.488020981186242,-0.8469411970667693,AZPS
2022-10-13,90.54660872484978,1.4539959303271426,-4.148197671724731,0.2715930165477971,AZPS
2022-10-14,90.55542601806145,0.6221076758763757,-4.796215546177638,2.0686818522398056,AZPS
2022-10-15,90.56424331127313,-1.6933147582472652,-5.4316922182105225,-5.866236334815355,AZPS
2022-10-16,90.57306060448481,-2.8022434267465797,-6.054262176284753,-10.83055500145349,AZPS
2022-10-17,90.58187789769649,0.3185583105767315,-6.663577101860366,-10.039859106412862,AZPS
2022-10-18,90.59069519090816,1.0782805358611254,-7.2593061666823955,-7.738669560086876,AZPS
2022-10-19,90.59951248411983,1.019170746614894,-7.841136308832659,-6.036546921902087,AZPS
2022-10-20,90.6083297773315,1.4539959303271426,-8.408772487254915,-4.647553220403736,AZPS
2022-10-21,90.61714707054318,0.6221076758763757,-8.961937914486274,-2.105316831933294,AZPS
2022-10-22,90.62596436375486,-1.6933147582472652,-9.500374267353397,-1.515275338154197,AZPS
2022-10-23,90.63478165696652,-2.8022434267465797,-10.023841875419857,-7.166696354800109,AZPS
2022-10-24,90.6435989501782,0.3185583105767315,-10.53211988699488,-14.98103737376006,AZPS
2022-10-25,90.65241624338988,1.0782805358611254,-11.025006412543089,-14.091690366707923,AZPS
2022-10-26,90.66123353660156,1.019170746614894,-11.50231864535947,-13.055085637856976,AZPS
2022-10-27,90.67005082981323,1.4539959303271426,-11.963892959402374,-10.820153800737984,AZPS
2022-10-28,90.67886812302491,0.6221076758763757,-12.409584984203601,-11.921390814697688,AZPS
2022-10-29,90.68768541623658,-1.6933147582472652,-12.839269656801807,-10.408101001187518,AZPS
2022-10-30,90.69650270944825,-2.8022434267465797,-13.25284125067345,-9.156418032028228,AZPS
2022-10-31,90.70532000265993,0.3185583105767315,-13.650213381661942,-9.577664931574716,AZPS
2022-11-01,90.71413729587161,1.0782805358611254,-14.031318990933233,-7.529098840799506,AZPS
2022-11-02,90.72295458908327,1.019170746614894,-14.39611030501356,-6.831015030684611,AZPS
2022-11-03,90.73177188229495,1.4539959303271426,-14.744558772991718,-7.023209039630373,AZPS
2022-11-04,90.74058917550663,0.6221076758763757,-15.076654980995706,-7.978041870387287,AZPS
2022-11-05,90.7494064687183,-1.6933147582472652,-15.392408544080004,-7.378683166391042,AZPS
2022-11-06,90.75822376192998,-2.8022434267465797,-15.69184797568702,-4.8181323594963885,AZPS
2022-11-07,90.76704105514166,0.3185583105767315,-15.975020534872378,-7.63757883084601,AZPS
2022-11-08,90.77585834835332,1.0782805358611254,-16.241992051509875,-7.6641468327045885,AZPS
2022-11-09,90.784675641565,1.019170746614894,-16.492846729718536,-4.935999658461384,AZPS
2022-11-10,90.79349293477668,1.4539959303271426,-16.72768692977929,-7.892801935324542,AZPS
2022-11-11,90.80231022798836,0.6221076758763757,-16.946632928834383,-6.288784975030353,AZPS
2022-11-12,90.81112752120004,-1.6933147582472652,-17.149822660687988,-5.76599010226478,AZPS
2022-11-13,90.8199448144117,-2.8022434267465797,-17.337411435050583,-3.632289952614542,AZPS
2022-11-14,90.82876210762338,0.3185583105767315,-17.509571636594288,-3.184748781605819,AZPS
2022-11-15,90.83757940083505,1.0782805358611254,-17.66649240420996,-2.830367532486221,AZPS
2022-11-16,90.84639669404673,1.019170746614894,-17.8083792908803,-2.7051881497813213,AZPS
2022-11-17,90.85521398725841,1.4539959303271426,-17.93545390460585,-2.500756012979707,AZPS
2022-11-18,90.86403128047007,0.6221076758763757,-18.047953530843092,-2.343185425503364,AZPS
2022-11-19,90.87284857368175,-1.6933147582472652,-18.14613073693586,-3.7044030784986433,AZPS
2022-11-20,90.88166586689343,-2.8022434267465797,-18.23025295904187,-3.058169481104983,AZPS
2022-11-21,90.8904831601051,0.3185583105767315,-18.300602072077332,-1.928439398604496,AZPS
2022-11-22,90.89930045331678,1.0782805358611254,-18.357473943222125,-1.8861070459557965,AZPS
2022-11-23,90.90811774652846,1.019170746614894,-18.40117796954734,-1.4041105235960032,AZPS
2022-11-24,90.91693503974012,1.4539959303271426,-18.432036600345775,-6.110894369721493,AZPS
2022-11-25,90.9257523329518,0.6221076758763757,-18.450384844763622,-6.5494751640645745,AZPS
2022-11-26,90.93456962616348,-1.6933147582472652,-18.456569765348902,-1.7796851025673277,AZPS
2022-11-27,90.94338691937516,-2.8022434267465797,-18.450949958148655,0.4568064655200885,AZPS
2022-11-28,90.95220421258684,0.3185583105767315,-18.43389502000238,1.8371324968388194,AZPS
2022-11-29,90.9610215057985,1.0782805358611254,-18.40578500369449,0.5144829620348617,AZPS
2022-11-30,90.96983879901018,1.019170746614894,-18.36700986164218,0.08200031601710123,AZPS
2022-12-01,90.97865609222185,1.4539959303271426,-18.317968878808884,-0.65568314374012,AZPS
2022-12-02,90.98747338543353,0.6221076758763757,-18.259070095545553,-0.5075109657643537,AZPS
2022-12-03,90.99629067864521,-1.6933147582472652,-18.190729721074003,4.3177538006760585,AZPS
2022-12-04,91.00510797185687,-2.8022434267465797,-18.113371538336956,0.9585069932266634,AZPS
2022-12-05,91.01392526506855,0.3185583105767315,-18.027426300949724,-2.095057274695577,AZPS
2022-12-06,91.02274255828023,1.0782805358611254,-17.933331122997174,-2.636691971144188,AZPS
2022-12-07,91.0315598514919,1.019170746614894,-17.831528862427987,-1.157201735678811,AZPS
2022-12-08,91.04037714470358,1.4539959303271426,-17.72246749880527,-0.09690557622546692,AZPS
2022-12-09,91.04919443791526,0.6221076758763757,-17.606599506179172,0.4282973923875488,AZPS
2022-12-10,91.05801173112692,-1.6933147582472652,-17.48438122185239,1.5686842489727297,AZPS
2022-12-11,91.0668290243386,-2.8022434267465797,-17.356272211813817,2.2946866142217885,AZPS
2022-12-12,91.07564631755028,0.3185583105767315,-17.22273463361968,4.854530005492663,AZPS
2022-12-13,91.08446361076196,1.0782805358611254,-17.0842325975035,7.864488450880415,AZPS
2022-12-14,91.09328090397362,1.019170746614894,-16.94123152649847,10.524779875909942,AZPS
2022-12-15,91.1020981971853,1.4539959303271426,-16.794197516356242,9.32610338884379,AZPS
2022-12-16,91.11091549039698,0.6221076758763757,-16.643596696046203,9.49757352977285,AZPS
2022-12-17,91.11973278360865,-1.6933147582472652,-16.48989458961806,8.746476564256668,AZPS
2022-12-18,91.12855007682033,-2.8022434267465797,-16.333555480208755,8.260248830135012,AZPS
2022-12-19,91.13736737003201,0.3185583105767315,-16.175041776971284,7.644116096362538,AZPS
2022-12-20,91.14618466324367,1.0782805358611254,-16.014813385699863,6.519348186595053,AZPS
2022-12-21,91.15500195645535,1.019170746614894,-15.853327083920304,5.729154380850048,AZPS
2022-12-22,91.16381924966703,1.4539959303271426,-15.69103590120917,2.8642207212149913,AZPS
2022-12-23,91.1726365428787,0.6221076758763757,-15.52838850549872,-1.4953557132563589,AZPS
2022-12-24,91.18145383609037,-1.6933147582472652,-15.365828596116502,-2.1303104817266103,AZPS
2022-12-25,91.19027112930205,-2.8022434267465797,-15.203794304301084,-5.912233398254386,AZPS
2022-12-26,91.19908842251373,0.3185583105767315,-15.042717601924728,-6.757929131165724,AZPS
2022-12-27,91.2079057157254,1.0782805358611254,-14.88302371914498,-3.6461625324415508,AZPS
2022-12-28,91.21672300893708,1.019170746614894,-14.725130571695026,-0.18476318385694412,AZPS
2022-12-29,91.22554030214876,1.4539959303271426,-14.569448198511488,-1.0100880339643936,AZPS
2022-12-30,91.23435759536042,0.6221076758763757,-14.416378210385131,-3.386087060851665,AZPS
2022-12-31,91.2431748885721,-1.6933147582472652,-14.266313250306611,-3.693546880018218,AZPS
2023-01-01,91.25199218178378,-2.8022434267465797,-14.083540626928274,0.6317918718910818,AZPS
2023-01-02,91.26080947499545,0.3185583105767315,-13.941622567847634,-0.7847452177245486,AZPS
2023-01-03,91.26962676820712,1.0782805358611254,-13.80391740914546,-0.6579898949227783,AZPS
2023-01-04,91.2784440614188,1.019170746614894,-13.67077395925085,-3.0718408487828412,AZPS
2023-01-05,91.28726135463047,1.4539959303271426,-13.54252944290126,-1.7057278420563478,AZPS
2023-01-06,91.29607864784215,0.6221076758763757,-13.41950904885304,-2.8666772748654807,AZPS
2023-01-07,91.30489594105383,-1.6933147582472652,-13.302025493683226,-3.4975556891233452,AZPS
2023-01-08,91.3137132342655,-2.8022434267465797,-13.19037860221421,-3.808091205304706,AZPS
2023-01-09,91.32253052747717,0.3185583105767315,-13.084854905072417,-3.0942339329814956,AZPS
2023-01-10,91.33134782068885,1.0782805358611254,-12.985727253871417,-4.208901102678553,AZPS
2023-01-11,91.34016511390053,1.019170746614894,-12.893254454488476,-5.606081406026945,AZPS
2023-01-12,91.3489824071122,1.4539959303271426,-12.807680918881502,-5.128297418557835,AZPS
2023-01-13,91.35779970032387,0.6221076758763757,-12.729236335870933,-6.510671040329328,AZPS
2023-01-14,91.36661699353554,-1.6933147582472652,-12.658135361287977,-2.90316687400032,AZPS
2023-01-15,91.37543428674722,-2.8022434267465797,-12.594577327867201,-0.8836135321334382,AZPS
2023-01-16,91.3842515799589,0.3185583105767315,-12.538745975237582,0.21293608470193703,AZPS
2023-01-17,91.39306887317058,1.0782805358611254,-12.49080920034152,-2.5605402086901705,AZPS
2023-01-18,91.40188616638225,1.019170746614894,-12.450918828586879,-2.597138084410261,AZPS
2023-01-19,91.41070345959392,1.4539959303271426,-12.4192104060117,3.5385110160906237,AZPS
2023-01-20,91.4195207528056,0.6221076758763757,-12.395803012716009,0.226174584034041,AZPS
2023-01-21,91.42833804601727,-1.6933147582472652,-12.380799097789168,1.5677758100191568,AZPS
2023-01-22,91.43715533922895,-2.8022434267465797,-12.374284335935398,3.090372423453033,AZPS
2023-01-23,91.44597263244061,0.3185583105767315,-12.376327505973602,10.175796562956236,AZPS
2023-01-24,91.45478992565229,1.0782805358611254,-12.386980391361334,6.870909929847912,AZPS
2023-01-25,91.46360721886397,1.019170746614894,-12.406277702865946,4.708499737387072,AZPS
2023-01-26,91.47242451207565,1.4539959303271426,-12.434237023479174,1.546816581076385,AZPS
2023-01-27,91.48124180528733,0.6221076758763757,-12.47085877564458,1.4475092944808807,AZPS
2023-01-28,91.490059098499,-1.6933147582472652,-12.51612621084006,0.5673818705883207,AZPS
2023-01-29,91.49887639171067,-2.8022434267465797,-12.570005421530809,-1.1466275434332829,AZPS
2023-01-30,91.50769368492234,0.3185583105767315,-12.632445375480819,-0.5408066200182589,AZPS
2023-01-31,91.51651097813402,1.0782805358611254,-12.703377972384096,-2.171413541611045,AZPS
2023-02-01,91.5253282713457,1.019170746614894,-12.782718122749644,-4.6417808952109425,AZPS
2023-02-02,91.53414556455738,1.4539959303271426,-12.870363848947367,-4.732777645937162,AZPS
2023-02-03,91.54296285776904,0.6221076758763757,-12.966196408295188,-3.9808741253502404,AZPS
2023-02-04,91.55178015098072,-1.6933147582472652,-13.070080438041037,-7.998384954692426,AZPS
2023-02-05,91.5605974441924,-2.8022434267465797,-13.181864122066724,-8.0294898953791,AZPS
2023-02-06,91.56941473740407,0.3185583105767315,-13.301379379114513,-7.109593668866296,AZPS
2023-02-07,91.57823203061575,1.0782805358611254,-13.428442072311123,-6.195070494165748,AZPS
2023-02-08,91.58704932382742,1.019170746614894,-13.562852239737937,-4.983367830704381,AZPS
2023-02-09,91.59586661703909,1.4539959303271426,-13.70439434577089,-5.127468201595349,AZPS
2023-02-10,91.60468391025077,0.6221076758763757,-13.852837552888145,-5.59495403323902,AZPS
2023-02-11,91.61350120346245,-1.6933147582472652,-14.00793601361894,-7.052250431596249,AZPS
2023-02-12,91.62231849667413,-2.8022434267465797,-14.169429182282494,-6.586645887645062,AZPS
2023-02-13,91.6311357898858,0.3185583105767315,-14.337042146141924,-2.962651954320606,AZPS
2023-02-14,91.63995308309747,1.0782805358611254,-14.510485975574378,6.356252356615784,AZPS
2023-02-15,91.64877037630914,1.019170746614894,-14.689458092835698,2.412516969911664,AZPS
2023-02-16,91.65758766952082,1.4539959303271426,-14.873642658975179,5.055059059127217,AZPS
2023-02-17,91.6664049627325,0.6221076758763757,-15.062710978433946,2.752198339825071,AZPS
2023-02-18,91.67522225594418,-1.6933147582472652,-15.256321920838987,-5.689585576857922,AZPS
2023-02-19,91.68403954915584,-2.8022434267465797,-15.45412235948397,-5.7906737629252945,AZPS
2023-02-20,91.69285684236752,0.3185583105767315,-15.655747625967464,-7.294667526976781,AZPS
2023-02-21,91.7016741355792,1.0782805358611254,-15.860821980439772,-6.625132691000559,AZPS
2023-02-22,91.71049142879087,1.019170746614894,-16.0689590968902,0.5682969214844462,AZPS
2023-02-23,91.71930872200255,1.4539959303271426,-16.27976256288855,2.8114579105588717,AZPS
2023-02-24,91.72812601521422,0.6221076758763757,-16.492826393176678,-2.3834072979139194,AZPS
2023-02-25,91.7369433084259,-1.6933147582472652,-16.707735556489055,-4.121892993689585,AZPS
2023-02-26,91.74576060163757,-2.8022434267465797,-16.92406651496526,3.136549340074282,AZPS
2023-02-27,91.75457789484925,0.3185583105767315,-17.141387775501563,3.323251570075584,AZPS
2023-02-28,91.76339518806093,1.0782805358611254,-17.35926045237426,1.4575847284522183,AZPS
2023-03-01,91.7722124812726,1.019170746614894,-17.57723884045351,9.229855612566013,AZPS
2023-03-02,91.78102977448427,1.4539959303271426,-17.79487099831329,9.018845293501869,AZPS
2023-03-03,91.78984706769594,0.6221076758763757,-18.011699340530903,1.8017445969585708,AZPS
2023-03-04,91.79866436090762,-1.6933147582472652,-18.227261238457995,-0.6080883642023736,AZPS
2023-03-05,91.8074816541193,-2.8022434267465797,-18.44108962873451,-0.16014859863821584,AZPS
2023-03-06,91.81629894733096,0.3185583105767315,-18.65271362880731,-3.273143629100403,AZPS
2023-03-07,91.82511624054264,1.0782805358611254,-18.861659158706473,-4.574737617697309,AZPS
2023-03-08,91.83393353375432,1.019170746614894,-19.06744956832412,-4.049654712045083,AZPS
2023-03-09,91.842750826966,1.4539959303271426,-19.269606269433915,-2.7481404878592315,AZPS
2023-03-10,91.85156812017767,0.6221076758763757,-19.467649371683024,-2.6270264243710244,AZPS
2023-03-11,91.86038541338935,-1.6933147582472652,-19.661098321783232,-2.448972333358853,AZPS
2023-03-12,91.86920270660102,-2.8022434267465797,-19.849472545123604,-7.872486734730842,AZPS
2023-03-13,91.8780199998127,0.3185583105767315,-20.032292089023734,-5.172286221365681,AZPS
2023-03-14,91.88683729302437,1.0782805358611254,-20.209078266844287,-3.721039562041213,AZPS
2023-03-15,91.89565458623605,1.019170746614894,-20.379354302169805,1.2705289693188604,AZPS
2023-03-16,91.90447187944771,1.4539959303271426,-20.542645972278567,-3.4698218374962835,AZPS
2023-03-17,91.91328917265939,0.6221076758763757,-20.698482250114342,-4.767914598421427,AZPS
2023-03-18,91.92210646587107,-1.6933147582472652,-20.846395943976376,-4.713395763647441,AZPS
2023-03-19,91.93092375908275,-2.8022434267465797,-20.98592433414618,-0.48775599818998217,AZPS
2023-03-20,91.93974105229442,0.3185583105767315,-21.11660980567286,-0.7106895571982932,AZPS
2023-03-21,91.9485583455061,1.0782805358611254,-21.238000476542823,4.4341615951755955,AZPS
2023-03-22,91.95737563871776,1.019170746614894,-21.349650820464817,-0.8888955648678518,AZPS
2023-03-23,91.96619293192944,1.4539959303271426,-21.451122283507072,-2.0480665787494985,AZPS
2023-03-24,91.97501022514112,0.6221076758763757,-21.54198389383039,-3.0831340071871125,AZPS
2023-03-25,91.9838275183528,-1.6933147582472652,-21.62181286376862,-1.7696998963369026,AZPS
2023-03-26,91.99264481156446,-2.8022434267465797,-21.690195183516636,-2.8302062013012517,AZPS
2023-03-27,92.00146210477614,0.3185583105767315,-21.746726205695687,-1.5662942096571726,AZPS
2023-03-28,92.01027939798782,1.0782805358611254,-21.7910112200761,-2.6125487137728385,AZPS
2023-03-29,92.0190966911995,1.019170746614894,-21.822666017748876,-3.468601420065511,AZPS
2023-03-30,92.02791398441117,1.4539959303271426,-21.841317444049672,-2.0075924706886354,AZPS
2023-03-31,92.03673127762285,0.6221076758763757,-21.846603939551706,-2.2952350139475186,AZPS
2023-04-01,92.04554857083451,-1.6933147582472652,-21.838176068457887,-3.2290577441293635,AZPS
2023-04-02,92.05436586404619,-2.8022434267465797,-21.815697033737067,-4.169425403562549,AZPS
2023-04-03,92.06318315725787,0.3185583105767315,-21.778843178364596,-4.358898289470005,AZPS
2023-04-04,92.07200045046955,1.0782805358611254,-21.72730447204364,-3.527976514287033,AZPS
2023-04-05,92.08081774368121,1.019170746614894,-21.66078498280049,-1.4472035074956153,AZPS
2023-04-06,92.08963503689289,1.4539959303271426,-21.579003332864644,-3.1716276343553886,AZPS
2023-04-07,92.09845233010456,0.6221076758763757,-21.481693138263005,-4.159866867717938,AZPS
2023-04-08,92.10726962331624,-1.6933147582472652,-21.368603431576233,-3.713351433492747,AZPS
2023-04-09,92.11608691652792,-2.8022434267465797,-21.23949906732507,-1.7933444224562578,AZPS
2023-04-10,92.1249042097396,0.3185583105767315,-21.09416110947492,4.947698589158591,AZPS
2023-04-11,92.13372150295126,1.0782805358611254,-20.932387200567582,9.017385161755172,AZPS
2023-04-12,92.14253879616294,1.019170746614894,-20.753991912010733,5.96128236923289,AZPS
2023-04-13,92.15135608937462,1.4539959303271426,-20.558807075077812,-0.3105449446239277,AZPS
2023-04-14,92.1601733825863,0.6221076758763757,-20.34668209219353,-4.917598966269139,AZPS
2023-04-15,92.16899067579796,-1.6933147582472652,-20.117484228103315,-2.770191689447387,AZPS
2023-04-16,92.17780796900963,-2.8022434267465797,-19.871098880548722,1.0865343382856452,AZPS
2023-04-17,92.18662526222131,0.3185583105767315,-19.607429830094745,2.074246257296707,AZPS
2023-04-18,92.19544255543299,1.0782805358611254,-19.326399468779712,-1.0923236225143995,AZPS
2023-04-19,92.20425984864467,1.019170746614894,-19.027949007282935,-4.779481587976633,AZPS
2023-04-20,92.21307714185635,1.4539959303271426,-18.712038660331032,-4.9130344118524505,AZPS
2023-04-21,92.22189443506801,0.6221076758763757,-18.37864781008911,-1.1833543008552851,AZPS
2023-04-22,92.23071172827969,-1.6933147582472652,-18.027775147308862,2.7063781772764486,AZPS
2023-04-23,92.23952902149136,-2.8022434267465797,-17.6594387900323,5.765153195287525,AZPS
2023-04-24,92.24834631470304,0.3185583105767315,-17.273676379675628,5.345771754395841,AZPS
2023-04-25,92.25716360791472,1.0782805358611254,-16.87054515434494,2.7531010105690967,AZPS
2023-04-26,92.26598090112638,1.019170746614894,-16.45012199926211,0.8749703515208154,AZPS
2023-04-27,92.27479819433806,1.4539959303271426,-16.012503474206014,9.629709349540803,AZPS
2023-04-28,92.28361548754974,0.6221076758763757,-15.557805817901835,7.4650826544757365,AZPS
2023-04-29,92.29243278076142,-1.6933147582472652,-15.08616492931795,9.119046906803817,AZPS
2023-04-30,92.3012500739731,-2.8022434267465797,-14.597736325857383,10.687729678630859,AZPS
2023-05-01,92.31006736718476,0.3185583105767315,-14.092695078458195,5.487069400696683,AZPS
2023-05-02,92.31888466039644,1.0782805358611254,-13.571235723644202,-2.4649294726133633,AZPS
2023-05-03,92.32770195360811,1.019170746614894,-13.033572152594889,-2.951300547628122,AZPS
2023-05-04,92.33651924681979,1.4539959303271426,-12.479937477330608,-11.68857769981632,AZPS
2023-05-05,92.34533654003147,0.6221076758763757,-11.910583874135918,-12.269860341771917,AZPS
2023-05-06,92.35415383324315,-1.6933147582472652,-11.325782404371358,-10.636056670624512,AZPS
2023-05-07,92.36297112645481,-2.8022434267465797,-10.725822812850007,-7.7349048868582315,AZPS
2023-05-08,92.37178841966649,0.3185583105767315,-10.111013303982798,-5.0373334262604175,AZPS
2023-05-09,92.38060571287816,1.0782805358611254,-9.481680295921642,-4.606205952817646,AZPS
2023-05-10,92.38942300608984,1.019170746614894,-8.83816815295668,-12.86142559974806,AZPS
2023-05-11,92.39824029930152,1.4539959303271426,-8.180838896448975,-10.239397333179681,AZPS
2023-05-12,92.40705759251318,0.6221076758763757,-7.5100718946058524,-3.5820933737837066,AZPS
2023-05-13,92.41587488572486,-1.6933147582472652,-6.826263531430909,1.4787034039533182,AZPS
2023-05-14,92.42469217893654,-2.8022434267465797,-6.12982685520571,6.341378103015742,AZPS
2023-05-15,92.43350947214822,0.3185583105767315,-5.421191206884508,13.92412342415956,AZPS
2023-05-16,92.4423267653599,1.0782805358611254,-4.700801828806881,14.905194527585877,AZPS
2023-05-17,92.45114405857156,1.019170746614894,-3.969119454157056,11.189804648970593,AZPS
2023-05-18,92.45996135178324,1.4539959303271426,-3.2266198776211574,6.109662595510784,AZPS
2023-05-19,92.46877864499491,0.6221076758763757,-2.473793507716337,-0.9540928131549578,AZPS
2023-05-20,92.47759593820659,-1.6933147582472652,-1.7111449012875326,-0.8101362786717772,AZPS
2023-05-21,92.48641323141827,-2.8022434267465797,-0.9391922806886299,4.332022476016945,AZPS
2023-05-22,92.49523052462993,0.3185583105767315,-0.15846703418586472,5.614678198979206,AZPS
2023-05-23,92.50404781784161,1.0782805358611254,0.6304867998591668,2.2241848464380922,AZPS
2023-05-24,92.51286511105329,1.019170746614894,1.4271130644496495,-1.1361489221178402,AZPS
2023-05-25,92.52168240426496,1.4539959303271426,2.2308440304610997,-4.118522365053195,AZPS
2023-05-26,92.53049969747664,0.6221076758763757,3.041100957582664,-8.108708330935684,AZPS
2023-05-27,92.5393169906883,-1.6933147582472652,3.857294669060977,-10.630296901502035,AZPS
2023-05-28,92.54813428389998,-2.8022434267465797,4.678826139599099,-9.498716996752506,AZPS
2023-05-29,92.55695157711166,0.3185583105767315,5.5050870957469975,-11.046596983435393,AZPS
2023-05-30,92.56576887032334,1.0782805358611254,6.335460628105043,-10.676510034289507,AZPS
2023-05-31,92.57458616353502,1.019170746614894,7.16932181464794,-17.790078724797837,AZPS
2023-06-01,92.5834034567467,1.4539959303271426,8.006038354462802,-17.211437741536642,AZPS
2023-06-02,92.59222074995836,0.6221076758763757,8.844971211182926,-13.857299637017675,AZPS
2023-06-03,92.60103804317004,-1.6933147582472652,9.68547526538628,-7.86219855030906,AZPS
2023-06-04,92.60985533638171,-2.8022434267465797,10.526899975217894,-3.459511884853029,AZPS
2023-06-05,92.61867262959339,0.3185583105767315,11.368590044484169,-3.9688209846543003,AZPS
2023-06-06,92.62748992280505,1.0782805358611254,12.209886097458782,-13.569656556124968,AZPS
2023-06-07,92.63630721601673,1.019170746614894,13.050125359631478,-18.21860332226312,AZPS
2023-06-08,92.64512450922841,1.4539959303271426,13.888642343623046,-19.164762783178602,AZPS
2023-06-09,92.65394180244009,0.6221076758763757,14.724769539484388,-18.289819017800852,AZPS
2023-06-10,92.66275909565177,-1.6933147582472652,15.557838108590934,-16.30328244599542,AZPS
2023-06-11,92.67157638886344,-2.8022434267465797,16.38717858034001,-21.146511542456864,AZPS
2023-06-12,92.6803936820751,0.3185583105767315,17.212121550854242,-21.82607354350607,AZPS
2023-06-13,92.68921097528678,1.0782805358611254,18.031998382892283,-20.154489894040196,AZPS
2023-06-14,92.69802826849846,1.019170746614894,18.846141906165172,-17.10434092127852,AZPS
2023-06-15,92.70684556171014,1.4539959303271426,19.653887117256943,-15.54672860929422,AZPS
2023-06-16,92.7156628549218,0.6221076758763757,20.454571878347103,-13.87134240914527,AZPS
2023-06-17,92.72448014813348,-1.6933147582472652,21.247537613934877,-10.898703003821097,AZPS
2023-06-18,92.73329744134516,-2.8022434267465797,22.032130004765406,-9.735184019363999,AZPS
2023-06-19,92.74211473455684,0.3185583105767315,22.807699678162667,-12.244372723296237,AZPS
2023-06-20,92.75093202776851,1.0782805358611254,23.573602893976513,-11.172815457606134,AZPS
2023-06-21,92.75974932098019,1.019170746614894,24.329202225356575,-11.374122292951654,AZPS
2023-06-22,92.76856661419185,1.4539959303271426,25.073867233571207,-14.912429778090214,AZPS
2023-06-23,92.77738390740353,0.6221076758763757,25.806975136096526,-22.31546671937643,AZPS
2023-06-24,92.78620120061521,-1.6933147582472652,26.527911467207616,-22.969797909575547,AZPS
2023-06-25,92.79501849382689,-2.8022434267465797,27.236070730312942,-11.998845797393244,AZPS
2023-06-26,92.80383578703855,0.3185583105767315,27.930857041281875,-6.432251138897172,AZPS
2023-06-27,92.81265308025023,1.0782805358611254,28.61168476202579,-9.721618378137137,AZPS
2023-06-28,92.8214703734619,1.019170746614894,29.277979123603846,-11.506620243680658,AZPS
2023-06-29,92.83028766667358,1.4539959303271426,29.9291768381369,-15.104460435137625,AZPS
2023-06-30,92.83910495988526,0.6221076758763757,30.564726698825332,-10.882939334586979,AZPS
2023-07-01,92.84792225309694,-1.6933147582472652,31.184090167380475,-2.547697662230135,AZPS
2023-07-02,92.8567395463086,-2.8022434267465797,31.786741948193505,2.1347619322444586,AZPS
2023-07-03,92.86555683952028,0.3185583105767315,32.372170548581174,5.47571430132183,AZPS
2023-07-04,92.87437413273196,1.0782805358611254,32.9398788244631,-1.7445334930561813,AZPS
2023-07-05,92.88319142594364,1.019170746614894,33.48938451084276,-3.1817466834013004,AZPS
2023-07-06,92.8920087191553,1.4539959303271426,34.02022073648127,-0.391225385963736,AZPS
2023-07-07,92.90082601236698,0.6221076758763757,34.531936522171506,-2.1548702104148845,AZPS
2023-07-08,92.90964330557865,-1.6933147582472652,35.024097262038936,-2.7154258093703163,AZPS
2023-07-09,92.91846059879033,-2.8022434267465797,35.49628518731477,-0.0155023593585355,AZPS
2023-07-10,92.92727789200201,0.3185583105767315,35.948099812047865,5.453063985373376,AZPS
2023-07-11,92.93609518521369,1.0782805358611254,36.379158360241995,11.417465918683178,AZPS
2023-07-12,92.94491247842535,1.019170746614894,36.78909617392693,10.43282060103283,AZPS
2023-07-13,92.95372977163703,1.4539959303271426,37.17756710169354,14.222707196342299,AZPS
2023-07-14,92.9625470648487,0.6221076758763757,37.54424386724608,17.53310139202884,AZPS
2023-07-15,92.97136435806038,-1.6933147582472652,37.88881841754722,21.581131982639647,AZPS
2023-07-16,92.98018165127206,-2.8022434267465797,38.21100225015571,21.5680595253188,AZPS
2023-07-17,92.98899894448373,0.3185583105767315,38.510526719380046,21.63591602555948,AZPS
2023-07-18,92.9978162376954,1.0782805358611254,38.78714332089643,21.620759905547033,AZPS
2023-07-19,93.00663353090708,1.019170746614894,39.040623954503864,21.305571767974158,AZPS
2023-07-20,93.01545082411876,1.4539959303271426,39.27076116471472,19.96579208083938,AZPS
2023-07-21,93.02426811733044,0.6221076758763757,39.47736835890475,14.691255847888442,AZPS
2023-07-22,93.03308541054211,-1.6933147582472652,39.66028000277244,20.35894934493274,AZPS
2023-07-23,93.04190270375378,-2.8022434267465797,39.81935179288382,13.25398893010896,AZPS
2023-07-24,93.05071999696546,0.3185583105767315,39.95446080610553,15.828260886352268,AZPS
2023-07-25,93.05953729017713,1.0782805358611254,40.065505625755485,20.527676548206273,AZPS
2023-07-26,93.06835458338881,1.019170746614894,40.15240644432764,22.19906822566864,AZPS
2023-07-27,93.07717187660047,1.4539959303271426,40.21510514267437,13.692727050397991,AZPS
2023-07-28,93.08598916981215,0.6221076758763757,40.253565345557206,15.680337808754246,AZPS
2023-07-29,93.09480646302383,-1.6933147582472652,40.26777245350423,14.161735841719207,AZPS
2023-07-30,93.1036237562355,-2.8022434267465797,40.25773365093958,10.54588601957147,AZPS
2023-07-31,93.11244104944718,0.3185583105767315,40.223477890578266,-1.7794772506021843,AZPS
2023-08-01,93.12125834265886,1.0782805358611254,40.165055854106825,-2.2095947326268117,AZPS
2023-08-02,93.13007563587053,1.019170746614894,40.08253988919782,3.6972137283167683,AZPS
2023-08-03,93.1388929290822,1.4539959303271426,39.97602392293372,2.2280872176569346,AZPS
2023-08-04,93.14771022229388,0.6221076758763757,39.84562335174275,-0.8134412499130121,AZPS
2023-08-05,93.15652751550556,-1.6933147582472652,39.69147490797679,1.3703123347649182,AZPS
2023-08-06,93.16534480871724,-2.8022434267465797,39.513736503288285,5.957162114741067,AZPS
2023-08-07,93.1741621019289,0.3185583105767315,39.312587048989926,16.307692538504426,AZPS
2023-08-08,93.18297939514058,1.0782805358611254,39.0882262536076,8.676513815390706,AZPS
2023-08-09,93.19179668835226,1.019170746614894,38.840874397863594,6.559158167169244,AZPS
2023-08-10,93.20061398156393,1.4539959303271426,38.57077208735273,5.2946180007562305,AZPS
2023-08-11,93.20943127477561,0.6221076758763757,38.27817998320053,-1.2537189338524968,AZPS
2023-08-12,93.21824856798727,-1.6933147582472652,37.96337851101741,-4.3473123207574105,AZPS
2023-08-13,93.22706586119895,-2.8022434267465797,37.62666754848828,-3.102489982940668,AZPS
2023-08-14,93.23588315441063,0.3185583105767315,37.26836609196148,-6.891807556948876,AZPS
2023-08-15,93.24470044762231,1.0782805358611254,36.88881190242549,6.110207114091082,AZPS
2023-08-16,93.25351774083398,1.019170746614894,36.48836113128512,9.710950381266002,AZPS
2023-08-17,93.26233503404565,1.4539959303271426,36.06738792637304,12.76428110925417,AZPS
2023-08-18,93.27115232725733,0.6221076758763757,35.6262840186542,1.1964559782121,AZPS
2023-08-19,93.279969620469,-1.6933147582472652,35.165458290104255,-16.184113152325992,AZPS
2023-08-20,93.28878691368068,-2.8022434267465797,34.68533632326338,-16.447879810197477,AZPS
2023-08-21,93.29760420689236,0.3185583105767315,34.186359932989376,-24.269522450458467,AZPS
2023-08-22,93.30642150010404,1.0782805358611254,33.66898668095335,-17.01668871691851,AZPS
2023-08-23,93.3152387933157,1.019170746614894,33.133689373441726,-5.5310989133723325,AZPS
2023-08-24,93.32405608652738,1.4539959303271426,32.58095554304706,-0.5520075599015826,AZPS
2023-08-25,93.33287337973906,0.6221076758763757,32.011286914849464,8.51673202953512,AZPS
2023-08-26,93.34169067295073,-1.6933147582472652,31.425198857706995,13.40542522758956,AZPS
2023-08-27,93.3505079661624,-2.8022434267465797,30.823219821291424,17.596515639292733,AZPS
2023-08-28,93.35932525937407,0.3185583105767315,30.205890759522028,24.58322567052717,AZPS
2023-08-29,93.36814255258575,1.0782805358611254,29.573764541064783,23.80481237048832,AZPS
2023-08-30,93.37695984579743,1.019170746614894,28.927405347580105,18.54546406000756,AZPS
2023-08-31,93.38577713900911,1.4539959303271426,28.26738806041567,14.253838870248074,AZPS
2023-09-01,93.39459443222079,0.6221076758763757,27.59429763645385,-16.620999744551014,AZPS
2023-09-02,93.40341172543245,-1.6933147582472652,26.908728473836515,-13.183825441021696,AZPS
2023-09-03,93.41222901864413,-2.8022434267465797,26.21128376829973,-9.40226936019728,AZPS
2023-09-04,93.4210463118558,0.3185583105767315,25.502574860863525,-10.74017948329606,AZPS
2023-09-05,93.42986360506748,1.0782805358611254,24.783220577629745,-13.258364718558326,AZPS
2023-09-06,93.43868089827915,1.019170746614894,24.053846562450932,-9.053698207344993,AZPS
2023-09-07,93.44749819149082,1.4539959303271426,23.315084603241118,-4.567578725059093,AZPS
2023-09-08,93.4563154847025,0.6221076758763757,22.567571952705514,5.759004886715601,AZPS
2023-09-09,93.46513277791418,-1.6933147582472652,21.8119506442733,16.884231336059784,AZPS
2023-09-10,93.47395007112586,-2.8022434267465797,21.04886680402195,14.770426551598774,AZPS
2023-09-11,93.48276736433753,0.3185583105767315,20.278969959386934,9.89670436569881,AZPS
2023-09-12,93.4915846575492,1.0782805358611254,19.50291234545241,4.085222461137263,AZPS
2023-09-13,93.50040195076087,1.019170746614894,18.721348209622157,-4.142920906997944,AZPS
2023-09-14,93.50921924397255,1.4539959303271426,17.93493311547142,-2.6781482897711157,AZPS
2023-09-15,93.51803653718423,0.6221076758763757,17.144323246579702,-0.483467459640309,AZPS
2023-09-16,93.5268538303959,-1.6933147582472652,16.350174711145286,-1.723713783293917,AZPS
2023-09-17,93.53567112360757,-2.8022434267465797,15.55314284818082,-0.6845705450418222,AZPS
2023-09-18,93.54448841681925,0.3185583105767315,14.753881536085757,-1.4679282634817525,AZPS
2023-09-19,93.55330571003093,1.0782805358611254,13.953042504390133,-2.940628750282201,AZPS
2023-09-20,93.5621230032426,1.019170746614894,13.15127464945805,-7.36656839931554,AZPS
2023-09-21,93.57094029645428,1.4539959303271426,12.349223354935543,-11.666159581716954,AZPS
2023-09-22,93.57975758966595,0.6221076758763757,11.547529817720825,-7.638395083263148,AZPS
2023-09-23,93.58857488287762,-1.6933147582472652,10.746830380227857,-8.528090504858213,AZPS
2023-09-24,93.5973921760893,-2.8022434267465797,9.947755869707205,-3.613904619049933,AZPS
2023-09-25,93.60620946930098,0.3185583105767315,9.15093094537798,-1.2396987252556926,AZPS
2023-09-26,93.61502676251264,1.0782805358611254,8.35697345411624,0.6197192475099911,AZPS
2023-09-27,93.62384405572432,1.019170746614894,7.566493795434732,1.0954914022260454,AZPS
2023-09-28,93.632661348936,1.4539959303271426,6.780094296476041,1.1682484242608098,AZPS
2023-09-29,93.64147864214767,0.6221076758763757,5.998368597731281,-1.9929549157553197,AZPS
2023-09-30,93.65029593535935,-1.6933147582472652,5.221901050181144,-4.724882227293236,AZPS
2023-10-01,93.65911322857103,-2.8022434267465797,4.451266124544004,-10.829135926368437,AZPS
2023-10-02,93.6679305217827,0.3185583105767315,3.6870278333001387,-13.962516665659578,AZPS
2023-10-03,93.67674781499437,1.0782805358611254,2.9297391661458594,-13.210767517001344,AZPS
2023-10-04,93.68556510820605,1.019170746614894,2.1799415395157986,-9.609677394336728,AZPS
2023-10-05,93.69438240141773,1.4539959303271426,1.4381642607933696,-1.9125425925382302,AZPS
2023-10-06,93.7031996946294,0.6221076758763757,0.704924007812842,5.3017686216813615,AZPS
2023-10-07,93.71201698784107,-1.6933147582472652,-0.019275675761944555,11.09957344616815,AZPS
2023-10-08,93.72083428105275,-2.8022434267465797,-0.7339448686175025,11.42835401431131,AZPS
2023-10-09,93.72965157426442,0.3185583105767315,-1.438607742982251,9.721397858141103,AZPS
2023-10-10,93.7384688674761,1.0782805358611254,-2.132803018305143,5.561053614967932,AZPS
2023-10-11,93.74728616068778,1.019170746614894,-2.8160843969162226,1.7066274896135525,AZPS
2023-10-12,93.75610345389946,1.4539959303271426,-3.488020981186242,-6.175078403040345,AZPS
2023-10-13,93.76492074711112,0.6221076758763757,-4.148197671724731,-7.859830751262777,AZPS
2023-10-14,93.7737380403228,-1.6933147582472652,-4.796215546177638,-6.095207735897901,AZPS
2023-10-15,93.78255533353448,-2.8022434267465797,-5.4316922182105225,1.924380311422638,AZPS
2023-10-16,93.79137262674615,0.3185583105767315,-6.054262176284753,9.65733123896186,AZPS
2023-10-17,93.80018991995782,1.0782805358611254,-6.663577101860366,8.865106646041411,AZPS
2023-10-18,93.8090072131695,1.019170746614894,-7.2593061666823955,7.323128206898005,AZPS
2023-10-19,93.81782450638117,1.4539959303271426,-7.841136308832659,8.67531587212433,AZPS
2023-10-20,93.82664179959285,0.6221076758763757,-8.408772487254915,10.434023011785683,AZPS
2023-10-21,93.83545909280453,-1.6933147582472652,-8.961937914486274,9.998793579929014,AZPS
2023-10-22,93.8442763860162,-2.8022434267465797,-9.500374267353397,8.699341308083774,AZPS
2023-10-23,93.85309367922787,0.3185583105767315,-10.023841875419857,1.6641898856152437,AZPS
2023-10-24,93.86191097243955,1.0782805358611254,-10.53211988699488,-0.43107162130579013,AZPS
2023-10-25,93.87072826565122,1.019170746614894,-11.025006412543089,-1.9988925997230353,AZPS
2023-10-26,93.8795455588629,1.4539959303271426,-11.50231864535947,-0.9672228438305694,AZPS
2023-10-27,93.88836285207458,0.6221076758763757,-11.963892959402374,-0.8045775685485665,AZPS
2023-10-28,93.89718014528624,-1.6933147582472652,-12.409584984203601,-2.959280402835404,AZPS
2023-10-29,93.90599743849792,-2.8022434267465797,-12.839269656801807,-8.053484354949532,AZPS
2023-10-30,93.9148147317096,0.3185583105767315,-13.25284125067345,-7.792531791612873,AZPS
2023-10-31,93.92363202492128,1.0782805358611254,-13.650213381661942,-7.880699179120455,AZPS
2023-11-01,93.93244931813295,1.019170746614894,-14.031318990933233,-5.212301073814615,AZPS
2023-11-02,93.94126661134462,1.4539959303271426,-14.39611030501356,-4.525152236658201,AZPS
2023-11-03,93.9500839045563,0.6221076758763757,-14.744558772991718,-4.030632807440952,AZPS
2023-11-04,93.95890119776797,-1.6933147582472652,-15.076654980995706,-2.8449314585250107,AZPS
2023-11-05,93.96771849097965,-2.8022434267465797,-15.392408544080004,3.958933479846934,AZPS
2023-11-06,93.97653578419133,0.3185583105767315,-15.69184797568702,2.189753880918971,AZPS
2023-11-07,93.98535307740299,1.0782805358611254,-15.975020534872378,-0.3776130783917466,AZPS
2023-11-08,93.99417037061467,1.019170746614894,-16.241992051509875,-4.511349065719685,AZPS
2023-11-09,94.00298766382635,1.4539959303271426,-16.492846729718536,-5.210136864434958,AZPS
2023-11-10,94.01180495703802,0.6221076758763757,-16.72768692977929,-5.467225703135114,AZPS
2023-11-11,94.0206222502497,-1.6933147582472652,-16.946632928834383,-4.289674563168049,AZPS
2023-11-12,94.02943954346138,-2.8022434267465797,-17.149822660687988,-1.6633734560268039,AZPS
2023-11-13,94.03825683667304,0.3185583105767315,-17.337411435050583,0.12259628780080334,AZPS
2023-11-14,94.04707412988472,1.0782805358611254,-17.509571636594288,2.9272169708484483,AZPS
2023-11-15,94.0558914230964,1.019170746614894,-17.66649240420996,3.415430234498672,AZPS
2023-11-16,94.06470871630808,1.4539959303271426,-17.8083792908803,2.046674644245087,AZPS
2023-11-17,94.07352600951974,0.6221076758763757,-17.93545390460585,1.9328202192097166,AZPS
2023-11-18,94.08234330273142,-1.6933147582472652,-18.047953530843092,0.9849249863589193,AZPS
2023-11-19,94.0911605959431,-2.8022434267465797,-18.14613073693586,-1.2287864322606623,AZPS
2023-11-20,94.09997788915477,0.3185583105767315,-18.23025295904187,2.242716759310369,AZPS
2023-11-21,94.10879518236645,1.0782805358611254,-18.300602072077332,-2.045473646150242,AZPS
2023-11-22,94.11761247557813,1.019170746614894,-18.357473943222125,-1.850309278970883,AZPS
2023-11-23,94.12642976878979,1.4539959303271426,-18.40117796954734,-5.808247729569601,AZPS
2023-11-24,94.13524706200147,0.6221076758763757,-18.432036600345775,-4.749318137532072,AZPS
2023-11-25,94.14406435521315,-1.6933147582472652,-18.450384844763622,-3.18636475220228,AZPS
2023-11-26,94.15288164842482,-2.8022434267465797,-18.456569765348902,-0.47806845632933914,AZPS
2023-11-27,94.16169894163649,0.3185583105767315,-18.450949958148655,0.36469270593542547,AZPS
2023-11-28,94.17051623484817,1.0782805358611254,-18.43389502000238,-0.3339017507069286,AZPS
2023-11-29,94.17933352805984,1.019170746614894,-18.40578500369449,-0.6147192709802596,AZPS
2023-11-30,94.18815082127152,1.4539959303271426,-18.36700986164218,1.8268631100435186,AZPS
2023-12-01,94.1969681144832,0.6221076758763757,-18.317968878808884,0.8508930884493111,AZPS
2023-12-02,94.20578540769488,-1.6933147582472652,-18.259070095545553,1.3775994460979462,AZPS
2023-12-03,94.21460270090654,-2.8022434267465797,-18.190729721074003,2.4723704469140415,AZPS
2023-12-04,94.22341999411822,0.3185583105767315,-18.113371538336956,3.054393233642017,AZPS
2023-12-05,94.2322372873299,1.0782805358611254,-18.027426300949724,0.3229084777586877,AZPS
2023-12-06,94.24105458054157,1.019170746614894,-17.933331122997174,0.020105795840706264,AZPS
2023-12-07,94.24987187375324,1.4539959303271426,-17.831528862427987,-1.0273389416523884,AZPS
2023-12-08,94.25868916696491,0.6221076758763757,-17.72246749880527,-0.06532934403603008,AZPS
2023-12-09,94.26750646017659,-1.6933147582472652,-17.606599506179172,1.7534078042498464,AZPS
2023-12-10,94.27632375338827,-2.8022434267465797,-17.48438122185239,3.0413008952106964,AZPS
2023-12-11,94.28514104659995,0.3185583105767315,-17.356272211813817,4.060572854637144,AZPS
2023-12-12,94.29395833981162,1.0782805358611254,-17.22273463361968,2.2194957579469303,AZPS
2023-12-13,94.30277563302329,1.019170746614894,-17.0842325975035,3.7212862178653126,AZPS
2023-12-14,94.31159292623497,1.4539959303271426,-16.94123152649847,2.0356426699363652,AZPS
2023-12-15,94.32041021944664,0.6221076758763757,-16.794197516356242,1.4716796210332177,AZPS
2023-12-16,94.32922751265832,-1.6933147582472652,-16.643596696046203,0.10268394163514927,AZPS
2023-12-17,94.33804480587,-2.8022434267465797,-16.48989458961806,-0.020906789505346524,AZPS
2023-12-18,94.34686209908166,0.3185583105767315,-16.333555480208755,1.3751350705503569,AZPS
2023-12-19,94.35567939229334,1.0782805358611254,-16.175041776971284,-1.302918151183178,AZPS
2023-12-20,94.36449668550502,1.019170746614894,-16.014813385699863,-2.3748540464200545,AZPS
2023-12-21,94.3733139787167,1.4539959303271426,-15.853327083920304,-3.2029828251235273,AZPS
2023-12-22,94.38213127192837,0.6221076758763757,-15.69103590120917,0.9017969534044141,AZPS
2023-12-23,94.39094856514004,-1.6933147582472652,-15.52838850549872,-0.630245301394055,AZPS
2023-12-24,94.39976585835171,-2.8022434267465797,-15.365828596116502,-1.4746938354886368,AZPS
2023-12-25,94.40858315156339,0.3185583105767315,-15.203794304301084,-6.309347157839042,AZPS
2023-12-26,94.41740044477507,1.0782805358611254,-15.042717601924728,-0.648963378711457,AZPS
2023-12-27,94.42621773798675,1.019170746614894,-14.88302371914498,1.3716352345433336,AZPS
2023-12-28,94.43503503119841,1.4539959303271426,-14.725130571695026,-0.8939003898305344,AZPS
2023-12-29,94.44385232441009,0.6221076758763757,-14.569448198511488,-0.20851180177497497,AZPS
2023-12-30,94.45266961762177,-1.6933147582472652,-14.416378210385131,-1.960976648989373,AZPS
2023-12-31,94.46148691083344,-2.8022434267465797,-14.266313250306611,-1.406930233780244,AZPS
2024-01-01,94.47030420404512,0.3185583105767315,-14.083540626928274,-1.2063218876935764,AZPS
2024-01-02,94.4791214972568,1.0782805358611254,-13.941622567847634,-0.8447794652702925,AZPS
2024-01-03,94.48793879046846,1.019170746614894,-13.80391740914546,3.217807872062096,AZPS
2024-01-04,94.49675608368014,1.4539959303271426,-13.67077395925085,3.1650219452435664,AZPS
2024-01-05,94.50557337689182,0.6221076758763757,-13.54252944290126,5.748848390133077,AZPS
2024-01-06,94.5143906701035,-1.6933147582472652,-13.41950904885304,5.193433136996816,AZPS
2024-01-07,94.52320796331516,-2.8022434267465797,-13.302025493683226,10.829060957114635,AZPS
2024-01-08,94.53202525652684,0.3185583105767315,-13.19037860221421,13.21279503511063,AZPS
2024-01-09,94.54084254973851,1.0782805358611254,-13.084854905072417,11.985731819472775,AZPS
2024-01-10,94.54965984295019,1.019170746614894,-12.985727253871417,10.420896664306326,AZPS
2024-01-11,94.55847713616187,1.4539959303271426,-12.893254454488476,10.759781387999482,AZPS
2024-01-12,94.56729442937355,0.6221076758763757,-12.807680918881502,12.916278813631578,AZPS
2024-01-13,94.57611172258522,-1.6933147582472652,-12.729236335870933,7.901439371532973,AZPS
2024-01-14,94.58492901579689,-2.8022434267465797,-12.658135361287977,2.326449772237652,AZPS
2024-01-15,94.59374630900857,0.3185583105767315,-12.594577327867201,2.401272708281894,AZPS
2024-01-16,94.60256360222024,1.0782805358611254,-12.538745975237582,0.34990183715621015,AZPS
2024-01-17,94.6113808954319,1.019170746614894,-12.49080920034152,2.6602575582947026,AZPS
2024-01-18,94.62019818864358,1.4539959303271426,-12.450918828586879,-3.0052752903838638,AZPS
2024-01-19,94.62901548185526,0.6221076758763757,-12.4192104060117,-3.637912751719938,AZPS
2024-01-20,94.63783277506694,-1.6933147582472652,-12.395803012716009,-2.6817150041036655,AZPS
2024-01-21,94.64665006827862,-2.8022434267465797,-12.380799097789168,0.9593924562571345,AZPS
2024-01-22,94.6554673614903,0.3185583105767315,-12.374284335935398,0.4362586638683865,AZPS
2024-01-23,94.66428465470197,1.0782805358611254,-12.376327505973602,11.08076231541051,AZPS
2024-01-24,94.67310194791364,1.019170746614894,-12.386980391361334,-2.8892923031671955,AZPS
2024-01-25,94.68191924112531,1.4539959303271426,-12.406277702865946,3.6803625314134933,AZPS
2024-01-26,94.69073653433699,0.6221076758763757,-12.434237023479174,-4.5006071867342,AZPS
2024-01-27,94.69955382754866,-1.6933147582472652,-12.47085877564458,-6.113380293656817,AZPS
2024-01-28,94.70837112076033,-2.8022434267465797,-12.51612621084006,-7.407001483173701,AZPS
2024-01-29,94.71718841397201,0.3185583105767315,-12.570005421530809,-8.244741303017946,AZPS
2024-01-30,94.72600570718369,1.0782805358611254,-12.632445375480819,-9.678840867563991,AZPS
2024-01-31,94.73482300039537,1.019170746614894,-12.703377972384096,-8.976615774626154,AZPS
2024-02-01,94.74364029360704,1.4539959303271426,-12.782718122749644,-7.279918101184521,AZPS
2024-02-02,94.75245758681872,0.6221076758763757,-12.870363848947367,-5.153201413747723,AZPS
2024-02-03,94.76127488003038,-1.6933147582472652,-12.966196408295188,-4.740763713487937,AZPS
2024-02-04,94.77009217324206,-2.8022434267465797,-13.070080438041037,-3.4707683084544527,AZPS
2024-02-05,94.77890946645374,0.3185583105767315,-13.181864122066724,-4.220603654963753,AZPS
2024-02-06,94.7877267596654,1.0782805358611254,-13.301379379114513,-1.601627916412042,AZPS
2024-02-07,94.79654405287708,1.019170746614894,-13.428442072311123,0.9967272728191432,AZPS
2024-02-08,94.80536134608876,1.4539959303271426,-13.562852239737937,6.284494963322018,AZPS
2024-02-09,94.81417863930044,0.6221076758763757,-13.70439434577089,4.793108030594084,AZPS
2024-02-10,94.82299593251211,-1.6933147582472652,-13.852837552888145,1.7371563786232826,AZPS
2024-02-11,94.83181322572379,-2.8022434267465797,-14.00793601361894,0.9973662146417439,AZPS
2024-02-12,94.84063051893547,0.3185583105767315,-14.169429182282494,0.47324035277029,AZPS
2024-02-13,94.84944781214713,1.0782805358611254,-14.337042146141924,-3.00668620186633,AZPS
2024-02-14,94.85826510535881,1.019170746614894,-14.510485975574378,-3.724949876399336,AZPS
2024-02-15,94.86708239857049,1.4539959303271426,-14.689458092835698,-4.929620236061936,AZPS
2024-02-16,94.87589969178217,0.6221076758763757,-14.873642658975179,-5.398364708683374,AZPS
2024-02-17,94.88471698499383,-1.6933147582472652,-15.062710978433946,-7.003691248312634,AZPS
2024-02-18,94.89353427820551,-2.8022434267465797,-15.256321920838987,-7.388968930619939,AZPS
2024-02-19,94.90235157141719,0.3185583105767315,-15.45412235948397,-6.591787522509961,AZPS
2024-02-20,94.91116886462886,1.0782805358611254,-15.655747625967464,-7.260701774522531,AZPS
2024-02-21,94.91998615784054,1.019170746614894,-15.860821980439772,-7.055334924015668,AZPS
2024-02-22,94.92880345105222,1.4539959303271426,-16.0689590968902,-7.5858402844891515,AZPS
2024-02-23,94.93762074426388,0.6221076758763757,-16.27976256288855,-6.500965857251714,AZPS
2024-02-24,94.94643803747556,-1.6933147582472652,-16.492826393176678,-6.3032968860516405,AZPS
2024-02-25,94.95525533068724,-2.8022434267465797,-16.707735556489055,-4.990276347451612,AZPS
2024-02-26,94.96407262389891,0.3185583105767315,-16.92406651496526,-2.4445644195103853,AZPS
2024-02-27,94.97288991711058,1.0782805358611254,-17.141387775501563,-6.450782677470144,AZPS
2024-02-28,94.98170721032226,1.019170746614894,-17.35926045237426,-6.734617504562905,AZPS
2024-02-29,94.99052450353393,1.4539959303271426,-17.57723884045351,-6.980281593407568,AZPS
2024-03-01,94.99934179674561,0.6221076758763757,-17.79487099831329,-6.285578474308707,AZPS
2024-03-02,95.00815908995729,-1.6933147582472652,-18.011699340530903,-6.59314499117913,AZPS
2024-03-03,95.01697638316897,-2.8022434267465797,-18.227261238457995,-6.136471717964383,AZPS
2024-03-04,95.02579367638063,0.3185583105767315,-18.44108962873451,-6.350262358222864,AZPS
2024-03-05,95.03461096959231,1.0782805358611254,-18.65271362880731,-5.64517787664613,AZPS
2024-03-06,95.04342826280399,1.019170746614894,-18.861659158706473,-3.575939850712402,AZPS
2024-03-07,95.05224555601566,1.4539959303271426,-19.06744956832412,9.767208081981323,AZPS
2024-03-08,95.06106284922734,0.6221076758763757,-19.269606269433915,-4.327564255669813,AZPS
2024-03-09,95.069880142439,-1.6933147582472652,-19.467649371683024,-5.929916012508727,AZPS
2024-03-10,95.07869743565068,-2.8022434267465797,-19.661098321783232,-6.3773556871208825,AZPS
2024-03-11,95.08751472886236,0.3185583105767315,-19.849472545123604,-2.557600494315494,AZPS
2024-03-12,95.09633202207404,1.0782805358611254,-20.032292089023734,-2.7973204689114226,AZPS
2024-03-13,95.10514931528571,1.019170746614894,-20.209078266844287,-4.792241795056313,AZPS
2024-03-14,95.11396660849738,1.4539959303271426,-20.379354302169805,-1.491608236654713,AZPS
2024-03-15,95.12278390170906,0.6221076758763757,-20.542645972278567,3.4277543946931246,AZPS
2024-03-16,95.13160119492073,-1.6933147582472652,-20.698482250114342,1.1371958134408686,AZPS
2024-03-17,95.14041848813241,-2.8022434267465797,-20.846395943976376,0.5052208825905353,AZPS
2024-03-18,95.14923578134409,0.3185583105767315,-20.98592433414618,0.7551302422253485,AZPS
2024-03-19,95.15805307455575,1.0782805358611254,-21.11660980567286,-1.753723804744027,AZPS
2024-03-20,95.16687036776743,1.019170746614894,-21.238000476542823,-3.3780406378395185,AZPS
2024-03-21,95.17568766097911,1.4539959303271426,-21.349650820464817,-1.9130327708414256,AZPS
2024-03-22,95.18450495419079,0.6221076758763757,-21.451122283507072,-0.23649034656007473,AZPS
2024-03-23,95.19332224740246,-1.6933147582472652,-21.54198389383039,0.1909764046751974,AZPS
2024-03-24,95.20213954061414,-2.8022434267465797,-21.62181286376862,2.8659167499010607,AZPS
2024-03-25,95.2109568338258,0.3185583105767315,-21.690195183516636,0.7426800391140915,AZPS
2024-03-26,95.21977412703748,1.0782805358611254,-21.746726205695687,0.1686715427970853,AZPS
2024-03-27,95.22859142024916,1.019170746614894,-21.7910112200761,0.27024905321205495,AZPS
2024-03-28,95.23740871346084,1.4539959303271426,-21.822666017748876,-0.40673862603908617,AZPS
2024-03-29,95.2462260066725,0.6221076758763757,-21.841317444049672,-0.9470162384992022,AZPS
2024-03-30,95.25504329988418,-1.6933147582472652,-21.846603939551706,-0.949124602085206,AZPS
2024-03-31,95.26386059309586,-2.8022434267465797,-21.838176068457887,1.18755890210862,AZPS
2024-04-01,95.27267788630753,0.3185583105767315,-21.815697033737067,0.2434608368527904,AZPS
2024-04-02,95.28149517951921,1.0782805358611254,-21.778843178364596,-4.299932537015749,AZPS
2024-04-03,95.29031247273089,1.019170746614894,-21.72730447204364,-4.924178747302136,AZPS
2024-04-04,95.29912976594257,1.4539959303271426,-21.66078498280049,-6.381340713469214,AZPS
2024-04-05,95.30794705915423,0.6221076758763757,-21.579003332864644,-4.842051402165964,AZPS
2024-04-06,95.31676435236591,-1.6933147582472652,-21.481693138263005,-7.458756455855621,AZPS
2024-04-07,95.32558164557759,-2.8022434267465797,-21.368603431576233,-4.769734787254777,AZPS
2024-04-08,95.33439893878925,0.3185583105767315,-21.23949906732507,-4.983458182040906,AZPS
2024-04-09,95.34321623200093,1.0782805358611254,-21.09416110947492,-6.2403356583871386,AZPS
2024-04-10,95.3520335252126,1.019170746614894,-20.932387200567582,-4.055817071259938,AZPS
2024-04-11,95.36085081842428,1.4539959303271426,-20.753991912010733,-0.8598548367407091,AZPS
2024-04-12,95.36966811163596,0.6221076758763757,-20.558807075077812,-0.843968712434517,AZPS
2024-04-13,95.37848540484764,-1.6933147582472652,-20.34668209219353,-2.2034885544068175,AZPS
2024-04-14,95.38730269805932,-2.8022434267465797,-20.117484228103315,-7.882575043209414,AZPS
2024-04-15,95.39611999127098,0.3185583105767315,-19.871098880548722,-9.93857942129901,AZPS
2024-04-16,95.40493728448266,1.0782805358611254,-19.607429830094745,-3.628787990249023,AZPS
2024-04-17,95.41375457769433,1.019170746614894,-19.326399468779712,-1.3255258555295057,AZPS
2024-04-18,95.422571870906,1.4539959303271426,-19.027949007282935,-0.5156187939502104,AZPS
2024-04-19,95.43138916411768,0.6221076758763757,-18.712038660331032,-0.8724581796630275,AZPS
2024-04-20,95.44020645732935,-1.6933147582472652,-18.37864781008911,4.5037561110070214,AZPS
2024-04-21,95.44902375054103,-2.8022434267465797,-18.027775147308862,7.189994823514411,AZPS
2024-04-22,95.45784104375271,0.3185583105767315,-17.6594387900323,10.096039435702863,AZPS
2024-04-23,95.46665833696439,1.0782805358611254,-17.273676379675628,6.895737506850125,AZPS
2024-04-24,95.47547563017606,1.019170746614894,-16.87054515434494,1.5888987775539647,AZPS
2024-04-25,95.48429292338773,1.4539959303271426,-16.45012199926211,-4.652166854452759,AZPS
2024-04-26,95.4931102165994,0.6221076758763757,-16.012503474206014,-9.029714418269776,AZPS
2024-04-27,95.50192750981108,-1.6933147582472652,-15.557805817901835,-9.79780693366196,AZPS
2024-04-28,95.51074480302275,-2.8022434267465797,-15.08616492931795,-4.718336446958219,AZPS
2024-04-29,95.51956209623442,0.3185583105767315,-14.597736325857383,-1.5053840809537888,AZPS
2024-04-30,95.5283793894461,1.0782805358611254,-14.092695078458195,0.5800351531509449,AZPS
2024-05-01,95.53719668265778,1.019170746614894,-13.571235723644202,-0.6331317056284718,AZPS
2024-05-02,95.54601397586946,1.4539959303271426,-13.033572152594889,-0.07543775360169036,AZPS
2024-05-03,95.55483126908113,0.6221076758763757,-12.479937477330608,1.0169985323731083,AZPS
2024-05-04,95.56364856229281,-1.6933147582472652,-11.910583874135918,0.16625007009039905,AZPS
2024-05-05,95.57246585550448,-2.8022434267465797,-11.325782404371358,-7.0864400243865475,AZPS
2024-05-06,95.58128314871615,0.3185583105767315,-10.725822812850007,-11.055018646442875,AZPS
2024-05-07,95.59010044192783,1.0782805358611254,-10.111013303982798,-11.340367673806156,AZPS
2024-05-08,95.59891773513951,1.019170746614894,-9.481680295921642,-7.452408185832752,AZPS
2024-05-09,95.60773502835117,1.4539959303271426,-8.83816815295668,-9.932562805721645,AZPS
2024-05-10,95.61655232156285,0.6221076758763757,-8.180838896448975,-7.154821100990262,AZPS
2024-05-11,95.62536961477453,-1.6933147582472652,-7.5100718946058524,-6.0109829619214,AZPS
2024-05-12,95.6341869079862,-2.8022434267465797,-6.826263531430909,-1.4846799498087222,AZPS
2024-05-13,95.64300420119788,0.3185583105767315,-6.12982685520571,3.7482643434310887,AZPS
2024-05-14,95.65182149440956,1.0782805358611254,-5.421191206884508,11.454089176613849,AZPS
2024-05-15,95.66063878762122,1.019170746614894,-4.700801828806881,2.866992294570764,AZPS
2024-05-16,95.6694560808329,1.4539959303271426,-3.969119454157056,2.609667442997008,AZPS
2024-05-17,95.67827337404458,0.6221076758763757,-3.2266198776211574,3.971238827700205,AZPS
2024-05-18,95.68709066725626,-1.6933147582472652,-2.473793507716337,4.01301759870735,AZPS
2024-05-19,95.69590796046792,-2.8022434267465797,-1.7111449012875326,-1.546519632433828,AZPS
2024-05-20,95.7047252536796,0.3185583105767315,-0.9391922806886299,-9.478091283567707,AZPS
2024-05-21,95.71354254689128,1.0782805358611254,-0.15846703418586472,-10.541356048566527,AZPS
2024-05-22,95.72235984010295,1.019170746614894,0.6304867998591668,-10.013017386577019,AZPS
2024-05-23,95.73117713331463,1.4539959303271426,1.4271130644496495,-8.855286128091421,AZPS
2024-05-24,95.73999442652631,0.6221076758763757,2.2308440304610997,-5.787946132863766,AZPS
2024-05-25,95.74881171973797,-1.6933147582472652,3.041100957582664,-14.027597919073372,AZPS
2024-05-26,95.75762901294965,-2.8022434267465797,3.857294669060977,-10.483680255264062,AZPS
2024-05-27,95.76644630616133,0.3185583105767315,4.678826139599099,-5.84483075633716,AZPS
2024-05-28,95.775263599373,1.0782805358611254,5.5050870957469975,0.4633687690188708,AZPS
2024-05-29,95.78408089258468,1.019170746614894,6.335460628105043,0.26428773269539363,AZPS
2024-05-30,95.79289818579635,1.4539959303271426,7.16932181464794,-0.4832159307714079,AZPS
2024-05-31,95.80171547900802,0.6221076758763757,8.006038354462802,1.8361384906528002,AZPS
2024-06-01,95.8105327722197,-1.6933147582472652,8.844971211182926,0.06381077484462594,AZPS
2024-06-02,95.81935006543138,-2.8022434267465797,9.68547526538628,-1.7585819040710788,AZPS
2024-06-03,95.82816735864306,0.3185583105767315,10.526899975217894,-1.2216256444376938,AZPS
2024-06-04,95.83698465185473,1.0782805358611254,11.368590044484169,1.187144767799964,AZPS
2024-06-05,95.8458019450664,1.019170746614894,12.209886097458782,9.948141210859916,AZPS
2024-06-06,95.85461923827808,1.4539959303271426,13.050125359631478,17.887259471763315,AZPS
2024-06-07,95.86343653148975,0.6221076758763757,13.888642343623046,14.801813449010822,AZPS
2024-06-08,95.87225382470143,-1.6933147582472652,14.724769539484388,8.204291394061457,AZPS
2024-06-09,95.8810711179131,-2.8022434267465797,15.557838108590934,3.934334200242546,AZPS
2024-06-10,95.88988841112477,0.3185583105767315,16.38717858034001,3.496374697958487,AZPS
2024-06-11,95.89870570433645,1.0782805358611254,17.212121550854242,8.152892208948188,AZPS
2024-06-12,95.90752299754813,1.019170746614894,18.031998382892283,8.375307872944703,AZPS
2024-06-13,95.9163402907598,1.4539959303271426,18.846141906165172,3.8845218727478823,AZPS
2024-06-14,95.92515758397148,0.6221076758763757,19.653887117256943,4.188847622895196,AZPS
2024-06-15,95.93397487718315,-1.6933147582472652,20.454571878347103,7.385768002717029,AZPS
2024-06-16,95.94279217039482,-2.8022434267465797,21.247537613934877,6.315913642416874,AZPS
2024-06-17,95.9516094636065,0.3185583105767315,22.032130004765406,-1.7112977789486479,AZPS
2024-06-18,95.96042675681818,1.0782805358611254,22.807699678162667,-5.476406970841964,AZPS
2024-06-19,95.96924405002984,1.019170746614894,23.573602893976513,-2.841017690621257,AZPS
2024-06-20,95.97806134324152,1.4539959303271426,24.329202225356575,6.471740501074777,AZPS
2024-06-21,95.9868786364532,0.6221076758763757,25.073867233571207,23.092146454099208,AZPS
2024-06-22,95.99569592966488,-1.6933147582472652,25.806975136096526,14.09164369248586,AZPS
2024-06-23,96.00451322287655,-2.8022434267465797,26.527911467207616,15.809818736662407,AZPS
2024-06-24,96.01333051608823,0.3185583105767315,27.236070730312942,20.906040443022093,AZPS
2024-06-25,96.02214780929991,1.0782805358611254,27.930857041281875,7.327714613557106,AZPS
2024-06-26,96.03096510251157,1.019170746614894,28.61168476202579,11.212179388847744,AZPS
2024-06-27,96.03978239572325,1.4539959303271426,29.277979123603846,17.083242550345744,AZPS
2024-06-28,96.04859968893493,0.6221076758763757,29.9291768381369,15.985115797051805,AZPS
2024-06-29,96.05741698214659,-1.6933147582472652,30.564726698825332,14.647171077275317,AZPS
2024-06-30,96.06623427535827,-2.8022434267465797,31.184090167380475,15.786918984007855,AZPS
2024-07-01,96.07505156856995,0.3185583105767315,31.786741948193505,9.320648172659816,AZPS
2024-07-02,96.08386886178162,1.0782805358611254,32.372170548581174,16.177680053776044,AZPS
2024-07-03,96.0926861549933,1.019170746614894,32.9398788244631,14.144264273928712,AZPS
2024-07-04,96.10150344820498,1.4539959303271426,33.48938451084276,13.9821161106251,AZPS
2024-07-05,96.11032074141666,0.6221076758763757,34.02022073648127,15.902350846225687,AZPS
2024-07-06,96.11913803462832,-1.6933147582472652,34.531936522171506,13.12724020144745,AZPS
2024-07-07,96.12795532784,-2.8022434267465797,35.024097262038936,15.962190836867649,AZPS
2024-07-08,96.13677262105168,0.3185583105767315,35.49628518731477,17.864383881056824,AZPS
2024-07-09,96.14558991426334,1.0782805358611254,35.948099812047865,17.565029737827643,AZPS
2024-07-10,96.15440720747502,1.019170746614894,36.379158360241995,16.322263685668077,AZPS
2024-07-11,96.1632245006867,1.4539959303271426,36.78909617392693,17.320683395059234,AZPS
2024-07-12,96.17204179389837,0.6221076758763757,37.17756710169354,14.120283428531735,AZPS
2024-07-13,96.18085908711005,-1.6933147582472652,37.54424386724608,16.787211803891125,AZPS
2024-07-14,96.18967638032173,-2.8022434267465797,37.88881841754722,10.576748628877652,AZPS
2024-07-15,96.1984936735334,0.3185583105767315,38.21100225015571,3.2849457657341645,AZPS
2024-07-16,96.20731096674507,1.0782805358611254,38.510526719380046,6.594881778013729,AZPS
2024-07-17,96.21612825995675,1.019170746614894,38.78714332089643,10.059557672531895,AZPS
2024-07-18,96.22494555316842,1.4539959303271426,39.040623954503864,9.590434562000581,AZPS
2024-07-19,96.23376284638009,0.6221076758763757,39.27076116471472,13.707368313028809,AZPS
2024-07-20,96.24258013959177,-1.6933147582472652,39.47736835890475,15.173366259750736,AZPS
2024-07-21,96.25139743280344,-2.8022434267465797,39.66028000277244,2.0755659911706914,AZPS
2024-07-22,96.26021472601512,0.3185583105767315,39.81935179288382,0.3688751705243192,AZPS
2024-07-23,96.2690320192268,1.0782805358611254,39.95446080610553,13.308226638806559,AZPS
2024-07-24,96.27784931243848,1.019170746614894,40.065505625755485,15.947474315191158,AZPS
2024-07-25,96.28666660565015,1.4539959303271426,40.15240644432764,9.200931019695076,AZPS
2024-07-26,96.29548389886182,0.6221076758763757,40.21510514267437,1.5443032825874354,AZPS
2024-07-27,96.3043011920735,-1.6933147582472652,40.253565345557206,5.888448220616567,AZPS
2024-07-28,96.31311848528517,-2.8022434267465797,40.26777245350423,0.030352487957173935,AZPS
2024-07-29,96.32193577849684,0.3185583105767315,40.25773365093958,-0.3042277400131752,AZPS
2024-07-30,96.33075307170851,1.0782805358611254,40.223477890578266,2.4254885018520724,AZPS
2024-07-31,96.33957036492019,1.019170746614894,40.165055854106825,2.2492030343580893,AZPS
2024-08-01,96.34838765813187,1.4539959303271426,40.08253988919782,0.8230765223431717,AZPS
2024-08-02,96.35720495134355,0.6221076758763757,39.97602392293372,9.234663449846352,AZPS
2024-08-03,96.36602224455523,-1.6933147582472652,39.84562335174275,15.986669161949294,AZPS
2024-08-04,96.3748395377669,-2.8022434267465797,39.69147490797679,17.843928981002904,AZPS
2024-08-05,96.38365683097857,0.3185583105767315,39.513736503288285,13.202048355156421,AZPS
2024-08-06,96.39247412419024,1.0782805358611254,39.312587048989926,13.989658290958715,AZPS
2024-08-07,96.40129141740192,1.019170746614894,39.0882262536076,-2.5366884176244184,AZPS
2024-08-08,96.4101087106136,1.4539959303271426,38.840874397863594,1.3050209611956518,AZPS
2024-08-09,96.41892600382526,0.6221076758763757,38.57077208735273,0.9761942329456303,AZPS
2024-08-10,96.42774329703694,-1.6933147582472652,38.27817998320053,8.297391478009786,AZPS
2024-08-11,96.43656059024862,-2.8022434267465797,37.96337851101741,0.5483043254805295,AZPS
2024-08-12,96.4453778834603,0.3185583105767315,37.62666754848828,1.7343962574747138,AZPS
2024-08-13,96.45419517667197,1.0782805358611254,37.26836609196148,1.7931581955054128,AZPS
2024-08-14,96.46301246988365,1.019170746614894,36.88881190242549,6.002004881075948,AZPS
2024-08-15,96.47182976309531,1.4539959303271426,36.48836113128512,5.7528131752924025,AZPS
2024-08-16,96.48064705630699,0.6221076758763757,36.06738792637304,10.374857341443573,AZPS
2024-08-17,96.48946434951867,-1.6933147582472652,35.6262840186542,17.4895663900744,AZPS
2024-08-18,96.49828164273035,-2.8022434267465797,35.165458290104255,-1.96549650608803,AZPS
2024-08-19,96.50709893594203,0.3185583105767315,34.68533632326338,8.809006430217863,AZPS
2024-08-20,96.51591622915369,1.0782805358611254,34.186359932989376,15.328443301995804,AZPS
2024-08-21,96.52473352236537,1.019170746614894,33.66898668095335,5.343109050066403,AZPS
2024-08-22,96.53355081557704,1.4539959303271426,33.133689373441726,3.0507638806541024,AZPS
2024-08-23,96.54236810878872,0.6221076758763757,32.58095554304706,-0.2844313277121273,AZPS
2024-08-24,96.5511854020004,-1.6933147582472652,32.011286914849464,-4.001157558602586,AZPS
2024-08-25,96.56000269521208,-2.8022434267465797,31.425198857706995,-4.692958126172485,AZPS
2024-08-26,96.56881998842374,0.3185583105767315,30.823219821291424,-2.1025981202919013,AZPS
2024-08-27,96.57763728163542,1.0782805358611254,30.205890759522028,-1.0198085770185799,AZPS
2024-08-28,96.5864545748471,1.019170746614894,29.573764541064783,1.4046101374732274,AZPS
2024-08-29,96.59527186805877,1.4539959303271426,28.927405347580105,1.5053268540339673,AZPS
2024-08-30,96.60408916127044,0.6221076758763757,28.26738806041567,2.3664151024375,AZPS
2024-08-31,96.61290645448211,-1.6933147582472652,27.59429763645385,4.714110667311303,AZPS
2024-09-01,96.62172374769379,-2.8022434267465797,26.908728473836515,3.5937912052162773,AZPS
2024-09-02,96.63054104090547,0.3185583105767315,26.21128376829973,3.050616880218058,AZPS
2024-09-03,96.63935833411715,1.0782805358611254,25.502574860863525,10.240786269158235,AZPS
2024-09-04,96.64817562732883,1.019170746614894,24.783220577629745,14.114433048426548,AZPS
2024-09-05,96.65699292054049,1.4539959303271426,24.053846562450932,20.45816458668142,AZPS
2024-09-06,96.66581021375217,0.6221076758763757,23.315084603241118,23.143997507130337,AZPS
2024-09-07,96.67462750696384,-1.6933147582472652,22.567571952705514,17.57311529857793,AZPS
2024-09-08,96.68344480017552,-2.8022434267465797,21.8119506442733,12.421847982297777,AZPS
2024-09-09,96.69226209338719,0.3185583105767315,21.04886680402195,9.244312792014114,AZPS
2024-09-10,96.70107938659886,1.0782805358611254,20.278969959386934,8.661670118153069,AZPS
2024-09-11,96.70989667981054,1.019170746614894,19.50291234545241,3.653020228122159,AZPS
2024-09-12,96.71871397302222,1.4539959303271426,18.721348209622157,1.0659418870284725,AZPS
2024-09-13,96.7275312662339,0.6221076758763757,17.93493311547142,-1.029572057581703,AZPS
2024-09-14,96.73634855944557,-1.6933147582472652,17.144323246579702,6.4976429522219945,AZPS
2024-09-15,96.74516585265724,-2.8022434267465797,16.350174711145286,6.13290286294405,AZPS
2024-09-16,96.75398314586892,0.3185583105767315,15.55314284818082,-0.9476843046264776,AZPS
2024-09-17,96.76280043908059,1.0782805358611254,14.753881536085757,-14.033962511027482,AZPS
2024-09-18,96.77161773229227,1.019170746614894,13.953042504390133,-16.081830983297294,AZPS
2024-09-19,96.78043502550393,1.4539959303271426,13.15127464945805,-10.126705605289132,AZPS
2024-09-20,96.78925231871561,0.6221076758763757,12.349223354935543,-6.662583349527537,AZPS
2024-09-21,96.79806961192729,-1.6933147582472652,11.547529817720825,-11.934284671400846,AZPS
2024-09-22,96.80688690513897,-2.8022434267465797,10.746830380227857,-5.159473858620245,AZPS
2024-09-23,96.81570419835064,0.3185583105767315,9.947755869707205,5.2729816213654175,AZPS
2024-09-24,96.82452149156232,1.0782805358611254,9.15093094537798,9.112267027198584,AZPS
2024-09-25,96.833338784774,1.019170746614894,8.35697345411624,15.756517014494861,AZPS
2024-09-26,96.84215607798566,1.4539959303271426,7.566493795434732,19.085354196252453,AZPS
2024-09-27,96.85097337119734,0.6221076758763757,6.780094296476041,24.757824656450225,AZPS
2024-09-28,96.85979066440902,-1.6933147582472652,5.998368597731281,30.10115549610697,AZPS
2024-09-29,96.86860795762068,-2.8022434267465797,5.221901050181144,29.140734418944746,AZPS
2024-09-30,96.87742525083236,0.3185583105767315,4.451266124544004,24.85975031404692,AZPS
2024-10-01,96.88624254404404,1.0782805358611254,3.6870278333001387,29.4104490867947,AZPS
2024-10-02,96.89505983725572,1.019170746614894,2.9297391661458594,25.24803024998353,AZPS
2024-10-03,96.9038771304674,1.4539959303271426,2.1799415395157986,21.289185399689686,AZPS
2024-10-04,96.91269442367907,0.6221076758763757,1.4381642607933696,20.325033639651195,AZPS
2024-10-05,96.92151171689075,-1.6933147582472652,0.704924007812842,21.340879033543672,AZPS
2024-10-06,96.93032901010241,-2.8022434267465797,-0.019275675761944555,23.53819009240611,AZPS
2024-10-07,96.93914630331409,0.3185583105767315,-0.7339448686175025,24.55324025472666,AZPS
2024-10-08,96.94796359652577,1.0782805358611254,-1.438607742982251,21.03636361059536,AZPS
2024-10-09,96.95678088973743,1.019170746614894,-2.132803018305143,16.980851381952803,AZPS
2024-10-10,96.96559818294911,1.4539959303271426,-2.8160843969162226,19.140490283639963,AZPS
2024-10-11,96.97441547616079,0.6221076758763757,-3.488020981186242,17.552497829149075,AZPS
2024-10-12,96.98323276937246,-1.6933147582472652,-4.148197671724731,15.457279660599525,AZPS
2024-10-13,96.99205006258414,-2.8022434267465797,-4.796215546177638,13.429408910340072,AZPS
2024-10-14,97.00086735579582,0.3185583105767315,-5.4316922182105225,9.761266551837991,AZPS
2024-10-15,97.0096846490075,1.0782805358611254,-6.054262176284753,7.260296991416126,AZPS
2024-10-16,97.01850194221916,1.019170746614894,-6.663577101860366,3.874904413026286,AZPS
2024-10-17,97.02731923543084,1.4539959303271426,-7.2593061666823955,0.1739910009244312,AZPS
2024-10-18,97.03613652864252,0.6221076758763757,-7.841136308832659,-9.45710789568625,AZPS
2024-10-19,97.0449538218542,-1.6933147582472652,-8.408772487254915,-12.168866576352016,AZPS
2024-10-20,97.05377111506586,-2.8022434267465797,-8.961937914486274,-8.835589773833007,AZPS
2024-10-21,97.06258840827753,0.3185583105767315,-9.500374267353397,-4.433772451500872,AZPS
2024-10-22,97.07140570148921,1.0782805358611254,-10.023841875419857,-0.5548443619304919,AZPS
2024-10-23,97.08022299470089,1.019170746614894,-10.53211988699488,3.279726145679092,AZPS
2024-10-24,97.08904028791257,1.4539959303271426,-11.025006412543089,3.155970194303393,AZPS
2024-10-25,97.09785758112425,0.6221076758763757,-11.50231864535947,3.7533533883588603,AZPS
2024-10-26,97.10667487433591,-1.6933147582472652,-11.963892959402374,4.890532843313736,AZPS
2024-10-27,97.11549216754759,-2.8022434267465797,-12.409584984203601,5.9683362434025895,AZPS
2024-10-28,97.12430946075926,0.3185583105767315,-12.839269656801807,1.4944018854658196,AZPS
2024-10-29,97.13312675397094,1.0782805358611254,-13.25284125067345,-8.121566039158608,AZPS
2024-10-30,97.1419440471826,1.019170746614894,-13.650213381661942,-8.526901412135572,AZPS
2024-10-31,97.15076134039428,1.4539959303271426,-14.031318990933233,-10.5274382797882,AZPS
2024-11-01,97.15957863360596,0.6221076758763757,-14.39611030501356,-7.651576004468794,AZPS
2024-11-02,97.16839592681764,-1.6933147582472652,-14.744558772991718,-7.599522395578646,AZPS
2024-11-03,97.17721322002932,-2.8022434267465797,-15.076654980995706,-2.4143148122870315,AZPS
2024-11-04,97.186030513241,0.3185583105767315,-15.392408544080004,-8.13218027973771,AZPS
2024-11-05,97.19484780645266,1.0782805358611254,-15.69184797568702,-7.026280366626764,AZPS
2024-11-06,97.20366509966433,1.019170746614894,-15.975020534872378,-5.518815311406854,AZPS
2024-11-07,97.21248239287601,1.4539959303271426,-16.241992051509875,-3.7204862716932894,AZPS
2024-11-08,97.22129968608769,0.6221076758763757,-16.492846729718536,-2.527560632245539,AZPS
2024-11-09,97.23011697929937,-1.6933147582472652,-16.72768692977929,-2.4911152912728056,AZPS
2024-11-10,97.23893427251103,-2.8022434267465797,-16.946632928834383,-2.8960579169300757,AZPS
2024-11-11,97.24775156572271,0.3185583105767315,-17.149822660687988,-3.859487215611452,AZPS
2024-11-12,97.25656885893439,1.0782805358611254,-17.337411435050583,-5.909437959744935,AZPS
2024-11-13,97.26538615214606,1.019170746614894,-17.509571636594288,-1.8619852621666695,AZPS
2024-11-14,97.27420344535774,1.4539959303271426,-17.66649240420996,-2.6827069714749143,AZPS
2024-11-15,97.28302073856942,0.6221076758763757,-17.8083792908803,-6.392749123565508,AZPS
2024-11-16,97.29183803178108,-1.6933147582472652,-17.93545390460585,-1.9020693689279824,AZPS
2024-11-17,97.30065532499276,-2.8022434267465797,-18.047953530843092,0.30154163259690847,AZPS
2024-11-18,97.30947261820444,0.3185583105767315,-18.14613073693586,-2.1779001918453105,AZPS
2024-11-19,97.31828991141612,1.0782805358611254,-18.23025295904187,0.10168251176463627,AZPS
2024-11-20,97.32710720462778,1.019170746614894,-18.300602072077332,1.957324120834656,AZPS
2024-11-21,97.33592449783946,1.4539959303271426,-18.357473943222125,1.8605535150555284,AZPS
2024-11-22,97.34474179105113,0.6221076758763757,-18.40117796954734,1.1283285026198229,AZPS
2024-11-23,97.35355908426281,-1.6933147582472652,-18.432036600345775,-1.8082077256697744,AZPS
2024-11-24,97.36237637747449,-2.8022434267465797,-18.450384844763622,-1.4467481059642893,AZPS
2024-11-25,97.37119367068617,0.3185583105767315,-18.456569765348902,-0.2981822159139824,AZPS
2024-11-26,97.38001096389783,1.0782805358611254,-18.450949958148655,-2.923341541610313,AZPS
2024-11-27,97.38882825710951,1.019170746614894,-18.43389502000238,-0.5411039837220102,AZPS
2024-11-28,97.39764555032119,1.4539959303271426,-18.40578500369449,-4.606856476953837,AZPS
2024-11-29,97.40646284353286,0.6221076758763757,-18.36700986164218,-3.317560657767075,AZPS
2024-11-30,97.41528013674453,-1.6933147582472652,-18.317968878808884,-0.9789964996883924,AZPS
2024-12-01,97.4240974299562,-2.8022434267465797,-18.259070095545553,0.35821609233592255,AZPS
2024-12-02,97.43291472316788,0.3185583105767315,-18.190729721074003,0.8432566873293865,AZPS
2024-12-03,97.44173201637956,1.0782805358611254,-18.113371538336956,-0.10164101390371627,AZPS
2024-12-04,97.45054930959124,1.019170746614894,-18.027426300949724,-0.21129375525642047,AZPS
2024-12-05,97.45936660280292,1.4539959303271426,-17.933331122997174,-1.162031410132883,AZPS
2024-12-06,97.46818389601458,0.6221076758763757,-17.831528862427987,-0.49276270946296563,AZPS
2024-12-07,97.47700118922626,-1.6933147582472652,-17.72246749880527,-0.43621893217374463,AZPS
2024-12-08,97.48581848243794,-2.8022434267465797,-17.606599506179172,-2.333975549512189,AZPS
2024-12-09,97.49463577564961,0.3185583105767315,-17.48438122185239,-2.086812864373954,AZPS
2024-12-10,97.50345306886128,1.0782805358611254,-17.356272211813817,2.963538607091394,AZPS
2024-12-11,97.51227036207295,1.019170746614894,-17.22273463361968,6.815293524931818,AZPS
2024-12-12,97.52108765528463,1.4539959303271426,-17.0842325975035,1.8051490118917286,AZPS
2024-12-13,97.52990494849631,0.6221076758763757,-16.94123152649847,2.1452189021257766,AZPS
2024-12-14,97.53872224170799,-1.6933147582472652,-16.794197516356242,3.0977900328955172,AZPS
2024-12-15,97.54753953491966,-2.8022434267465797,-16.643596696046203,2.774300587873128,AZPS
2024-12-16,97.55635682813134,0.3185583105767315,-16.48989458961806,6.114979450909999,AZPS
2024-12-17,97.565174121343,1.0782805358611254,-16.333555480208755,5.090100823004633,AZPS
2024-12-18,97.57399141455468,1.019170746614894,-16.175041776971284,4.0488796158017095,AZPS
2024-12-19,97.58280870776636,1.4539959303271426,-16.014813385699863,2.1210087476063677,AZPS
2024-12-20,97.59162600097802,0.6221076758763757,-15.853327083920304,1.126593407065883,AZPS
2024-12-21,97.6004432941897,-1.6933147582472652,-15.69103590120917,0.6629073652667188,AZPS
2024-12-22,97.60926058740138,-2.8022434267465797,-15.52838850549872,1.0163713448439182,AZPS
2024-12-23,97.61807788061306,0.3185583105767315,-15.365828596116502,-1.480807595073287,AZPS
2024-12-24,97.62689517382474,1.0782805358611254,-15.203794304301084,-5.603381405384781,AZPS
2024-12-25,97.63571246703641,1.019170746614894,-15.042717601924728,-11.210165611726566,AZPS
2024-12-26,97.64452976024809,1.4539959303271426,-14.88302371914498,0.14649802856975214,AZPS
2024-12-27,97.65334705345975,0.6221076758763757,-14.725130571695026,-1.0933241576411206,AZPS
2024-12-28,97.66216434667143,-1.6933147582472652,-14.569448198511488,1.3405986100873264,AZPS
2024-12-29,97.67098163988311,-2.8022434267465797,-14.416378210385131,-4.143360002751393,AZPS
2024-12-30,97.67979893309477,0.3185583105767315,-14.266313250306611,-3.2480439933649023,AZPS
2024-12-31,97.68861622630645,1.0782805358611254,-14.119636466165176,-3.53826029600242,AZPS
