period,trend,seasonal_7,seasonal_365,resid,respondent
2019-01-01,421.74815519317156,9.849917597770709,20.46807060227734,-71.55214339321964,NYIS
2019-01-02,421.74154348376373,10.201840752502658,21.515838716803977,-22.726222953070362,NYIS
2019-01-03,421.73493177435586,8.648010458874726,22.5182372842076,-21.192179517438262,NYIS
2019-01-04,421.72832006494804,4.566542874420552,23.473783614444383,-24.97064655381297,NYIS
2019-01-05,421.7217083555402,-18.192034567509705,24.38105644824737,-27.754730236277908,NYIS
2019-01-06,421.7150966461324,-22.71878381078724,25.238697725199508,-26.11801056054469,NYIS
2019-01-07,421.7084849367245,7.613037309431918,26.04541427521158,-1.2139365213680549,NYIS
2019-01-08,421.7018732273167,9.849917597770709,26.799979431378446,-22.738770256465898,NYIS
2019-01-09,421.6952615179089,10.201840752502658,27.50123456227997,-27.00333683269156,NYIS
2019-01-10,421.68864980850105,8.648010458874726,28.148090521889568,-4.01275078926534,NYIS
2019-01-11,421.6820380990932,4.566542874420552,28.739529015350765,12.504890011135444,NYIS
2019-01-12,421.67542638968536,-18.192034567509705,29.274603878982756,10.276004298841485,NYIS
2019-01-13,421.66881468027753,-22.71878381078724,29.752442272977735,6.358526857531899,NYIS
2019-01-14,421.6622029708697,7.613037309431918,30.172245785356886,8.18051393434149,NYIS
2019-01-15,421.65559126146184,9.849917597770709,30.533291445857383,-0.30980030508999334,NYIS
2019-01-16,421.648979552054,10.201840752502658,30.834932648529975,-8.109752953086684,NYIS
2019-01-17,421.6423678426462,8.648010458874726,31.07659998193551,1.671021716543578,NYIS
2019-01-18,421.6357561332384,4.566542874420552,31.25780196593839,-5.079100973597406,NYIS
2019-01-19,421.6291444238305,-18.192034567509705,31.378125694206613,0.21176444947252548,NYIS
2019-01-20,421.6225327144227,-22.71878381078724,31.43723738163957,15.90501371472493,NYIS
2019-01-21,421.61592100501485,7.613037309431918,31.434882816058686,53.078158869494416,NYIS
2019-01-22,421.60930929560703,9.849917597770709,31.37088771360921,38.03888539301306,NYIS
2019-01-23,421.60269758619916,10.201840752502658,31.245157977436687,2.1573036838614144,NYIS
2019-01-24,421.59608587679134,8.648010458874726,31.057679859316124,-20.415776194982186,NYIS
2019-01-25,421.5894741673835,4.566542874420552,30.80852002402791,-10.033537065831979,NYIS
2019-01-26,421.5828624579757,-18.192034567509705,30.49782551639,0.2783465931440219,NYIS
2019-01-27,421.5762507485678,-22.71878381078724,30.125823630971748,-10.399290568752349,NYIS
2019-01-28,421.56963903916,7.613037309431918,29.692821684630626,1.0855019667774286,NYIS
2019-01-29,421.5630273297522,9.849917597770709,29.19920669212889,7.112848380348282,NYIS
2019-01-30,421.5564156203443,10.201840752502658,28.645444945202364,26.177298681950674,NYIS
2019-01-31,421.5498039109365,8.648010458874726,28.03208149556848,66.03210413462023,NYIS
2019-02-01,421.54319220152865,4.566542874420552,27.359739542475417,56.48152538157535,NYIS
2019-02-02,421.53658049212083,-18.192034567509705,26.62911972550728,33.832334349881535,NYIS
2019-02-03,421.52996878271296,-22.71878381078724,25.84099932347347,-13.119184295399236,NYIS
2019-02-04,421.52335707330514,7.613037309431918,24.99623136032207,-36.98862574305912,NYIS
2019-02-05,421.5167453638973,9.849917597770709,24.095743619127852,-41.11140658079586,NYIS
2019-02-06,421.5101336544895,10.201840752502658,23.140537565314837,-25.63751197230704,NYIS
2019-02-07,421.5035219450816,8.648010458874726,22.13168718038165,-24.181219584338066,NYIS
2019-02-08,421.4969102356738,4.566542874420552,21.070337707504308,-18.556790817598653,NYIS
2019-02-09,421.490298526266,-18.192034567509705,19.957704310496336,10.378031730747352,NYIS
2019-02-10,421.48368681685815,-22.71878381078724,18.795070647708947,4.2980263462201265,NYIS
2019-02-11,421.4770751074503,7.613037309431918,17.583787362555654,1.5591002205620725,NYIS
2019-02-12,421.47046339804245,9.849917597770709,16.325270492445256,19.715348511741524,NYIS
2019-02-13,421.46385168863463,10.201840752502658,15.020999798003565,1.7083077608591566,NYIS
2019-02-14,421.4572399792268,8.648010458874726,13.672517014560396,-6.691767452661907,NYIS
2019-02-15,421.45062826981894,4.566542874420552,12.28142402797013,-14.453595172209646,NYIS
2019-02-16,421.4440165604111,-18.192034567509705,10.849380976924767,-14.608362969826203,NYIS
2019-02-17,421.4374048510033,-22.71878381078724,9.378104284006234,-4.780725324222317,NYIS
2019-02-18,421.4307931415955,7.613037309431918,7.869364617809264,-0.9371950688366155,NYIS
2019-02-19,421.4241814321876,9.849917597770709,6.324984788548907,16.214916181492754,NYIS
2019-02-20,421.4175697227798,10.201840752502658,4.746837579645945,26.540751945071577,NYIS
2019-02-21,421.41095801337195,8.648010458874726,3.136843517859795,-5.8738119901064465,NYIS
2019-02-22,421.4043463039641,4.566542874420552,1.4969685846122367,-5.6078577629969,NYIS
2019-02-23,421.39773459455625,-18.192034567509705,-0.17077812878471477,-2.903921898261899,NYIS
2019-02-24,421.39112288514843,-22.71878381078724,-1.8643468192163404,-1.839992255144864,NYIS
2019-02-25,421.3845111757406,7.613037309431918,-3.5816494203235116,16.35110093515101,NYIS
2019-02-26,421.37789946633274,9.849917597770709,-5.320562098627686,28.83874503452421,NYIS
2019-02-27,421.3712877569249,10.201840752502658,-7.0789277942602595,44.4537992848326,NYIS
2019-02-28,421.3646760475171,8.648010458874726,-8.854558803281492,32.39987229688967,NYIS
2019-03-01,421.3580643381093,4.566542874420552,-10.645239398524012,29.50763218599417,NYIS
2019-03-02,421.3514526287014,-18.192034567509705,-12.448728485849319,22.89031042465757,NYIS
2019-03-03,421.3448409192936,-22.71878381078724,-14.262762292663748,16.56070518415737,NYIS
2019-03-04,421.33822920988575,7.613037309431918,-16.085057085500917,27.95279056618324,NYIS
2019-03-05,421.33161750047793,9.849917597770709,-17.913311913442975,43.50777681519435,NYIS
2019-03-06,421.32500579107005,10.201840752502658,-19.74521137412159,59.07136483054887,NYIS
2019-03-07,421.31839408166223,8.648010458874726,-21.578428399012523,62.52902385847551,NYIS
2019-03-08,421.3117823722544,4.566542874420552,-23.410627054713245,47.65430180803827,NYIS
2019-03-09,421.3051706628466,-18.192034567509705,-25.239465356875254,25.89832926153838,NYIS
2019-03-10,421.2985589534387,-22.71878381078724,-27.062598093444787,20.498822950793283,NYIS
2019-03-11,421.2919472440309,7.613037309431918,-28.877679653856198,19.267695100393382,NYIS
2019-03-12,421.2853355346231,9.849917597770709,-30.682366860813207,25.679113728419395,NYIS
2019-03-13,421.27872382521525,10.201840752502658,-32.474321801289705,25.648757223571806,NYIS
2019-03-14,421.2721121158074,8.648010458874726,-34.25121465338309,7.4980920787009495,NYIS
2019-03-15,421.26550040639955,4.566542874420552,-36.01072650565574,4.806683224835638,NYIS
2019-03-16,421.25888869699173,-18.192034567509705,-37.7505521656101,14.526698036128096,NYIS
2019-03-17,421.2522769875839,-22.71878381078724,-39.46840295395427,26.876909777157607,NYIS
2019-03-18,421.24566527817603,7.613037309431918,-41.162009481331026,31.89230689372306,NYIS
2019-03-19,421.2390535687682,9.849917597770709,-42.82912440420423,26.803153237665242,NYIS
2019-03-20,421.2324418593604,10.201840752502658,-44.46752515661987,18.351242544756758,NYIS
2019-03-21,421.2258301499525,8.648010458874726,-46.075016654587095,28.29017604575978,NYIS
2019-03-22,421.2192184405447,4.566542874420552,-47.649433969856986,37.213672654891695,NYIS
2019-03-23,421.2126067311369,-18.192034567509705,-49.188644969911394,39.82107280628418,NYIS
2019-03-24,421.20599502172905,-22.71878381078724,-50.690552921015026,26.588341710073223,NYIS
2019-03-25,421.1993833123212,7.613037309431918,-52.15309905122549,21.73967842947235,NYIS
2019-03-26,421.19277160291335,9.849917597770709,-53.574265070304534,29.714575869620376,NYIS
2019-03-27,421.18615989350553,10.201840752502658,-54.95207564352275,30.623074997514493,NYIS
2019-03-28,421.1795481840977,8.648010458874726,-56.28460081640475,31.088042173432257,NYIS
2019-03-29,421.17293647468983,4.566542874420552,-57.569958387519726,27.064479038409274,NYIS
2019-03-30,421.166324765282,-18.192034567509705,-58.80631622648197,12.738026028709612,NYIS
2019-03-31,421.1597130558742,-22.71878381078724,-59.991894534391975,25.448965289305022,NYIS
2019-04-01,421.15310134646637,7.613037309431918,-61.12496804401506,36.91582938811678,NYIS
2019-04-02,421.1464896370585,9.849917597770709,-62.20386815706552,32.75846092223628,NYIS
2019-04-03,421.1398779276507,10.201840752502658,-63.22698501603909,20.99526633588573,NYIS
2019-04-04,421.13326621824285,8.648010458874726,-64.19276950811212,23.788492830994528,NYIS
2019-04-05,421.12665450883503,4.566542874420552,-65.09973519870728,47.05153781545164,NYIS
2019-04-06,421.12004279942715,-18.192034567509705,-65.94646019240702,21.69945196048951,NYIS
2019-04-07,421.11343109001933,-22.71878381078724,-66.73158891898265,11.23094163975054,NYIS
2019-04-08,421.1068193806115,7.613037309431918,-67.45383384239435,18.93497715235094,NYIS
2019-04-09,421.1002076712037,9.849917597770709,-68.11197709070855,19.535851821734184,NYIS
2019-04-10,421.0935959617958,10.201840752502658,-68.70487200497209,21.037435290673557,NYIS
2019-04-11,421.086984252388,8.648010458874726,-69.23144460517827,34.34244989391556,NYIS
2019-04-12,421.0803725429802,4.566542874420552,-69.69069497155763,27.119779554156935,NYIS
2019-04-13,421.07376083357235,-18.192034567509705,-70.08169853952538,12.2969722734627,NYIS
2019-04-14,421.0671491241645,-22.71878381078724,-70.40360730672072,20.96624199334343,NYIS
2019-04-15,421.06053741475665,7.613037309431918,-70.65565095067532,26.71407622648678,NYIS
2019-04-16,421.05392570534883,9.849917597770709,-70.83713785575492,18.47829455263542,NYIS
2019-04-17,421.04731399594095,10.201840752502658,-70.94745604812398,-7.1896987003196955,NYIS
2019-04-18,421.04070228653313,8.648010458874726,-70.98607403759283,18.384361292184906,NYIS
2019-04-19,421.0340905771253,4.566542874420552,-70.95254156531578,11.676908113769912,NYIS
2019-04-20,421.0274788677175,-18.192034567509705,-70.84649025642038,15.651045956212556,NYIS
2019-04-21,421.0208671583096,-22.71878381078724,-70.66763417675982,1.6915508292374284,NYIS
2019-04-22,421.0142554489018,7.613037309431918,-70.41577029309373,7.588477534759988,NYIS
2019-04-23,421.007643739494,9.849917597770709,-70.09077883611695,6.921217498852229,NYIS
2019-04-24,421.00103203008615,10.201840752502658,-69.69262356587002,6.423750783281264,NYIS
2019-04-25,420.9944203206783,8.648010458874726,-69.22135193918066,0.40092115962761454,NYIS
2019-04-26,420.98780861127045,4.566542874420552,-68.67709517890154,15.13474369321051,NYIS
2019-04-27,420.98119690186263,-18.192034567509705,-68.06006824482478,14.481905910471824,NYIS
2019-04-28,420.9745851924548,-22.71878381078724,-67.37056970627073,16.207768324603137,NYIS
2019-04-29,420.96797348304693,7.613037309431918,-66.60898151646386,11.076970723984914,NYIS
2019-04-30,420.9613617736391,9.849917597770709,-65.77576868892528,11.326489317515438,NYIS
2019-05-01,420.9547500642313,10.201840752502658,-64.87147887622682,11.956888059492883,NYIS
2019-05-02,420.94813835482347,8.648010458874726,-63.896741851566816,9.34359303786863,NYIS
2019-05-03,420.9415266454156,4.566542874420552,-62.85226889374312,8.56919937390694,NYIS
2019-05-04,420.9349149360078,-18.192034567509705,-61.73885207621254,1.6579717077144096,NYIS
2019-05-05,420.92830322659995,-22.71878381078724,-60.557363461039316,3.014844045226596,NYIS
2019-05-06,420.92169151719213,7.613037309431918,-59.30875419864814,-4.864974627975926,NYIS
2019-05-07,420.91507980778425,9.849917597770709,-57.994053534407485,-3.5279438711475564,NYIS
2019-05-08,420.90846809837643,10.201840752502658,-56.61436772318091,-8.163941127698195,NYIS
2019-05-09,420.9018563889686,8.648010458874726,-55.17087885309057,-4.957987994752784,NYIS
2019-05-10,420.89524467956073,4.566542874420552,-53.66484357984679,4.763056025865467,NYIS
2019-05-11,420.8886329701529,-18.192034567509705,-52.09759177310144,-15.657006629541854,NYIS
2019-05-12,420.8820212607451,-22.71878381078724,-50.47052507638842,-2.656712373569519,NYIS
2019-05-13,420.87540955133727,7.613037309431918,-48.78511538231518,6.980668521546022,NYIS
2019-05-14,420.8687978419294,9.849917597770709,-47.04290322477095,2.1071877850708347,NYIS
2019-05-15,420.8621861325216,10.201840752502658,-45.24549609001489,-14.515530795009397,NYIS
2019-05-16,420.85557442311375,8.648010458874726,-43.39456664860282,-17.759018233385632,NYIS
2019-05-17,420.84896271370593,4.566542874420552,-41.49185091020606,-7.973654677920479,NYIS
2019-05-18,420.84235100429805,-18.192034567509705,-39.53914630346583,-24.944170133322586,NYIS
2019-05-19,420.83573929489023,-22.71878381078724,-37.538309683116324,-6.187645800986672,NYIS
2019-05-20,420.8291275854824,7.613037309431918,-35.49125526669562,28.18909037178122,NYIS
2019-05-21,420.8225158760746,9.849917597770709,-33.39995250324619,-18.683480970599135,NYIS
2019-05-22,420.8159041666667,10.201840752502658,-31.26642387648841,-23.59232104268102,NYIS
2019-05-23,420.8092924572589,8.648010458874726,-29.092742645026824,-11.949560271106805,NYIS
2019-05-24,420.80268074785107,4.566542874420552,-26.881030522224545,-12.16819310004712,NYIS
2019-05-25,420.79606903844325,-18.192034567509705,-24.633455298452397,-30.596579172481086,NYIS
2019-05-26,420.7894573290354,-22.71878381078724,-22.352228408487182,-4.569445109760977,NYIS
2019-05-27,420.78284561962755,7.613037309431918,-20.03960244689928,-29.746280482160216,NYIS
2019-05-28,420.77623391021973,9.849917597770709,-17.697868634330533,-9.845282873659926,NYIS
2019-05-29,420.7696222008119,10.201840752502658,-15.329354237622148,-22.035108715692388,NYIS
2019-05-30,420.76301049140403,8.648010458874726,-12.93641994680776,-28.31260100347106,NYIS
2019-05-31,420.7563987819962,4.566542874420552,-10.521457212036253,-8.915484444380525,NYIS
2019-06-01,420.7497870725884,-18.192034567509705,-8.086885543538457,-12.496866961540206,NYIS
2019-06-02,420.74317536318057,-22.71878381078724,-5.635149777793714,-8.84124177459961,NYIS
2019-06-03,420.7365636537727,7.613037309431918,-3.1687173130951862,-36.79388365010948,NYIS
2019-06-04,420.72995194436487,9.849917597770709,-0.6900753177456451,-46.65879422439002,NYIS
2019-06-05,420.72334023495705,10.201840752502658,1.7982720858481613,-15.945453073307874,NYIS
2019-06-06,420.7167285255492,8.648010458874726,4.293806657888538,17.901454357687555,NYIS
2019-06-07,420.71011681614135,4.566542874420552,6.793998895387745,1.5953414140502673,NYIS
2019-06-08,420.70350510673353,-18.192034567509705,9.296310900514662,-19.591781439738497,NYIS
2019-06-09,420.6968933973257,-22.71878381078724,11.798199259730993,-31.737308846269514,NYIS
2019-06-10,420.69028168791783,7.613037309431918,14.297117930345046,-30.33843692769483,NYIS
2019-06-11,420.68366997851,9.849917597770709,16.790521131103937,-34.3821087073847,NYIS
2019-06-12,420.6770582691022,10.201840752502658,19.275866233438748,-46.73676525504362,NYIS
2019-06-13,420.67044655969437,8.648010458874726,21.750616649977694,-56.45007366854679,NYIS
2019-06-14,420.6638348502865,4.566542874420552,24.21224471694299,-60.83462244165014,NYIS
2019-06-15,420.65722314087867,-18.192034567509705,26.6582345670565,-53.21442314042554,NYIS
2019-06-16,420.65061143147085,-22.71878381078724,29.086084989587725,-37.40891261027144,NYIS
2019-06-17,420.64399972206303,7.613037309431918,31.493312274196057,-21.47234930569101,NYIS
2019-06-18,420.63738801265515,9.849917597770709,33.87745303523286,-24.068758645658818,NYIS
2019-06-19,420.63077630324733,10.201840752502658,36.23606701319766,-28.49768406894765,NYIS
2019-06-20,420.6241645938395,8.648010458874726,38.56673985006432,-19.432914902778577,NYIS
2019-06-21,420.6175528844317,4.566542874420552,40.86708583522709,-35.03718159407936,NYIS
2019-06-22,420.6109411750238,-18.192034567509705,43.13475061884879,-53.951657226362954,NYIS
2019-06-23,420.604329465616,-22.71878381078724,45.36741388943306,-39.82995954426184,NYIS
2019-06-24,420.59771775620817,7.613037309431918,47.562792012482966,-7.4745470781230665,NYIS
2019-06-25,420.59110604680035,9.849917597770709,49.71864062715534,16.273335728273594,NYIS
2019-06-26,420.58449433739247,10.201840752502658,51.83275719786853,31.96090771223635,NYIS
2019-06-27,420.57788262798465,8.648010458874726,53.9029835178752,45.26412339526547,NYIS
2019-06-28,420.57127091857683,4.566542874420552,55.9272081618667,50.65297804513585,NYIS
2019-06-29,420.564659209169,-18.192034567509705,57.90336888473715,51.14900647360355,NYIS
2019-06-30,420.55804749976113,-22.71878381078724,59.82945496369687,-4.543718652670805,NYIS
2019-07-01,420.5514357903533,7.613037309431918,61.70350948099325,-7.022982580778489,NYIS
2019-07-02,420.5448240809455,9.849917597770709,63.52363154456512,16.123626776718652,NYIS
2019-07-03,420.5382123715376,10.201840752502658,65.28797844403158,47.43196843192811,NYIS
2019-07-04,420.5316006621298,8.648010458874726,66.99476773949013,17.397621139505304,NYIS
2019-07-05,420.52498895272197,4.566542874420552,68.6422792806802,49.543188892177284,NYIS
2019-07-06,420.51837724331415,-18.192034567509705,70.22885715414809,63.09480017004739,NYIS
2019-07-07,420.51176553390627,-22.71878381078724,71.75291155613577,12.443106720745106,NYIS
2019-07-08,420.50515382449845,7.613037309431918,73.21292058900225,-16.709111722932676,NYIS
2019-07-09,420.49854211509063,9.849917597770709,74.60743197907608,9.84010830806261,NYIS
2019-07-10,420.4919304056828,10.201840752502658,75.9350647139315,49.205164127882995,NYIS
2019-07-11,420.48531869627493,8.648010458874726,77.19451059717338,51.50516024767688,NYIS
2019-07-12,420.4787069868671,4.566542874420552,78.38453571891537,29.204214419796926,NYIS
2019-07-13,420.4720952774593,-18.192034567509705,79.503981840233,12.812957449817361,NYIS
2019-07-14,420.46548356805147,-22.71878381078724,80.55176768997634,33.172532552759435,NYIS
2019-07-15,420.4588718586436,7.613037309431918,81.52689017242884,20.017200659495586,NYIS
2019-07-16,420.45226014923577,9.849917597770709,82.4284254844043,55.817396768589106,NYIS
2019-07-17,420.44564843982795,10.201840752502658,83.25553014048077,86.79198066718868,NYIS
2019-07-18,420.4390367304201,8.648010458874726,84.00744190517815,44.62451090552702,NYIS
2019-07-19,420.43242502101225,4.566542874420552,84.68348063099535,75.90755147357186,NYIS
2019-07-20,420.42581331160443,-18.192034567509705,85.28304900133466,135.82817225457057,NYIS
2019-07-21,420.4192016021966,-22.71878381078724,85.80563317745197,136.01594903113863,NYIS
2019-07-22,420.4125898927888,7.613037309431918,86.25080334868494,59.466569449094436,NYIS
2019-07-23,420.4059781833809,9.849917597770709,86.61821418532541,-21.325109966477157,NYIS
2019-07-24,420.3993664739731,10.201840752502658,86.90760519361598,-26.066812420091765,NYIS
2019-07-25,420.39275476456527,8.648010458874726,87.11880097246697,-15.090566195907002,NYIS
2019-07-26,420.38614305515745,4.566542874420552,87.25171137160494,5.8776026988171,NYIS
2019-07-27,420.37953134574957,-18.192034567509705,87.30633155098027,10.470171670779791,NYIS
2019-07-28,420.37291963634175,-22.71878381078724,87.28274194137751,39.540122233067905,NYIS
2019-07-29,420.3663079269339,7.613037309431918,87.18110810628852,82.36954665734561,NYIS
2019-07-30,420.35969621752605,9.849917597770709,87.00168050522444,93.14570567947874,NYIS
2019-07-31,420.35308450811823,10.201840752502658,86.74479415875881,46.708280580620226,NYIS
2019-08-01,420.3464727987104,8.648010458874726,86.41086821570958,16.771648526705235,NYIS
2019-08-02,420.3398610893026,4.566542874420552,86.00040542298328,9.350190613293535,NYIS
2019-08-03,420.3332493798947,-18.192034567509705,85.51399149871843,17.17879368889652,NYIS
2019-08-04,420.3266376704869,-22.71878381078724,84.95229440948003,7.601851730820272,NYIS
2019-08-05,420.32002596107907,7.613037309431918,84.31606355236914,-5.346126822880137,NYIS
2019-08-06,420.31341425167125,9.849917597770709,83.60612884302373,4.10453930753431,NYIS
2019-08-07,420.30680254226337,10.201840752502658,82.8233997105973,10.436956994636603,NYIS
2019-08-08,420.30019083285555,8.648010458874726,81.96886400091228,7.380934707357369,NYIS
2019-08-09,420.2935791234477,4.566542874420552,81.04358678909168,-14.551708786960035,NYIS
2019-08-10,420.2869674140399,-18.192034567509705,80.04870910308007,-49.68764194961028,NYIS
2019-08-11,420.28035570463203,-22.71878381078724,78.98544655956948,-58.297018453414296,NYIS
2019-08-12,420.2737439952242,7.613037309431918,77.85508791394847,-8.960869218604671,NYIS
2019-08-13,420.2671322858164,9.849917597770709,76.6589935259943,7.235956590418539,NYIS
2019-08-14,420.26052057640857,10.201840752502658,75.39859374312636,2.7130449279624713,NYIS
2019-08-15,420.2539088670007,8.648010458874726,74.07538720313671,-1.0333065290121226,NYIS
2019-08-16,420.24729715759287,4.566542874420552,72.69093905840792,-0.25877909042134206,NYIS
2019-08-17,420.24068544818505,-18.192034567509705,71.24687912372043,20.33546999560417,NYIS
2019-08-18,420.2340737387772,-22.71878381078724,69.7448999498412,44.5148101221688,NYIS
2019-08-19,420.22746202936935,7.613037309431918,68.18675482517409,65.15174583602459,NYIS
2019-08-20,420.2208503199615,9.849917597770709,66.5742557078339,56.764976374433786,NYIS
2019-08-21,420.2142386105537,10.201840752502658,64.90927109059147,71.35264954635215,NYIS
2019-08-22,420.20762690114583,8.648010458874726,63.193723801212585,58.44463883876682,NYIS
2019-08-23,420.201015191738,4.566542874420552,61.42958874079129,-22.469146806949823,NYIS
2019-08-24,420.1944034823302,-18.192034567509705,59.618890562749755,-63.63325947757028,NYIS
2019-08-25,420.18779177292237,-22.71878381078724,57.76370129524807,-65.60270925738314,NYIS
2019-08-26,420.1811800635145,7.613037309431918,55.86613790981096,-64.38335528275746,NYIS
2019-08-27,420.17456835410667,9.849917597770709,53.92835983904368,-58.437845790921074,NYIS
2019-08-28,420.16795664469885,10.201840752502658,51.952566446368785,-27.245363843570317,NYIS
2019-08-29,420.161344935291,8.648010458874726,49.9409944507696,-24.434349844935355,NYIS
2019-08-30,420.15473322588315,4.566542874420552,47.895915309581206,-9.08119140988498,NYIS
2019-08-31,420.1481215164753,-18.192034567509705,45.81963256241733,-29.745719511383015,NYIS
2019-09-01,420.1415098070675,-22.71878381078724,43.714479139366915,-49.92320513564721,NYIS
2019-09-02,420.1348980976597,7.613037309431918,41.58281463663735,-52.952750043729,NYIS
2019-09-03,420.1282863882518,9.849917597770709,39.427022562855605,-7.980226548878193,NYIS
2019-09-04,420.121674678844,10.201840752502658,37.249507559277845,19.339977009375446,NYIS
2019-09-05,420.11506296943617,8.648010458874726,35.0526925971829,-28.310766025493763,NYIS
2019-09-06,420.10845126002835,4.566542874420552,32.83901615575467,-51.21001029020357,NYIS
2019-09-07,420.10183955062047,-18.192034567509705,30.610929383781457,-63.66773436689226,NYIS
2019-09-08,420.09522784121265,-22.71878381078724,28.370893248515138,-49.73133727894054,NYIS
2019-09-09,420.0886161318048,7.613037309431918,26.12137567505154,-31.900029116288295,NYIS
2019-09-10,420.082004422397,9.849917597770709,23.864848679601472,-14.288770699769202,NYIS
2019-09-11,420.0753927129891,10.201840752502658,21.60378550003065,48.42398103447755,NYIS
2019-09-12,420.0687810035813,8.648010458874726,19.340657727046292,23.604550810497642,NYIS
2019-09-13,420.0621692941735,4.566542874420552,17.077932439409345,-41.3736446080033,NYIS
2019-09-14,420.05555758476567,-18.192034567509705,14.81806934654632,-28.978592363802363,NYIS
2019-09-15,420.0489458753578,-22.71878381078724,12.563517941921852,-1.7526800064924828,NYIS
2019-09-16,420.04233416594997,7.613037309431918,10.316714670523467,-1.2570861459054186,NYIS
2019-09-17,420.03572245654215,9.849917597770709,8.08008011379205,-26.562720168104875,NYIS
2019-09-18,420.02911074713427,10.201840752502658,5.856016195307035,-41.382967694944,NYIS
2019-09-19,420.02249903772645,8.648010458874726,3.646903410515961,-48.215412907117184,NYIS
2019-09-20,420.0158873283186,4.566542874420552,1.4550980837627776,-32.79052828650197,NYIS
2019-09-21,420.0092756189108,-18.192034567509705,-0.717070344158742,-10.300170707242387,NYIS
2019-09-22,420.0026639095029,-22.71878381078724,-2.86730199473935,28.721421896023514,NYIS
2019-09-23,419.9960522000951,7.613037309431918,-4.993329193629606,72.83023968410254,NYIS
2019-09-24,419.9894404906873,9.849917597770709,-7.092919072551428,16.098560984093467,NYIS
2019-09-25,419.98282878127947,10.201840752502658,-9.163876128192602,-3.387793405589548,NYIS
2019-09-26,419.9762170718716,8.648010458874726,-11.204044735079485,10.255817204333141,NYIS
2019-09-27,419.96960536246377,4.566542874420552,-13.211311609478006,-9.275836627406363,NYIS
2019-09-28,419.96299365305595,-18.192034567509705,-15.183608221435254,16.569649135888938,NYIS
2019-09-29,419.9563819436481,-22.71878381078724,-17.11891315213015,14.40431501926929,NYIS
2019-09-30,419.94977023424025,7.613037309431918,-19.01525439377259,-9.982553149899559,NYIS
2019-10-01,419.9431585248324,9.849917597770709,-20.870711589354716,27.868635466751584,NYIS
2019-10-02,419.9365468154246,10.201840752502658,-22.683418209631945,70.31403064170462,NYIS
2019-10-03,419.9299351060168,8.648010458874726,-24.45156366478578,-5.443381900105749,NYIS
2019-10-04,419.9233233966089,4.566542874420552,-26.173395348296715,-17.487470922732825,NYIS
2019-10-05,419.9167116872011,-18.192034567509705,-27.84722061063914,-29.719456509052293,NYIS
2019-10-06,419.91009997779327,-22.71878381078724,-29.471408660491164,-10.22590750651483,NYIS
2019-10-07,419.90348826838544,7.613037309431918,-31.04439239123863,8.478866813421291,NYIS
2019-10-08,419.89687655897757,9.849917597770709,-32.564670130644174,-16.08012402610416,NYIS
2019-10-09,419.89026484956975,10.201840752502658,-34.0308073116391,-20.355298290433325,NYIS
2019-10-10,419.8836531401619,8.648010458874726,-35.441438062294296,-18.777225536742378,NYIS
2019-10-11,419.8770414307541,4.566542874420552,-36.795266713118934,-14.597317592055731,NYIS
2019-10-12,419.8704297213462,-18.192034567509705,-38.091069219935676,-16.71632593390092,NYIS
2019-10-13,419.8638180119384,-22.71878381078724,-39.32769450068144,-20.69733970046974,NYIS
2019-10-14,419.8572063025306,7.613037309431918,-40.50406568458351,-12.209177927379017,NYIS
2019-10-15,419.8505945931227,9.849917597770709,-41.619181272267824,-14.960330918625687,NYIS
2019-10-16,419.8439828837149,10.201840752502658,-42.67211620545814,0.11129256924050424,NYIS
2019-10-17,419.83737117430707,8.648010458874726,-43.662022845035935,-0.9393587881458529,NYIS
2019-10-18,419.83075946489924,4.566542874420552,-44.588131856337284,-2.9481704829825617,NYIS
2019-10-19,419.82414775549137,-18.192034567509705,-45.44975300067337,-11.146360187308346,NYIS
2019-10-20,419.81753604608355,-22.71878381078724,-46.24627583217401,-1.7474764031223344,NYIS
2019-10-21,419.8109243366757,7.613037309431918,-46.97717029916441,-6.413791346943242,NYIS
2019-10-22,419.8043126272679,9.849917597770709,-47.64198724939877,1.6697570243601945,NYIS
2019-10-23,419.79770091786,10.201840752502658,-48.24035883859027,-6.371182831772444,NYIS
2019-10-24,419.7910892084522,8.648010458874726,-48.77199884178856,-2.0511008255384127,NYIS
2019-10-25,419.7844774990444,4.566542874420552,-49.23670286727449,2.8006824938095747,NYIS
2019-10-26,419.77786578963656,-18.192034567509705,-49.63434847275477,-5.96048274937209,NYIS
2019-10-27,419.7712540802287,-22.71878381078724,-49.964895183756816,10.387424914315375,NYIS
2019-10-28,419.76464237082087,7.613037309431918,-50.2283844142394,-2.1162952660134238,NYIS
2019-10-29,419.75803066141304,9.849917597770709,-50.424939289550366,-0.0660089696334012,NYIS
2019-10-30,419.7514189520052,10.201840752502658,-50.55476437197932,2.94050466747143,NYIS
2019-10-31,419.74480724259735,8.648010458874726,-50.6181452892679,15.824327587795779,NYIS
2019-11-01,419.7381955331895,4.566542874420552,-50.615448266555674,3.4997098589456073,NYIS
2019-11-02,419.7315838237817,-18.192034567509705,-50.54711956235423,6.408570306082197,NYIS
2019-11-03,419.7249721143739,-22.71878381078724,-50.413684809255415,25.595496505668734,NYIS
2019-11-04,419.718360404966,7.613037309431918,-50.215748260193095,14.844350545795066,NYIS
2019-11-05,419.7117486955582,9.849917597770709,-49.953991941189386,13.744325647860421,NYIS
2019-11-06,419.70513698615036,10.201840752502658,-49.62917471162717,8.512196972974152,NYIS
2019-11-07,419.6985252767425,8.648010458874726,-49.242131233200354,22.628595497583092,NYIS
2019-11-08,419.69191356733467,4.566542874420552,-48.79377084880177,35.09631440704652,NYIS
2019-11-09,419.68530185792685,-18.192034567509705,-48.28507637271465,37.801809082297495,NYIS
2019-11-10,419.678690148519,-22.71878381078724,-47.717102793579315,26.22319645584753,NYIS
2019-11-11,419.67207843911115,7.613037309431918,-47.09097589170999,21.05486014316682,NYIS
2019-11-12,419.6654667297033,9.849917597770709,-46.407890772437455,45.42350644496344,NYIS
2019-11-13,419.6588550202955,10.201840752502658,-45.66911031725369,61.25941454445547,NYIS
2019-11-14,419.6522433108877,8.648010458874726,-44.87596355463077,55.666709784868374,NYIS
2019-11-15,419.6456316014798,4.566542874420552,-44.02984395248306,37.305669476582636,NYIS
2019-11-16,419.639019892072,-18.192034567509705,-43.13220763433246,40.02422230977015,NYIS
2019-11-17,419.63240818266416,-22.71878381078724,-42.184571521328344,46.94694714945132,NYIS
2019-11-18,419.62579647325634,7.613037309431918,-41.18851140236146,36.55167761967317,NYIS
2019-11-19,419.61918476384847,9.849917597770709,-40.14565993459462,26.267557572975363,NYIS
2019-11-20,419.61257305444065,10.201840752502658,-39.05770457681794,26.761290769874563,NYIS
2019-11-21,419.6059613450328,8.648010458874726,-37.926385458113074,19.47541365420551,NYIS
2019-11-22,419.599349635625,4.566542874420552,-36.75349318438935,23.53460067434378,NYIS
2019-11-23,419.5927379262171,-18.192034567509705,-35.54086658542797,22.582163226720468,NYIS
2019-11-24,419.5861262168093,-22.71878381078724,-34.29039040513935,27.372047999117285,NYIS
2019-11-25,419.5795145074015,7.613037309431918,-33.00399293780731,12.825441120973892,NYIS
2019-11-26,419.57290279799366,9.849917597770709,-31.683643613158296,1.9288232173939832,NYIS
2019-11-27,419.5662910885858,10.201840752502658,-30.33135053314986,2.1802186920613735,NYIS
2019-11-28,419.55967937917796,8.648010458874726,-28.949157963438005,-28.494531874614665,NYIS
2019-11-29,419.55306766977014,4.566542874420552,-27.53914378252605,-0.042466761664627484,NYIS
2019-11-30,419.5464559603623,-18.192034567509705,-26.10341689165662,19.83199549880402,NYIS
2019-12-01,419.53984425095445,-22.71878381078724,-24.644114588550288,47.1720541483831,NYIS
2019-12-02,419.5332325415466,7.613037309431918,-23.163399908136284,40.68713005715773,NYIS
2019-12-03,419.5266208321388,9.849917597770709,-21.663458933463808,36.50592050355425,NYIS
2019-12-04,419.5200091227309,10.201840752502658,-20.146498080011312,32.66564820477765,NYIS
2019-12-05,419.5133974133231,8.648010458874726,-18.614741356649915,28.097333484452008,NYIS
2019-12-06,419.5067857039153,4.566542874420552,-17.070427606536853,29.050099028200975,NYIS
2019-12-07,419.50017399450746,-18.192034567509705,-15.515807731245236,31.137668304247484,NYIS
2019-12-08,419.4935622850996,-22.71878381078724,-13.95314190145005,34.15036342713768,NYIS
2019-12-09,419.48695057569176,7.613037309431918,-12.384696757511438,12.043708872387697,NYIS
2019-12-10,419.48033886628394,9.849917597770709,-10.812742603303636,-0.6005138607510503,NYIS
2019-12-11,419.4737271568761,10.201840752502658,-9.239550596647181,23.850982687268356,NYIS
2019-12-12,419.46711544746825,8.648010458874726,-7.667389939708258,33.53526403336525,NYIS
2019-12-13,419.4605037380604,4.566542874420552,-6.098525072723394,21.663478460242345,NYIS
2019-12-14,419.4538920286526,-18.192034567509705,-4.535212874409513,0.8623554132665276,NYIS
2019-12-15,419.4472803192448,-22.71878381078724,-2.979699872405657,7.345203363948087,NYIS
2019-12-16,419.4406686098369,7.613037309431918,-1.4342194670854873,18.864513547816557,NYIS
2019-12-17,419.4340569004291,9.849917597770709,0.09901082794138105,25.739014673858776,NYIS
2019-12-18,419.42744519102126,10.201840752502658,1.6177921253358498,26.927921931140247,NYIS
2019-12-19,419.42083348161344,8.648010458874726,3.119946880270966,57.58420917924087,NYIS
2019-12-20,419.41422177220556,4.566542874420552,4.603321580156017,46.63491377321776,NYIS
2019-12-21,419.40761006279774,-18.192034567509705,6.065789404629566,38.388635100082354,NYIS
2019-12-22,419.4009983533899,-22.71878381078724,7.50525285263908,11.336532604758247,NYIS
2019-12-23,419.3943866439821,7.613037309431918,8.91964633346397,-18.12407028687801,NYIS
2019-12-24,419.3877749345742,9.849917597770709,10.306938718586991,-38.347631250931954,NYIS
2019-12-25,419.3811632251664,10.201840752502658,11.66513585135638,-59.739139829025476,NYIS
2019-12-26,419.3745515157586,8.648010458874726,12.992283011443394,-24.578844986076717,NYIS
2019-12-27,419.36793980635076,4.566542874420552,14.286467331141957,-32.205950011913274,NYIS
2019-12-28,419.3613280969429,-18.192034567509705,15.545820160624212,-32.282113690057486,NYIS
2019-12-29,419.35471638753506,-22.71878381078724,16.768519379319873,-22.50345195606775,NYIS
2019-12-30,419.34810467812724,7.613037309431918,17.952791650655573,-24.87693363821478,NYIS
2019-12-31,419.34149296871936,9.849917597770709,19.096914617456786,-37.299325183946905,NYIS
2020-01-01,419.33488125931154,10.201840752502658,20.46807060227734,-54.6887926140916,NYIS
2020-01-02,419.3282695499037,8.648010458874726,21.515838716803977,-32.507118725582416,NYIS
2020-01-03,419.3216578404959,4.566542874420552,22.5182372842076,-34.925437999124085,NYIS
2020-01-04,419.315046131088,-18.192034567509705,23.473783614444383,-34.7177951780227,NYIS
2020-01-05,419.3084344216802,-22.71878381078724,24.38105644824737,-24.43070705914033,NYIS
2020-01-06,419.3018227122724,7.613037309431918,25.238697725199508,-19.799557746903872,NYIS
2020-01-07,419.29521100286456,9.849917597770709,26.04541427521158,-22.46054287584684,NYIS
2020-01-08,419.2885992934567,10.201840752502658,26.799979431378446,-14.515419477337844,NYIS
2020-01-09,419.28198758404886,8.648010458874726,27.50123456227997,1.6897673947963767,NYIS
2020-01-10,419.27537587464104,4.566542874420552,28.148090521889568,-21.828009270951156,NYIS
2020-01-11,419.2687641652332,-18.192034567509705,28.739529015350765,-55.29125861307432,NYIS
2020-01-12,419.26215245582534,-22.71878381078724,29.274603878982756,-58.99697252402092,NYIS
2020-01-13,419.2555407464175,7.613037309431918,29.752442272977735,-36.888020328827224,NYIS
2020-01-14,419.2489290370097,9.849917597770709,30.172245785356886,-41.014092420137274,NYIS
2020-01-15,419.2423173276019,10.201840752502658,30.533291445857383,-51.87244952596188,NYIS
2020-01-16,419.235705618194,8.648010458874726,30.834932648529975,-34.30464872559878,NYIS
2020-01-17,419.2290939087862,4.566542874420552,31.07659998193551,3.0097632348577577,NYIS
2020-01-18,419.22248219937836,-18.192034567509705,31.25780196593839,16.804750402192894,NYIS
2020-01-19,419.21587048997054,-22.71878381078724,31.378125694206613,-15.001212373389876,NYIS
2020-01-20,419.20925878056266,7.613037309431918,31.43723738163957,-2.6865334716342204,NYIS
2020-01-21,419.20264707115484,9.849917597770709,31.434882816058686,5.98655251501566,NYIS
2020-01-22,419.196035361747,10.201840752502658,31.37088771360921,-9.908763827858877,NYIS
2020-01-23,419.18942365233914,8.648010458874726,31.245157977436687,-19.610592088650662,NYIS
2020-01-24,419.1828119429313,4.566542874420552,31.057679859316124,-34.933034676668,NYIS
2020-01-25,419.1762002335235,-18.192034567509705,30.80852002402791,-28.801685690041722,NYIS
2020-01-26,419.1695885241157,-22.71878381078724,30.49782551639,-37.02263022971846,NYIS
2020-01-27,419.1629768147078,7.613037309431918,30.125823630971748,-32.94483775511151,NYIS
2020-01-28,419.1563651053,9.849917597770709,29.692821684630626,-31.24510438770136,NYIS
2020-01-29,419.14975339589216,10.201840752502658,29.19920669212889,-26.0228008405237,NYIS
2020-01-30,419.14314168648434,8.648010458874726,28.645444945202364,-12.733597090561489,NYIS
2020-01-31,419.13652997707646,4.566542874420552,28.03208149556848,-17.508154347065556,NYIS
2020-02-01,419.12991826766864,-18.192034567509705,27.359739542475417,-25.947623242634393,NYIS
2020-02-02,419.1233065582608,-22.71878381078724,26.62911972550728,-28.913642472980882,NYIS
2020-02-03,419.116694848853,7.613037309431918,25.84099932347347,-41.62873148175839,NYIS
2020-02-04,419.1100831394451,9.849917597770709,24.99623136032207,-38.607232097537974,NYIS
2020-02-05,419.1034714300373,10.201840752502658,24.095743619127852,-32.7270558016678,NYIS
2020-02-06,419.0968597206295,8.648010458874726,23.140537565314837,-17.216407744819094,NYIS
2020-02-07,419.09024801122166,4.566542874420552,22.13168718038165,-14.649478066023846,NYIS
2020-02-08,419.0836363018138,-18.192034567509705,21.070337707504308,-6.868939441808379,NYIS
2020-02-09,419.07702459240596,-22.71878381078724,19.957704310496336,-8.874945092115126,NYIS
2020-02-10,419.07041288299814,7.613037309431918,18.795070647708947,-20.42152084013901,NYIS
2020-02-11,419.0638011735903,9.849917597770709,17.583787362555654,-26.88950613391671,NYIS
2020-02-12,419.05718946418244,10.201840752502658,16.325270492445256,-29.887300709130386,NYIS
2020-02-13,419.0505777547746,8.648010458874726,15.020999798003565,-13.998588011652885,NYIS
2020-02-14,419.0439660453668,4.566542874420552,13.672517014560396,4.43597406565226,NYIS
2020-02-15,419.037354335959,-18.192034567509705,12.28142402797013,23.543256203580597,NYIS
2020-02-16,419.0307426265511,-22.71878381078724,10.849380976924767,-4.739339792688668,NYIS
2020-02-17,419.0241309171433,7.613037309431918,9.378104284006234,-29.84327251058147,NYIS
2020-02-18,419.01751920773546,9.849917597770709,7.869364617809264,-7.919801423315391,NYIS
2020-02-19,419.0109074983276,10.201840752502658,6.324984788548907,-19.478733039379165,NYIS
2020-02-20,419.00429578891976,8.648010458874726,4.746837579645945,6.532856172559491,NYIS
2020-02-21,418.99768407951194,4.566542874420552,3.136843517859795,14.041929528207731,NYIS
2020-02-22,418.9910723701041,-18.192034567509705,1.4969685846122367,-4.559006387206637,NYIS
2020-02-23,418.98446066069624,-22.71878381078724,-0.17077812878471477,-19.383898721124297,NYIS
2020-02-24,418.9778489512884,7.613037309431918,-1.8643468192163404,-27.73853944150403,NYIS
2020-02-25,418.9712372418806,9.849917597770709,-3.5816494203235116,-21.271505419327752,NYIS
2020-02-26,418.9646255324728,10.201840752502658,-5.320562098627686,-12.989904186347701,NYIS
2020-02-27,418.9580138230649,8.648010458874726,-7.0789277942602595,2.2269035123205754,NYIS
2020-02-28,418.9514021136571,4.566542874420552,-8.854558803281492,20.26661381520381,NYIS
2020-02-29,418.94479040424926,-18.192034567509705,-10.645239398524012,23.94448356178441,NYIS
2020-03-01,418.93817869484144,-22.71878381078724,-12.448728485849319,13.36733360179511,NYIS
2020-03-02,418.93156698543356,7.613037309431918,-14.262762292663748,-8.07384200220173,NYIS
2020-03-03,418.92495527602574,9.849917597770709,-16.085057085500917,-20.779815788295537,NYIS
2020-03-04,418.9183435666179,10.201840752502658,-17.913311913442975,-17.855872405677587,NYIS
2020-03-05,418.9117318572101,8.648010458874726,-19.74521137412159,-14.00153094196321,NYIS
2020-03-06,418.9051201478022,4.566542874420552,-21.578428399012523,6.8577653767897,NYIS
2020-03-07,418.8985084383944,-18.192034567509705,-23.410627054713245,3.4781531838285105,NYIS
2020-03-08,418.8918967289866,-22.71878381078724,-25.239465356875254,-20.24464756132403,NYIS
2020-03-09,418.88528501957876,7.613037309431918,-27.062598093444787,-23.146724235565898,NYIS
2020-03-10,418.8786733101709,9.849917597770709,-28.877679653856198,-17.42491125408543,NYIS
2020-03-11,418.87206160076306,10.201840752502658,-30.682366860813207,-13.660535492452595,NYIS
2020-03-12,418.86544989135524,8.648010458874726,-32.474321801289705,-0.9761385489402414,NYIS
2020-03-13,418.8588381819474,4.566542874420552,-34.25121465338309,-4.465166402984835,NYIS
2020-03-14,418.85222647253954,-18.192034567509705,-36.01072650565574,-2.357465399374121,NYIS
2020-03-15,418.8456147631317,-22.71878381078724,-37.7505521656101,-4.550278786734339,NYIS
2020-03-16,418.8390030537239,7.613037309431918,-39.46840295395427,4.262362590798432,NYIS
2020-03-17,418.832391344316,9.849917597770709,-41.162009481331026,7.337700539244281,NYIS
2020-03-18,418.8257796349082,10.201840752502658,-42.82912440420423,-9.344495983206684,NYIS
2020-03-19,418.8191679255004,8.648010458874726,-44.46752515661987,-2.892653227755261,NYIS
2020-03-20,418.81255621609256,4.566542874420552,-46.075016654587095,-9.42008243592602,NYIS
2020-03-21,418.8059445066847,-18.192034567509705,-47.649433969856986,-9.01547596931806,NYIS
2020-03-22,418.79933279727686,-22.71878381078724,-49.188644969911394,5.484095983421696,NYIS
2020-03-23,418.79272108786904,7.613037309431918,-50.690552921015026,19.9907945237141,NYIS
2020-03-24,418.7861093784612,9.849917597770709,-52.15309905122549,-5.303927925006462,NYIS
2020-03-25,418.77949766905334,10.201840752502658,-53.574265070304534,-1.1950733512515512,NYIS
2020-03-26,418.7728859596455,8.648010458874726,-54.95207564352275,-17.124820774997602,NYIS
2020-03-27,418.7662742502377,4.566542874420552,-56.28460081640475,-27.29321630825359,NYIS
2020-03-28,418.7596625408299,-18.192034567509705,-57.569958387519726,4.611330414199529,NYIS
2020-03-29,418.753050831422,-22.71878381078724,-58.80631622648197,7.430049205847183,NYIS
2020-03-30,418.7464391220142,7.613037309431918,-59.991894534391975,-5.151581897054143,NYIS
2020-03-31,418.73982741260636,9.849917597770709,-61.12496804401506,-6.10677696636202,NYIS
2020-04-01,418.73321570319854,10.201840752502658,-62.20386815706552,-16.760188298635626,NYIS
2020-04-02,418.72660399379066,8.648010458874726,-63.22698501603909,-12.51962943662636,NYIS
2020-04-03,418.71999228438284,4.566542874420552,-64.19276950811212,-0.7757656506913122,NYIS
2020-04-04,418.713380574975,-18.192034567509705,-65.09973519870728,-7.367610808758116,NYIS
2020-04-05,418.7067688655672,-22.71878381078724,-65.94646019240702,-8.143524862372942,NYIS
2020-04-06,418.7001571561593,7.613037309431918,-66.73158891898265,-26.055605546608604,NYIS
2020-04-07,418.6935454467515,9.849917597770709,-67.45383384239435,-30.069629202127885,NYIS
2020-04-08,418.6869337373437,10.201840752502658,-68.11197709070855,-22.357797399137837,NYIS
2020-04-09,418.6803220279358,8.648010458874726,-68.70487200497209,-6.119460481838473,NYIS
2020-04-10,418.673710318528,4.566542874420552,-69.23144460517827,3.9721914122297335,NYIS
2020-04-11,418.66709860912016,-18.192034567509705,-69.69069497155763,3.0496309299471136,NYIS
2020-04-12,418.66048689971234,-22.71878381078724,-70.08169853952538,-1.0380045493997159,NYIS
2020-04-13,418.65387519030446,7.613037309431918,-70.40360730672072,-7.821305193015746,NYIS
2020-04-14,418.64726348089664,9.849917597770709,-70.65565095067532,-17.31053012799208,NYIS
2020-04-15,418.6406517714888,10.201840752502658,-70.83713785575492,-12.076354668236604,NYIS
2020-04-16,418.634040062081,8.648010458874726,-70.94745604812398,-2.481594472831773,NYIS
2020-04-17,418.6274283526731,4.566542874420552,-70.98607403759283,3.9421028104990796,NYIS
2020-04-18,418.6208166432653,-18.192034567509705,-70.95254156531578,16.407759489560192,NYIS
2020-04-19,418.6142049338575,-22.71878381078724,-70.84649025642038,0.6090691333501468,NYIS
2020-04-20,418.60759322444966,7.613037309431918,-70.66763417675982,-15.903996357121741,NYIS
2020-04-21,418.6009815150418,9.849917597770709,-70.41577029309373,0.14187118028121404,NYIS
2020-04-22,418.59436980563396,10.201840752502658,-70.09077883611695,0.9375682779802901,NYIS
2020-04-23,418.58775809622614,8.648010458874726,-69.69262356587002,4.305855010769108,NYIS
2020-04-24,418.5811463868183,4.566542874420552,-69.22135193918066,4.7196626779418125,NYIS
2020-04-25,418.57453467741044,-18.192034567509705,-68.67709517890154,-13.89840493099922,NYIS
2020-04-26,418.5679229680026,-22.71878381078724,-68.06006824482478,7.781929087609399,NYIS
2020-04-27,418.5613112585948,7.613037309431918,-67.37056970627073,-2.6917788617560063,NYIS
2020-04-28,418.554699549187,9.849917597770709,-66.60898151646386,-24.261635630493856,NYIS
2020-04-29,418.5480878397791,10.201840752502658,-65.77576868892528,-16.98615990335651,NYIS
2020-04-30,418.5414761303713,8.648010458874726,-64.87147887622682,-11.39400771301922,NYIS
2020-05-01,418.53486442096346,4.566542874420552,-63.896741851566816,-19.54066544381726,NYIS
2020-05-02,418.52825271155564,-18.192034567509705,-62.85226889374312,-26.63294925030283,NYIS
2020-05-03,418.52164100214776,-22.71878381078724,-61.73885207621254,-25.913005115147996,NYIS
2020-05-04,418.51502929273994,7.613037309431918,-60.557363461039316,-28.27970314113253,NYIS
2020-05-05,418.5084175833321,9.849917597770709,-59.30875419864814,-36.74958098245469,NYIS
2020-05-06,418.50180587392424,10.201840752502658,-57.994053534407485,-25.9825930920195,NYIS
2020-05-07,418.4951941645164,8.648010458874726,-56.61436772318091,-35.20083690021028,NYIS
2020-05-08,418.4885824551086,4.566542874420552,-55.17087885309057,-21.36024647643859,NYIS
2020-05-09,418.4819707457008,-18.192034567509705,-53.66484357984679,-2.5020925983442908,NYIS
2020-05-10,418.4753590362929,-22.71878381078724,-52.09759177310144,-21.262983452404285,NYIS
2020-05-11,418.4687473268851,7.613037309431918,-50.47052507638842,-26.255259559928675,NYIS
2020-05-12,418.46213561747726,9.849917597770709,-48.78511538231518,-32.89493783293278,NYIS
2020-05-13,418.45552390806944,10.201840752502658,-47.04290322477095,-42.30746143580109,NYIS
2020-05-14,418.44891219866156,8.648010458874726,-45.24549609001489,-43.87342656752145,NYIS
2020-05-15,418.44230048925374,4.566542874420552,-43.39456664860282,-30.12227671507145,NYIS
2020-05-16,418.4356887798459,-18.192034567509705,-41.49185091020606,-28.976803302130236,NYIS
2020-05-17,418.4290770704381,-22.71878381078724,-39.53914630346583,-41.214146956185004,NYIS
2020-05-18,418.4224653610302,7.613037309431918,-37.538309683116324,-49.70119298734585,NYIS
2020-05-19,418.4158536516224,9.849917597770709,-35.49125526669562,-60.38751598269755,NYIS
2020-05-20,418.4092419422146,10.201840752502658,-33.39995250324619,-63.69813019147108,NYIS
2020-05-21,418.40263023280676,8.648010458874726,-31.26642387648841,-62.81721681519309,NYIS
2020-05-22,418.3960185233989,4.566542874420552,-29.092742645026824,-46.63081875279266,NYIS
2020-05-23,418.38940681399106,-18.192034567509705,-26.881030522224545,-30.912341724256862,NYIS
2020-05-24,418.38279510458324,-22.71878381078724,-24.633455298452397,-49.403555995343595,NYIS
2020-05-25,418.3761833951754,7.613037309431918,-22.352228408487182,-64.18399229612015,NYIS
2020-05-26,418.36957168576754,9.849917597770709,-20.03960244689928,-15.276886836638994,NYIS
2020-05-27,418.3629599763597,10.201840752502658,-17.697868634330533,-1.845932094531861,NYIS
2020-05-28,418.3563482669519,8.648010458874726,-15.329354237622148,-4.82400448820448,NYIS
2020-05-29,418.3497365575441,4.566542874420552,-12.93641994680776,5.434140514843136,NYIS
2020-05-30,418.3431248481362,-18.192034567509705,-10.521457212036253,-21.369633068590304,NYIS
2020-05-31,418.3365131387284,-22.71878381078724,-8.086885543538457,-62.46884378440268,NYIS
2020-06-01,418.32990142932056,7.613037309431918,-5.635149777793714,-77.43078896095875,NYIS
2020-06-02,418.3232897199127,9.849917597770709,-3.1687173130951862,-70.18749000458831,NYIS
2020-06-03,418.31667801050486,10.201840752502658,-0.6900753177456451,-40.470443445261935,NYIS
2020-06-04,418.31006630109704,8.648010458874726,1.7982720858481613,-6.761348845819953,NYIS
2020-06-05,418.3034545916892,4.566542874420552,4.293806657888538,10.50919587600174,NYIS
2020-06-06,418.29684288228134,-18.192034567509705,6.793998895387745,15.463192789840548,NYIS
2020-06-07,418.2902311728735,-22.71878381078724,9.296310900514662,-48.23175826260092,NYIS
2020-06-08,418.2836194634657,7.613037309431918,11.798199259730993,-54.227856032628665,NYIS
2020-06-09,418.2770077540579,9.849917597770709,14.297117930345046,-7.124043282173659,NYIS
2020-06-10,418.27039604465,10.201840752502658,16.790521131103937,34.21524207174332,NYIS
2020-06-11,418.2637843352422,8.648010458874726,19.275866233438748,13.090338972444329,NYIS
2020-06-12,418.25717262583436,4.566542874420552,21.750616649977694,-16.21833215023264,NYIS
2020-06-13,418.25056091642654,-18.192034567509705,24.21224471694299,-67.2247710658599,NYIS
2020-06-14,418.24394920701866,-22.71878381078724,26.6582345670565,-84.35639996328797,NYIS
2020-06-15,418.23733749761084,7.613037309431918,29.086084989587725,-81.02945979663059,NYIS
2020-06-16,418.230725788203,9.849917597770709,31.493312274196057,-73.50795566016984,NYIS
2020-06-17,418.2241140787952,10.201840752502658,33.87745303523286,-57.04340786653074,NYIS
2020-06-18,418.2175023693873,8.648010458874726,36.23606701319766,-25.301579841459727,NYIS
2020-06-19,418.2108906599795,4.566542874420552,38.56673985006432,-1.8671733844644223,NYIS
2020-06-20,418.2042789505717,-18.192034567509705,40.86708583522709,13.802669781710847,NYIS
2020-06-21,418.19766724116386,-22.71878381078724,43.13475061884879,28.914365950774652,NYIS
2020-06-22,418.191055531756,7.613037309431918,45.36741388943306,58.190493269378976,NYIS
2020-06-23,418.18444382234816,9.849917597770709,47.562792012482966,52.522846567398176,NYIS
2020-06-24,418.17783211294034,10.201840752502658,49.71864062715534,15.764686507401677,NYIS
2020-06-25,418.17122040353246,8.648010458874726,51.83275719786853,-13.984988060275782,NYIS
2020-06-26,418.16460869412464,4.566542874420552,53.9029835178752,-5.438135086420402,NYIS
2020-06-27,418.1579969847168,-18.192034567509705,55.9272081618667,-20.516170579073844,NYIS
2020-06-28,418.151385275309,-22.71878381078724,57.90336888473715,6.840029650741087,NYIS
2020-06-29,418.1447735659011,7.613037309431918,59.82945496369687,5.827734160970067,NYIS
2020-06-30,418.1381618564933,9.849917597770709,61.70350948099325,-27.460588935257363,NYIS
2020-07-01,418.1315501470855,10.201840752502658,63.52363154456512,-25.022022444153322,NYIS
2020-07-02,418.12493843767766,8.648010458874726,65.28797844403158,12.489072659416024,NYIS
2020-07-03,418.1183267282698,4.566542874420552,66.99476773949013,16.69036265781949,NYIS
2020-07-04,418.11171501886196,-18.192034567509705,68.6422792806802,-7.977959732032502,NYIS
2020-07-05,418.10510330945414,-22.71878381078724,70.22885715414809,15.417823347184992,NYIS
2020-07-06,418.0984916000463,7.613037309431918,71.75291155613577,37.14755953438595,NYIS
2020-07-07,418.09187989063844,9.849917597770709,73.21292058900225,16.908281922588515,NYIS
2020-07-08,418.0852681812306,10.201840752502658,74.60743197907608,43.21645908719063,NYIS
2020-07-09,418.0786564718228,8.648010458874726,75.9350647139315,65.58026835537095,NYIS
2020-07-10,418.072044762415,4.566542874420552,77.19451059717338,38.79090176599112,NYIS
2020-07-11,418.0654330530071,-18.192034567509705,78.38453571891537,27.305065795587154,NYIS
2020-07-12,418.0588213435993,-22.71878381078724,79.503981840233,15.800980626954924,NYIS
2020-07-13,418.05220963419146,7.613037309431918,80.55176768997634,16.510985366400234,NYIS
2020-07-14,418.04559792478364,9.849917597770709,81.52689017242884,-1.6754056949831693,NYIS
2020-07-15,418.03898621537576,10.201840752502658,82.4284254844043,-9.953252452282754,NYIS
2020-07-16,418.03237450596794,8.648010458874726,83.25553014048077,-32.28891510532344,NYIS
2020-07-17,418.0257627965601,4.566542874420552,84.00744190517815,-18.716747576158866,NYIS
2020-07-18,418.0191510871523,-18.192034567509705,84.68348063099535,26.480402849362065,NYIS
2020-07-19,418.0125393777444,-22.71878381078724,85.28304900133466,67.05519543170806,NYIS
2020-07-20,418.0059276683366,7.613037309431918,85.80563317745197,96.52440184477939,NYIS
2020-07-21,417.9993159589288,9.849917597770709,86.25080334868494,55.03296309461564,NYIS
2020-07-22,417.9927042495209,10.201840752502658,86.61821418532541,58.333240812650956,NYIS
2020-07-23,417.9860925401131,8.648010458874726,86.90760519361598,49.81629180739617,NYIS
2020-07-24,417.97948083070526,4.566542874420552,87.11880097246697,14.39317532240716,NYIS
2020-07-25,417.97286912129744,-18.192034567509705,87.25171137160494,28.459454074607265,NYIS
2020-07-26,417.96625741188956,-22.71878381078724,87.30633155098027,60.31519484791738,NYIS
2020-07-27,417.95964570248174,7.613037309431918,87.28274194137751,93.24957504670874,NYIS
2020-07-28,417.9530339930739,9.849917597770709,87.18110810628852,95.37894030286691,NYIS
2020-07-29,417.9464222836661,10.201840752502658,87.00168050522444,54.45605645860678,NYIS
2020-07-30,417.9398105742582,8.648010458874726,86.74479415875881,51.49438480810818,NYIS
2020-07-31,417.9331988648504,4.566542874420552,86.41086821570958,7.051390045019389,NYIS
2020-08-01,417.9265871554426,-18.192034567509705,86.00040542298328,16.366041989083783,NYIS
2020-08-02,417.91997544603475,-22.71878381078724,85.51399149871843,52.21781686603401,NYIS
2020-08-03,417.9133637366269,7.613037309431918,84.95229440948003,53.781304544461136,NYIS
2020-08-04,417.90675202721906,9.849917597770709,84.31606355236914,-21.780733177358968,NYIS
2020-08-05,417.90014031781124,10.201840752502658,83.60612884302373,-35.10210991333764,NYIS
2020-08-06,417.8935286084034,8.648010458874726,82.8233997105973,-49.8389387778754,NYIS
2020-08-07,417.88691689899554,4.566542874420552,81.96886400091228,-46.27032377432846,NYIS
2020-08-08,417.8803051895877,-18.192034567509705,81.04358678909168,-21.31585741116976,NYIS
2020-08-09,417.8736934801799,-22.71878381078724,80.04870910308007,10.11138122752726,NYIS
2020-08-10,417.8670817707721,7.613037309431918,78.98544655956948,73.14443436022657,NYIS
2020-08-11,417.8604700613642,9.849917597770709,77.85508791394847,80.8985244269166,NYIS
2020-08-12,417.8538583519564,10.201840752502658,76.6589935259943,64.49030736954671,NYIS
2020-08-13,417.84724664254855,8.648010458874726,75.39859374312636,24.227149155450377,NYIS
2020-08-14,417.84063493314073,4.566542874420552,74.07538720313671,28.149434989301938,NYIS
2020-08-15,417.83402322373286,-18.192034567509705,72.69093905840792,-6.127927714631085,NYIS
2020-08-16,417.82741151432504,-22.71878381078724,71.24687912372043,-45.571506827258304,NYIS
2020-08-17,417.8207998049172,7.613037309431918,69.7448999498412,-43.1277370641904,NYIS
2020-08-18,417.81418809550934,9.849917597770709,68.18675482517409,-36.08886051845417,NYIS
2020-08-19,417.8075763861015,10.201840752502658,66.5742557078339,-57.43567284643808,NYIS
2020-08-20,417.8009646766937,8.648010458874726,64.90927109059147,-61.193246226159886,NYIS
2020-08-21,417.7943529672859,4.566542874420552,63.193723801212585,-15.622619642919005,NYIS
2020-08-22,417.787741257878,-18.192034567509705,61.42958874079129,27.519704568840382,NYIS
2020-08-23,417.7811295484702,-22.71878381078724,59.618890562749755,39.66876369956731,NYIS
2020-08-24,417.77451783906236,7.613037309431918,57.76370129524807,77.32674355625761,NYIS
2020-08-25,417.76790612965453,9.849917597770709,55.86613790981096,61.19203836276381,NYIS
2020-08-26,417.76129442024666,10.201840752502658,53.92835983904368,-36.46649501179297,NYIS
2020-08-27,417.75468271083884,8.648010458874726,51.952566446368785,13.865740383917625,NYIS
2020-08-28,417.748071001431,4.566542874420552,49.9409944507696,16.615391673378838,NYIS
2020-08-29,417.7414592920232,-18.192034567509705,47.895915309581206,20.552659965905264,NYIS
2020-08-30,417.7348475826153,-22.71878381078724,45.81963256241733,-34.684696334245416,NYIS
2020-08-31,417.7282358732075,7.613037309431918,43.714479139366915,-49.61575232200636,NYIS
2020-09-01,417.7216241637997,9.849917597770709,41.58281463663735,-18.45035639820776,NYIS
2020-09-02,417.71501245439185,10.201840752502658,39.427022562855605,11.664124230249854,NYIS
2020-09-03,417.708400744984,8.648010458874726,37.249507559277845,24.835081236863346,NYIS
2020-09-04,417.70178903557616,4.566542874420552,35.0526925971829,17.001975492820407,NYIS
2020-09-05,417.69517732616833,-18.192034567509705,32.83901615575467,-35.02115891441326,NYIS
2020-09-06,417.6885656167605,-22.71878381078724,30.610929383781457,-30.072711189754727,NYIS
2020-09-07,417.68195390735264,7.613037309431918,28.370893248515138,-36.9138844652997,NYIS
2020-09-08,417.6753421979448,9.849917597770709,26.12137567505154,18.72036452923288,NYIS
2020-09-09,417.668730488537,10.201840752502658,23.864848679601472,28.0575800793589,NYIS
2020-09-10,417.6621187791291,8.648010458874726,21.60378550003065,50.34608526196541,NYIS
2020-09-11,417.6555070697213,4.566542874420552,19.340657727046292,0.5882923288118604,NYIS
2020-09-12,417.6488953603135,-18.192034567509705,17.077932439409345,-48.13179323221311,NYIS
2020-09-13,417.64228365090565,-22.71878381078724,14.81806934654632,-27.917569186664764,NYIS
2020-09-14,417.6356719414978,7.613037309431918,12.563517941921852,-28.00422719285166,NYIS
2020-09-15,417.62906023208996,9.849917597770709,10.316714670523467,-69.52169250038418,NYIS
2020-09-16,417.62244852268213,10.201840752502658,8.08008011379205,-61.5163693889769,NYIS
2020-09-17,417.6158368132743,8.648010458874726,5.856016195307035,-35.55586346745605,NYIS
2020-09-18,417.60922510386644,4.566542874420552,3.646903410515961,-48.497671388802985,NYIS
2020-09-19,417.6026133944586,-18.192034567509705,1.4550980837627776,-70.72367691071173,NYIS
2020-09-20,417.5960016850508,-22.71878381078724,-0.717070344158742,-67.60914753010485,NYIS
2020-09-21,417.589389975643,7.613037309431918,-2.86730199473935,-62.88212529033564,NYIS
2020-09-22,417.5827782662351,9.849917597770709,-4.993329193629606,-59.64636667037627,NYIS
2020-09-23,417.5761665568273,10.201840752502658,-7.092919072551428,-42.443088236778465,NYIS
2020-09-24,417.56955484741945,8.648010458874726,-9.163876128192602,-28.83168917810167,NYIS
2020-09-25,417.56294313801163,4.566542874420552,-11.204044735079485,-15.551441277352637,NYIS
2020-09-26,417.55633142860376,-18.192034567509705,-13.211311609478006,-12.019985251616106,NYIS
2020-09-27,417.54971971919593,-22.71878381078724,-15.183608221435254,14.983672313026489,NYIS
2020-09-28,417.5431080097881,7.613037309431918,-17.11891315213015,27.269767832910134,NYIS
2020-09-29,417.5364963003803,9.849917597770709,-19.01525439377259,14.480840495621578,NYIS
2020-09-30,417.5298845909724,10.201840752502658,-20.870711589354716,-16.368013754120398,NYIS
2020-10-01,417.5232728815646,8.648010458874726,-22.683418209631945,-26.478865130807435,NYIS
2020-10-02,417.5166611721568,4.566542874420552,-24.45156366478578,-28.371640381791565,NYIS
2020-10-03,417.51004946274895,-18.192034567509705,-26.173395348296715,-34.91461954694256,NYIS
2020-10-04,417.5034377533411,-22.71878381078724,-27.84722061063914,-29.79743333191476,NYIS
2020-10-05,417.49682604393325,7.613037309431918,-29.471408660491164,-26.518454692874002,NYIS
2020-10-06,417.49021433452543,9.849917597770709,-31.04439239123863,-26.711739541057568,NYIS
2020-10-07,417.48360262511756,10.201840752502658,-32.564670130644174,-21.318773246976093,NYIS
2020-10-08,417.47699091570973,8.648010458874726,-34.0308073116391,-31.66219406294539,NYIS
2020-10-09,417.4703792063019,4.566542874420552,-35.441438062294296,-26.36948401842824,NYIS
2020-10-10,417.4637674968941,-18.192034567509705,-36.795266713118934,-16.311466216265444,NYIS
2020-10-11,417.4571557874862,-22.71878381078724,-38.091069219935676,-18.88230275676335,NYIS
2020-10-12,417.4505440780784,7.613037309431918,-39.32769450068144,-18.92588688682889,NYIS
2020-10-13,417.4439323686706,9.849917597770709,-40.50406568458351,-14.07878428185785,NYIS
2020-10-14,417.43732065926275,10.201840752502658,-41.619181272267824,-21.95798013949758,NYIS
2020-10-15,417.4307089498549,8.648010458874726,-42.67211620545814,-12.268603203271596,NYIS
2020-10-16,417.42409724044705,4.566542874420552,-43.662022845035935,-1.603617269831716,NYIS
2020-10-17,417.41748553103923,-18.192034567509705,-44.588131856337284,-13.55431910719227,NYIS
2020-10-18,417.4108738216314,-22.71878381078724,-45.44975300067337,-8.734337010170805,NYIS
2020-10-19,417.40426211222353,7.613037309431918,-46.24627583217401,-7.161023589481488,NYIS
2020-10-20,417.3976504028157,9.849917597770709,-46.97717029916441,-1.338397701422025,NYIS
2020-10-21,417.3910386934079,10.201840752502658,-47.64198724939877,1.046107803488269,NYIS
2020-10-22,417.3844269840001,8.648010458874726,-48.24035883859027,6.353921395715531,NYIS
2020-10-23,417.3778152745922,4.566542874420552,-48.77199884178856,6.947640692775792,NYIS
2020-10-24,417.3712035651844,-18.192034567509705,-49.23670286727449,1.3005338695997466,NYIS
2020-10-25,417.36459185577655,-22.71878381078724,-49.63434847275477,-1.3314595722345643,NYIS
2020-10-26,417.35798014636873,7.613037309431918,-49.964895183756816,7.981877727956203,NYIS
2020-10-27,417.35136843696085,9.849917597770709,-50.2283844142394,1.1830983795077827,NYIS
2020-10-28,417.34475672755303,10.201840752502658,-50.424939289550366,5.414341809494658,NYIS
2020-10-29,417.3381450181452,8.648010458874726,-50.55476437197932,15.07660889495935,NYIS
2020-10-30,417.3315333087374,4.566542874420552,-50.6181452892679,26.70906910610995,NYIS
2020-10-31,417.3249215993295,-18.192034567509705,-50.615448266555674,20.461561234735825,NYIS
2020-11-01,417.3183098899217,-22.71878381078724,-50.54711956235423,39.70659348321976,NYIS
2020-11-02,417.3116981805139,7.613037309431918,-50.413684809255415,30.01894931930957,NYIS
2020-11-03,417.305086471106,9.849917597770709,-50.215748260193095,21.886744191316325,NYIS
2020-11-04,417.2984747616982,10.201840752502658,-49.953991941189386,7.560676426988493,NYIS
2020-11-05,417.29186305229035,8.648010458874726,-49.62917471162717,-1.7566987995379577,NYIS
2020-11-06,417.28525134288253,4.566542874420552,-49.242131233200354,-5.340662984102778,NYIS
2020-11-07,417.27863963347465,-18.192034567509705,-48.79377084880177,-8.402834217163274,NYIS
2020-11-08,417.27202792406683,-22.71878381078724,-48.28507637271465,-9.606167740565013,NYIS
2020-11-09,417.265416214659,7.613037309431918,-47.717102793579315,-9.001350730511604,NYIS
2020-11-10,417.2588045052512,9.849917597770709,-47.09097589170999,-7.967746211311976,NYIS
2020-11-11,417.2521927958433,10.201840752502658,-46.407890772437455,-2.7891427759084877,NYIS
2020-11-12,417.2455810864355,8.648010458874726,-45.66911031725369,0.9105187719434298,NYIS
2020-11-13,417.2389693770277,4.566542874420552,-44.87596355463077,9.867451303182577,NYIS
2020-11-14,417.23235766761985,-18.192034567509705,-44.02984395248306,4.454520852372866,NYIS
2020-11-15,417.225745958212,-22.71878381078724,-43.13220763433246,9.282245486907641,NYIS
2020-11-16,417.21913424880415,7.613037309431918,-42.184571521328344,0.7143999630922053,NYIS
2020-11-17,417.21252253939633,9.849917597770709,-41.18851140236146,15.195071265194372,NYIS
2020-11-18,417.2059108299885,10.201840752502658,-40.14565993459462,30.101908352103408,NYIS
2020-11-19,417.19929912058063,8.648010458874726,-39.05770457681794,21.1033949973625,NYIS
2020-11-20,417.1926874111728,4.566542874420552,-37.926385458113074,-6.332844827480358,NYIS
2020-11-21,417.186075701765,-18.192034567509705,-36.75349318438935,-7.327547949865959,NYIS
2020-11-22,417.17946399235717,-22.71878381078724,-35.54086658542797,9.606186403858032,NYIS
2020-11-23,417.1728522829493,7.613037309431918,-34.29039040513935,0.46050081275814136,NYIS
2020-11-24,417.1662405735415,9.849917597770709,-33.00399293780731,2.2078347664951252,NYIS
2020-11-25,417.15962886413365,10.201840752502658,-31.683643613158296,-2.9848260034780196,NYIS
2020-11-26,417.1530171547258,8.648010458874726,-30.33135053314986,-40.5926770804507,NYIS
2020-11-27,417.14640544531795,4.566542874420552,-28.949157963438005,-39.47879035630052,NYIS
2020-11-28,417.13979373591013,-18.192034567509705,-27.53914378252605,-14.627615385874435,NYIS
2020-11-29,417.1331820265023,-22.71878381078724,-26.10341689165662,-10.535981324058469,NYIS
2020-11-30,417.12657031709443,7.613037309431918,-24.644114588550288,-2.4234930379760726,NYIS
2020-12-01,417.1199586076866,9.849917597770709,-23.163399908136284,-12.170476297321045,NYIS
2020-12-02,417.1133468982788,10.201840752502658,-21.663458933463808,7.933271282682313,NYIS
2020-12-03,417.10673518887097,8.648010458874726,-20.146498080011312,-0.4212475677343832,NYIS
2020-12-04,417.1001234794631,4.566542874420552,-18.614741356649915,-2.677924997233788,NYIS
2020-12-05,417.0935117700553,-18.192034567509705,-17.070427606536853,6.958950403991253,NYIS
2020-12-06,417.08690006064745,-22.71878381078724,-15.515807731245236,14.373691481385038,NYIS
2020-12-07,417.08028835123963,7.613037309431918,-13.95314190145005,16.79781624077856,NYIS
2020-12-08,417.07367664183175,9.849917597770709,-12.384696757511438,24.7471025179089,NYIS
2020-12-09,417.06706493242393,10.201840752502658,-10.812742603303636,21.08983691837699,NYIS
2020-12-10,417.0604532230161,8.648010458874726,-9.239550596647181,0.9490869147563217,NYIS
2020-12-11,417.0538415136083,4.566542874420552,-7.667389939708258,-8.41399444832058,NYIS
2020-12-12,417.0472298042004,-18.192034567509705,-6.098525072723394,-8.637670163967357,NYIS
2020-12-13,417.0406180947926,-22.71878381078724,-4.535212874409513,-19.750621409595908,NYIS
2020-12-14,417.03400638538477,7.613037309431918,-2.979699872405657,0.10465617758893586,NYIS
2020-12-15,417.02739467597695,9.849917597770709,-1.4342194670854873,8.388907193337786,NYIS
2020-12-16,417.0207829665691,10.201840752502658,0.09901082794138105,35.417365452986814,NYIS
2020-12-17,417.01417125716125,8.648010458874726,1.6177921253358498,29.226026158628144,NYIS
2020-12-18,417.00755954775343,4.566542874420552,3.119946880270966,35.297950697554995,NYIS
2020-12-19,417.0009478383456,-18.192034567509705,4.603321580156017,37.57976514900804,NYIS
2020-12-20,416.99433612893773,-22.71878381078724,6.065789404629566,21.012658277219884,NYIS
2020-12-21,416.9877244195299,7.613037309431918,7.50525285263908,-2.611014581600898,NYIS
2020-12-22,416.9811127101221,9.849917597770709,8.91964633346397,-9.884676641356805,NYIS
2020-12-23,416.9745010007142,10.201840752502658,10.306938718586991,-13.873280471803866,NYIS
2020-12-24,416.9678892913064,8.648010458874726,11.66513585135638,-41.94303560153753,NYIS
2020-12-25,416.96127758189857,4.566542874420552,12.992283011443394,-59.68910346776249,NYIS
2020-12-26,416.95466587249075,-18.192034567509705,14.286467331141957,1.7269013638770048,NYIS
2020-12-27,416.9480541630829,-22.71878381078724,15.545820160624212,-0.19309051291992319,NYIS
2020-12-28,416.94144245367505,7.613037309431918,16.768519379319873,-22.599999142426896,NYIS
2020-12-29,416.93483074426723,9.849917597770709,17.952791650655573,-19.240539992693527,NYIS
2020-12-30,416.9282190348594,10.201840752502658,19.096914617456786,-14.571974404818889,NYIS
2020-12-31,416.92160732545153,8.648010458874726,20.1992190353835,-35.96483681970983,NYIS
2021-01-01,416.9149956160437,4.566542874420552,20.46807060227734,-47.49160909274161,NYIS
2021-01-02,416.9083839066359,-18.192034567509705,21.515838716803977,-33.475188055930175,NYIS
2021-01-03,416.90177219722807,-22.71878381078724,22.5182372842076,-15.92822567064843,NYIS
2021-01-04,416.8951604878202,7.613037309431918,23.473783614444383,-28.12798141169651,NYIS
2021-01-05,416.88854877841237,9.849917597770709,24.38105644824737,-30.103522824430456,NYIS
2021-01-06,416.88193706900455,10.201840752502658,25.238697725199508,-27.09347554670677,NYIS
2021-01-07,416.87532535959673,8.648010458874726,26.04541427521158,-21.877750093683062,NYIS
2021-01-08,416.86871365018885,4.566542874420552,26.799979431378446,-10.58223595598787,NYIS
2021-01-09,416.86210194078103,-18.192034567509705,27.50123456227997,-8.87430193555133,NYIS
2021-01-10,416.8554902313732,-22.71878381078724,28.148090521889568,-15.118796942475512,NYIS
2021-01-11,416.8488785219654,7.613037309431918,28.739529015350765,-13.712444846748099,NYIS
2021-01-12,416.8422668125575,9.849917597770709,29.274603878982756,-24.98478828931104,NYIS
2021-01-13,416.8356551031497,10.201840752502658,29.752442272977735,-28.2549381286301,NYIS
2021-01-14,416.82904339374187,8.648010458874726,30.172245785356886,-38.59629963797346,NYIS
2021-01-15,416.82243168433405,4.566542874420552,30.533291445857383,-33.830266004611985,NYIS
2021-01-16,416.81581997492617,-18.192034567509705,30.834932648529975,-37.6207180559465,NYIS
2021-01-17,416.80920826551835,-22.71878381078724,31.07659998193551,-37.02502443666663,NYIS
2021-01-18,416.80259655611053,7.613037309431918,31.25780196593839,-46.330435831480884,NYIS
2021-01-19,416.79598484670265,9.849917597770709,31.378125694206613,-30.521028138680038,NYIS
2021-01-20,416.78937313729483,10.201840752502658,31.43723738163957,-23.590451271437075,NYIS
2021-01-21,416.782761427887,8.648010458874726,31.434882816058686,-15.966654702820506,NYIS
2021-01-22,416.7761497184792,4.566542874420552,31.37088771360921,-27.698580306508973,NYIS
2021-01-23,416.7695380090713,-18.192034567509705,31.245157977436687,-6.64366141899842,NYIS
2021-01-24,416.7629262996635,-22.71878381078724,31.057679859316124,1.7081776518076026,NYIS
2021-01-25,416.75631459025567,7.613037309431918,30.80852002402791,-8.892871923715518,NYIS
2021-01-26,416.74970288084785,9.849917597770709,30.49782551639,-7.320445995008583,NYIS
2021-01-27,416.74309117143997,10.201840752502658,30.125823630971748,-13.947755554914409,NYIS
2021-01-28,416.73647946203215,8.648010458874726,29.692821684630626,2.403688394462449,NYIS
2021-01-29,416.72986775262433,4.566542874420552,29.19920669212889,31.39738268082624,NYIS
2021-01-30,416.7232560432165,-18.192034567509705,28.645444945202364,24.825333579090795,NYIS
2021-01-31,416.71664433380863,-22.71878381078724,28.03208149556848,29.508057981410104,NYIS
2021-02-01,416.7100326244008,7.613037309431918,27.359739542475417,12.959190523691802,NYIS
2021-02-02,416.703420914993,9.849917597770709,26.62911972550728,1.3985417617290068,NYIS
2021-02-03,416.69680920558517,10.201840752502658,25.84099932347347,-1.5826492815613165,NYIS
2021-02-04,416.6901974961773,8.648010458874726,24.99623136032207,-14.376439315374057,NYIS
2021-02-05,416.68358578676947,4.566542874420552,24.095743619127852,-17.896872280317837,NYIS
2021-02-06,416.67697407736165,-18.192034567509705,23.140537565314837,-14.629477075166847,NYIS
2021-02-07,416.6703623679538,-22.71878381078724,22.13168718038165,9.254734262451791,NYIS
2021-02-08,416.66375065854595,7.613037309431918,21.070337707504308,14.755874324517833,NYIS
2021-02-09,416.65713894913813,9.849917597770709,19.957704310496336,15.493239142594803,NYIS
2021-02-10,416.6505272397303,10.201840752502658,18.795070647708947,6.034561360058092,NYIS
2021-02-11,416.64391553032243,8.648010458874726,17.583787362555654,12.773286648247108,NYIS
2021-02-12,416.6373038209146,4.566542874420552,16.325270492445256,24.54188281221957,NYIS
2021-02-13,416.6306921115068,-18.192034567509705,15.020999798003565,27.60534265799936,NYIS
2021-02-14,416.62408040209897,-22.71878381078724,13.672517014560396,13.417186394127896,NYIS
2021-02-15,416.6174686926911,7.613037309431918,12.28142402797013,1.7360699699067936,NYIS
2021-02-16,416.61085698328327,9.849917597770709,10.849380976924767,-5.703155557978789,NYIS
2021-02-17,416.60424527387545,10.201840752502658,9.378104284006234,8.793809689615614,NYIS
2021-02-18,416.5976335644676,8.648010458874726,7.869364617809264,28.072991358848412,NYIS
2021-02-19,416.59102185505975,4.566542874420552,6.324984788548907,24.556450481970728,NYIS
2021-02-20,416.58441014565193,-18.192034567509705,4.746837579645945,19.8377868422117,NYIS
2021-02-21,416.5777984362441,-22.71878381078724,3.136843517859795,16.94414185668336,NYIS
2021-02-22,416.5711867268363,7.613037309431918,1.4969685846122367,20.380807379119574,NYIS
2021-02-23,416.5645750174284,9.849917597770709,-0.17077812878471477,2.8692855135855666,NYIS
2021-02-24,416.5579633080206,10.201840752502658,-1.8643468192163404,-19.545457241306963,NYIS
2021-02-25,416.55135159861277,8.648010458874726,-3.5816494203235116,-16.775712637163963,NYIS
2021-02-26,416.54473988920495,4.566542874420552,-5.320562098627686,-9.262720664997744,NYIS
2021-02-27,416.53812817979707,-18.192034567509705,-7.0789277942602595,-2.0121658180271993,NYIS
2021-02-28,416.53151647038925,-22.71878381078724,-8.854558803281492,-3.5451738563205026,NYIS
2021-03-01,416.5249047609814,7.613037309431918,-10.645239398524012,1.4542973281106129,NYIS
2021-03-02,416.5182930515736,9.849917597770709,-12.448728485849319,23.315517836505023,NYIS
2021-03-03,416.51168134216573,10.201840752502658,-14.262762292663748,-2.31775980200473,NYIS
2021-03-04,416.5050696327579,8.648010458874726,-16.085057085500917,4.589976993868277,NYIS
2021-03-05,416.4984579233501,4.566542874420552,-17.913311913442975,25.741311115672318,NYIS
2021-03-06,416.49184621394227,-18.192034567509705,-19.74521137412159,34.31839972768904,NYIS
2021-03-07,416.4852345045344,-22.71878381078724,-21.578428399012523,21.24697770526535,NYIS
2021-03-08,416.47862279512657,7.613037309431918,-23.410627054713245,19.358966950154752,NYIS
2021-03-09,416.47201108571875,9.849917597770709,-25.239465356875254,-10.951463326614203,NYIS
2021-03-10,416.46539937631087,10.201840752502658,-27.062598093444787,-17.64764203536879,NYIS
2021-03-11,416.45878766690305,8.648010458874726,-28.877679653856198,-23.741118471921595,NYIS
2021-03-12,416.45217595749523,4.566542874420552,-30.682366860813207,-27.166351971102642,NYIS
2021-03-13,416.4455642480874,-18.192034567509705,-32.474321801289705,-4.345207879287955,NYIS
2021-03-14,416.43895253867953,-22.71878381078724,-34.25121465338309,-7.345954074509223,NYIS
2021-03-15,416.4323408292717,7.613037309431918,-36.01072650565574,34.407348366952135,NYIS
2021-03-16,416.4257291198639,9.849917597770709,-37.7505521656101,44.450905447975515,NYIS
2021-03-17,416.41911741045607,10.201840752502658,-39.46840295395427,19.264444790995526,NYIS
2021-03-18,416.4125057010482,8.648010458874726,-41.162009481331026,26.532493321408083,NYIS
2021-03-19,416.40589399164037,4.566542874420552,-42.82912440420423,24.946687538143237,NYIS
2021-03-20,416.39928228223255,-18.192034567509705,-44.46752515661987,12.171277441896962,NYIS
2021-03-21,416.3926705728247,-22.71878381078724,-46.075016654587095,-1.010870107450387,NYIS
2021-03-22,416.38605886341685,7.613037309431918,-47.649433969856986,-11.581662202991879,NYIS
2021-03-23,416.37944715400903,9.849917597770709,-49.188644969911394,-16.44871978186842,NYIS
2021-03-24,416.3728354446012,10.201840752502658,-50.690552921015026,-5.439123276088878,NYIS
2021-03-25,416.3662237351934,8.648010458874726,-52.15309905122549,-16.619135142842595,NYIS
2021-03-26,416.3596120257855,4.566542874420552,-53.574265070304534,-9.418889829901616,NYIS
2021-03-27,416.3530003163777,-18.192034567509705,-54.95207564352275,-13.15389010534534,NYIS
2021-03-28,416.34638860696987,-22.71878381078724,-56.28460081640475,6.062996020222101,NYIS
2021-03-29,416.33977689756205,7.613037309431918,-57.569958387519726,0.5721441805257541,NYIS
2021-03-30,416.33316518815417,9.849917597770709,-58.80631622648197,-8.547766559442948,NYIS
2021-03-31,416.32655347874635,10.201840752502658,-59.991894534391975,0.2665003031429478,NYIS
2021-04-01,416.3199417693385,8.648010458874726,-61.12496804401506,14.974015815801806,NYIS
2021-04-02,416.3133300599307,4.566542874420552,-62.20386815706552,24.058995222714316,NYIS
2021-04-03,416.30671835052283,-18.192034567509705,-63.22698501603909,17.523301233025904,NYIS
2021-04-04,416.300106641115,-22.71878381078724,-64.19276950811212,-0.37155332221567505,NYIS
2021-04-05,416.2934949317072,7.613037309431918,-65.09973519870728,-6.10079704243185,NYIS
2021-04-06,416.2868832222993,9.849917597770709,-65.94646019240702,-8.334340627663096,NYIS
2021-04-07,416.2802715128915,10.201840752502658,-66.73158891898265,-10.155523346411542,NYIS
2021-04-08,416.27365980348367,8.648010458874726,-67.45383384239435,-10.362836419964026,NYIS
2021-04-09,416.26704809407585,4.566542874420552,-68.11197709070855,-4.274613877787829,NYIS
2021-04-10,416.26043638466797,-18.192034567509705,-68.70487200497209,-4.594529812186238,NYIS
2021-04-11,416.25382467526015,-22.71878381078724,-69.23144460517827,6.715403740705369,NYIS
2021-04-12,416.2472129658523,7.613037309431918,-69.69069497155763,14.245444696273353,NYIS
2021-04-13,416.2406012564445,9.849917597770709,-70.08169853952538,-0.6268203146898372,NYIS
2021-04-14,416.23398954703663,10.201840752502658,-70.40360730672072,-4.713222992818601,NYIS
2021-04-15,416.2273778376288,8.648010458874726,-70.65565095067532,16.985262654171777,NYIS
2021-04-16,416.220766128221,4.566542874420552,-70.83713785575492,23.174828853113354,NYIS
2021-04-17,416.21415441881317,-18.192034567509705,-70.94745604812398,14.25933619682047,NYIS
2021-04-18,416.2075427094053,-22.71878381078724,-70.98607403759283,2.7283151389747218,NYIS
2021-04-19,416.20093099999747,7.613037309431918,-70.95254156531578,-1.9964267441135917,NYIS
2021-04-20,416.19431929058965,9.849917597770709,-70.84649025642038,2.7522533680599963,NYIS
2021-04-21,416.1877075811818,10.201840752502658,-70.66763417675982,17.96408584307534,NYIS
2021-04-22,416.18109587177395,8.648010458874726,-70.41577029309373,28.560663962445005,NYIS
2021-04-23,416.1744841623661,4.566542874420552,-70.09077883611695,9.449751799330272,NYIS
2021-04-24,416.1678724529583,-18.192034567509705,-69.69262356587002,-3.905214319578647,NYIS
2021-04-25,416.1612607435505,-22.71878381078724,-69.22135193918066,5.62387500641745,NYIS
2021-04-26,416.1546490341426,7.613037309431918,-68.67709517890154,-0.5585911646730324,NYIS
2021-04-27,416.1480373247348,9.849917597770709,-68.06006824482478,-2.620886677680744,NYIS
2021-04-28,416.14142561532697,10.201840752502658,-67.37056970627073,-1.6726966615589163,NYIS
2021-04-29,416.1348139059191,8.648010458874726,-66.60898151646386,11.352157151669985,NYIS
2021-04-30,416.12820219651127,4.566542874420552,-65.77576868892528,4.78902361799345,NYIS
2021-05-01,416.12159048710345,-18.192034567509705,-64.87147887622682,-6.975077043366923,NYIS
2021-05-02,416.1149787776956,-22.71878381078724,-63.896741851566816,-4.790453115341563,NYIS
2021-05-03,416.10836706828775,7.613037309431918,-62.85226889374312,-4.884135483976593,NYIS
2021-05-04,416.1017553588799,9.849917597770709,-61.73885207621254,-5.346820880438145,NYIS
2021-05-05,416.0951436494721,10.201840752502658,-60.557363461039316,-4.919620940935431,NYIS
2021-05-06,416.0885319400643,8.648010458874726,-59.30875419864814,-20.025788200290833,NYIS
2021-05-07,416.0819202306564,4.566542874420552,-57.994053534407485,-13.798409570669548,NYIS
2021-05-08,416.0753085212486,-18.192034567509705,-56.61436772318091,-8.098906230557986,NYIS
2021-05-09,416.06869681184077,-22.71878381078724,-55.17087885309057,-16.554034147962966,NYIS
2021-05-10,416.06208510243295,7.613037309431918,-53.66484357984679,-13.589278832018067,NYIS
2021-05-11,416.05547339302507,9.849917597770709,-52.09759177310144,-20.290799217694428,NYIS
2021-05-12,416.04886168361725,10.201840752502658,-50.47052507638842,-24.357177359731566,NYIS
2021-05-13,416.0422499742094,8.648010458874726,-48.78511538231518,-25.87614505076897,NYIS
2021-05-14,416.0356382648016,4.566542874420552,-47.04290322477095,-22.49727791445116,NYIS
2021-05-15,416.0290265553937,-18.192034567509705,-45.24549609001489,-24.541495897869197,NYIS
2021-05-16,416.0224148459859,-22.71878381078724,-43.39456664860282,-22.52506438659583,NYIS
2021-05-17,416.0158031365781,7.613037309431918,-41.49185091020606,-19.912989535804,NYIS
2021-05-18,416.00919142717026,9.849917597770709,-39.53914630346583,-8.718962721475123,NYIS
2021-05-19,416.0025797177624,10.201840752502658,-37.538309683116324,15.067889212851242,NYIS
2021-05-20,415.99596800835457,8.648010458874726,-35.49125526669562,11.914276799466279,NYIS
2021-05-21,415.98935629894675,4.566542874420552,-33.39995250324619,19.687053329878893,NYIS
2021-05-22,415.9827445895389,-18.192034567509705,-31.26642387648841,40.30571385445916,NYIS
2021-05-23,415.97613288013105,-22.71878381078724,-29.092742645026824,61.79239357568298,NYIS
2021-05-24,415.9695211707232,7.613037309431918,-26.881030522224545,-12.153527957930635,NYIS
2021-05-25,415.9629094613154,9.849917597770709,-24.633455298452397,-5.215371760633673,NYIS
2021-05-26,415.9562977519075,10.201840752502658,-22.352228408487182,40.241089904077,NYIS
2021-05-27,415.9496860424997,8.648010458874726,-20.03960244689928,16.625905945524835,NYIS
2021-05-28,415.9430743330919,4.566542874420552,-17.697868634330533,-26.01774857318196,NYIS
2021-05-29,415.93646262368406,-18.192034567509705,-15.329354237622148,-37.972073818552246,NYIS
2021-05-30,415.9298509142762,-22.71878381078724,-12.93641994680776,-41.66164715668123,NYIS
2021-05-31,415.92323920486837,7.613037309431918,-10.521457212036253,-81.42081930226408,NYIS
2021-06-01,415.91662749546055,9.849917597770709,-8.086885543538457,-48.76365954969282,NYIS
2021-06-02,415.9100157860527,10.201840752502658,-5.635149777793714,-35.90170676076167,NYIS
2021-06-03,415.90340407664485,8.648010458874726,-3.1687173130951862,-26.50769722242444,NYIS
2021-06-04,415.896792367237,4.566542874420552,-0.6900753177456451,-2.573259923912019,NYIS
2021-06-05,415.8901806578292,-18.192034567509705,1.7982720858481613,35.54458182383229,NYIS
2021-06-06,415.8835689484214,-22.71878381078724,4.293806657888538,82.64940820447737,NYIS
2021-06-07,415.8769572390135,7.613037309431918,6.793998895387745,107.8240065561667,NYIS
2021-06-08,415.8703455296057,9.849917597770709,9.296310900514662,100.4414259721089,NYIS
2021-06-09,415.86373382019787,10.201840752502658,11.798199259730993,108.09422616756842,NYIS
2021-06-10,415.85712211079004,8.648010458874726,14.297117930345046,43.27174949999022,NYIS
2021-06-11,415.85051040138217,4.566542874420552,16.790521131103937,-21.9335744069067,NYIS
2021-06-12,415.84389869197435,-18.192034567509705,19.275866233438748,-33.628730357903464,NYIS
2021-06-13,415.8372869825665,-22.71878381078724,21.750616649977694,-30.036119821756984,NYIS
2021-06-14,415.8306752731587,7.613037309431918,24.21224471694299,-29.735957299533652,NYIS
2021-06-15,415.8240635637508,9.849917597770709,26.6582345670565,-27.25621572857807,NYIS
2021-06-16,415.817451854343,10.201840752502658,29.086084989587725,-53.51837759643348,NYIS
2021-06-17,415.8108401449352,8.648010458874726,31.493312274196057,-57.96116287800601,NYIS
2021-06-18,415.80422843552736,4.566542874420552,33.87745303523286,-30.288224345180822,NYIS
2021-06-19,415.7976167261195,-18.192034567509705,36.23606701319766,16.229350828192537,NYIS
2021-06-20,415.79100501671167,-22.71878381078724,38.56673985006432,19.785038944011205,NYIS
2021-06-21,415.78439330730384,7.613037309431918,40.86708583522709,66.97448354803714,NYIS
2021-06-22,415.77778159789597,9.849917597770709,43.13475061884879,-21.8294498145155,NYIS
2021-06-23,415.77116988848815,10.201840752502658,45.36741388943306,-78.3784245304239,NYIS
2021-06-24,415.7645581790803,8.648010458874726,47.562792012482966,-60.614360650438016,NYIS
2021-06-25,415.7579464696725,4.566542874420552,49.71864062715534,-34.7471299712484,NYIS
2021-06-26,415.7513347602646,-18.192034567509705,51.83275719786853,15.087942609376512,NYIS
2021-06-27,415.7447230508568,-22.71878381078724,53.9029835178752,63.17507724205518,NYIS
2021-06-28,415.738111341449,7.613037309431918,55.9272081618667,115.23164318725236,NYIS
2021-06-29,415.73149963204116,9.849917597770709,57.90336888473715,135.44421388545095,NYIS
2021-06-30,415.7248879226333,10.201840752502658,59.82945496369687,128.7608163611672,NYIS
2021-07-01,415.71827621322547,8.648010458874726,61.70350948099325,43.71620384690641,NYIS
2021-07-02,415.71166450381764,4.566542874420552,63.52363154456512,-18.478838922803334,NYIS
2021-07-03,415.7050527944098,-18.192034567509705,65.28797844403158,-85.00999667093174,NYIS
2021-07-04,415.69844108500195,-22.71878381078724,66.99476773949013,-87.03042501370487,NYIS
2021-07-05,415.6918293755941,7.613037309431918,68.6422792806802,-52.43814596570627,NYIS
2021-07-06,415.6852176661863,9.849917597770709,70.22885715414809,42.84900758189491,NYIS
2021-07-07,415.6786059567785,10.201840752502658,71.75291155613577,52.719641734583035,NYIS
2021-07-08,415.6719942473706,8.648010458874726,73.21292058900225,18.442074704752372,NYIS
2021-07-09,415.6653825379628,4.566542874420552,74.60743197907608,3.2736426085405697,NYIS
2021-07-10,415.65877082855496,-18.192034567509705,75.9350647139315,-24.95580097497674,NYIS
2021-07-11,415.65215911914714,-22.71878381078724,77.19451059717338,-39.74388590553326,NYIS
2021-07-12,415.64554740973927,7.613037309431918,78.38453571891537,-5.2451204380865875,NYIS
2021-07-13,415.63893570033144,9.849917597770709,79.503981840233,-20.284835138335154,NYIS
2021-07-14,415.6323239909236,10.201840752502658,80.55176768997634,9.656067566597414,NYIS
2021-07-15,415.62571228151575,8.648010458874726,81.52689017242884,45.98838708718063,NYIS
2021-07-16,415.6191005721079,4.566542874420552,82.4284254844043,67.93793106906719,NYIS
2021-07-17,415.6124888627001,-18.192034567509705,83.25553014048077,34.193015564328846,NYIS
2021-07-18,415.6058771532923,-22.71878381078724,84.00744190517815,-2.8515352476832163,NYIS
2021-07-19,415.5992654438844,7.613037309431918,84.68348063099535,-11.936783384311695,NYIS
2021-07-20,415.5926537344766,9.849917597770709,85.28304900133466,14.924379666417963,NYIS
2021-07-21,415.58604202506876,10.201840752502658,85.80563317745197,-20.581515955023463,NYIS
2021-07-22,415.57943031566094,8.648010458874726,86.25080334868494,-50.63324412322055,NYIS
2021-07-23,415.57281860625307,4.566542874420552,86.61821418532541,-48.47057566599915,NYIS
2021-07-24,415.56620689684524,-18.192034567509705,86.90760519361598,-47.82277752295158,NYIS
2021-07-25,415.5595951874374,-22.71878381078724,87.11880097246697,-16.60461234911719,NYIS
2021-07-26,415.5529834780296,7.613037309431918,87.25171137160494,22.10326784093354,NYIS
2021-07-27,415.5463717686217,9.849917597770709,87.30633155098027,9.855379082627223,NYIS
2021-07-28,415.5397600592139,10.201840752502658,87.28274194137751,-22.687342753094185,NYIS
2021-07-29,415.5331483498061,8.648010458874726,87.18110810628852,-39.709266914969305,NYIS
2021-07-30,415.52653664039826,4.566542874420552,87.00168050522444,-51.93176002004327,NYIS
2021-07-31,415.5199249309904,-18.192034567509705,86.74479415875881,-99.5716845222396,NYIS
2021-08-01,415.51331322158256,-22.71878381078724,86.41086821570958,-85.22539762650496,NYIS
2021-08-02,415.50670151217474,7.613037309431918,86.00040542298328,-77.00014424458993,NYIS
2021-08-03,415.5000898027669,9.849917597770709,85.51399149871843,-82.53899889925611,NYIS
2021-08-04,415.49347809335904,10.201840752502658,84.95229440948003,-75.62061325534177,NYIS
2021-08-05,415.4868663839512,8.648010458874726,84.31606355236914,-54.823940395195166,NYIS
2021-08-06,415.4802546745434,4.566542874420552,83.60612884302373,-8.00492639198768,NYIS
2021-08-07,415.4736429651356,-18.192034567509705,82.8233997105973,0.37699189177686776,NYIS
2021-08-08,415.4670312557277,-22.71878381078724,81.96886400091228,-24.01011144585283,NYIS
2021-08-09,415.4604195463199,7.613037309431918,81.04358678909168,1.986956355156451,NYIS
2021-08-10,415.45380783691206,9.849917597770709,80.04870910308007,27.89356546223712,NYIS
2021-08-11,415.4471961275042,10.201840752502658,78.98544655956948,71.6375165604237,NYIS
2021-08-12,415.44058441809636,8.648010458874726,77.85508791394847,89.5833172090804,NYIS
2021-08-13,415.43397270868854,4.566542874420552,76.6589935259943,103.70049089089662,NYIS
2021-08-14,415.4273609992807,-18.192034567509705,75.39859374312636,57.70207982510266,NYIS
2021-08-15,415.42074928987284,-22.71878381078724,74.07538720313671,-26.225352682222365,NYIS
2021-08-16,415.414137580465,7.613037309431918,72.69093905840792,-22.751113948304862,NYIS
2021-08-17,415.4075258710572,9.849917597770709,71.24687912372043,-1.7863225925484016,NYIS
2021-08-18,415.4009141616494,10.201840752502658,69.7448999498412,21.08534513600671,NYIS
2021-08-19,415.3943024522415,8.648010458874726,68.18675482517409,50.870932263709676,NYIS
2021-08-20,415.3876907428337,4.566542874420552,66.5742557078339,39.18051067491177,NYIS
2021-08-21,415.38107903342586,-18.192034567509705,64.90927109059147,38.23168444349233,NYIS
2021-08-22,415.37446732401804,-22.71878381078724,63.193723801212585,18.180592685556576,NYIS
2021-08-23,415.36785561461016,7.613037309431918,61.42958874079129,30.289518335166633,NYIS
2021-08-24,415.36124390520234,9.849917597770709,59.618890562749755,60.76294793427712,NYIS
2021-08-25,415.3546321957945,10.201840752502658,57.76370129524807,82.4088257564548,NYIS
2021-08-26,415.3480204863867,8.648010458874726,55.86613790981096,118.78783114492757,NYIS
2021-08-27,415.3414087769788,4.566542874420552,53.92835983904368,110.06568850955699,NYIS
2021-08-28,415.334797067571,-18.192034567509705,51.952566446368785,22.26367105356985,NYIS
2021-08-29,415.3281853581632,-22.71878381078724,49.9409944507696,2.164604001854457,NYIS
2021-08-30,415.32157364875536,7.613037309431918,47.895915309581206,58.117473732231474,NYIS
2021-08-31,415.3149619393475,9.849917597770709,45.81963256241733,37.734487900464444,NYIS
2021-09-01,415.30835022993966,10.201840752502658,43.714479139366915,-14.13067012180926,NYIS
2021-09-02,415.30173852053184,8.648010458874726,41.58281463663735,-60.63656361604393,NYIS
2021-09-03,415.295126811124,4.566542874420552,39.427022562855605,-64.41469224840017,NYIS
2021-09-04,415.28851510171614,-18.192034567509705,37.249507559277845,-52.88298809348436,NYIS
2021-09-05,415.2819033923083,-22.71878381078724,35.0526925971829,-37.399812178703996,NYIS
2021-09-06,415.2752916829005,7.613037309431918,32.83901615575467,-44.48634514808714,NYIS
2021-09-07,415.2686799734926,9.849917597770709,30.610929383781457,-24.452526955044846,NYIS
2021-09-08,415.2620682640848,10.201840752502658,28.370893248515138,15.289197734897414,NYIS
2021-09-09,415.255456554677,8.648010458874726,26.12137567505154,-2.32084268860325,NYIS
2021-09-10,415.24884484526916,4.566542874420552,23.864848679601472,-38.432236399291185,NYIS
2021-09-11,415.2422331358613,-18.192034567509705,21.60378550003065,-39.24798406838232,NYIS
2021-09-12,415.23562142645346,-22.71878381078724,19.340657727046292,2.1795046572874526,NYIS
2021-09-13,415.22900971704564,7.613037309431918,17.077932439409345,36.30502053411311,NYIS
2021-09-14,415.2223980076378,9.849917597770709,14.81806934654632,26.57561504804511,NYIS
2021-09-15,415.21578629822994,10.201840752502658,12.563517941921852,60.52085500734546,NYIS
2021-09-16,415.2091745888221,8.648010458874726,10.316714670523467,21.554100281779654,NYIS
2021-09-17,415.2025628794143,4.566542874420552,8.08008011379205,29.68481413237305,NYIS
2021-09-18,415.1959511700065,-18.192034567509705,5.856016195307035,39.983067202196196,NYIS
2021-09-19,415.1893394605986,-22.71878381078724,3.646903410515961,-6.65545906032736,NYIS
2021-09-20,415.1827277511908,7.613037309431918,1.4550980837627776,-9.600863144385528,NYIS
2021-09-21,415.17611604178296,9.849917597770709,-0.717070344158742,-3.5909632953949426,NYIS
2021-09-22,415.16950433237514,10.201840752502658,-2.86730199473935,42.69595690986148,NYIS
2021-09-23,415.16289262296726,8.648010458874726,-4.993329193629606,53.61542611178754,NYIS
2021-09-24,415.15628091355944,4.566542874420552,-7.092919072551428,-14.226904715428532,NYIS
2021-09-25,415.1496692041516,-18.192034567509705,-9.163876128192602,-25.794758508449377,NYIS
2021-09-26,415.1430574947438,-22.71878381078724,-11.204044735079485,-31.307228948877025,NYIS
2021-09-27,415.1364457853359,7.613037309431918,-13.211311609478006,-13.64517148528995,NYIS
2021-09-28,415.1298340759281,9.849917597770709,-15.183608221435254,-8.321143452263584,NYIS
2021-09-29,415.1232223665203,10.201840752502658,-17.11891315213015,-36.8881499668928,NYIS
2021-09-30,415.1166106571124,8.648010458874726,-19.01525439377259,-36.16536672221457,NYIS
2021-10-01,415.1099989477046,4.566542874420552,-20.870711589354716,-38.19083023277045,NYIS
2021-10-02,415.10338723829676,-18.192034567509705,-22.683418209631945,-28.301934461155213,NYIS
2021-10-03,415.09677552888894,-22.71878381078724,-24.45156366478578,-4.923428053315945,NYIS
2021-10-04,415.09016381948106,7.613037309431918,-26.173395348296715,11.072194219383618,NYIS
2021-10-05,415.08355211007324,9.849917597770709,-27.84722061063914,-11.282249097204897,NYIS
2021-10-06,415.0769404006654,10.201840752502658,-29.471408660491164,-11.662372492676923,NYIS
2021-10-07,415.0703286912576,8.648010458874726,-31.04439239123863,0.31605324110626043,NYIS
2021-10-08,415.0637169818497,4.566542874420552,-32.564670130644174,9.184410274373818,NYIS
2021-10-09,415.0571052724419,-18.192034567509705,-34.0308073116391,-6.146263393293168,NYIS
2021-10-10,415.0504935630341,-22.71878381078724,-35.441438062294296,-6.272271689952561,NYIS
2021-10-11,415.04388185362626,7.613037309431918,-36.795266713118934,-5.53965244993924,NYIS
2021-10-12,415.0372701442184,9.849917597770709,-38.091069219935676,3.125881477946564,NYIS
2021-10-13,415.03065843481056,10.201840752502658,-39.32769450068144,6.772195313368229,NYIS
2021-10-14,415.02404672540274,8.648010458874726,-40.50406568458351,15.337008500305956,NYIS
2021-10-15,415.0174350159949,4.566542874420552,-41.619181272267824,29.941203381852347,NYIS
2021-10-16,415.01082330658704,-18.192034567509705,-42.67211620545814,26.91532746638069,NYIS
2021-10-17,415.0042115971792,-22.71878381078724,-43.662022845035935,-10.195404941356117,NYIS
2021-10-18,414.9975998877714,7.613037309431918,-44.588131856337284,-11.532505340866066,NYIS
2021-10-19,414.9909881783636,9.849917597770709,-45.44975300067337,-13.378152775460933,NYIS
2021-10-20,414.9843764689557,10.201840752502658,-46.24627583217401,-6.125941389284378,NYIS
2021-10-21,414.9777647595479,8.648010458874726,-46.97717029916441,2.4243950807417605,NYIS
2021-10-22,414.97115305014006,4.566542874420552,-47.64198724939877,1.571291324838171,NYIS
2021-10-23,414.96454134073224,-18.192034567509705,-48.24035883859027,-4.81714793463226,NYIS
2021-10-24,414.95792963132436,-22.71878381078724,-48.77199884178856,-5.31714697874861,NYIS
2021-10-25,414.95131792191654,7.613037309431918,-49.23670286727449,9.338347635926027,NYIS
2021-10-26,414.9447062125087,9.849917597770709,-49.63434847275477,11.755724662475302,NYIS
2021-10-27,414.93809450310084,10.201840752502658,-49.964895183756816,-2.395040071846722,NYIS
2021-10-28,414.931482793693,8.648010458874726,-50.2283844142394,-3.138108838328378,NYIS
2021-10-29,414.9248710842852,4.566542874420552,-50.424939289550366,4.026525330844606,NYIS
2021-10-30,414.9182593748774,-18.192034567509705,-50.55476437197932,8.788539564611597,NYIS
2021-10-31,414.9116476654695,-22.71878381078724,-50.6181452892679,-0.28671856541438956,NYIS
2021-11-01,414.9050359560617,7.613037309431918,-50.615448266555674,-3.635624998937942,NYIS
2021-11-02,414.89842424665386,9.849917597770709,-50.54711956235423,7.351777717929622,NYIS
2021-11-03,414.89181253724604,10.201840752502658,-50.413684809255415,12.782031519506688,NYIS
2021-11-04,414.88520082783816,8.648010458874726,-50.215748260193095,19.178536973480107,NYIS
2021-11-05,414.87858911843034,4.566542874420552,-49.953991941189386,19.441859948338447,NYIS
2021-11-06,414.8719774090225,-18.192034567509705,-49.62917471162717,15.848231870114319,NYIS
2021-11-07,414.8653656996147,-22.71878381078724,-49.242131233200354,28.074549344372883,NYIS
2021-11-08,414.8587539902068,7.613037309431918,-48.79377084880177,4.847979549162972,NYIS
2021-11-09,414.852142280799,9.849917597770709,-48.28507637271465,1.7930164941448652,NYIS
2021-11-10,414.8455305713912,10.201840752502658,-47.717102793579315,-6.275268530314577,NYIS
2021-11-11,414.83891886198336,8.648010458874726,-47.09097589170999,1.9000465708518277,NYIS
2021-11-12,414.8323071525755,4.566542874420552,-46.407890772437455,7.188040745441413,NYIS
2021-11-13,414.82569544316766,-18.192034567509705,-45.66911031725369,12.762449441595663,NYIS
2021-11-14,414.81908373375984,-22.71878381078724,-44.87596355463077,17.259663631658157,NYIS
2021-11-15,414.812472024352,7.613037309431918,-44.02984395248306,22.63333461869911,NYIS
2021-11-16,414.80586031494414,9.849917597770709,-43.13220763433246,20.0794297216176,NYIS
2021-11-17,414.7992486055363,10.201840752502658,-42.184571521328344,18.010482163289282,NYIS
2021-11-18,414.7926368961285,8.648010458874726,-41.18851140236146,3.846864047358224,NYIS
2021-11-19,414.7860251867207,4.566542874420552,-40.14565993459462,16.665091873453378,NYIS
2021-11-20,414.7794134773128,-18.192034567509705,-39.05770457681794,19.47632566701475,NYIS
2021-11-21,414.772801767905,-22.71878381078724,-37.926385458113074,11.039367500995297,NYIS
2021-11-22,414.76619005849716,7.613037309431918,-36.75349318438935,15.043265816460234,NYIS
2021-11-23,414.7595783490893,9.849917597770709,-35.54086658542797,26.3903706385679,NYIS
2021-11-24,414.75296663968146,10.201840752502658,-34.29039040513935,20.898583012955214,NYIS
2021-11-25,414.74635493027364,8.648010458874726,-33.00399293780731,-21.604372451341078,NYIS
2021-11-26,414.7397432208658,4.566542874420552,-31.683643613158296,-3.6326424821280625,NYIS
2021-11-27,414.73313151145794,-18.192034567509705,-30.33135053314986,24.148253589201545,NYIS
2021-11-28,414.7265198020501,-22.71878381078724,-28.949157963438005,34.04842197217516,NYIS
2021-11-29,414.7199080926423,7.613037309431918,-27.53914378252605,29.61919838045185,NYIS
2021-11-30,414.7132963832345,9.849917597770709,-26.10341689165662,33.97320291065142,NYIS
2021-12-01,414.7066846738266,10.201840752502658,-24.644114588550288,14.697589162220993,NYIS
2021-12-02,414.7000729644188,8.648010458874726,-23.163399908136284,9.105316484842774,NYIS
2021-12-03,414.69346125501096,4.566542874420552,-21.663458933463808,13.304454804032275,NYIS
2021-12-04,414.68684954560314,-18.192034567509705,-20.146498080011312,16.975683101917866,NYIS
2021-12-05,414.68023783619526,-22.71878381078724,-18.614741356649915,13.468287331241811,NYIS
2021-12-06,414.67362612678744,7.613037309431918,-17.070427606536853,4.313764170317427,NYIS
2021-12-07,414.6670144173796,9.849917597770709,-15.515807731245236,15.131875716094896,NYIS
2021-12-08,414.6604027079718,10.201840752502658,-13.95314190145005,25.275898440975652,NYIS
2021-12-09,414.6537909985639,8.648010458874726,-12.384696757511438,28.400895300072705,NYIS
2021-12-10,414.6471792891561,4.566542874420552,-10.812742603303636,12.613020439726938,NYIS
2021-12-11,414.6405675797483,-18.192034567509705,-9.239550596647181,-1.351982415591408,NYIS
2021-12-12,414.63395587034046,-22.71878381078724,-7.667389939708258,-9.709782119844931,NYIS
2021-12-13,414.6273441609326,7.613037309431918,-6.098525072723394,-8.584856397641147,NYIS
2021-12-14,414.62073245152476,9.849917597770709,-4.535212874409513,-13.427437174886052,NYIS
2021-12-15,414.61412074211694,10.201840752502658,-2.979699872405657,-4.303261622213938,NYIS
2021-12-16,414.60750903270906,8.648010458874726,-1.4342194670854873,-27.910300024498383,NYIS
2021-12-17,414.60089732330124,4.566542874420552,0.09901082794138105,-31.969451025663204,NYIS
2021-12-18,414.5942856138934,-18.192034567509705,1.6177921253358498,-2.050043171719551,NYIS
2021-12-19,414.5876739044856,-22.71878381078724,3.119946880270966,7.307163026030651,NYIS
2021-12-20,414.5810621950777,7.613037309431918,4.603321580156017,11.853578915334253,NYIS
2021-12-21,414.5744504856699,9.849917597770709,6.065789404629566,-2.7421574880702337,NYIS
2021-12-22,414.5678387762621,10.201840752502658,7.50525285263908,-4.85993238140378,NYIS
2021-12-23,414.56122706685426,8.648010458874726,8.91964633346397,2.4371161408070066,NYIS
2021-12-24,414.5546153574464,4.566542874420552,10.306938718586991,-17.38709695045395,NYIS
2021-12-25,414.54800364803856,-18.192034567509705,11.66513585135638,-26.9901049318853,NYIS
2021-12-26,414.54139193863074,-22.71878381078724,12.992283011443394,-26.98889113928692,NYIS
2021-12-27,414.5347802292229,7.613037309431918,14.286467331141957,-11.943284869796798,NYIS
2021-12-28,414.52816851981504,9.849917597770709,15.545820160624212,-28.452906278210037,NYIS
2021-12-29,414.5215568104072,10.201840752502658,16.768519379319873,-29.762916942229822,NYIS
2021-12-30,414.5149451009994,8.648010458874726,17.952791650655573,-39.73974721052974,NYIS
2021-12-31,414.5083333915916,4.566542874420552,19.096914617456786,-57.89279088346893,NYIS
2022-01-01,414.5017216821837,-18.192034567509705,20.46807060227734,-51.83275771695139,NYIS
2022-01-02,414.4951099727759,-22.71878381078724,21.515838716803977,-30.348164878792602,NYIS
2022-01-03,414.48849826336806,7.613037309431918,22.5182372842076,4.376227142992377,NYIS
2022-01-04,414.48188655396024,9.849917597770709,23.473783614444383,5.504412233824667,NYIS
2022-01-05,414.47527484455236,10.201840752502658,24.38105644824737,-11.031172045302469,NYIS
2022-01-06,414.46866313514454,8.648010458874726,25.238697725199508,-13.108371319218804,NYIS
2022-01-07,414.4620514257367,4.566542874420552,26.04541427521158,7.186991424631117,NYIS
2022-01-08,414.4554397163289,-18.192034567509705,26.799979431378446,16.760615419802377,NYIS
2022-01-09,414.448828006921,-22.71878381078724,27.50123456227997,3.4777212415862095,NYIS
2022-01-10,414.4422162975132,7.613037309431918,28.148090521889568,5.685655871165295,NYIS
2022-01-11,414.4356045881054,9.849917597770709,28.739529015350765,33.93294879877311,NYIS
2022-01-12,414.4289928786975,10.201840752502658,29.274603878982756,11.845562489816928,NYIS
2022-01-13,414.4223811692897,8.648010458874726,29.752442272977735,-20.138833901142164,NYIS
2022-01-14,414.41576945988186,4.566542874420552,30.172245785356886,-8.207558119659268,NYIS
2022-01-15,414.40915775047404,-18.192034567509705,30.533291445857383,46.20258537117826,NYIS
2022-01-16,414.40254604106616,-22.71878381078724,30.834932648529975,39.18230512119101,NYIS
2022-01-17,414.39593433165834,7.613037309431918,31.07659998193551,-6.321571623025761,NYIS
2022-01-18,414.3893226222505,9.849917597770709,31.25780196593839,-0.06904218595968814,NYIS
2022-01-19,414.3827109128427,10.201840752502658,31.378125694206613,-9.956677359551975,NYIS
2022-01-20,414.3760992034348,8.648010458874726,31.43723738163957,-3.264347043949158,NYIS
2022-01-21,414.369487494027,4.566542874420552,31.434882816058686,33.56008681549366,NYIS
2022-01-22,414.3628757846192,-18.192034567509705,31.37088771360921,35.51427106928128,NYIS
2022-01-23,414.35626407521136,-22.71878381078724,31.245157977436687,15.16536175813917,NYIS
2022-01-24,414.3496523658035,7.613037309431918,31.057679859316124,6.557630465448426,NYIS
2022-01-25,414.34304065639566,9.849917597770709,30.80852002402791,-4.461478278194306,NYIS
2022-01-26,414.33642894698784,10.201840752502658,30.49782551639,15.377904784119494,NYIS
2022-01-27,414.32981723758,8.648010458874726,30.125823630971748,24.44734867257347,NYIS
2022-01-28,414.32320552817214,4.566542874420552,29.692821684630626,14.825429912776656,NYIS
2022-01-29,414.3165938187643,-18.192034567509705,29.19920669212889,46.87923405661644,NYIS
2022-01-30,414.3099821093565,-22.71878381078724,28.645444945202364,44.13135675622834,NYIS
2022-01-31,414.3033703999487,7.613037309431918,28.03208149556848,22.803510795050954,NYIS
2022-02-01,414.2967586905408,9.849917597770709,27.359739542475417,6.815584169213025,NYIS
2022-02-02,414.290146981133,10.201840752502658,26.62911972550728,-15.629107459142915,NYIS
2022-02-03,414.28353527172516,8.648010458874726,25.84099932347347,-13.439545054073335,NYIS
2022-02-04,414.27692356231734,4.566542874420552,24.99623136032207,6.657302202940059,NYIS
2022-02-05,414.27031185290946,-18.192034567509705,24.095743619127852,28.68397909547241,NYIS
2022-02-06,414.26370014350164,-22.71878381078724,23.140537565314837,31.499546101970736,NYIS
2022-02-07,414.2570884340938,7.613037309431918,22.13168718038165,7.628187076092615,NYIS
2022-02-08,414.25047672468594,9.849917597770709,21.070337707504308,-8.600732029960966,NYIS
2022-02-09,414.2438650152781,10.201840752502658,19.957704310496336,-16.47141007827713,NYIS
2022-02-10,414.2372533058703,8.648010458874726,18.795070647708947,-22.683334412453974,NYIS
2022-02-11,414.2306415964625,4.566542874420552,17.583787362555654,-30.443971833438695,NYIS
2022-02-12,414.2240298870546,-18.192034567509705,16.325270492445256,-28.869265811990203,NYIS
2022-02-13,414.2174181776468,-22.71878381078724,15.020999798003565,12.08336583513693,NYIS
2022-02-14,414.21080646823896,7.613037309431918,13.672517014560396,35.011639207768724,NYIS
2022-02-15,414.20419475883114,9.849917597770709,12.28142402797013,36.200463615427964,NYIS
2022-02-16,414.19758304942326,10.201840752502658,10.849380976924767,8.266195221149246,NYIS
2022-02-17,414.19097134001544,8.648010458874726,9.378104284006234,-23.151086082896484,NYIS
2022-02-18,414.1843596306076,4.566542874420552,7.869364617809264,-11.629267122837462,NYIS
2022-02-19,414.1777479211998,-18.192034567509705,6.324984788548907,24.88030185776097,NYIS
2022-02-20,414.1711362117919,-22.71878381078724,4.746837579645945,18.999810019349297,NYIS
2022-02-21,414.1645245023841,7.613037309431918,3.136843517859795,-30.134405329675815,NYIS
2022-02-22,414.1579127929763,9.849917597770709,1.4969685846122367,-16.99879897535925,NYIS
2022-02-23,414.15130108356846,10.201840752502658,-0.17077812878471477,-25.71336370728642,NYIS
2022-02-24,414.1446893741606,8.648010458874726,-1.8643468192163404,13.124646986181006,NYIS
2022-02-25,414.13807766475276,4.566542874420552,-3.5816494203235116,31.24002888115018,NYIS
2022-02-26,414.13146595534494,-18.192034567509705,-5.320562098627686,27.71613071079247,NYIS
2022-02-27,414.1248542459371,-22.71878381078724,-7.0789277942602595,16.723857359110355,NYIS
2022-02-28,414.11824253652924,7.613037309431918,-8.854558803281492,21.747278957320304,NYIS
2022-03-01,414.1116308271214,9.849917597770709,-10.645239398524012,19.078690973631808,NYIS
2022-03-02,414.1050191177136,10.201840752502658,-12.448728485849319,-5.327131384366908,NYIS
2022-03-03,414.0984074083057,8.648010458874726,-14.262762292663748,8.489344425483239,NYIS
2022-03-04,414.0917956988979,4.566542874420552,-16.085057085500917,27.945718512182452,NYIS
2022-03-05,414.0851839894901,-18.192034567509705,-17.913311913442975,18.124162491462585,NYIS
2022-03-06,414.07857228008226,-22.71878381078724,-19.74521137412159,-11.423577095173414,NYIS
2022-03-07,414.0719605706744,7.613037309431918,-21.578428399012523,-9.528569481093882,NYIS
2022-03-08,414.06534886126656,9.849917597770709,-23.410627054713245,-8.085639404324127,NYIS
2022-03-09,414.05873715185874,10.201840752502658,-25.239465356875254,24.611887452513884,NYIS
2022-03-10,414.0521254424509,8.648010458874726,-27.062598093444787,7.743462192119125,NYIS
2022-03-11,414.04551373304304,4.566542874420552,-28.877679653856198,1.8986230463925722,NYIS
2022-03-12,414.0389020236352,-18.192034567509705,-30.682366860813207,41.908499404687575,NYIS
2022-03-13,414.0322903142274,-22.71878381078724,-32.474321801289705,32.98081529784952,NYIS
2022-03-14,414.0256786048196,7.613037309431918,-34.25121465338309,11.89249873913161,NYIS
2022-03-15,414.0190668954117,9.849917597770709,-36.01072650565574,-4.746257987526633,NYIS
2022-03-16,414.0124551860039,10.201840752502658,-37.7505521656101,-17.48074377289646,NYIS
2022-03-17,414.00584347659606,8.648010458874726,-39.46840295395427,-6.330450981516492,NYIS
2022-03-18,413.99923176718823,4.566542874420552,-41.162009481331026,-18.03276516027779,NYIS
2022-03-19,413.99262005778036,-18.192034567509705,-42.82912440420423,-12.008461086066461,NYIS
2022-03-20,413.98600834837254,-22.71878381078724,-44.46752515661987,-1.413699380965454,NYIS
2022-03-21,413.9793966389647,7.613037309431918,-46.075016654587095,-9.806417293809545,NYIS
2022-03-22,413.9727849295569,9.849917597770709,-47.649433969856986,-6.701268557470655,NYIS
2022-03-23,413.966173220149,10.201840752502658,-49.188644969911394,16.001630997259667,NYIS
2022-03-24,413.9595615107412,8.648010458874726,-50.690552921015026,18.919980951399054,NYIS
2022-03-25,413.9529498013334,4.566542874420552,-52.15309905122549,10.284606375471526,NYIS
2022-03-26,413.94633809192555,-18.192034567509705,-53.574265070304534,13.457961545888622,NYIS
2022-03-27,413.9397263825177,-22.71878381078724,-54.95207564352275,34.56413307179224,NYIS
2022-03-28,413.93311467310986,7.613037309431918,-56.28460081640475,67.01844883386286,NYIS
2022-03-29,413.92650296370203,9.849917597770709,-57.569958387519726,56.46053782604696,NYIS
2022-03-30,413.91989125429416,10.201840752502658,-58.80631622648197,50.137584219685095,NYIS
2022-03-31,413.91327954488634,8.648010458874726,-59.991894534391975,25.285604530630906,NYIS
2022-04-01,413.9066678354785,4.566542874420552,-61.12496804401506,23.672757334116,NYIS
2022-04-02,413.9000561260707,-18.192034567509705,-62.20386815706552,19.044846598504535,NYIS
2022-04-03,413.8934444166628,-22.71878381078724,-63.22698501603909,38.49732441016346,NYIS
2022-04-04,413.886832707255,7.613037309431918,-64.19276950811212,23.146899491425188,NYIS
2022-04-05,413.8802209978472,9.849917597770709,-65.09973519870728,15.049596603089356,NYIS
2022-04-06,413.87360928843935,10.201840752502658,-65.94646019240702,21.30001015146496,NYIS
2022-04-07,413.8669975790315,8.648010458874726,-66.73158891898265,35.5925808810764,NYIS
2022-04-08,413.86038586962366,4.566542874420552,-67.45383384239435,15.395905098350113,NYIS
2022-04-09,413.85377416021583,-18.192034567509705,-68.11197709070855,19.432237498002394,NYIS
2022-04-10,413.847162450808,-22.71878381078724,-68.70487200497209,31.901493364951307,NYIS
2022-04-11,413.84055074140014,7.613037309431918,-69.23144460517827,13.790856554346192,NYIS
2022-04-12,413.8339390319923,9.849917597770709,-69.69069497155763,2.984838341794557,NYIS
2022-04-13,413.8273273225845,10.201840752502658,-70.08169853952538,5.786530464438158,NYIS
2022-04-14,413.8207156131767,8.648010458874726,-70.40360730672072,11.427881234669314,NYIS
2022-04-15,413.8141039037688,4.566542874420552,-70.65565095067532,-5.663995827514043,NYIS
2022-04-16,413.807492194361,-18.192034567509705,-70.83713785575492,13.043680228903611,NYIS
2022-04-17,413.80088048495315,-22.71878381078724,-70.94745604812398,9.824359373957975,NYIS
2022-04-18,413.79426877554533,7.613037309431918,-70.98607403759283,20.9817679526156,NYIS
2022-04-19,413.78765706613746,9.849917597770709,-70.95254156531578,30.57196690140762,NYIS
2022-04-20,413.78104535672963,10.201840752502658,-70.84649025642038,11.61460414718806,NYIS
2022-04-21,413.7744336473218,8.648010458874726,-70.66763417675982,20.167190070563265,NYIS
2022-04-22,413.767821937914,4.566542874420552,-70.41577029309373,1.9934054807591224,NYIS
2022-04-23,413.7612102285061,-18.192034567509705,-70.09077883611695,5.750603175120489,NYIS
2022-04-24,413.7545985190983,-22.71878381078724,-69.69262356587002,-4.161191142441055,NYIS
2022-04-25,413.7479868096905,7.613037309431918,-69.22135193918066,2.192327820058267,NYIS
2022-04-26,413.7413751002826,9.849917597770709,-68.67709517890154,12.236802480848212,NYIS
2022-04-27,413.7347633908748,10.201840752502658,-68.06006824482478,11.011464101447302,NYIS
2022-04-28,413.72815168146695,8.648010458874726,-67.37056970627073,8.569407565928998,NYIS
2022-04-29,413.72153997205913,4.566542874420552,-66.60898151646386,2.457898669984104,NYIS
2022-04-30,413.71492826265126,-18.192034567509705,-65.77576868892528,-5.252125006216318,NYIS
2022-05-01,413.70831655324344,-22.71878381078724,-64.87147887622682,-7.375053866229393,NYIS
2022-05-02,413.7017048438356,7.613037309431918,-63.896741851566816,7.040999698299231,NYIS
2022-05-03,413.6950931344278,9.849917597770709,-62.85226889374312,-5.360741838455397,NYIS
2022-05-04,413.6884814250199,10.201840752502658,-61.73885207621254,3.331529898689894,NYIS
2022-05-05,413.6818697156121,8.648010458874726,-60.557363461039316,-12.570516713447489,NYIS
2022-05-06,413.6752580062043,4.566542874420552,-59.30875419864814,-1.1800466819767053,NYIS
2022-05-07,413.66864629679645,-18.192034567509705,-57.994053534407485,0.13944180512072535,NYIS
2022-05-08,413.6620345873886,-22.71878381078724,-56.61436772318091,-13.567883053420417,NYIS
2022-05-09,413.65542287798075,7.613037309431918,-55.17087885309057,-21.22958133432212,NYIS
2022-05-10,413.64881116857293,9.849917597770709,-53.66484357984679,-23.92488518649691,NYIS
2022-05-11,413.6421994591651,10.201840752502658,-52.09759177310144,-18.942448438566373,NYIS
2022-05-12,413.63558774975724,8.648010458874726,-50.47052507638842,-4.594073132243636,NYIS
2022-05-13,413.6289760403494,4.566542874420552,-48.78511538231518,14.584596467545225,NYIS
2022-05-14,413.6223643309416,-18.192034567509705,-47.04290322477095,19.954573461339066,NYIS
2022-05-15,413.6157526215338,-22.71878381078724,-45.24549609001489,17.52052727926838,NYIS
2022-05-16,413.6091409121259,7.613037309431918,-43.39456664860282,13.754388427045,NYIS
2022-05-17,413.6025292027181,9.849917597770709,-41.49185091020606,-16.60059589028276,NYIS
2022-05-18,413.59591749331025,10.201840752502658,-39.53914630346583,-29.339611942347062,NYIS
2022-05-19,413.5893057839024,8.648010458874726,-37.538309683116324,-18.30400655966082,NYIS
2022-05-20,413.58269407449455,4.566542874420552,-35.49125526669562,-13.124981682219527,NYIS
2022-05-21,413.57608236508673,-18.192034567509705,-33.39995250324619,46.369904705669114,NYIS
2022-05-22,413.5694706556789,-22.71878381078724,-31.26642387648841,67.16473703159676,NYIS
2022-05-23,413.56285894627104,7.613037309431918,-29.092742645026824,-5.043153610676143,NYIS
2022-05-24,413.5562472368632,9.849917597770709,-26.881030522224545,-27.835134312409423,NYIS
2022-05-25,413.5496355274554,10.201840752502658,-24.633455298452397,-32.81002098150566,NYIS
2022-05-26,413.5430238180476,8.648010458874726,-22.352228408487182,-22.916805868435063,NYIS
2022-05-27,413.5364121086397,4.566542874420552,-20.03960244689928,7.877647463838969,NYIS
2022-05-28,413.5298003992319,-18.192034567509705,-17.697868634330533,-7.496897197391718,NYIS
2022-05-29,413.52318868982405,-22.71878381078724,-15.329354237622148,-21.38605064141467,NYIS
2022-05-30,413.51657698041623,7.613037309431918,-12.93641994680776,-1.0351943430403594,NYIS
2022-05-31,413.50996527100835,9.849917597770709,-10.521457212036253,100.19057434325714,NYIS
2022-06-01,413.50335356160053,10.201840752502658,-8.086885543538457,6.451691229435255,NYIS
2022-06-02,413.4967418521927,8.648010458874726,-5.635149777793714,3.070397466726263,NYIS
2022-06-03,413.4901301427849,4.566542874420552,-3.1687173130951862,-5.826955704110276,NYIS
2022-06-04,413.483518433377,-18.192034567509705,-0.6900753177456451,-24.37240854812177,NYIS
2022-06-05,413.4769067239692,-22.71878381078724,1.7982720858481613,-38.21539499903014,NYIS
2022-06-06,413.4702950145614,7.613037309431918,4.293806657888538,-16.3861389818818,NYIS
2022-06-07,413.46368330515355,9.849917597770709,6.793998895387745,-12.84459979831206,NYIS
2022-06-08,413.4570715957457,10.201840752502658,9.296310900514662,4.815776751237024,NYIS
2022-06-09,413.45045988633785,8.648010458874726,11.798199259730993,8.570330395056374,NYIS
2022-06-10,413.44384817693003,4.566542874420552,14.297117930345046,-25.04450898169563,NYIS
2022-06-11,413.4372364675222,-18.192034567509705,16.790521131103937,-31.958723031116506,NYIS
2022-06-12,413.43062475811433,-22.71878381078724,19.275866233438748,-37.80870718076591,NYIS
2022-06-13,413.4240130487065,7.613037309431918,21.750616649977694,8.042332991883825,NYIS
2022-06-14,413.4174013392987,9.849917597770709,24.21224471694299,-8.297563654012436,NYIS
2022-06-15,413.41078962989087,10.201840752502658,26.6582345670565,7.976135050549999,NYIS
2022-06-16,413.404177920483,8.648010458874726,29.086084989587725,5.249726631054443,NYIS
2022-06-17,413.3975662110752,4.566542874420552,31.493312274196057,29.48257864030819,NYIS
2022-06-18,413.39095450166735,-18.192034567509705,33.87745303523286,-58.97837296939059,NYIS
2022-06-19,413.3843427922595,-22.71878381078724,36.23606701319766,-98.10062599467,NYIS
2022-06-20,413.37773108285165,7.613037309431918,38.56673985006432,-77.2435082423479,NYIS
2022-06-21,413.37111937344383,9.849917597770709,40.86708583522709,-43.041122806441706,NYIS
2022-06-22,413.364507664036,10.201840752502658,43.13475061884879,-35.27509903538743,NYIS
2022-06-23,413.35789595462813,8.648010458874726,45.36741388943306,-49.10932030293594,NYIS
2022-06-24,413.3512842452203,4.566542874420552,47.562792012482966,-26.800619132123813,NYIS
2022-06-25,413.3446725358125,-18.192034567509705,49.71864062715534,11.362721404541844,NYIS
2022-06-26,413.33806082640467,-22.71878381078724,51.83275719786853,35.61396578651403,NYIS
2022-06-27,413.3314491169968,7.613037309431918,53.9029835178752,-4.0934699443039335,NYIS
2022-06-28,413.324837407589,9.849917597770709,55.9272081618667,-51.01196316722644,NYIS
2022-06-29,413.31822569818115,10.201840752502658,57.90336888473715,-37.438435335420934,NYIS
2022-06-30,413.31161398877333,8.648010458874726,59.82945496369687,-6.301079411344915,NYIS
2022-07-01,413.30500227936545,4.566542874420552,61.70350948099325,46.496945365220654,NYIS
2022-07-02,413.29839056995763,-18.192034567509705,63.52363154456512,34.33501245298686,NYIS
2022-07-03,413.2917788605498,-22.71878381078724,65.28797844403158,-13.55797349379418,NYIS
2022-07-04,413.285167151142,7.613037309431918,66.99476773949013,-64.20697220006406,NYIS
2022-07-05,413.2785554417341,9.849917597770709,68.6422792806802,-16.444752320185046,NYIS
2022-07-06,413.2719437323263,10.201840752502658,70.22885715414809,5.981358361022956,NYIS
2022-07-07,413.26533202291847,8.648010458874726,71.75291155613577,-12.064254037929004,NYIS
2022-07-08,413.25872031351065,4.566542874420552,73.21292058900225,-8.216183776933462,NYIS
2022-07-09,413.2521086041028,-18.192034567509705,74.60743197907608,-28.84850601566916,NYIS
2022-07-10,413.24549689469495,-22.71878381078724,75.9350647139315,-53.46477779783925,NYIS
2022-07-11,413.23888518528713,7.613037309431918,77.19451059717338,-25.51643309189251,NYIS
2022-07-12,413.23227347587925,9.849917597770709,78.38453571891537,20.374273207434612,NYIS
2022-07-13,413.22566176647143,10.201840752502658,79.503981840233,24.152515640792785,NYIS
2022-07-14,413.2190500570636,8.648010458874726,80.55176768997634,14.384171794085319,NYIS
2022-07-15,413.2124383476558,4.566542874420552,81.52689017242884,-13.13087139450522,NYIS
2022-07-16,413.2058266382479,-18.192034567509705,82.4284254844043,-15.234217555142607,NYIS
2022-07-17,413.1992149288401,-22.71878381078724,83.25553014048077,7.2300387414663305,NYIS
2022-07-18,413.19260321943227,7.613037309431918,84.00744190517815,21.376917565957683,NYIS
2022-07-19,413.18599151002445,9.849917597770709,84.68348063099535,51.26161026120951,NYIS
2022-07-20,413.1793798006166,10.201840752502658,85.28304900133466,97.19473044554604,NYIS
2022-07-21,413.17276809120875,8.648010458874726,85.80563317745197,100.47858827246449,NYIS
2022-07-22,413.16615638180093,4.566542874420552,86.25080334868494,81.7234973950936,NYIS
2022-07-23,413.1595446723931,-18.192034567509705,86.61821418532541,78.38827570979117,NYIS
2022-07-24,413.15293296298523,-22.71878381078724,86.90760519361598,86.59624565418596,NYIS
2022-07-25,413.1463212535774,7.613037309431918,87.11880097246697,66.6668404645236,NYIS
2022-07-26,413.1397095441696,9.849917597770709,87.25171137160494,-14.11233851354524,NYIS
2022-07-27,413.13309783476177,10.201840752502658,87.30633155098027,-11.850270138244696,NYIS
2022-07-28,413.1264861253539,8.648010458874726,87.28274194137751,47.21576147439379,NYIS
2022-07-29,413.1198744159461,4.566542874420552,87.18110810628852,27.88647460334488,NYIS
2022-07-30,413.11326270653825,-18.192034567509705,87.00168050522444,0.10109135574697348,NYIS
2022-07-31,413.10665099713043,-22.71878381078724,86.74479415875881,-6.697661345102063,NYIS
2022-08-01,413.10003928772255,7.613037309431918,86.41086821570958,-8.76794481286413,NYIS
2022-08-02,413.09342757831473,9.849917597770709,86.00040542298328,28.21324940093126,NYIS
2022-08-03,413.0868158689069,10.201840752502658,85.51399149871843,36.05335187987197,NYIS
2022-08-04,413.08020415949903,8.648010458874726,84.95229440948003,74.63449097214618,NYIS
2022-08-05,413.0735924500912,4.566542874420552,84.31606355236914,74.42980112311898,NYIS
2022-08-06,413.0669807406834,-18.192034567509705,83.60612884302373,82.4589249838026,NYIS
2022-08-07,413.06036903127557,-22.71878381078724,82.8233997105973,100.7410150689143,NYIS
2022-08-08,413.0537573218677,7.613037309431918,81.96886400091228,118.65134136778806,NYIS
2022-08-09,413.0471456124599,9.849917597770709,81.04358678909168,108.03135000067766,NYIS
2022-08-10,413.04053390305205,10.201840752502658,80.04870910308007,39.94091624136519,NYIS
2022-08-11,413.03392219364423,8.648010458874726,78.98544655956948,26.742620787911562,NYIS
2022-08-12,413.02731048423635,4.566542874420552,77.85508791394847,-20.321941272605443,NYIS
2022-08-13,413.02069877482853,-18.192034567509705,76.6589935259943,-59.62465773331314,NYIS
2022-08-14,413.0140870654207,-22.71878381078724,75.39859374312636,-53.344896997759804,NYIS
2022-08-15,413.0074753560129,7.613037309431918,74.07538720313671,-29.26189986858151,NYIS
2022-08-16,413.000863646605,9.849917597770709,72.69093905840792,-28.453720302783665,NYIS
2022-08-17,412.9942519371972,10.201840752502658,71.24687912372043,-39.77397181342036,NYIS
2022-08-18,412.98764022778937,8.648010458874726,69.7448999498412,-28.229550636505337,NYIS
2022-08-19,412.98102851838155,4.566542874420552,68.18675482517409,4.891673782023759,NYIS
2022-08-20,412.9744168089737,-18.192034567509705,66.5742557078339,33.3373620507021,NYIS
2022-08-21,412.96780509956585,-22.71878381078724,64.90927109059147,23.565707620629894,NYIS
2022-08-22,412.96119339015803,7.613037309431918,63.193723801212585,19.65404549919748,NYIS
2022-08-23,412.9545816807502,9.849917597770709,61.42958874079129,31.408911980687833,NYIS
2022-08-24,412.94796997134233,10.201840752502658,59.618890562749755,32.48229871340516,NYIS
2022-08-25,412.9413582619345,8.648010458874726,57.76370129524807,44.58092998394267,NYIS
2022-08-26,412.9347465525267,4.566542874420552,55.86613790981096,51.76057266324182,NYIS
2022-08-27,412.92813484311887,-18.192034567509705,53.92835983904368,34.75353988534721,NYIS
2022-08-28,412.921523133711,-22.71878381078724,51.952566446368785,26.04869423070744,NYIS
2022-08-29,412.91491142430317,7.613037309431918,49.9409944507696,80.07505681549532,NYIS
2022-08-30,412.90829971489535,9.849917597770709,47.895915309581206,82.67986737775266,NYIS
2022-08-31,412.90168800548753,10.201840752502658,45.81963256241733,25.48783867959247,NYIS
2022-09-01,412.89507629607965,8.648010458874726,43.714479139366915,-6.906565894321318,NYIS
2022-09-02,412.88846458667183,4.566542874420552,41.58281463663735,-29.353822097729733,NYIS
2022-09-03,412.881852877264,-18.192034567509705,39.427022562855605,-12.118840872609951,NYIS
2022-09-04,412.87524116785613,-22.71878381078724,37.249507559277845,22.78003508365316,NYIS
2022-09-05,412.8686294584483,7.613037309431918,35.0526925971829,6.854640634936857,NYIS
2022-09-06,412.8620177490405,9.849917597770709,32.83901615575467,7.340048497434111,NYIS
2022-09-07,412.85540603963267,10.201840752502658,30.610929383781457,-21.8681761759168,NYIS
2022-09-08,412.8487943302248,8.648010458874726,28.370893248515138,-17.90469803761465,NYIS
2022-09-09,412.84218262081697,4.566542874420552,26.12137567505154,-13.2861011702891,NYIS
2022-09-10,412.83557091140915,-18.192034567509705,23.864848679601472,-3.9213850235009318,NYIS
2022-09-11,412.82895920200133,-22.71878381078724,21.60378550003065,-1.5379608912447793,NYIS
2022-09-12,412.82234749259345,7.613037309431918,19.340657727046292,23.6169574709283,NYIS
2022-09-13,412.81573578318563,9.849917597770709,17.077932439409345,33.48141417963433,NYIS
2022-09-14,412.8091240737778,10.201840752502658,14.81806934654632,-7.770034172826797,NYIS
2022-09-15,412.80251236437,8.648010458874726,12.563517941921852,-36.580040765166586,NYIS
2022-09-16,412.7959006549621,4.566542874420552,10.316714670523467,-45.024158199906196,NYIS
2022-09-17,412.7892889455543,-18.192034567509705,8.08008011379205,-29.33633449183668,NYIS
2022-09-18,412.78267723614647,-22.71878381078724,5.856016195307035,12.143090379333728,NYIS
2022-09-19,412.77606552673865,7.613037309431918,3.646903410515961,33.29399375331343,NYIS
2022-09-20,412.76945381733077,9.849917597770709,1.4550980837627776,12.346530501135703,NYIS
2022-09-21,412.76284210792295,10.201840752502658,-0.717070344158742,8.287387483733141,NYIS
2022-09-22,412.75623039851513,8.648010458874726,-2.86730199473935,-3.5679388626505784,NYIS
2022-09-23,412.7496186891073,4.566542874420552,-4.993329193629606,-56.94083236989826,NYIS
2022-09-24,412.74300697969943,-18.192034567509705,-7.092919072551428,-56.283053339638286,NYIS
2022-09-25,412.7363952702916,-22.71878381078724,-9.163876128192602,-35.19173533131186,NYIS
2022-09-26,412.7297835608838,7.613037309431918,-11.204044735079485,-34.46877613523617,NYIS
2022-09-27,412.7231718514759,9.849917597770709,-13.211311609478006,-36.76077783976871,NYIS
2022-09-28,412.7165601420681,10.201840752502658,-15.183608221435254,-38.42579267313556,NYIS
2022-09-29,412.70994843266027,8.648010458874726,-17.11891315213015,-42.58804573940483,NYIS
2022-09-30,412.70333672325245,4.566542874420552,-19.01525439377259,-39.801625203900414,NYIS
2022-10-01,412.69672501384457,-18.192034567509705,-20.870711589354716,-34.06397885698021,NYIS
2022-10-02,412.69011330443675,-22.71878381078724,-22.683418209631945,-32.70891128401763,NYIS
2022-10-03,412.68350159502893,7.613037309431918,-24.45156366478578,-24.387975239675086,NYIS
2022-10-04,412.6768898856211,9.849917597770709,-26.173395348296715,-15.879412135095095,NYIS
2022-10-05,412.67027817621323,10.201840752502658,-27.84722061063914,-24.42689831807678,NYIS
2022-10-06,412.6636664668054,8.648010458874726,-29.471408660491164,-25.356268265189044,NYIS
2022-10-07,412.6570547573976,4.566542874420552,-31.04439239123863,-15.257205240579538,NYIS
2022-10-08,412.65044304798977,-18.192034567509705,-32.564670130644174,-24.779738349835952,NYIS
2022-10-09,412.6438313385819,-22.71878381078724,-34.0308073116391,-24.5382402161556,NYIS
2022-10-10,412.63721962917407,7.613037309431918,-35.441438062294296,-27.820818876311762,NYIS
2022-10-11,412.63060791976625,9.849917597770709,-36.795266713118934,-23.87025880441803,NYIS
2022-10-12,412.6239962103584,10.201840752502658,-38.091069219935676,-22.0417677429254,NYIS
2022-10-13,412.61738450095055,8.648010458874726,-39.32769450068144,-2.5407004591438636,NYIS
2022-10-14,412.61077279154273,4.566542874420552,-40.50406568458351,-19.31724998137986,NYIS
2022-10-15,412.6041610821349,-18.192034567509705,-41.619181272267824,-20.072945242357378,NYIS
2022-10-16,412.5975493727271,-22.71878381078724,-42.67211620545814,-16.996649356481782,NYIS
2022-10-17,412.5909376633192,7.613037309431918,-43.662022845035935,-4.2049521277152735,NYIS
2022-10-18,412.5843259539114,9.849917597770709,-44.588131856337284,-10.952111695344854,NYIS
2022-10-19,412.57771424450357,10.201840752502658,-45.44975300067337,0.24419800366712252,NYIS
2022-10-20,412.5711025350957,8.648010458874726,-46.24627583217401,1.6561628382035565,NYIS
2022-10-21,412.56449082568787,4.566542874420552,-46.97717029916441,-6.242863400944032,NYIS
2022-10-22,412.55787911628005,-18.192034567509705,-47.64198724939877,-12.462857299371535,NYIS
2022-10-23,412.5512674068722,-22.71878381078724,-48.24035883859027,-4.548124757494747,NYIS
2022-10-24,412.54465569746435,7.613037309431918,-48.77199884178856,-1.4616941651077582,NYIS
2022-10-25,412.53804398805653,9.849917597770709,-49.23670286727449,4.490741281447185,NYIS
2022-10-26,412.5314322786487,10.201840752502658,-49.63434847275477,7.087075441603361,NYIS
2022-10-27,412.5248205692409,8.648010458874726,-49.964895183756816,-8.902935844358751,NYIS
2022-10-28,412.518208859833,4.566542874420552,-50.2283844142394,0.36763267998577476,NYIS
2022-10-29,412.5115971504252,-18.192034567509705,-50.424939289550366,-1.6496232933651527,NYIS
2022-10-30,412.50498544101737,-22.71878381078724,-50.55476437197932,-0.8724372582508408,NYIS
2022-10-31,412.49837373160955,7.613037309431918,-50.6181452892679,-0.38826575177353106,NYIS
2022-11-01,412.49176202220167,9.849917597770709,-50.615448266555674,3.7067686465832708,NYIS
2022-11-02,412.48515031279385,10.201840752502658,-50.54711956235423,-8.361871502942336,NYIS
2022-11-03,412.478538603386,8.648010458874726,-50.413684809255415,-7.10486425300536,NYIS
2022-11-04,412.4719268939782,4.566542874420552,-50.215748260193095,-4.039721508205673,NYIS
2022-11-05,412.46531518457033,-18.192034567509705,-49.953991941189386,4.477711324128677,NYIS
2022-11-06,412.4587034751625,-22.71878381078724,-49.62917471162717,25.53425504725186,NYIS
2022-11-07,412.4520917657547,7.613037309431918,-49.242131233200354,1.4370021580136836,NYIS
2022-11-08,412.44548005634687,9.849917597770709,-48.79377084880177,-9.025626805315824,NYIS
2022-11-09,412.438868346939,10.201840752502658,-48.28507637271465,-0.47263272672705625,NYIS
2022-11-10,412.43225663753117,8.648010458874726,-47.717102793579315,-4.922164302826673,NYIS
2022-11-11,412.42564492812335,4.566542874420552,-47.09097589170999,5.559788089166034,NYIS
2022-11-12,412.4190332187155,-18.192034567509705,-46.407890772437455,2.3698921212316577,NYIS
2022-11-13,412.41242150930765,-22.71878381078724,-45.66911031725369,8.192472618733177,NYIS
2022-11-14,412.4058097998998,7.613037309431918,-44.87596355463077,17.87311644529899,NYIS
2022-11-15,412.399198090492,9.849917597770709,-44.02984395248306,30.982728264220327,NYIS
2022-11-16,412.3925863810842,10.201840752502658,-43.13220763433246,26.207780500745628,NYIS
2022-11-17,412.3859746716763,8.648010458874726,-42.184571521328344,27.98758639077721,NYIS
2022-11-18,412.3793629622685,4.566542874420552,-41.18851140236146,31.516605565672364,NYIS
2022-11-19,412.37275125286067,-18.192034567509705,-40.14565993459462,36.668943249243625,NYIS
2022-11-20,412.3661395434528,-22.71878381078724,-39.05770457681794,48.921348844152305,NYIS
2022-11-21,412.35952783404497,7.613037309431918,-37.926385458113074,42.381820314636116,NYIS
2022-11-22,412.35291612463715,9.849917597770709,-36.75349318438935,18.812659461981468,NYIS
2022-11-23,412.3463044152293,10.201840752502658,-35.54086658542797,8.178721417695954,NYIS
2022-11-24,412.33969270582145,8.648010458874726,-34.29039040513935,-26.19431275955685,NYIS
2022-11-25,412.3330809964136,4.566542874420552,-33.00399293780731,-11.999630933026879,NYIS
2022-11-26,412.3264692870058,-18.192034567509705,-31.683643613158296,-6.458791106337799,NYIS
2022-11-27,412.319857577598,-22.71878381078724,-30.33135053314986,10.569276766339101,NYIS
2022-11-28,412.3132458681901,7.613037309431918,-28.949157963438005,4.081874785815955,NYIS
2022-11-29,412.3066341587823,9.849917597770709,-27.53914378252605,14.882592025972997,NYIS
2022-11-30,412.30002244937447,10.201840752502658,-26.10341689165662,15.641553689779528,NYIS
2022-12-01,412.29341073996665,8.648010458874726,-24.644114588550288,24.033693389708958,NYIS
2022-12-02,412.28679903055877,4.566542874420552,-23.163399908136284,21.053058003156934,NYIS
2022-12-03,412.28018732115095,-18.192034567509705,-21.663458933463808,14.417306179822504,NYIS
2022-12-04,412.2735756117431,-22.71878381078724,-20.146498080011312,14.400706279055441,NYIS
2022-12-05,412.2669639023353,7.613037309431918,-18.614741356649915,13.54374014488269,NYIS
2022-12-06,412.2603521929274,9.849917597770709,-17.070427606536853,7.081157815838651,NYIS
2022-12-07,412.2537404835196,10.201840752502658,-15.515807731245236,-11.370773504776992,NYIS
2022-12-08,412.2471287741118,8.648010458874726,-13.95314190145005,-11.146997331536397,NYIS
2022-12-09,412.24051706470397,4.566542874420552,-12.384696757511438,5.978636818386917,NYIS
2022-12-10,412.2339053552961,-18.192034567509705,-10.812742603303636,15.242871815517162,NYIS
2022-12-11,412.22729364588827,-22.71878381078724,-9.239550596647181,26.056040761546058,NYIS
2022-12-12,412.22068193648045,7.613037309431918,-7.667389939708258,27.875670693795882,NYIS
2022-12-13,412.21407022707257,9.849917597770709,-6.098525072723394,30.154537247880057,NYIS
2022-12-14,412.20745851766475,10.201840752502658,-4.535212874409513,27.592913604242028,NYIS
2022-12-15,412.2008468082569,8.648010458874726,-2.979699872405657,29.039842605273975,NYIS
2022-12-16,412.1942350988491,4.566542874420552,-1.4342194670854873,16.214441493815798,NYIS
2022-12-17,412.1876233894412,-18.192034567509705,0.09901082794138105,7.7494003501270186,NYIS
2022-12-18,412.1810116800334,-22.71878381078724,1.6177921253358498,14.537980005417921,NYIS
2022-12-19,412.1743999706256,7.613037309431918,3.119946880270966,18.427615839671432,NYIS
2022-12-20,412.16778826121777,9.849917597770709,4.603321580156017,12.722972560855453,NYIS
2022-12-21,412.1611765518099,10.201840752502658,6.065789404629566,8.980193291057844,NYIS
2022-12-22,412.15456484240207,8.648010458874726,7.50525285263908,9.061171846084164,NYIS
2022-12-23,412.14795313299425,4.566542874420552,8.91964633346397,8.26285765912121,NYIS
2022-12-24,412.1413414235864,-18.192034567509705,10.306938718586991,67.31075442533631,NYIS
2022-12-25,412.13472971417855,-22.71878381078724,11.66513585135638,38.969918245252245,NYIS
2022-12-26,412.1281180047707,7.613037309431918,12.992283011443394,12.414561674353934,NYIS
2022-12-27,412.1215062953629,9.849917597770709,14.286467331141957,14.115108775724423,NYIS
2022-12-28,412.1148945859551,10.201840752502658,15.545820160624212,-14.262555499081941,NYIS
2022-12-29,412.1082828765472,8.648010458874726,16.768519379319873,-31.027812714741856,NYIS
2022-12-30,412.1016711671394,4.566542874420552,17.952791650655573,-45.793005692215615,NYIS
2022-12-31,412.09505945773157,-18.192034567509705,19.096914617456786,-39.02093950767869,NYIS
2023-01-01,412.08844774832374,-22.71878381078724,20.46807060227734,-52.71773453981382,NYIS
2023-01-02,412.08183603891587,7.613037309431918,21.515838716803977,-63.362712065151754,NYIS
2023-01-03,412.07522432950805,9.849917597770709,22.5182372842076,-39.77337921148637,NYIS
2023-01-04,412.0686126201002,10.201840752502658,23.473783614444383,-53.29523698704725,NYIS
2023-01-05,412.06200091069235,8.648010458874726,24.38105644824737,-49.991067817814496,NYIS
2023-01-06,412.0553892012845,4.566542874420552,25.238697725199508,-37.519629800904625,NYIS
2023-01-07,412.0487774918767,-18.192034567509705,26.04541427521158,-27.758157199578648,NYIS
2023-01-08,412.0421657824689,-22.71878381078724,26.799979431378446,-22.10236140306006,NYIS
2023-01-09,412.035554073061,7.613037309431918,27.50123456227997,-27.154825944772938,NYIS
2023-01-10,412.0289423636532,9.849917597770709,28.148090521889568,-22.263950483313522,NYIS
2023-01-11,412.02233065424537,10.201840752502658,28.739529015350765,-23.484700422098854,NYIS
2023-01-12,412.01571894483754,8.648010458874726,29.274603878982756,-27.72933328269511,NYIS
2023-01-13,412.00910723542967,4.566542874420552,29.752442272977735,-34.72309238282804,NYIS
2023-01-14,412.00249552602185,-18.192034567509705,30.172245785356886,-5.360706743869059,NYIS
2023-01-15,411.995883816614,-22.71878381078724,30.533291445857383,-8.554391451684182,NYIS
2023-01-16,411.9892721072062,7.613037309431918,30.834932648529975,-26.360242065168165,NYIS
2023-01-17,411.9826603977983,9.849917597770709,31.07659998193551,-24.572177977504566,NYIS
2023-01-18,411.9760486883905,10.201840752502658,31.25780196593839,-44.1546914068316,NYIS
2023-01-19,411.9694369789827,8.648010458874726,31.378125694206613,-30.844573132064,NYIS
2023-01-20,411.96282526957486,4.566542874420552,31.43723738163957,-34.926605525634955,NYIS
2023-01-21,411.956213560167,-18.192034567509705,31.434882816058686,-23.96006180871609,NYIS
2023-01-22,411.94960185075917,-22.71878381078724,31.37088771360921,-24.222705753581124,NYIS
2023-01-23,411.94299014135134,7.613037309431918,31.245157977436687,-20.562185428220005,NYIS
2023-01-24,411.9363784319435,9.849917597770709,31.057679859316124,-26.850975889030337,NYIS
2023-01-25,411.92976672253565,10.201840752502658,30.80852002402791,-19.71612749906626,NYIS
2023-01-26,411.9231550131278,8.648010458874726,30.49782551639,-29.032990988392555,NYIS
2023-01-27,411.91654330372,4.566542874420552,30.125823630971748,-24.86190980911232,NYIS
2023-01-28,411.9099315943122,-18.192034567509705,29.692821684630626,-38.247718711433095,NYIS
2023-01-29,411.9033198849043,-22.71878381078724,29.19920669212889,-31.418742766245998,NYIS
2023-01-30,411.8967081754965,7.613037309431918,28.645444945202364,-35.777190430130815,NYIS
2023-01-31,411.89009646608866,9.849917597770709,28.03208149556848,-17.764095559427858,NYIS
2023-02-01,411.88348475668084,10.201840752502658,27.359739542475417,-10.123065051658898,NYIS
2023-02-02,411.87687304727297,8.648010458874726,26.62911972550728,-12.465003231654975,NYIS
2023-02-03,411.87026133786514,4.566542874420552,25.84099932347347,31.795196464240803,NYIS
2023-02-04,411.8636496284573,-18.192034567509705,24.99623136032207,65.35315357873031,NYIS
2023-02-05,411.85703791904945,-22.71878381078724,24.095743619127852,3.520002272609929,NYIS
2023-02-06,411.8504262096416,7.613037309431918,23.140537565314837,-19.34900108438842,NYIS
2023-02-07,411.8438145002338,9.849917597770709,22.13168718038165,-16.808419278386168,NYIS
2023-02-08,411.837202790826,10.201840752502658,21.070337707504308,-40.99638125083294,NYIS
2023-02-09,411.8305910814181,8.648010458874726,19.957704310496336,-22.703305850789206,NYIS
2023-02-10,411.8239793720103,4.566542874420552,18.795070647708947,-42.95859289413988,NYIS
2023-02-11,411.81736766260246,-18.192034567509705,17.583787362555654,-31.572120457648452,NYIS
2023-02-12,411.81075595319464,-22.71878381078724,16.325270492445256,-29.727242634852644,NYIS
2023-02-13,411.80414424378677,7.613037309431918,15.020999798003565,-46.4151813512222,NYIS
2023-02-14,411.79753253437895,9.849917597770709,13.672517014560396,-54.50596714671002,NYIS
2023-02-15,411.7909208249711,10.201840752502658,12.28142402797013,-60.59818560544397,NYIS
2023-02-16,411.7843091155633,8.648010458874726,10.849380976924767,-52.25570055136279,NYIS
2023-02-17,411.7776974061554,4.566542874420552,9.378104284006234,-26.71034456458227,NYIS
2023-02-18,411.7710856967476,-18.192034567509705,7.869364617809264,-21.133415747047195,NYIS
2023-02-19,411.7644739873398,-22.71878381078724,6.324984788548907,-23.898674965101463,NYIS
2023-02-20,411.75786227793196,7.613037309431918,4.746837579645945,-48.899737167009846,NYIS
2023-02-21,411.7512505685241,9.849917597770709,3.136843517859795,-24.233011684154633,NYIS
2023-02-22,411.74463885911626,10.201840752502658,1.4969685846122367,-9.400448196231196,NYIS
2023-02-23,411.73802714970844,8.648010458874726,-0.17077812878471477,-2.548259479798503,NYIS
2023-02-24,411.7314154403006,4.566542874420552,-1.8643468192163404,-0.8436114955048879,NYIS
2023-02-25,411.72480373089275,-18.192034567509705,-3.5816494203235116,38.61288025694046,NYIS
2023-02-26,411.7181920214849,-22.71878381078724,-5.320562098627686,16.29815388792997,NYIS
2023-02-27,411.7115803120771,7.613037309431918,-7.0789277942602595,-0.4466898272488038,NYIS
2023-02-28,411.7049686026692,9.849917597770709,-8.854558803281492,19.237672602841485,NYIS
2023-03-01,411.6983568932614,10.201840752502658,-10.645239398524012,1.6140417527599311,NYIS
2023-03-02,411.6917451838536,8.648010458874726,-12.448728485849319,-2.764027156878967,NYIS
2023-03-03,411.68513347444576,4.566542874420552,-14.262762292663748,-0.2159140562025641,NYIS
2023-03-04,411.6785217650379,-18.192034567509705,-16.085057085500917,9.65956988797268,NYIS
2023-03-05,411.67191005563006,-22.71878381078724,-17.913311913442975,-0.8028143313998157,NYIS
2023-03-06,411.66529834622224,7.613037309431918,-19.74521137412159,-8.521124281532536,NYIS
2023-03-07,411.6586866368144,9.849917597770709,-21.578428399012523,-0.1831758355726265,NYIS
2023-03-08,411.65207492740655,10.201840752502658,-23.410627054713245,11.358711374803988,NYIS
2023-03-09,411.6454632179987,8.648010458874726,-25.239465356875254,6.670991680001862,NYIS
2023-03-10,411.6388515085909,4.566542874420552,-27.062598093444787,18.075203710433357,NYIS
2023-03-11,411.6322397991831,-18.192034567509705,-28.877679653856198,26.172474422182802,NYIS
2023-03-12,411.6256280897752,-22.71878381078724,-30.682366860813207,1.5365225818251815,NYIS
2023-03-13,411.6190163803674,7.613037309431918,-32.474321801289705,23.167268111490387,NYIS
2023-03-14,411.61240467095956,9.849917597770709,-34.25121465338309,36.43689238465282,NYIS
2023-03-15,411.60579296155174,10.201840752502658,-36.01072650565574,22.477092791601365,NYIS
2023-03-16,411.59918125214386,8.648010458874726,-37.7505521656101,10.009360454591445,NYIS
2023-03-17,411.59256954273604,4.566542874420552,-39.46840295395427,11.196290536797676,NYIS
2023-03-18,411.5859578333282,-18.192034567509705,-41.162009481331026,4.943086215512494,NYIS
2023-03-19,411.5793461239204,-22.71878381078724,-42.82912440420423,29.739562091071093,NYIS
2023-03-20,411.5727344145125,7.613037309431918,-44.46752515661987,10.522753432675358,NYIS
2023-03-21,411.5661227051047,9.849917597770709,-46.075016654587095,-2.3880236482883674,NYIS
2023-03-22,411.5595109956969,10.201840752502658,-47.649433969856986,-2.610917778342582,NYIS
2023-03-23,411.552899286289,8.648010458874726,-49.188644969911394,8.26573522474763,NYIS
2023-03-24,411.5462875768812,4.566542874420552,-50.690552921015026,5.184722469713279,NYIS
2023-03-25,411.53967586747336,-18.192034567509705,-52.15309905122549,36.83245775126176,NYIS
2023-03-26,411.53306415806554,-22.71878381078724,-53.574265070304534,1.2719847230261507,NYIS
2023-03-27,411.52645244865766,7.613037309431918,-54.95207564352275,14.042585885433084,NYIS
2023-03-28,411.51984073924984,9.849917597770709,-56.28460081640475,15.321842479384088,NYIS
2023-03-29,411.513229029842,10.201840752502658,-57.569958387519726,7.758888605175059,NYIS
2023-03-30,411.5066173204342,8.648010458874726,-58.80631622648197,22.087688447173036,NYIS
2023-03-31,411.5000056110263,4.566542874420552,-59.991894534391975,36.41334604894507,NYIS
2023-04-01,411.4933939016185,-18.192034567509705,-61.12496804401506,8.285608709906171,NYIS
2023-04-02,411.4867821922107,-22.71878381078724,-62.20386815706552,8.599869775642105,NYIS
2023-04-03,411.48017048280286,7.613037309431918,-63.22698501603909,8.120777223804339,NYIS
2023-04-04,411.473558773395,9.849917597770709,-64.19276950811212,1.2782931369463313,NYIS
2023-04-05,411.46694706398716,10.201840752502658,-65.09973519870728,12.450947382217407,NYIS
2023-04-06,411.46033535457934,8.648010458874726,-65.94646019240702,4.180114378952908,NYIS
2023-04-07,411.4537236451715,4.566542874420552,-66.73158891898265,-0.49367760060943056,NYIS
2023-04-08,411.44711193576364,-18.192034567509705,-67.45383384239435,7.492756474140322,NYIS
2023-04-09,411.4405002263558,-22.71878381078724,-68.11197709070855,-1.9167393248600888,NYIS
2023-04-10,411.433888516948,7.613037309431918,-68.70487200497209,-5.416053821407843,NYIS
2023-04-11,411.4272768075402,9.849917597770709,-69.23144460517827,-5.064749800132574,NYIS
2023-04-12,411.4206650981323,10.201840752502658,-69.69069497155763,-3.2988108790773936,NYIS
2023-04-13,411.4140533887245,8.648010458874726,-70.08169853952538,20.954634691926117,NYIS
2023-04-14,411.40744167931666,4.566542874420552,-70.40360730672072,38.615622752983484,NYIS
2023-04-15,411.40082996990884,-18.192034567509705,-70.65565095067532,23.272855548276198,NYIS
2023-04-16,411.39421826050096,-22.71878381078724,-70.83713785575492,12.584703406041172,NYIS
2023-04-17,411.38760655109314,7.613037309431918,-70.94745604812398,6.674812187598832,NYIS
2023-04-18,411.3809948416853,9.849917597770709,-70.98607403759283,8.086161598136812,NYIS
2023-04-19,411.3743831322775,10.201840752502658,-70.95254156531578,9.134317680535617,NYIS
2023-04-20,411.3677714228696,8.648010458874726,-70.84649025642038,-1.111291625323986,NYIS
2023-04-21,411.3611597134618,4.566542874420552,-70.66763417675982,-5.163068411122595,NYIS
2023-04-22,411.354548004054,-18.192034567509705,-70.41577029309373,2.3462568565494166,NYIS
2023-04-23,411.3479362946461,-22.71878381078724,-70.09077883611695,10.579626352258003,NYIS
2023-04-24,411.3413245852383,7.613037309431918,-69.69262356587002,3.919261671199763,NYIS
2023-04-25,411.33471287583046,9.849917597770709,-69.22135193918066,5.610721465579502,NYIS
2023-04-26,411.32810116642264,10.201840752502658,-68.67709517890154,3.4151532599762504,NYIS
2023-04-27,411.32148945701476,8.648010458874726,-68.06006824482478,1.5705683289352237,NYIS
2023-04-28,411.31487774760694,4.566542874420552,-67.37056970627073,5.662149084243197,NYIS
2023-04-29,411.3082660381991,-18.192034567509705,-66.60898151646386,20.906750045774345,NYIS
2023-04-30,411.3016543287913,-22.71878381078724,-65.77576868892528,20.73889817092123,NYIS
2023-05-01,411.2950426193834,7.613037309431918,-64.87147887622682,0.20439894741144826,NYIS
2023-05-02,411.2884309099756,9.849917597770709,-63.896741851566816,4.824393343820418,NYIS
2023-05-03,411.2818192005678,10.201840752502658,-62.85226889374312,4.359608940672672,NYIS
2023-05-04,411.27520749115996,8.648010458874726,-61.73885207621254,6.097634126177809,NYIS
2023-05-05,411.2685957817521,4.566542874420552,-60.557363461039316,-7.324775195133384,NYIS
2023-05-06,411.26198407234426,-18.192034567509705,-59.30875419864814,-16.308195306186462,NYIS
2023-05-07,411.25537236293644,-22.71878381078724,-57.994053534407485,-11.286535017741812,NYIS
2023-05-08,411.2487606535286,7.613037309431918,-56.61436772318091,-11.030430239779662,NYIS
2023-05-09,411.24214894412074,9.849917597770709,-55.17087885309057,-22.739187688800882,NYIS
2023-05-10,411.2355372347129,10.201840752502658,-53.66484357984679,-24.04953440736881,NYIS
2023-05-11,411.2289255253051,8.648010458874726,-52.09759177310144,-10.298344211078415,NYIS
2023-05-12,411.2223138158973,4.566542874420552,-50.47052507638842,17.34866838607053,NYIS
2023-05-13,411.2157021064894,-18.192034567509705,-48.78511538231518,17.0794478433354,NYIS
2023-05-14,411.2090903970816,-22.71878381078724,-47.04290322477095,-19.96740336152334,NYIS
2023-05-15,411.20247868767376,7.613037309431918,-45.24549609001489,-20.368019907090797,NYIS
2023-05-16,411.1958669782659,9.849917597770709,-43.39456664860282,-12.285217927433848,NYIS
2023-05-17,411.18925526885806,10.201840752502658,-41.49185091020606,-30.823245111154733,NYIS
2023-05-18,411.18264355945024,8.648010458874726,-39.53914630346583,-38.42250771485908,NYIS
2023-05-19,411.1760318500424,4.566542874420552,-37.538309683116324,-30.900265041346643,NYIS
2023-05-20,411.16942014063454,-18.192034567509705,-35.49125526669562,-17.22913030642934,NYIS
2023-05-21,411.1628084312267,-22.71878381078724,-33.39995250324619,-33.6670721171933,NYIS
2023-05-22,411.1561967218189,7.613037309431918,-31.26642387648841,-30.32381015476244,NYIS
2023-05-23,411.1495850124111,9.849917597770709,-29.092742645026824,-36.67275996515497,NYIS
2023-05-24,411.1429733030032,10.201840752502658,-26.881030522224545,-34.6127835332814,NYIS
2023-05-25,411.1363615935954,8.648010458874726,-24.633455298452397,-50.74491675401771,NYIS
2023-05-26,411.12974988418756,4.566542874420552,-22.352228408487182,-48.84606435012091,NYIS
2023-05-27,411.12313817477974,-18.192034567509705,-20.03960244689928,-45.3725011603708,NYIS
2023-05-28,411.11652646537186,-22.71878381078724,-17.697868634330533,-39.44387402025416,NYIS
2023-05-29,411.10991475596404,7.613037309431918,-15.329354237622148,-56.441597827773876,NYIS
2023-05-30,411.1033030465562,9.849917597770709,-12.93641994680776,-34.218800697519214,NYIS
2023-05-31,411.0966913371484,10.201840752502658,-10.521457212036253,-21.016074877614813,NYIS
2023-06-01,411.0900796277405,8.648010458874726,-8.086885543538457,10.290795456923206,NYIS
2023-06-02,411.0834679183327,4.566542874420552,-5.635149777793714,38.03113898504046,NYIS
2023-06-03,411.0768562089249,-18.192034567509705,-3.1687173130951862,-21.594104328320043,NYIS
2023-06-04,411.07024449951706,-22.71878381078724,-0.6900753177456451,-63.985385370984204,NYIS
2023-06-05,411.0636327901092,7.613037309431918,1.7982720858481613,-57.84094218538928,NYIS
2023-06-06,411.05702108070136,9.849917597770709,4.293806657888538,-52.140745336360624,NYIS
2023-06-07,411.05040937129354,10.201840752502658,6.793998895387745,-63.12224901918404,NYIS
2023-06-08,411.04379766188566,8.648010458874726,9.296310900514662,-60.60311902127506,NYIS
2023-06-09,411.03718595247784,4.566542874420552,11.798199259730993,-61.44492808662949,NYIS
2023-06-10,411.03057424307,-18.192034567509705,14.297117930345046,-61.210657605905396,NYIS
2023-06-11,411.0239625336622,-22.71878381078724,16.790521131103937,-36.691699853978946,NYIS
2023-06-12,411.0173508242543,7.613037309431918,19.275866233438748,-20.179254367125054,NYIS
2023-06-13,411.0107391148465,9.849917597770709,21.750616649977694,-39.379273362594915,NYIS
2023-06-14,411.0041274054387,10.201840752502658,24.21224471694299,-46.64921287488437,NYIS
2023-06-15,410.99751569603086,8.648010458874726,26.6582345670565,-52.741760721962066,NYIS
2023-06-16,410.990903986623,4.566542874420552,29.086084989587725,-44.825531850631364,NYIS
2023-06-17,410.98429227721516,-18.192034567509705,31.493312274196057,-65.71256998390157,NYIS
2023-06-18,410.97768056780734,-22.71878381078724,33.87745303523286,-59.583349792253046,NYIS
2023-06-19,410.9710688583995,7.613037309431918,36.23606701319766,-46.90717318102912,NYIS
2023-06-20,410.96445714899164,9.849917597770709,38.56673985006432,-39.86511459682674,NYIS
2023-06-21,410.9578454395838,10.201840752502658,40.86708583522709,-58.488772027313644,NYIS
2023-06-22,410.951233730176,8.648010458874726,43.13475061884879,-65.09299480789952,NYIS
2023-06-23,410.9446220207682,4.566542874420552,45.36741388943306,-41.549578784621815,NYIS
2023-06-24,410.9380103113603,-18.192034567509705,47.562792012482966,-25.082767756333624,NYIS
2023-06-25,410.9313986019525,-22.71878381078724,49.71864062715534,-1.005255418320587,NYIS
2023-06-26,410.92478689254466,7.613037309431918,51.83275719786853,-0.494581399845174,NYIS
2023-06-27,410.91817518313684,9.849917597770709,53.9029835178752,-23.86407629878272,NYIS
2023-06-28,410.91156347372896,10.201840752502658,55.9272081618667,-29.80761238809839,NYIS
2023-06-29,410.90495176432114,8.648010458874726,57.90336888473715,-35.11333110793299,NYIS
2023-06-30,410.8983400549133,4.566542874420552,59.82945496369687,-15.127337893030813,NYIS
2023-07-01,410.8917283455055,-18.192034567509705,61.70350948099325,-14.858203258989079,NYIS
2023-07-02,410.8851166360976,-22.71878381078724,63.52363154456512,-0.6309643698755281,NYIS
2023-07-03,410.8785049266898,7.613037309431918,65.28797844403158,13.692479319846655,NYIS
2023-07-04,410.871893217282,9.849917597770709,66.99476773949013,-16.49257855454283,NYIS
2023-07-05,410.86528150787416,10.201840752502658,68.6422792806802,46.39559845894303,NYIS
2023-07-06,410.8586697984663,8.648010458874726,70.22885715414809,73.56346258851079,NYIS
2023-07-07,410.85205808905846,4.566542874420552,71.75291155613577,56.26948748038518,NYIS
2023-07-08,410.84544637965064,-18.192034567509705,73.21292058900225,28.678667598856805,NYIS
2023-07-09,410.83883467024276,-22.71878381078724,74.60743197907608,12.956517161468412,NYIS
2023-07-10,410.83222296083494,7.613037309431918,75.9350647139315,2.4576750158016125,NYIS
2023-07-11,410.8256112514271,9.849917597770709,77.19451059717338,4.959960553628719,NYIS
2023-07-12,410.8189995420193,10.201840752502658,78.38453571891537,32.92862398656257,NYIS
2023-07-13,410.8123878326114,8.648010458874726,79.503981840233,48.667619868280724,NYIS
2023-07-14,410.8057761232036,4.566542874420552,80.55176768997634,22.698913312399554,NYIS
2023-07-15,410.7991644137958,-18.192034567509705,81.52689017242884,33.63097998128501,NYIS
2023-07-16,410.79255270438796,-22.71878381078724,82.4284254844043,26.590805621994946,NYIS
2023-07-17,410.7859409949801,7.613037309431918,83.25553014048077,39.65249155510719,NYIS
2023-07-18,410.77932928557226,9.849917597770709,84.00744190517815,21.508311211478826,NYIS
2023-07-19,410.77271757616444,10.201840752502658,84.68348063099535,-15.544038959662487,NYIS
2023-07-20,410.7661058667566,8.648010458874726,85.28304900133466,-3.2021653269660533,NYIS
2023-07-21,410.75949415734874,4.566542874420552,85.80563317745197,0.88032979077866,NYIS
2023-07-22,410.7528824479409,-18.192034567509705,86.25080334868494,-29.25865122911614,NYIS
2023-07-23,410.7462707385331,-22.71878381078724,86.61821418532541,-19.112701113071296,NYIS
2023-07-24,410.7396590291253,7.613037309431918,86.90760519361598,0.927698467826815,NYIS
2023-07-25,410.7330473197174,9.849917597770709,87.11880097246697,-0.8947658899551811,NYIS
2023-07-26,410.7264356103096,10.201840752502658,87.25171137160494,9.44701226558277,NYIS
2023-07-27,410.71982390090176,8.648010458874726,87.30633155098027,60.335834089243235,NYIS
2023-07-28,410.71321219149394,4.566542874420552,87.28274194137751,75.05350299270793,NYIS
2023-07-29,410.70660048208606,-18.192034567509705,87.18110810628852,50.13932597913515,NYIS
2023-07-30,410.69998877267824,-22.71878381078724,87.00168050522444,-60.48788546711546,NYIS
2023-07-31,410.6933770632704,7.613037309431918,86.74479415875881,-58.075208531461215,NYIS
2023-08-01,410.68676535386254,9.849917597770709,86.41086821570958,-71.6235511673429,NYIS
2023-08-02,410.6801536444547,10.201840752502658,86.00040542298328,-79.7863998199407,NYIS
2023-08-03,410.6735419350469,8.648010458874726,85.51399149871843,-58.9575438926401,NYIS
2023-08-04,410.6669302256391,4.566542874420552,84.95229440948003,-40.71576750953966,NYIS
2023-08-05,410.6603185162312,-18.192034567509705,84.31606355236914,-39.33234750109074,NYIS
2023-08-06,410.6537068068234,-22.71878381078724,83.60612884302373,-37.183051839059885,NYIS
2023-08-07,410.64709509741556,7.613037309431918,82.8233997105973,-7.531532117444783,NYIS
2023-08-08,410.64048338800774,9.849917597770709,81.96886400091228,-29.496264986690733,NYIS
2023-08-09,410.63387167859986,10.201840752502658,81.04358678909168,-31.99629922019426,NYIS
2023-08-10,410.62725996919204,8.648010458874726,80.04870910308007,-34.21897953114683,NYIS
2023-08-11,410.6206482597842,4.566542874420552,78.98544655956948,-37.08863769377422,NYIS
2023-08-12,410.6140365503764,-18.192034567509705,77.85508791394847,-25.357089896815182,NYIS
2023-08-13,410.6074248409685,-22.71878381078724,76.6589935259943,-4.136634556175579,NYIS
2023-08-14,410.6008131315607,7.613037309431918,75.39859374312636,-5.695444184119026,NYIS
2023-08-15,410.5942014221529,9.849917597770709,74.07538720313671,-12.742506223060332,NYIS
2023-08-16,410.58758971274506,10.201840752502658,72.69093905840792,-13.473369523655606,NYIS
2023-08-17,410.5809780033372,8.648010458874726,71.24687912372043,-11.06786758593239,NYIS
2023-08-18,410.57436629392936,4.566542874420552,69.7448999498412,-33.09180911819118,NYIS
2023-08-19,410.56775458452154,-18.192034567509705,68.18675482517409,-78.09347484218597,NYIS
2023-08-20,410.5611428751137,-22.71878381078724,66.5742557078339,-44.42961477216039,NYIS
2023-08-21,410.55453116570584,7.613037309431918,64.90927109059147,12.528160434270774,NYIS
2023-08-22,410.547919456298,9.849917597770709,63.193723801212585,-42.73056085528134,NYIS
2023-08-23,410.5413077468902,10.201840752502658,61.42958874079129,-58.118737240184146,NYIS
2023-08-24,410.5346960374823,8.648010458874726,59.618890562749755,-47.90759705910688,NYIS
2023-08-25,410.5280843280745,4.566542874420552,57.76370129524807,-20.08332849774314,NYIS
2023-08-26,410.5214726186667,-18.192034567509705,55.86613790981096,-3.5385759609679894,NYIS
2023-08-27,410.51486090925886,-22.71878381078724,53.92835983904368,-21.764436937515256,NYIS
2023-08-28,410.508249199851,7.613037309431918,51.952566446368785,-25.915852955651758,NYIS
2023-08-29,410.50163749044316,9.849917597770709,49.9409944507696,-11.2255495389835,NYIS
2023-08-30,410.49502578103534,10.201840752502658,47.895915309581206,-8.752781843119294,NYIS
2023-08-31,410.4884140716275,8.648010458874726,45.81963256241733,-60.00605709291955,NYIS
2023-09-01,410.48180236221964,4.566542874420552,43.714479139366915,-68.36382437600713,NYIS
2023-09-02,410.4751906528118,-18.192034567509705,41.58281463663735,-54.64897072193958,NYIS
2023-09-03,410.468578943404,-22.71878381078724,39.427022562855605,11.024182304527642,NYIS
2023-09-04,410.4619672339962,7.613037309431918,37.249507559277845,40.55748789729404,NYIS
2023-09-05,410.4553555245883,9.849917597770709,35.0526925971829,112.37703428045808,NYIS
2023-09-06,410.4487438151805,10.201840752502658,32.83901615575467,137.3693992765622,NYIS
2023-09-07,410.44213210577266,8.648010458874726,30.610929383781457,133.8289280515711,NYIS
2023-09-08,410.43552039636484,4.566542874420552,28.370893248515138,87.93904348069952,NYIS
2023-09-09,410.42890868695696,-18.192034567509705,26.12137567505154,66.00875020550114,NYIS
2023-09-10,410.42229697754914,-22.71878381078724,23.864848679601472,39.29563815363662,NYIS
2023-09-11,410.4156852681413,7.613037309431918,21.60378550003065,40.657491922396105,NYIS
2023-09-12,410.4090735587335,9.849917597770709,19.340657727046292,29.51935111644957,NYIS
2023-09-13,410.4024618493256,10.201840752502658,17.077932439409345,24.963764958762397,NYIS
2023-09-14,410.3958501399178,8.648010458874726,14.81806934654632,-17.84092994533887,NYIS
2023-09-15,410.38923843051,4.566542874420552,12.563517941921852,-55.785299246852446,NYIS
2023-09-16,410.38262672110216,-18.192034567509705,10.316714670523467,-55.22030682411594,NYIS
2023-09-17,410.3760150116943,-22.71878381078724,8.08008011379205,-38.98731131469913,NYIS
2023-09-18,410.36940330228646,7.613037309431918,5.856016195307035,-22.78145680702545,NYIS
2023-09-19,410.36279159287864,9.849917597770709,3.646903410515961,-44.702612601165356,NYIS
2023-09-20,410.3561798834708,10.201840752502658,1.4550980837627776,-49.06411871973626,NYIS
2023-09-21,410.34956817406294,8.648010458874726,-0.717070344158742,-46.88450828877893,NYIS
2023-09-22,410.3429564646551,4.566542874420552,-2.86730199473935,-43.6521973443364,NYIS
2023-09-23,410.3363447552473,-18.192034567509705,-4.993329193629606,-40.06898099410802,NYIS
2023-09-24,410.3297330458394,-22.71878381078724,-7.092919072551428,-32.853030162500716,NYIS
2023-09-25,410.3231213364316,7.613037309431918,-9.163876128192602,-39.76828251767097,NYIS
2023-09-26,410.3165096270238,9.849917597770709,-11.204044735079485,-46.00938248971505,NYIS
2023-09-27,410.30989791761596,10.201840752502658,-13.211311609478006,-55.753427060640604,NYIS
2023-09-28,410.3032862082081,8.648010458874726,-15.183608221435254,-45.19868844564763,NYIS
2023-09-29,410.29667449880026,4.566542874420552,-17.11891315213015,-26.6873042210907,NYIS
2023-09-30,410.29006278939244,-18.192034567509705,-19.01525439377259,-29.56577382811014,NYIS
2023-10-01,410.2834510799846,-22.71878381078724,-20.870711589354716,-24.45495567984267,NYIS
2023-10-02,410.27683937057674,7.613037309431918,-22.683418209631945,-9.168458470376777,NYIS
2023-10-03,410.2702276611689,9.849917597770709,-24.45156366478578,3.2654184058461055,NYIS
2023-10-04,410.2636159517611,10.201840752502658,-26.173395348296715,27.50193864403292,NYIS
2023-10-05,410.2570042423533,8.648010458874726,-27.84722061063914,16.432205909411152,NYIS
2023-10-06,410.2503925329454,4.566542874420552,-29.471408660491164,23.89847325312519,NYIS
2023-10-07,410.2437808235376,-18.192034567509705,-31.04439239123863,1.5236461352106971,NYIS
2023-10-08,410.23716911412976,-22.71878381078724,-32.564670130644174,-30.25971517269835,NYIS
2023-10-09,410.23055740472194,7.613037309431918,-34.0308073116391,-31.527787402514775,NYIS
2023-10-10,410.22394569531406,9.849917597770709,-35.441438062294296,-22.364425230790573,NYIS
2023-10-11,410.21733398590624,10.201840752502658,-36.795266713118934,-19.450908025290005,NYIS
2023-10-12,410.2107222764984,8.648010458874726,-38.091069219935676,-20.59166351543746,NYIS
2023-10-13,410.2041105670906,4.566542874420552,-39.32769450068144,-21.435958940829664,NYIS
2023-10-14,410.1974988576827,-18.192034567509705,-40.50406568458351,-3.6323986055895716,NYIS
2023-10-15,410.1908871482749,-22.71878381078724,-41.619181272267824,-9.068922065219851,NYIS
2023-10-16,410.1842754388671,7.613037309431918,-42.67211620545814,-9.704196542840918,NYIS
2023-10-17,410.1776637294592,9.849917597770709,-43.662022845035935,-8.729558482194022,NYIS
2023-10-18,410.1710520200514,10.201840752502658,-44.588131856337284,-5.779760916216787,NYIS
2023-10-19,410.16444031064356,8.648010458874726,-45.44975300067337,-10.564697768844951,NYIS
2023-10-20,410.15782860123574,4.566542874420552,-46.24627583217401,3.888904356517685,NYIS
2023-10-21,410.15121689182786,-18.192034567509705,-46.97717029916441,2.437987974846237,NYIS
2023-10-22,410.14460518242004,-22.71878381078724,-47.64198724939877,1.8031658777659914,NYIS
2023-10-23,410.1379934730122,7.613037309431918,-48.24035883859027,-5.278671943853851,NYIS
2023-10-24,410.1313817636044,9.849917597770709,-48.77199884178856,-3.410300519586542,NYIS
2023-10-25,410.1247700541965,10.201840752502658,-49.23670286727449,-3.000907939424735,NYIS
2023-10-26,410.1181583447887,8.648010458874726,-49.63434847275477,3.4771796690912993,NYIS
2023-10-27,410.1115466353809,4.566542874420552,-49.964895183756816,7.510805673955417,NYIS
2023-10-28,410.10493492597305,-18.192034567509705,-50.2283844142394,12.87048405577599,NYIS
2023-10-29,410.0983232165652,-22.71878381078724,-50.424939289550366,13.17339988377239,NYIS
2023-10-30,410.09171150715736,7.613037309431918,-50.55476437197932,14.747015555390021,NYIS
2023-10-31,410.08509979774954,9.849917597770709,-50.6181452892679,6.959127893747677,NYIS
2023-11-01,410.0784880883417,10.201840752502658,-50.615448266555674,22.18511942571132,NYIS
2023-11-02,410.07187637893384,8.648010458874726,-50.54711956235423,25.184232724545666,NYIS
2023-11-03,410.065264669526,4.566542874420552,-50.413684809255415,12.53587726530884,NYIS
2023-11-04,410.0586529601182,-18.192034567509705,-50.215748260193095,12.155129867584549,NYIS
2023-11-05,410.0520412507104,-22.71878381078724,-49.953991941189386,19.426734501266196,NYIS
2023-11-06,410.0454295413025,7.613037309431918,-49.62917471162717,12.657707860892742,NYIS
2023-11-07,410.0388178318947,9.849917597770709,-49.242131233200354,7.259395803534915,NYIS
2023-11-08,410.03220612248685,10.201840752502658,-48.79377084880177,12.21172397381224,NYIS
2023-11-09,410.02559441307903,8.648010458874726,-48.28507637271465,22.99447150076088,NYIS
2023-11-10,410.01898270367116,4.566542874420552,-47.717102793579315,19.472577215487547,NYIS
2023-11-11,410.01237099426334,-18.192034567509705,-47.09097589170999,18.77363946495626,NYIS
2023-11-12,410.0057592848555,-22.71878381078724,-46.407890772437455,28.203915298369225,NYIS
2023-11-13,409.99914757544764,7.613037309431918,-45.66911031725369,30.923925432374062,NYIS
2023-11-14,409.9925358660398,9.849917597770709,-44.87596355463077,22.666510090820168,NYIS
2023-11-15,409.985924156632,10.201840752502658,-44.02984395248306,14.532079043348404,NYIS
2023-11-16,409.9793124472242,8.648010458874726,-43.13220763433246,3.991884728233572,NYIS
2023-11-17,409.9727007378163,4.566542874420552,-42.184571521328344,4.027327909091412,NYIS
2023-11-18,409.9660890284085,-18.192034567509705,-41.18851140236146,2.575456941462619,NYIS
2023-11-19,409.95947731900065,-22.71878381078724,-40.14565993459462,14.860966426381196,NYIS
2023-11-20,409.95286560959283,7.613037309431918,-39.05770457681794,20.229801657793132,NYIS
2023-11-21,409.94625390018496,9.849917597770709,-37.926385458113074,40.33821396015736,NYIS
2023-11-22,409.93964219077714,10.201840752502658,-36.75349318438935,16.06701024110947,NYIS
2023-11-23,409.9330304813693,8.648010458874726,-35.54086658542797,-25.83217435481606,NYIS
2023-11-24,409.9264187719615,4.566542874420552,-34.29039040513935,-5.485571241242724,NYIS
2023-11-25,409.9198070625536,-18.192034567509705,-33.00399293780731,26.56322044276334,NYIS
2023-11-26,409.9131953531458,-22.71878381078724,-31.683643613158296,26.32923207079972,NYIS
2023-11-27,409.906583643738,7.613037309431918,-30.33135053314986,15.113729579979918,NYIS
2023-11-28,409.89997193433015,9.849917597770709,-28.949157963438005,40.38126843133716,NYIS
2023-11-29,409.8933602249223,10.201840752502658,-27.53914378252605,49.25994280510105,NYIS
2023-11-30,409.88674851551445,8.648010458874726,-26.10341689165662,22.08965791726746,NYIS
2023-12-01,409.88013680610663,4.566542874420552,-24.644114588550288,20.502434908023133,NYIS
2023-12-02,409.8735250966988,-18.192034567509705,-23.163399908136284,9.745909378947204,NYIS
2023-12-03,409.86691338729094,-22.71878381078724,-21.663458933463808,15.905329356960067,NYIS
2023-12-04,409.8603016778831,7.613037309431918,-20.146498080011312,6.583159092696292,NYIS
2023-12-05,409.8536899684753,9.849917597770709,-18.614741356649915,19.84913379040387,NYIS
2023-12-06,409.8470782590675,10.201840752502658,-17.070427606536853,28.983508594966736,NYIS
2023-12-07,409.8404665496596,8.648010458874726,-15.515807731245236,39.198330722710864,NYIS
2023-12-08,409.8338548402518,4.566542874420552,-13.95314190145005,11.757744186777757,NYIS
2023-12-09,409.82724313084395,-18.192034567509705,-12.384696757511438,-5.539511805822826,NYIS
2023-12-10,409.8206314214361,-22.71878381078724,-10.812742603303636,-0.10710500734523976,NYIS
2023-12-11,409.81401971202826,7.613037309431918,-9.239550596647181,11.327493575186963,NYIS
2023-12-12,409.80740800262043,9.849917597770709,-7.667389939708258,4.777064339317064,NYIS
2023-12-13,409.8007962932126,10.201840752502658,-6.098525072723394,8.401888027008113,NYIS
2023-12-14,409.79418458380474,8.648010458874726,-4.535212874409513,15.811017831729998,NYIS
2023-12-15,409.7875728743969,4.566542874420552,-2.979699872405657,-4.710415876411901,NYIS
2023-12-16,409.7809611649891,-18.192034567509705,-1.4342194670854873,-13.453707130393923,NYIS
2023-12-17,409.7743494555813,-22.71878381078724,0.09901082794138105,-6.210576472735397,NYIS
2023-12-18,409.7677377461734,7.613037309431918,1.6177921253358498,-15.104567180941217,NYIS
2023-12-19,409.7611260367656,9.849917597770709,3.119946880270966,5.339009485192662,NYIS
2023-12-20,409.75451432735775,10.201840752502658,4.603321580156017,10.595323339983509,NYIS
2023-12-21,409.74790261794993,8.648010458874726,6.065789404629566,5.446297518545805,NYIS
2023-12-22,409.74129090854206,4.566542874420552,7.50525285263908,14.312913364398298,NYIS
2023-12-23,409.73467919913423,-18.192034567509705,8.91964633346397,10.97870903491139,NYIS
2023-12-24,409.7280674897264,-22.71878381078724,10.306938718586991,-12.48122239752621,NYIS
2023-12-25,409.7214557803186,7.613037309431918,11.66513585135638,-68.35062894110695,NYIS
2023-12-26,409.7148440709107,9.849917597770709,12.992283011443394,-41.4190446801249,NYIS
2023-12-27,409.7082323615029,10.201840752502658,14.286467331141957,-40.14154044514754,NYIS
2023-12-28,409.7016206520951,8.648010458874726,15.545820160624212,-44.047451271594014,NYIS
2023-12-29,409.69500894268725,4.566542874420552,16.768519379319873,-46.89807119642768,NYIS
2023-12-30,409.6883972332794,-18.192034567509705,17.952791650655573,-27.06715431642533,NYIS
2023-12-31,409.68178552387155,-22.71878381078724,19.096914617456786,-16.010916330541136,NYIS
2024-01-01,409.67517381446373,7.613037309431918,20.46807060227734,-49.99628172617304,NYIS
2024-01-02,409.66856210505586,9.849917597770709,21.515838716803977,-17.52131841963063,NYIS
2024-01-03,409.66195039564803,10.201840752502658,22.5182372842076,-14.673028432358365,NYIS
2024-01-04,409.6553386862402,8.648010458874726,23.473783614444383,-11.539132759559322,NYIS
2024-01-05,409.6487269768324,4.566542874420552,24.38105644824737,4.855673700499665,NYIS
2024-01-06,409.6421152674245,-18.192034567509705,25.238697725199508,9.51522157488563,NYIS
2024-01-07,409.6355035580167,-22.71878381078724,26.04541427521158,5.095865977558901,NYIS
2024-01-08,409.6288918486089,7.613037309431918,26.799979431378446,-14.45090858941927,NYIS
2024-01-09,409.62228013920105,9.849917597770709,27.50123456227997,-11.270432299251752,NYIS
2024-01-10,409.6156684297932,10.201840752502658,28.148090521889568,-37.34259970418543,NYIS
2024-01-11,409.60905672038535,8.648010458874726,28.739529015350765,-30.642596194610917,NYIS
2024-01-12,409.60244501097753,4.566542874420552,29.274603878982756,-36.46459176438094,NYIS
2024-01-13,409.5958333015697,-18.192034567509705,29.752442272977735,-31.618241007037795,NYIS
2024-01-14,409.58922159216183,-22.71878381078724,30.172245785356886,-5.288683566731493,NYIS
2024-01-15,409.582609882754,7.613037309431918,30.533291445857383,2.471061361956629,NYIS
2024-01-16,409.5759981733462,9.849917597770709,30.834932648529975,20.682151580353036,NYIS
2024-01-17,409.5693864639384,10.201840752502658,31.07659998193551,10.648172801623502,NYIS
2024-01-18,409.5627747545305,8.648010458874726,31.25780196593839,34.34241282065631,NYIS
2024-01-19,409.5561630451227,4.566542874420552,31.378125694206613,29.770168386250134,NYIS
2024-01-20,409.54955133571485,-18.192034567509705,31.43723738163957,50.60224585015527,NYIS
2024-01-21,409.54293962630703,-22.71878381078724,31.434882816058686,45.17696136842147,NYIS
2024-01-22,409.53632791689915,7.613037309431918,31.37088771360921,19.635747060059714,NYIS
2024-01-23,409.52971620749133,9.849917597770709,31.245157977436687,-3.882791782698746,NYIS
2024-01-24,409.5231044980835,10.201840752502658,31.057679859316124,-16.442625109902337,NYIS
2024-01-25,409.5164927886757,8.648010458874726,30.80852002402791,-37.922023271578325,NYIS
2024-01-26,409.5098810792678,4.566542874420552,30.49782551639,-29.346249470078362,NYIS
2024-01-27,409.50326936986,-18.192034567509705,30.125823630971748,-29.59805843332208,NYIS
2024-01-28,409.4966576604522,-22.71878381078724,29.692821684630626,-11.968695534295591,NYIS
2024-01-29,409.4900459510443,7.613037309431918,29.19920669212889,-7.786289952605102,NYIS
2024-01-30,409.4834342416365,9.849917597770709,28.645444945202364,-5.066796784609608,NYIS
2024-01-31,409.47682253222865,10.201840752502658,28.03208149556848,-11.999744780299807,NYIS
2024-02-01,409.47021082282083,8.648010458874726,27.359739542475417,-17.711960824170944,NYIS
2024-02-02,409.46359911341295,4.566542874420552,26.62911972550728,-17.93326171334087,NYIS
2024-02-03,409.45698740400513,-18.192034567509705,25.84099932347347,-22.7679521599689,NYIS
2024-02-04,409.4503756945973,-22.71878381078724,24.99623136032207,-22.85482324413215,NYIS
2024-02-05,409.4437639851895,7.613037309431918,24.095743619127852,-22.531544913749258,NYIS
2024-02-06,409.4371522757816,9.849917597770709,23.140537565314837,-19.34960743886728,NYIS
2024-02-07,409.4305405663738,10.201840752502658,22.13168718038165,-21.881068499258163,NYIS
2024-02-08,409.423928856966,8.648010458874726,21.070337707504308,-35.22127702334501,NYIS
2024-02-09,409.41731714755815,4.566542874420552,19.957704310496336,-43.87656433247503,NYIS
2024-02-10,409.4107054381503,-18.192034567509705,18.795070647708947,-43.610741518349585,NYIS
2024-02-11,409.40409372874245,-22.71878381078724,17.583787362555654,-29.053097280510883,NYIS
2024-02-12,409.39748201933463,7.613037309431918,16.325270492445256,-24.82078982121186,NYIS
2024-02-13,409.3908703099268,9.849917597770709,15.020999798003565,-6.9357877057010455,NYIS
2024-02-14,409.38425860051893,10.201840752502658,13.672517014560396,3.5413836324179897,NYIS
2024-02-15,409.3776468911111,8.648010458874726,12.28142402797013,11.16591862204399,NYIS
2024-02-16,409.3710351817033,4.566542874420552,10.849380976924767,1.937040966951372,NYIS
2024-02-17,409.36442347229547,-18.192034567509705,9.378104284006234,20.77050681120801,NYIS
2024-02-18,409.3578117628876,-22.71878381078724,7.869364617809264,24.443607430090367,NYIS
2024-02-19,409.3512000534798,7.613037309431918,6.324984788548907,-7.484222151460585,NYIS
2024-02-20,409.34458834407195,9.849917597770709,4.746837579645945,4.242656478511378,NYIS
2024-02-21,409.33797663466413,10.201840752502658,3.136843517859795,-4.480660905026525,NYIS
2024-02-22,409.33136492525625,8.648010458874726,1.4969685846122367,-2.9853439687432797,NYIS
2024-02-23,409.32475321584843,4.566542874420552,-0.17077812878471477,-12.534517961484312,NYIS
2024-02-24,409.3181415064406,-18.192034567509705,-1.8643468192163404,-0.5327601197146237,NYIS
2024-02-25,409.31152979703273,-22.71878381078724,-3.5816494203235116,10.202903434077996,NYIS
2024-02-26,409.3049180876249,7.613037309431918,-5.320562098627686,-16.226393298429173,NYIS
2024-02-27,409.2983063782171,9.849917597770709,-7.0789277942602595,-26.66129618172755,NYIS
2024-02-28,409.29169466880927,10.201840752502658,-8.854558803281492,-14.015976618030436,NYIS
2024-02-29,409.2850829594014,8.648010458874726,-10.645239398524012,14.314145980247815,NYIS
2024-03-01,409.2784712499936,4.566542874420552,-12.448728485849319,0.9207143614352162,NYIS
2024-03-02,409.27185954058575,-18.192034567509705,-14.262762292663748,10.127937319587659,NYIS
2024-03-03,409.26524783117793,-22.71878381078724,-16.085057085500917,-18.798406934889783,NYIS
2024-03-04,409.25863612177005,7.613037309431918,-17.913311913442975,-31.27936151775907,NYIS
2024-03-05,409.25202441236223,9.849917597770709,-19.74521137412159,-14.667730636011356,NYIS
2024-03-06,409.2454127029544,10.201840752502658,-21.578428399012523,-8.751825056444545,NYIS
2024-03-07,409.2388009935466,8.648010458874726,-23.410627054713245,-13.356184397708091,NYIS
2024-03-08,409.2321892841387,4.566542874420552,-25.239465356875254,-21.080266801684047,NYIS
2024-03-09,409.2255775747309,-18.192034567509705,-27.062598093444787,15.8100550862236,NYIS
2024-03-10,409.21896586532307,-22.71878381078724,-28.877679653856198,1.8764975993203734,NYIS
2024-03-11,409.21235415591525,7.613037309431918,-30.682366860813207,10.018975395465986,NYIS
2024-03-12,409.2057424465074,9.849917597770709,-32.474321801289705,-18.505338242988387,NYIS
2024-03-13,409.19913073709955,10.201840752502658,-34.25121465338309,-25.349756836219115,NYIS
2024-03-14,409.19251902769173,8.648010458874726,-36.01072650565574,-24.698802980910727,NYIS
2024-03-15,409.1859073182839,4.566542874420552,-37.7505521656101,-9.456898027094326,NYIS
2024-03-16,409.17929560887603,-18.192034567509705,-39.46840295395427,-16.107858087412126,NYIS
2024-03-17,409.1726838994682,-22.71878381078724,-41.162009481331026,-8.49889060734995,NYIS
2024-03-18,409.1660721900604,7.613037309431918,-42.82912440420423,8.348014904711931,NYIS
2024-03-19,409.1594604806525,9.849917597770709,-44.46752515661987,18.863147078196562,NYIS
2024-03-20,409.1528487712447,10.201840752502658,-46.075016654587095,24.430327130839657,NYIS
2024-03-21,409.14623706183687,8.648010458874726,-47.649433969856986,40.261186449145384,NYIS
2024-03-22,409.13962535242905,4.566542874420552,-49.188644969911394,50.8524767430618,NYIS
2024-03-23,409.1330136430212,-18.192034567509705,-50.690552921015026,60.989573845503514,NYIS
2024-03-24,409.12640193361335,-22.71878381078724,-52.15309905122549,39.869480928399355,NYIS
2024-03-25,409.11979022420553,7.613037309431918,-53.574265070304534,20.822437536666996,NYIS
2024-03-26,409.1131785147977,9.849917597770709,-54.95207564352275,21.54997953095426,NYIS
2024-03-27,409.10656680538983,10.201840752502658,-56.28460081640475,20.42419325851216,NYIS
2024-03-28,409.099955095982,8.648010458874726,-57.569958387519726,25.461992832662986,NYIS
2024-03-29,409.0933433865742,4.566542874420552,-58.80631622648197,14.11742996548719,NYIS
2024-03-30,409.08673167716637,-18.192034567509705,-59.991894534391975,13.551197424735335,NYIS
2024-03-31,409.0801199677585,-22.71878381078724,-61.12496804401506,-0.4023681129562533,NYIS
2024-04-01,409.07350825835067,7.613037309431918,-62.20386815706552,13.024322589282917,NYIS
2024-04-02,409.06689654894285,9.849917597770709,-63.22698501603909,31.407170869325455,NYIS
2024-04-03,409.06028483953503,10.201840752502658,-64.19276950811212,51.97564391607443,NYIS
2024-04-04,409.05367313012715,8.648010458874726,-65.09973519870728,45.087051609705384,NYIS
2024-04-05,409.04706142071933,4.566542874420552,-65.94646019240702,40.710855897267095,NYIS
2024-04-06,409.0404497113115,-18.192034567509705,-66.73158891898265,31.95717377518082,NYIS
2024-04-07,409.0338380019037,-22.71878381078724,-67.45383384239435,12.783779651277882,NYIS
2024-04-08,409.0272262924958,7.613037309431918,-68.11197709070855,11.030713488780805,NYIS
2024-04-09,409.020614583088,9.849917597770709,-68.70487200497209,-3.3976601758866423,NYIS
2024-04-10,409.01400287368017,10.201840752502658,-69.23144460517827,5.227600978995497,NYIS
2024-04-11,409.00739116427235,8.648010458874726,-69.69069497155763,17.87629334841057,NYIS
2024-04-12,409.00077945486447,4.566542874420552,-70.08169853952538,18.5143762102403,NYIS
2024-04-13,408.99416774545665,-18.192034567509705,-70.40360730672072,28.34547412877373,NYIS
2024-04-14,408.98755603604883,-22.71878381078724,-70.65565095067532,19.667878725413743,NYIS
2024-04-15,408.98094432664095,7.613037309431918,-70.83713785575492,4.549156219682004,NYIS
2024-04-16,408.97433261723313,9.849917597770709,-70.94745604812398,-8.384794166879942,NYIS
2024-04-17,408.9677209078253,10.201840752502658,-70.98607403759283,8.22451237726483,NYIS
2024-04-18,408.9611091984175,8.648010458874726,-70.95254156531578,27.599421908023544,NYIS
2024-04-19,408.9544974890096,4.566542874420552,-70.84649025642038,16.27544989299014,NYIS
2024-04-20,408.9478857796018,-18.192034567509705,-70.66763417675982,12.612782964667701,NYIS
2024-04-21,408.94127407019397,-22.71878381078724,-70.41577029309373,22.976280033686976,NYIS
2024-04-22,408.93466236078615,7.613037309431918,-70.09077883611695,-3.9919208341011654,NYIS
2024-04-23,408.92805065137827,9.849917597770709,-69.69262356587002,-6.737344683278991,NYIS
2024-04-24,408.92143894197045,10.201840752502658,-69.22135193918066,5.538072244707507,NYIS
2024-04-25,408.91482723256263,8.648010458874726,-68.67709517890154,-4.993742512535789,NYIS
2024-04-26,408.9082155231548,4.566542874420552,-68.06006824482478,-5.545690152750581,NYIS
2024-04-27,408.90160381374693,-18.192034567509705,-67.37056970627073,2.7770004600334346,NYIS
2024-04-28,408.8949921043391,-22.71878381078724,-66.60898151646386,5.608773222911907,NYIS
2024-04-29,408.8883803949313,7.613037309431918,-65.77576868892528,16.28935098456202,NYIS
2024-04-30,408.88176868552347,9.849917597770709,-64.87147887622682,3.753792592932598,NYIS
2024-05-01,408.8751569761156,10.201840752502658,-63.896741851566816,-4.6222558770514866,NYIS
2024-05-02,408.86854526670777,8.648010458874726,-62.85226889374312,-4.728286831839398,NYIS
2024-05-03,408.86193355729995,4.566542874420552,-61.73885207621254,-9.74962435550799,NYIS
2024-05-04,408.8553218478921,-18.192034567509705,-60.557363461039316,-7.966923819343037,NYIS
2024-05-05,408.84871013848425,-22.71878381078724,-59.30875419864814,11.137827870951128,NYIS
2024-05-06,408.84209842907643,7.613037309431918,-57.994053534407485,-7.89008220410085,NYIS
2024-05-07,408.8354867196686,9.849917597770709,-56.61436772318091,-10.716036594258412,NYIS
2024-05-08,408.8288750102608,10.201840752502658,-55.17087885309057,13.471163090327138,NYIS
2024-05-09,408.8222633008529,8.648010458874726,-53.66484357984679,-2.7954301798808956,NYIS
2024-05-10,408.8156515914451,4.566542874420552,-52.09759177310144,-5.77560269276421,NYIS
2024-05-11,408.80903988203727,-18.192034567509705,-50.47052507638842,-21.265480238139276,NYIS
2024-05-12,408.8024281726294,-22.71878381078724,-48.78511538231518,-14.819528979527036,NYIS
2024-05-13,408.79581646322157,7.613037309431918,-47.04290322477095,-21.411950547882554,NYIS
2024-05-14,408.78920475381375,9.849917597770709,-45.24549609001489,-18.682626261569567,NYIS
2024-05-15,408.7825930444059,10.201840752502658,-43.39456664860282,-8.176867148305746,NYIS
2024-05-16,408.77598133499805,8.648010458874726,-41.49185091020606,-12.122140883666816,NYIS
2024-05-17,408.76936962559023,4.566542874420552,-39.53914630346583,-15.119766196544902,NYIS
2024-05-18,408.7627579161824,-18.192034567509705,-37.538309683116324,-16.070413665556373,NYIS
2024-05-19,408.7561462067746,-22.71878381078724,-35.49125526669562,-14.489107129291767,NYIS
2024-05-20,408.7495344973667,7.613037309431918,-33.39995250324619,-5.326619303552491,NYIS
2024-05-21,408.7429227879589,9.849917597770709,-31.26642387648841,21.587583490758732,NYIS
2024-05-22,408.73631107855107,10.201840752502658,-29.092742645026824,44.53159081397308,NYIS
2024-05-23,408.72969936914325,8.648010458874726,-26.881030522224545,34.44032069420655,NYIS
2024-05-24,408.72308765973537,4.566542874420552,-24.633455298452397,25.35582476429647,NYIS
2024-05-25,408.71647595032755,-18.192034567509705,-22.352228408487182,7.057787025669313,NYIS
2024-05-26,408.7098642409197,-22.71878381078724,-20.03960244689928,16.596522016766755,NYIS
2024-05-27,408.7032525315119,7.613037309431918,-17.697868634330533,0.3555787933867123,NYIS
2024-05-28,408.69664082210403,9.849917597770709,-15.329354237622148,12.76079581774735,NYIS
2024-05-29,408.6900291126962,10.201840752502658,-12.93641994680776,-12.010449918391146,NYIS
2024-05-30,408.6834174032884,8.648010458874726,-10.521457212036253,-38.286970650126875,NYIS
2024-05-31,408.67680569388057,4.566542874420552,-8.086885543538457,-39.37646302476264,NYIS
2024-06-01,408.6701939844727,-18.192034567509705,-5.635149777793714,-24.66000963916929,NYIS
2024-06-02,408.66358227506487,-22.71878381078724,-3.1687173130951862,-4.643081151182514,NYIS
2024-06-03,408.65697056565705,7.613037309431918,-0.6900753177456451,32.76306744265668,NYIS
2024-06-04,408.65035885624917,9.849917597770709,1.7982720858481613,34.79745146013187,NYIS
2024-06-05,408.64374714684135,10.201840752502658,4.293806657888538,37.869605442767465,NYIS
2024-06-06,408.6371354374335,8.648010458874726,6.793998895387745,51.1958552083039,NYIS
2024-06-07,408.6305237280257,4.566542874420552,9.296310900514662,15.285622497039128,NYIS
2024-06-08,408.62391201861783,-18.192034567509705,11.798199259730993,-23.014076710839163,NYIS
2024-06-09,408.61730030921,-22.71878381078724,14.297117930345046,-27.276634428767863,NYIS
2024-06-10,408.6106885998022,7.613037309431918,16.790521131103937,-35.80524704033809,NYIS
2024-06-11,408.60407689039437,9.849917597770709,19.275866233438748,-41.70786072160388,NYIS
2024-06-12,408.5974651809865,10.201840752502658,21.750616649977694,-40.476922583466944,NYIS
2024-06-13,408.59085347157867,8.648010458874726,24.21224471694299,-3.5881086473964956,NYIS
2024-06-14,408.58424176217085,4.566542874420552,26.6582345670565,20.69098079635205,NYIS
2024-06-15,408.577630052763,-18.192034567509705,29.086084989587725,-26.615680474841156,NYIS
2024-06-16,408.57101834335515,-22.71878381078724,31.493312274196057,-44.01554680676401,NYIS
2024-06-17,408.5644066339473,7.613037309431918,33.87745303523286,22.647103021387807,NYIS
2024-06-18,408.5577949245395,9.849917597770709,36.23606701319766,73.95322046449206,NYIS
2024-06-19,408.5511832151317,10.201840752502658,38.56673985006432,86.67823618230136,NYIS
2024-06-20,408.5445715057238,8.648010458874726,40.86708583522709,102.31133220017426,NYIS
2024-06-21,408.537959796316,4.566542874420552,43.13475061884879,113.50774671041461,NYIS
2024-06-22,408.53134808690817,-18.192034567509705,45.36741388943306,99.34527259116845,NYIS
2024-06-23,408.52473637750035,-22.71878381078724,47.562792012482966,95.21825542080393,NYIS
2024-06-24,408.51812466809247,7.613037309431918,49.71864062715534,22.022197395320234,NYIS
2024-06-25,408.51151295868465,9.849917597770709,51.83275719786853,18.138812245676093,NYIS
2024-06-26,408.5049012492768,10.201840752502658,53.9029835178752,52.903274480345374,NYIS
2024-06-27,408.498289539869,8.648010458874726,55.9272081618667,1.3144918393895182,NYIS
2024-06-28,408.49167783046113,4.566542874420552,57.90336888473715,-57.25758958961882,NYIS
2024-06-29,408.4850661210533,-18.192034567509705,59.82945496369687,-21.156486517240523,NYIS
2024-06-30,408.4784544116455,-22.71878381078724,61.70350948099325,12.35481991814845,NYIS
2024-07-01,408.4718427022376,7.613037309431918,63.52363154456512,-48.45551155623468,NYIS
2024-07-02,408.4652309928298,9.849917597770709,65.28797844403158,-40.8391270346321,NYIS
2024-07-03,408.45861928342197,10.201840752502658,66.99476773949013,-21.6072277754148,NYIS
2024-07-04,408.45200757401415,8.648010458874726,68.6422792806802,-17.43829731356908,NYIS
2024-07-05,408.44539586460627,4.566542874420552,70.22885715414809,51.82120410682501,NYIS
2024-07-06,408.43878415519845,-18.192034567509705,71.75291155613577,62.04333885617541,NYIS
2024-07-07,408.4321724457906,-22.71878381078724,73.21292058900225,62.461690775994384,NYIS
2024-07-08,408.4255607363828,7.613037309431918,74.60743197907608,84.39496997510923,NYIS
2024-07-09,408.41894902697493,9.849917597770709,75.9350647139315,90.67706866132278,NYIS
2024-07-10,408.4123373175671,10.201840752502658,77.19451059717338,100.87031133275678,NYIS
2024-07-11,408.4057256081593,8.648010458874726,78.38453571891537,64.90672821405059,NYIS
2024-07-12,408.39911389875147,4.566542874420552,79.503981840233,44.55136138659492,NYIS
2024-07-13,408.3925021893436,-18.192034567509705,80.55176768997634,44.05776468818965,NYIS
2024-07-14,408.38589047993577,-22.71878381078724,81.52689017242884,51.80800315842254,NYIS
2024-07-15,408.37927877052795,7.613037309431918,82.4284254844043,83.82525843563576,NYIS
2024-07-16,408.3726670611201,9.849917597770709,83.25553014048077,91.0888852006284,NYIS
2024-07-17,408.36605535171225,10.201840752502658,84.00744190517815,69.44666199060697,NYIS
2024-07-18,408.3594436423044,8.648010458874726,84.68348063099535,21.3560652678255,NYIS
2024-07-19,408.3528319328966,4.566542874420552,85.28304900133466,-23.244423808651845,NYIS
2024-07-20,408.3462202234888,-18.192034567509705,85.80563317745197,-18.719818833431077,NYIS
2024-07-21,408.3396085140809,-22.71878381078724,86.25080334868494,10.781371948021444,NYIS
2024-07-22,408.3329968046731,7.613037309431918,86.61821418532541,23.892751700569534,NYIS
2024-07-23,408.32638509526527,9.849917597770709,86.90760519361598,10.613092113348046,NYIS
2024-07-24,408.31977338585745,10.201840752502658,87.11880097246697,16.650584889172933,NYIS
2024-07-25,408.31316167644957,8.648010458874726,87.25171137160494,0.2021164930707755,NYIS
2024-07-26,408.30654996704175,4.566542874420552,87.30633155098027,-40.669424392442636,NYIS
2024-07-27,408.2999382576339,-18.192034567509705,87.28274194137751,-30.588645631501777,NYIS
2024-07-28,408.29332654822605,-22.71878381078724,87.18110810628852,-15.714650843727384,NYIS
2024-07-29,408.2867148388182,7.613037309431918,87.00168050522444,9.821567346525342,NYIS
2024-07-30,408.2801031294104,9.849917597770709,86.74479415875881,44.20818511405997,NYIS
2024-07-31,408.2734914200026,10.201840752502658,86.41086821570958,61.08079961178515,NYIS
2024-08-01,408.2668797105947,8.648010458874726,86.00040542298328,75.42170440754722,NYIS
2024-08-02,408.2602680011869,4.566542874420552,85.51399149871843,81.67519762567406,NYIS
2024-08-03,408.25365629177907,-18.192034567509705,84.95229440948003,61.882083866250525,NYIS
2024-08-04,408.24704458237125,-22.71878381078724,84.31606355236914,31.918675676046803,NYIS
2024-08-05,408.24043287296337,7.613037309431918,83.60612884302373,45.18940097458096,NYIS
2024-08-06,408.23382116355555,9.849917597770709,82.8233997105973,36.5548615280764,NYIS
2024-08-07,408.2272094541477,10.201840752502658,81.96886400091228,-51.40591420756272,NYIS
2024-08-08,408.2205977447399,8.648010458874726,81.04358678909168,-60.74919499270629,NYIS
2024-08-09,408.213986035332,4.566542874420552,80.04870910308007,6.123761987167313,NYIS
2024-08-10,408.2073743259242,-18.192034567509705,78.98544655956948,-9.700786317983955,NYIS
2024-08-11,408.2007626165164,-22.71878381078724,77.85508791394847,-41.527066719677634,NYIS
2024-08-12,408.19415090710856,7.613037309431918,76.6589935259943,-56.197181742534724,NYIS
2024-08-13,408.1875391977007,9.849917597770709,75.39859374312636,-56.79205053859778,NYIS
2024-08-14,408.18092748829287,10.201840752502658,74.07538720313671,-26.834155443932218,NYIS
2024-08-15,408.17431577888505,8.648010458874726,72.69093905840792,-8.52826529616766,NYIS
2024-08-16,408.1677040694772,4.566542874420552,71.24687912372043,8.974873932381797,NYIS
2024-08-17,408.16109236006935,-18.192034567509705,69.7448999498412,2.33704225759908,NYIS
2024-08-18,408.1544806506615,-22.71878381078724,68.18675482517409,1.2885483349515994,NYIS
2024-08-19,408.1478689412537,7.613037309431918,66.5742557078339,-4.556161958519567,NYIS
2024-08-20,408.1412572318458,9.849917597770709,64.90927109059147,-81.0704459202081,NYIS
2024-08-21,408.134645522438,10.201840752502658,63.193723801212585,-99.40421007615333,NYIS
2024-08-22,408.1280338130302,8.648010458874726,61.42958874079129,-88.8996330126962,NYIS
2024-08-23,408.12142210362236,4.566542874420552,59.618890562749755,-64.87585554079271,NYIS
2024-08-24,408.1148103942145,-18.192034567509705,57.76370129524807,-42.58447712195289,NYIS
2024-08-25,408.10819868480667,-22.71878381078724,55.86613790981096,-15.9915527838304,NYIS
2024-08-26,408.10158697539885,7.613037309431918,53.92835983904368,5.946015876125614,NYIS
2024-08-27,408.094975265991,9.849917597770709,51.952566446368785,17.666540689869464,NYIS
2024-08-28,408.08836355658315,10.201840752502658,49.9409944507696,71.21580124014457,NYIS
2024-08-29,408.0817518471753,8.648010458874726,47.895915309581206,10.728322384368653,NYIS
2024-08-30,408.0751401377675,4.566542874420552,45.81963256241733,-20.53731557460543,NYIS
2024-08-31,408.0685284283597,-18.192034567509705,43.714479139366915,-4.511973000216869,NYIS
2024-09-01,408.0619167189518,-22.71878381078724,41.58281463663735,10.040052455198008,NYIS
2024-09-02,408.055305009544,7.613037309431918,39.427022562855605,-60.267364881831554,NYIS
2024-09-03,408.04869330013616,9.849917597770709,37.249507559277845,-72.72511845718475,NYIS
2024-09-04,408.04208159072834,10.201840752502658,35.0526925971829,-60.499614940413835,NYIS
2024-09-05,408.03546988132047,8.648010458874726,32.83901615575467,-48.07649649594987,NYIS
2024-09-06,408.02885817191265,4.566542874420552,30.610929383781457,-28.101330430114672,NYIS
2024-09-07,408.0222464625048,-18.192034567509705,28.370893248515138,-30.766105143510288,NYIS
2024-09-08,408.015634753097,-22.71878381078724,26.12137567505154,-72.6592266173613,NYIS
2024-09-09,408.0090230436891,7.613037309431918,23.864848679601472,-61.607909032722546,NYIS
2024-09-10,408.0024113342813,9.849917597770709,21.60378550003065,-50.49011443208269,NYIS
2024-09-11,407.9957996248735,10.201840752502658,19.340657727046292,-48.18529810442237,NYIS
2024-09-12,407.98918791546566,8.648010458874726,17.077932439409345,-25.299130813749684,NYIS
2024-09-13,407.9825762060578,4.566542874420552,14.81806934654632,-6.431188427024779,NYIS
2024-09-14,407.97596449664996,-18.192034567509705,12.563517941921852,9.555552128937848,NYIS
2024-09-15,407.96935278724214,-22.71878381078724,10.316714670523467,9.068716353021614,NYIS
2024-09-16,407.96274107783427,7.613037309431918,8.08008011379205,-8.058858501058296,NYIS
2024-09-17,407.95612936842645,9.849917597770709,5.856016195307035,-1.399063161504273,NYIS
2024-09-18,407.9495176590186,10.201840752502658,3.646903410515961,-0.5122618220372601,NYIS
2024-09-19,407.9429059496108,8.648010458874726,1.4550980837627776,16.081985507751654,NYIS
2024-09-20,407.9362942402029,4.566542874420552,-0.717070344158742,17.483233229535188,NYIS
2024-09-21,407.9296825307951,-18.192034567509705,-2.86730199473935,0.5336540314538638,NYIS
2024-09-22,407.9230708213873,-22.71878381078724,-4.993329193629606,-7.728957816970421,NYIS
2024-09-23,407.91645911197946,7.613037309431918,-7.092919072551428,-19.42257734885993,NYIS
2024-09-24,407.9098474025716,9.849917597770709,-9.163876128192602,-31.78788887214978,NYIS
2024-09-25,407.90323569316377,10.201840752502658,-11.204044735079485,-22.78603171058694,NYIS
2024-09-26,407.89662398375594,8.648010458874726,-13.211311609478006,3.4506771668472993,NYIS
2024-09-27,407.8900122743481,4.566542874420552,-15.183608221435254,-3.618946927333468,NYIS
2024-09-28,407.88340056494025,-18.192034567509705,-17.11891315213015,-4.450452845300447,NYIS
2024-09-29,407.8767888555324,-22.71878381078724,-19.01525439377259,-5.688750650972565,NYIS
2024-09-30,407.8701771461246,7.613037309431918,-20.870711589354716,-13.828502866201802,NYIS
2024-10-01,407.8635654367168,9.849917597770709,-22.683418209631945,-16.214064824855598,NYIS
2024-10-02,407.8569537273089,10.201840752502658,-24.45156366478578,-19.51523081502586,NYIS
2024-10-03,407.8503420179011,8.648010458874726,-26.173395348296715,-21.236957128479105,NYIS
2024-10-04,407.84373030849326,4.566542874420552,-27.84722061063914,-13.572052572274686,NYIS
2024-10-05,407.83711859908544,-18.192034567509705,-29.471408660491164,-14.054675371084556,NYIS
2024-10-06,407.83050688967757,-22.71878381078724,-31.04439239123863,-16.82533068765173,NYIS
2024-10-07,407.82389518026974,7.613037309431918,-32.564670130644174,-7.822262359057504,NYIS
2024-10-08,407.8172834708619,9.849917597770709,-34.0308073116391,-25.265393756993603,NYIS
2024-10-09,407.8106717614541,10.201840752502658,-35.441438062294296,-54.37307445166249,NYIS
2024-10-10,407.8040600520462,8.648010458874726,-36.795266713118934,-19.53180379780207,NYIS
2024-10-11,407.7974483426384,4.566542874420552,-38.091069219935676,-19.2809219971233,NYIS
2024-10-12,407.7908366332306,-18.192034567509705,-39.32769450068144,-22.38510756503939,NYIS
2024-10-13,407.7842249238227,-22.71878381078724,-40.50406568458351,5.296624571547966,NYIS
2024-10-14,407.7776132144149,7.613037309431918,-41.619181272267824,0.002530748421008866,NYIS
2024-10-15,407.77100150500706,9.849917597770709,-42.67211620545814,-4.808802897319708,NYIS
2024-10-16,407.76438979559924,10.201840752502658,-43.662022845035935,-2.8862077030659634,NYIS
2024-10-17,407.75777808619137,8.648010458874726,-44.588131856337284,-5.896656688728854,NYIS
2024-10-18,407.75116637678354,4.566542874420552,-45.44975300067337,-7.5079562505307536,NYIS
2024-10-19,407.7445546673757,-18.192034567509705,-46.24627583217401,-8.436244267692075,NYIS
2024-10-20,407.7379429579679,-22.71878381078724,-46.97717029916441,-8.020988848016202,NYIS
2024-10-21,407.73133124856,7.613037309431918,-47.64198724939877,-3.832381308593199,NYIS
2024-10-22,407.7247195391522,9.849917597770709,-48.24035883859027,4.158721701667332,NYIS
2024-10-23,407.7181078297444,10.201840752502658,-48.77199884178856,6.8830502595415055,NYIS
2024-10-24,407.71149612033656,8.648010458874726,-49.23670286727449,-0.9408037119367805,NYIS
2024-10-25,407.7048844109287,4.566542874420552,-49.63434847275477,-1.5200788125944769,NYIS
2024-10-26,407.69827270152086,-18.192034567509705,-49.964895183756816,-2.3633429502543777,NYIS
2024-10-27,407.69166099211304,-22.71878381078724,-50.2283844142394,6.112507232913572,NYIS
2024-10-28,407.6850492827052,7.613037309431918,-50.424939289550366,4.308852697413272,NYIS
2024-10-29,407.67843757329734,9.849917597770709,-50.55476437197932,13.80440920091121,NYIS
2024-10-30,407.6718258638895,10.201840752502658,-50.6181452892679,2.686478672875694,NYIS
2024-10-31,407.6652141544817,8.648010458874726,-50.615448266555674,10.689223653199235,NYIS
2024-11-01,407.6586024450739,4.566542874420552,-50.54711956235423,18.60397424285975,NYIS
2024-11-02,407.651990735666,-18.192034567509705,-50.413684809255415,6.192728641099052,NYIS
2024-11-03,407.6453790262582,-22.71878381078724,-50.215748260193095,23.51515304472207,NYIS
2024-11-04,407.63876731685036,7.613037309431918,-49.953991941189386,20.03518731490709,NYIS
2024-11-05,407.6321556074425,9.849917597770709,-49.62917471162717,3.941101506413929,NYIS
2024-11-06,407.62554389803466,10.201840752502658,-49.242131233200354,17.59374658266296,NYIS
2024-11-07,407.61893218862684,8.648010458874726,-48.79377084880177,11.00282820130019,NYIS
2024-11-08,407.612320479219,4.566542874420552,-48.28507637271465,3.5972130190750704,NYIS
2024-11-09,407.60570876981114,-18.192034567509705,-47.717102793579315,3.1414285912778155,NYIS
2024-11-10,407.5990970604033,-22.71878381078724,-47.09097589170999,17.684662642093826,NYIS
2024-11-11,407.5924853509955,7.613037309431918,-46.407890772437455,5.235368112010065,NYIS
2024-11-12,407.5858736415877,9.849917597770709,-45.66911031725369,6.096319077895259,NYIS
2024-11-13,407.5792619321798,10.201840752502658,-44.87596355463077,14.824860869948282,NYIS
2024-11-14,407.572650222772,8.648010458874726,-44.02984395248306,28.244183270836345,NYIS
2024-11-15,407.56603851336416,4.566542874420552,-43.13220763433246,17.29062624654773,NYIS
2024-11-16,407.55942680395634,-18.192034567509705,-42.184571521328344,7.65217928488164,NYIS
2024-11-17,407.55281509454846,-22.71878381078724,-41.18851140236146,10.101480118600193,NYIS
2024-11-18,407.54620338514064,7.613037309431918,-40.14565993459462,-3.4085807599780082,NYIS
2024-11-19,407.5395916757328,9.849917597770709,-39.05770457681794,-1.5918046966856423,NYIS
2024-11-20,407.532979966325,10.201840752502658,-37.926385458113074,-1.3254352607145847,NYIS
2024-11-21,407.5263682569171,8.648010458874726,-36.75349318438935,14.909114468597409,NYIS
2024-11-22,407.5197565475093,4.566542874420552,-35.54086658542797,30.308567163498083,NYIS
2024-11-23,407.5131448381015,-18.192034567509705,-34.29039040513935,19.67428013454753,NYIS
2024-11-24,407.50653312869366,-22.71878381078724,-33.00399293780731,16.81024361990086,NYIS
2024-11-25,407.4999214192858,7.613037309431918,-31.683643613158296,3.1616848844406036,NYIS
2024-11-26,407.49330970987796,9.849917597770709,-30.33135053314986,8.836123225501126,NYIS
2024-11-27,407.48669800047014,10.201840752502658,-28.949157963438005,0.4536192104652059,NYIS
2024-11-28,407.4800862910623,8.648010458874726,-27.53914378252605,-7.62895296741101,NYIS
2024-11-29,407.47347458165444,4.566542874420552,-26.10341689165662,1.671399435581634,NYIS
2024-11-30,407.4668628722466,-18.192034567509705,-24.644114588550288,34.12128628381339,NYIS
2024-12-01,407.4602511628388,-22.71878381078724,-23.163399908136284,51.13093255608476,NYIS
2024-12-02,407.453639453431,7.613037309431918,-21.663458933463808,46.23378217060093,NYIS
2024-12-03,407.4470277440231,9.849917597770709,-20.146498080011312,43.514552738217446,NYIS
2024-12-04,407.4404160346153,10.201840752502658,-18.614741356649915,48.62348456953191,NYIS
2024-12-05,407.43380432520746,8.648010458874726,-17.070427606536853,46.64861282245471,NYIS
2024-12-06,407.4271926157996,4.566542874420552,-15.515807731245236,56.264072241025076,NYIS
2024-12-07,407.42058090639176,-18.192034567509705,-13.95314190145005,51.007595562567985,NYIS
2024-12-08,407.41396919698394,-22.71878381078724,-12.384696757511438,30.98651137131469,NYIS
2024-12-09,407.4073574875761,7.613037309431918,-10.812742603303636,20.2513478062956,NYIS
2024-12-10,407.40074577816824,9.849917597770709,-9.239550596647181,6.998887220708127,NYIS
2024-12-11,407.3941340687604,10.201840752502658,-7.667389939708258,3.0644151184451403,NYIS
2024-12-12,407.3875223593526,8.648010458874726,-6.098525072723394,23.440992254496052,NYIS
2024-12-13,407.3809106499448,4.566542874420552,-4.535212874409513,45.995759350044125,NYIS
2024-12-14,407.3742989405369,-18.192034567509705,-2.979699872405657,48.28243549937838,NYIS
2024-12-15,407.3676872311291,-22.71878381078724,-1.4342194670854873,49.24431604674362,NYIS
2024-12-16,407.36107552172126,7.613037309431918,0.09901082794138105,19.009876340905464,NYIS
2024-12-17,407.35446381231344,9.849917597770709,1.6177921253358498,-11.848173535420017,NYIS
2024-12-18,407.34785210290556,10.201840752502658,3.119946880270966,-7.595639735679242,NYIS
2024-12-19,407.34124039349774,8.648010458874726,4.603321580156017,4.911427567471492,NYIS
2024-12-20,407.3346286840899,4.566542874420552,6.065789404629566,32.934039036859986,NYIS
2024-12-21,407.3280169746821,-18.192034567509705,7.50525285263908,57.504764740188534,NYIS
2024-12-22,407.3214052652742,-22.71878381078724,8.91964633346397,85.00773221204895,NYIS
2024-12-23,407.3147935558664,7.613037309431918,10.306938718586991,74.57723041611467,NYIS
2024-12-24,407.3081818464586,9.849917597770709,11.66513585135638,23.918764704414286,NYIS
2024-12-25,407.30157013705076,10.201840752502658,12.992283011443394,-9.16669390099679,NYIS
2024-12-26,407.2949584276429,8.648010458874726,14.286467331141957,22.17556378234036,NYIS
2024-12-27,407.28834671823506,4.566542874420552,15.545820160624212,19.290290246720133,NYIS
2024-12-28,407.28173500882724,-18.192034567509705,16.768519379319873,1.3107801793625526,NYIS
2024-12-29,407.27512329941936,-22.71878381078724,17.952791650655573,-18.4791311392878,NYIS
2024-12-30,407.26851159001154,7.613037309431918,19.096914617456786,-44.25746351690026,NYIS
2024-12-31,407.2618998806037,9.849917597770709,20.1992190353835,-49.508036513757986,NYIS
