period,trend,seasonal_7,seasonal_365,resid,respondent
2019-01-01,284.0552560677006,7.52008978930512,15.685672075746545,-89.44901793275233,DUK
2019-01-02,284.05953942507557,9.082478056601847,16.27701407605059,-47.836031557728006,DUK
2019-01-03,284.0638227824506,7.142289100241483,16.834615333491975,-35.97772721618401,DUK
2019-01-04,284.06810613982555,1.1660351289771596,17.357642273531567,-31.217783542334246,DUK
2019-01-05,284.0723894972005,-13.646835247002503,17.845306577940722,-32.30786082813873,DUK
2019-01-06,284.07667285457546,-16.753084139449577,18.29686616792783,-34.374454883053744,DUK
2019-01-07,284.0809562119505,5.465001465354249,18.711626131239356,-33.81458380854406,DUK
2019-01-08,284.08523956932544,7.52008978930512,19.0889395921236,-44.61726895075418,DUK
2019-01-09,284.0895229267004,9.082478056601847,19.428208523113454,-26.62320950641572,DUK
2019-01-10,284.09380628407536,7.142289100241483,19.72888449765378,23.93902011802936,DUK
2019-01-11,284.0980896414504,1.1660351289771596,19.9904693826692,36.573405846903256,DUK
2019-01-12,284.10237299882533,-13.646835247002503,20.212515970239863,30.69894627793741,DUK
2019-01-13,284.1066563562003,-16.753084139449577,20.39462854762505,37.92179923562429,DUK
2019-01-14,284.11093971357525,5.465001465354249,20.536463404947884,15.376595416122598,DUK
2019-01-15,284.11522307095026,7.52008978930512,20.637729279928642,5.87195785981595,DUK
2019-01-16,284.1195064283252,9.082478056601847,20.698187739129068,18.967827775943874,DUK
2019-01-17,284.1237897857002,7.142289100241483,20.717653495245635,21.564267618812664,DUK
2019-01-18,284.12807314307514,1.1660351289771596,20.69599466006587,-9.786102932118126,DUK
2019-01-19,284.13235650045016,-13.646835247002503,20.63313293277833,-15.800654186225984,DUK
2019-01-20,284.1366398578251,-16.753084139449577,20.52904372340391,-9.652599441779444,DUK
2019-01-21,284.1409232152001,5.465001465354249,20.383756211193145,77.19531910825248,DUK
2019-01-22,284.14520657257503,7.52008978930512,20.1973533379119,65.27135030020793,DUK
2019-01-23,284.14948992995005,9.082478056601847,19.96997173601501,16.10906027743306,DUK
2019-01-24,284.153773287325,7.142289100241483,19.70180159178521,-33.590863979351695,DUK
2019-01-25,284.15805664469997,1.1660351289771596,19.3930864435918,24.721821782731126,DUK
2019-01-26,284.1623400020749,-13.646835247002503,19.044122915501198,37.152372329426385,DUK
2019-01-27,284.16662335944994,-16.753084139449577,18.655260386547923,26.697200393451737,DUK
2019-01-28,284.1709067168249,5.465001465354249,18.226900596051603,0.6571912217692102,DUK
2019-01-29,284.17519007419986,7.52008978930512,17.759497185441457,7.043222951053565,DUK
2019-01-30,284.1794734315748,9.082478056601847,17.25355517712557,60.97249333469779,DUK
2019-01-31,284.18375678894984,7.142289100241483,16.70963039101688,60.25932371979184,DUK
2019-02-01,284.1880401463248,1.1660351289771596,16.12832879940245,26.404595925295553,DUK
2019-02-02,284.19232350369975,-13.646835247002503,15.51030582091567,-10.400794077612886,DUK
2019-02-03,284.1966068610747,-16.753084139449577,14.856265554443784,-22.666788276068928,DUK
2019-02-04,284.20089021844973,5.465001465354249,14.166959953874597,-27.412851637678557,DUK
2019-02-05,284.2051735758247,7.52008978930512,13.443187944656751,-46.608451309786574,DUK
2019-02-06,284.20945693319965,9.082478056601847,12.685794483217224,-52.0227294730187,DUK
2019-02-07,284.2137402905746,7.142289100241483,11.895669560347734,-51.73769895116379,DUK
2019-02-08,284.2180236479496,1.1660351289771596,11.073747149738809,-52.99380592666557,DUK
2019-02-09,284.2223070053246,-13.646835247002503,10.22100410290525,-11.997475861227372,DUK
2019-02-10,284.22659036269954,-16.753084139449577,9.338458991810842,26.13803478493918,DUK
2019-02-11,284.2308737200745,5.465001465354249,8.427170900562661,3.0199539140085108,DUK
2019-02-12,284.2351570774495,7.52008978930512,7.488238167605784,-2.1624850343604294,DUK
2019-02-13,284.2394404348245,9.082478056601847,6.5227970799083295,-7.113715571334694,DUK
2019-02-14,284.24372379219943,7.142289100241483,5.532020520684268,0.624966586874848,DUK
2019-02-15,284.2480071495744,1.1660351289771596,4.517116572256603,-28.131158850808163,DUK
2019-02-16,284.2522905069494,-13.646835247002503,3.4793270757171193,-24.169782335663996,DUK
2019-02-17,284.25657386432437,-16.753084139449577,2.4199261490907773,20.149584126034426,DUK
2019-02-18,284.2608572216993,5.465001465354249,1.340218665761892,-6.602077352815456,DUK
2019-02-19,284.2651405790743,7.52008978930512,0.241538694967236,31.8912309366533,DUK
2019-02-20,284.2694239364493,9.082478056601847,-0.8747520937937523,57.22385010074265,DUK
2019-02-21,284.27370729382426,7.142289100241483,-2.007266060538303,3.9762696664725468,DUK
2019-02-22,284.2779906511992,1.1660351289771596,-3.1545912568347205,-5.287434523341631,DUK
2019-02-23,284.2822740085742,-13.646835247002503,-4.315293118119024,21.622854356547293,DUK
2019-02-24,284.2865573659492,-16.753084139449577,-5.487916184284504,-4.689557042215029,DUK
2019-02-25,284.29084072332415,5.465001465354249,-6.67098584650099,2.2951436578226208,DUK
2019-02-26,284.2951240806991,7.52008978930512,-7.863010118189354,-0.041203751814862244,DUK
2019-02-27,284.29940743807407,9.082478056601847,-9.062481428047391,-11.554404066628592,DUK
2019-02-28,284.3036907954491,7.142289100241483,-10.267878432996897,-13.652101462693622,DUK
2019-03-01,284.30797415282404,1.1660351289771596,-11.47766784889784,-4.889341432903336,DUK
2019-03-02,284.312257510199,-13.646835247002503,-12.690306296853747,-5.93311596634274,DUK
2019-03-03,284.31654086757396,-16.753084139449577,-13.904242162913851,-2.240214565210522,DUK
2019-03-04,284.320824224949,5.465001465354249,-15.11791746896114,18.41509177865794,DUK
2019-03-05,284.32510758232394,7.52008978930512,-16.32976975256166,42.9055723809326,DUK
2019-03-06,284.3293909396989,9.082478056601847,-17.538233953539592,62.12336495723889,DUK
2019-03-07,284.33367429707386,7.142289100241483,-18.74174430503433,49.093780907718894,DUK
2019-03-08,284.33795765444887,1.1660351289771596,-19.938736226789395,35.26274344336338,DUK
2019-03-09,284.34224101182383,-13.646835247002503,-21.127648218421257,32.32724245359995,DUK
2019-03-10,284.3465243691988,-16.753084139449577,-22.30692375041409,25.736483520664905,DUK
2019-03-11,284.35080772657375,5.465001465354249,-23.47501315059035,-10.279796041337704,DUK
2019-03-12,284.35509108394876,7.52008978930512,-24.63037548381099,1.2701946105570983,DUK
2019-03-13,284.3593744413237,9.082478056601847,-25.77148042266691,7.002627924741375,DUK
2019-03-14,284.3636577986987,7.142289100241483,-26.89681010693427,-8.078136792005978,DUK
2019-03-15,284.36794115607364,1.1660351289771596,-28.004860989577736,-15.615115295473117,DUK
2019-03-16,284.37222451344866,-13.646835247002503,-29.094145667102904,-3.6122435993432305,DUK
2019-03-17,284.3765078708236,-16.753084139449577,-30.163194692076104,11.975770960702079,DUK
2019-03-18,284.3807912281986,5.465001465354249,-31.210558365650925,20.614765672098088,DUK
2019-03-19,284.38507458557353,7.52008978930512,-32.23480850796424,27.841644133085538,DUK
2019-03-20,284.38935794294855,9.082478056601847,-33.23454020429011,30.031704204739754,DUK
2019-03-21,284.3936413003235,7.142289100241483,-34.20837352486835,14.820443124303324,DUK
2019-03-22,284.39792465769847,1.1660351289771596,-35.15495521635535,15.066995429679736,DUK
2019-03-23,284.4022080150734,-13.646835247002503,-36.07296036287786,7.336587594806929,DUK
2019-03-24,284.40649137244844,-16.753084139449577,-36.961094014706525,7.62668678170769,DUK
2019-03-25,284.4107747298234,5.465001465354249,-37.81809278260302,-4.438683412574619,DUK
2019-03-26,284.41505808719836,7.52008978930512,-38.642726395936144,2.7535785194326365,DUK
2019-03-27,284.4193414445733,9.082478056601847,-39.43379922270368,22.268979721528524,DUK
2019-03-28,284.42362480194834,7.142289100241483,-40.19015174964222,22.572237847452385,DUK
2019-03-29,284.4279081593233,1.1660351289771596,-40.91066202065389,4.397718732353468,DUK
2019-03-30,284.43219151669825,-13.646835247002503,-41.594247031827955,-9.559109237867744,DUK
2019-03-31,284.4364748740732,-16.753084139449577,-42.23986408138626,-10.283526653237374,DUK
2019-04-01,284.4407582314482,5.465001465354249,-42.84651207293473,27.06675237613223,DUK
2019-04-02,284.4450415888232,7.52008978930512,-43.41323277045776,46.72810139232942,DUK
2019-04-03,284.44932494619815,9.082478056601847,-43.93911200354958,26.390309000749568,DUK
2019-04-04,284.4536083035731,7.142289100241483,-44.423280821434886,2.3743834176203222,DUK
2019-04-05,284.4578916609481,1.1660351289771596,-44.864916594391744,1.15498980446651,DUK
2019-04-06,284.4621750183231,-13.646835247002503,-45.26324406125133,-1.1070957100692453,DUK
2019-04-07,284.46645837569804,-16.753084139449577,-45.61753632171313,-4.307837914535355,DUK
2019-04-08,284.470741733073,5.465001465354249,-45.92711577227871,6.633372573851432,DUK
2019-04-09,284.475025090448,7.52008978930512,-46.191354984674234,5.328240104921122,DUK
2019-04-10,284.479308447823,9.082478056601847,-46.40967752569908,3.20489102127425,DUK
2019-04-11,284.48359180519793,7.142289100241483,-46.58155871750776,7.359677812068327,DUK
2019-04-12,284.4878751625729,1.1660351289771596,-46.7065263374019,11.1166160458518,DUK
2019-04-13,284.4921585199479,-13.646835247002503,-46.784161256280704,9.476837983335344,DUK
2019-04-14,284.49644187732287,-16.753084139449577,-46.81409801497101,11.846740277097695,DUK
2019-04-15,284.5007252346978,5.465001465354249,-46.7960253377306,-5.468701362321497,DUK
2019-04-16,284.5050085920728,7.52008978930512,-46.729686582293496,1.7065882009155757,DUK
2019-04-17,284.5092919494478,9.082478056601847,-46.6148801259001,3.843110119850479,DUK
2019-04-18,284.51357530682276,7.142289100241483,-46.45145968683108,12.322595279766801,DUK
2019-04-19,284.5178586641977,1.1660351289771596,-46.23933458103986,-0.6445592121349932,DUK
2019-04-20,284.5221420215727,-13.646835247002503,-45.97846991355533,-9.385836861014837,DUK
2019-04-21,284.5264253789477,-16.753084139449577,-45.66888670440326,-8.238454535094831,DUK
2019-04-22,284.53070873632265,5.465001465354249,-45.31066194887241,-2.3770482528045136,DUK
2019-04-23,284.5349920936976,7.52008978930512,-44.9039286120288,12.249846729026046,DUK
2019-04-24,284.53927545107257,9.082478056601847,-44.448875557459274,24.102122049784782,DUK
2019-04-25,284.5435588084476,7.142289100241483,-43.94574741030317,14.96789950161417,DUK
2019-04-26,284.54784216582254,1.1660351289771596,-43.39484435470878,3.183967059909122,DUK
2019-04-27,284.5521255231975,-13.646835247002503,-42.79652186592821,-6.566768410266775,DUK
2019-04-28,284.55640888057246,-16.753084139449577,-42.1511903773424,10.600865636219481,DUK
2019-04-29,284.5606922379475,5.465001465354249,-41.459314882783836,4.292621179482154,DUK
2019-04-30,284.56497559532244,7.52008978930512,-40.72141447460207,29.0673490899745,DUK
2019-05-01,284.5692589526974,9.082478056601847,-39.93806181799238,34.63032480869313,DUK
2019-05-02,284.57354231007236,7.142289100241483,-39.10988256218348,41.08805115186965,DUK
2019-05-03,284.57782566744737,1.1660351289771596,-38.237554689154884,36.1916938927304,DUK
2019-05-04,284.58210902482233,-13.646835247002503,-37.32180780062845,34.617534022808684,DUK
2019-05-05,284.5863923821973,-16.753084139449577,-36.36342234415139,13.875114101403653,DUK
2019-05-06,284.59067573957225,5.465001465354249,-35.36322877916047,15.64255157423392,DUK
2019-05-07,284.59495909694726,7.52008978930512,-34.322106683987315,18.864057797734915,DUK
2019-05-08,284.5992424543222,9.082478056601847,-33.240983804836,31.40126329391194,DUK
2019-05-09,284.6035258116972,7.142289100241483,-32.120835047830944,23.607020135892355,DUK
2019-05-10,284.60780916907214,1.1660351289771596,-30.96268141530218,17.675837117252854,DUK
2019-05-11,284.61209252644716,-13.646835247002503,-29.76758888753986,4.769331608095257,DUK
2019-05-12,284.6163758838221,-16.753084139449577,-28.536667251315187,-0.9116244930573316,DUK
2019-05-13,284.6206592411971,5.465001465354249,-27.271068876527213,1.702408169975854,DUK
2019-05-14,284.62494259857203,7.52008978930512,-25.97198744239701,-23.18704494548024,DUK
2019-05-15,284.62922595594705,9.082478056601847,-24.640656614690236,-24.33504739785866,DUK
2019-05-16,284.633509313322,7.142289100241483,-23.27834867550696,-5.323449738056581,DUK
2019-05-17,284.63779267069697,1.1660351289771596,-21.88637310723393,22.17854530755983,DUK
2019-05-18,284.6420760280719,-13.646835247002503,-20.466075132308596,47.785834351239174,DUK
2019-05-19,284.64635938544694,-16.753084139449577,-19.01883421049675,47.993558964499414,DUK
2019-05-20,284.6506427428219,5.465001465354249,-17.546062495436033,47.894418287259896,DUK
2019-05-21,284.65492610019686,7.52008978930512,-16.049203252245427,38.4791873627434,DUK
2019-05-22,284.6592094575718,9.082478056601847,-14.52972923804764,10.51204172387395,DUK
2019-05-23,284.66349281494684,7.142289100241483,-12.989141047294446,39.54735913210612,DUK
2019-05-24,284.6677761723218,1.1660351289771596,-11.428965423827481,69.88415412252846,DUK
2019-05-25,284.67205952969675,-13.646835247002503,-9.850753541646451,65.55952925895224,DUK
2019-05-26,284.6763428870717,-16.753084139449577,-8.25607925639314,62.96382050877094,DUK
2019-05-27,284.6806262444467,5.465001465354249,-6.646537329595343,35.92490961979439,DUK
2019-05-28,284.6849096018217,7.52008978930512,-5.023741627746251,66.14574223661947,DUK
2019-05-29,284.68919295919665,9.082478056601847,-3.389323298325394,69.10765228252689,DUK
2019-05-30,284.6934763165716,7.142289100241483,-1.744928924894726,65.6651635080816,DUK
2019-05-31,284.6977596739466,1.1660351289771596,-0.09221866342760165,41.32242386050382,DUK
2019-06-01,284.7020430313216,-13.646835247002503,1.5671356379482901,6.059656577732653,DUK
2019-06-02,284.70632638869654,-16.753084139449577,3.2314523335943193,17.769305417158705,DUK
2019-06-03,284.7106097460715,5.465001465354249,4.8990418871720465,14.489346901402257,DUK
2019-06-04,284.7148931034465,7.52008978930512,6.5682087883912,-3.6021916811428127,DUK
2019-06-05,284.7191764608215,9.082478056601847,8.237253477449343,9.097092005127365,DUK
2019-06-06,284.72345981819643,7.142289100241483,9.904474274910363,16.33977680665174,DUK
2019-06-07,284.7277431755714,1.1660351289771596,11.568169314762095,-10.354947619310622,DUK
2019-06-08,284.7320265329464,-13.646835247002503,13.226638478388224,-6.6218297643320625,DUK
2019-06-09,284.73630989032137,-16.753084139449577,14.878185327190362,-23.65041107806212,DUK
2019-06-10,284.7405932476963,5.465001465354249,16.52111903159545,-0.12471374464610108,DUK
2019-06-11,284.7448766050713,7.52008978930512,18.153756294189346,-12.350722688565838,DUK
2019-06-12,284.7491599624463,9.082478056601847,19.774423264723055,-61.02106128377122,DUK
2019-06-13,284.75344331982126,7.142289100241483,21.38145744474858,-44.03918986481136,DUK
2019-06-14,284.7577266771962,1.1660351289771596,22.973209579651904,-51.27297138582526,DUK
2019-06-15,284.7620100345712,-13.646835247002503,24.548045535866876,-40.69422032343556,DUK
2019-06-16,284.7662933919462,-16.753084139449577,26.104348161069517,-2.598557413566141,DUK
2019-06-17,284.77057674932115,5.465001465354249,27.640519125174247,38.866902660150345,DUK
2019-06-18,284.7748601066961,7.52008978930512,29.154980739972906,18.686069364025855,DUK
2019-06-19,284.77914346407107,9.082478056601847,30.646177755285855,6.8372007240412245,DUK
2019-06-20,284.7834268214461,7.142289100241483,32.1125791295193,15.50170494879319,DUK
2019-06-21,284.78771017882104,1.1660351289771596,33.552679772554455,2.715574919647281,DUK
2019-06-22,284.791993536196,-13.646835247002503,34.96500225892602,-15.53816054811955,DUK
2019-06-23,284.79627689357096,-16.753084139449577,36.348098509282835,-22.086291263404235,DUK
2019-06-24,284.800560250946,5.465001465354249,37.700551438159735,20.350886845540117,DUK
2019-06-25,284.80484360832094,7.52008978930512,39.02097656613078,6.2980900362431385,DUK
2019-06-26,284.8091269656959,9.082478056601847,40.30802359445418,-3.5566286167519365,DUK
2019-06-27,284.81341032307085,7.142289100241483,41.56037794036489,18.06392263632273,DUK
2019-06-28,284.81769368044587,1.1660351289771596,42.77676223121576,16.869508959361212,DUK
2019-06-29,284.82197703782083,-13.646835247002503,43.95593775571756,17.990920453464184,DUK
2019-06-30,284.8262603951958,-16.753084139449577,45.096705870577615,19.391117873676137,DUK
2019-07-01,284.83054375257075,5.465001465354249,46.1979093608904,19.09254542118458,DUK
2019-07-02,284.83482710994576,7.52008978930512,47.25843375268664,23.66364934806245,DUK
2019-07-03,284.8391104673207,9.082478056601847,48.27720857610495,22.467202899972506,DUK
2019-07-04,284.8433938246957,7.142289100241483,49.253208577706744,-16.290891502643944,DUK
2019-07-05,284.84767718207064,1.1660351289771596,50.18545488051645,-19.53416719156428,DUK
2019-07-06,284.85196053944566,-13.646835247002503,51.07301609042921,-6.938141382872345,DUK
2019-07-07,284.8562438968206,-16.753084139449577,51.91500934769249,16.583830894936455,DUK
2019-07-08,284.8605272541956,5.465001465354249,52.71060132223194,31.99786995821819,DUK
2019-07-09,284.86481061157053,7.52008978930512,53.45900915165795,-7.515909552533685,DUK
2019-07-10,284.86909396894555,9.082478056601847,54.159501320857416,14.210926653595209,DUK
2019-07-11,284.8733773263205,7.142289100241483,54.8113984821432,14.958935091294848,DUK
2019-07-12,284.87766068369547,1.1660351289771596,55.41407421500417,11.850229972323177,DUK
2019-07-13,284.8819440410704,-13.646835247002503,55.96695572456985,10.344935481362256,DUK
2019-07-14,284.88622739844544,-16.753084139449577,56.46952447797557,9.185332263028613,DUK
2019-07-15,284.8905107558204,5.465001465354249,56.9213167778872,26.28017100093814,DUK
2019-07-16,284.89479411319536,7.52008978930512,57.321924272518736,37.16019182498076,DUK
2019-07-17,284.8990774705703,9.082478056601847,57.670994401550296,29.63245007127756,DUK
2019-07-18,284.90336082794533,7.142289100241483,57.96823077743016,22.751119294383045,DUK
2019-07-19,284.9076441853203,1.1660351289771596,58.21339350161985,38.745927184082745,DUK
2019-07-20,284.91192754269525,-13.646835247002503,58.406299415418474,20.2806082888888,DUK
2019-07-21,284.9162109000702,-16.753084139449577,58.54682228507903,26.92905095430035,DUK
2019-07-22,284.9204942574452,5.465001465354249,58.63489292100712,18.170611356193376,DUK
2019-07-23,284.9247776148202,7.52008978930512,58.67049923090977,-45.53236663503503,DUK
2019-07-24,284.92906097219515,9.082478056601847,58.65368620684008,-54.0972252356371,DUK
2019-07-25,284.9333443295701,7.142289100241483,58.58455584616114,-43.06118927597282,DUK
2019-07-26,284.9376276869451,1.1660351289771596,58.46326700653016,-33.66492982245251,DUK
2019-07-27,284.9419110443201,-13.646835247002503,58.29003519508193,-29.010110992399518,DUK
2019-07-28,284.94619440169504,-16.753084139449577,58.065132292067645,-19.038242554313115,DUK
2019-07-29,284.95047775907,5.465001465354249,57.788886209282644,-3.066365433706949,DUK
2019-07-30,284.954761116445,7.52008978930512,57.4616804836931,-0.8025313894432315,DUK
2019-07-31,284.95904447382,9.082478056601847,57.08395380674805,-9.275476337169891,DUK
2019-08-01,284.96332783119493,7.142289100241483,56.6561994899389,-11.316816421375336,DUK
2019-08-02,284.9676111885699,1.1660351289771596,56.17896486724335,-26.485611184790457,DUK
2019-08-03,284.9718945459449,-13.646835247002503,55.65285063516508,-16.083909934107453,DUK
2019-08-04,284.97617790331986,-16.753084139449577,55.07851013115392,-26.464603895024254,DUK
2019-08-05,284.9804612606948,5.465001465354249,54.456648551263704,-25.961111277312796,DUK
2019-08-06,284.9847446180698,7.52008978930512,53.788022107976445,-1.8538565153513673,DUK
2019-08-07,284.9890279754448,9.082478056601847,53.07343712919169,7.652056838761723,DUK
2019-08-08,284.99331133281976,7.142289100241483,52.31374909944961,9.687650467489107,DUK
2019-08-09,284.9975946901947,1.1660351289771596,51.50986164452343,16.496508536304702,DUK
2019-08-10,285.0018780475697,-13.646835247002503,50.662725460584255,5.412231738848561,DUK
2019-08-11,285.0061614049447,-16.753084139449577,49.77333718920593,11.391585545298938,DUK
2019-08-12,285.01044476231965,5.465001465354249,48.84273823954141,20.609815532784694,DUK
2019-08-13,285.0147281196946,7.52008978930512,47.872013559064236,36.684168531935995,DUK
2019-08-14,285.01901147706957,9.082478056601847,46.86229035432876,24.6322201119998,DUK
2019-08-15,285.0232948344446,7.142289100241483,45.814736763262246,28.36067930205172,DUK
2019-08-16,285.02757819181954,1.1660351289771596,44.730560480557905,34.76282619864543,DUK
2019-08-17,285.0318615491945,-13.646835247002503,43.61100733779388,24.723966360014117,DUK
2019-08-18,285.03614490656946,-16.753084139449577,42.457359839955345,27.993579392924744,DUK
2019-08-19,285.0404282639445,5.465001465354249,41.27093566008949,27.99863461061176,DUK
2019-08-20,285.04471162131944,7.52008978930512,40.053086093870114,3.912112495505312,DUK
2019-08-21,285.0489949786944,9.082478056601847,38.80519447589796,23.947332488805785,DUK
2019-08-22,285.05327833606935,7.142289100241483,37.52867455960596,26.65575800408311,DUK
2019-08-23,285.05756169344437,1.1660351289771596,36.22496886268201,24.696434314896408,DUK
2019-08-24,285.06184505081933,-13.646835247002503,34.895546979961615,-47.21155678377846,DUK
2019-08-25,285.0661284081943,-16.753084139449577,33.54190386578229,-54.09794813452703,DUK
2019-08-26,285.07041176556925,5.465001465354249,32.165558087825055,-39.67097131874857,DUK
2019-08-27,285.07469512294426,7.52008978930512,30.768050054503306,-37.48983496675265,DUK
2019-08-28,285.0789784803192,9.082478056601847,29.35094021799052,1.1136032450884272,DUK
2019-08-29,285.0832618376942,7.142289100241483,27.915807255004466,-18.19335819294014,DUK
2019-08-30,285.08754519506914,1.1660351289771596,26.464246227494044,-12.192826551540406,DUK
2019-08-31,285.09182855244416,-13.646835247002503,24.99786672539673,-5.111860030838329,DUK
2019-09-01,285.0961119098191,-16.753084139449577,23.518290993655253,-8.213318764024734,DUK
2019-09-02,285.1003952671941,5.465001465354249,22.02715204570223,-6.750548778250618,DUK
2019-09-03,285.10467862456903,7.52008978930512,20.526091765633545,29.644139820492228,DUK
2019-09-04,285.10896198194405,9.082478056601847,19.016759001308674,36.57280096014546,DUK
2019-09-05,285.113245339319,7.142289100241483,17.5008076506223,25.318657909817148,DUK
2019-09-06,285.11752869669397,1.1660351289771596,15.979894743201703,32.288541431127214,DUK
2019-09-07,285.1218120540689,-13.646835247002503,14.455678519789648,28.344344673143894,DUK
2019-09-08,285.12609541144394,-16.753084139449577,12.929816511572334,29.305172216433277,DUK
2019-09-09,285.1303787688189,5.465001465354249,11.40396362171457,46.0426561441123,DUK
2019-09-10,285.13466212619386,7.52008978930512,9.879770211359038,57.108477873141965,DUK
2019-09-11,285.1389454835688,9.082478056601847,8.358880192343008,63.340696267486294,DUK
2019-09-12,285.14322884094383,7.142289100241483,6.8429291288749,73.18555292993983,DUK
2019-09-13,285.1475121983188,1.1660351289771596,5.333542350404031,49.614910322300034,DUK
2019-09-14,285.15179555569375,-13.646835247002503,3.8323330779035985,22.24570661340516,DUK
2019-09-15,285.1560789130687,-16.753084139449577,2.3409005657682194,33.84810466061265,DUK
2019-09-16,285.1603622704437,5.465001465354249,0.860828261510882,45.873808002691135,DUK
2019-09-17,285.1646456278187,7.52008978930512,-0.6063180145773863,51.00658259745353,DUK
2019-09-18,285.16892898519365,9.082478056601847,-2.058991867668418,5.905584825872893,DUK
2019-09-19,285.1732123425686,7.142289100241483,-3.4956681024241085,-19.95783334038606,DUK
2019-09-20,285.1774956999436,1.1660351289771596,-4.91484447072866,-21.852686358192045,DUK
2019-09-21,285.1817790573186,-13.646835247002503,-6.315043391073278,1.5650995807572485,DUK
2019-09-22,285.18606241469354,-16.753084139449577,-7.694813637575912,18.937835362331896,DUK
2019-09-23,285.1903457720685,5.465001465354249,-9.052731996655059,29.56938475923232,DUK
2019-09-24,285.1946291294435,7.52008978930512,-10.387404889413741,35.122685970665145,DUK
2019-09-25,285.1989124868185,9.082478056601847,-11.697469957833263,25.073079414412916,DUK
2019-09-26,285.20319584419343,7.142289100241483,-12.981597612917355,47.98611266848246,DUK
2019-09-27,285.2074792015684,1.1660351289771596,-14.23849254297269,62.262978212427186,DUK
2019-09-28,285.2117625589434,-13.646835247002503,-15.466895180261755,55.503967868320785,DUK
2019-09-29,285.21604591631836,-16.753084139449577,-16.66558312430974,69.17862134744092,DUK
2019-09-30,285.2203292736933,5.465001465354249,-17.83337252020256,62.493041781155,DUK
2019-10-01,285.2246126310683,7.52008978930512,-18.96911939026394,69.72941696989051,DUK
2019-10-02,285.2288959884433,9.082478056601847,-20.07172091755632,83.92534687251123,DUK
2019-10-03,285.23317934581826,7.142289100241483,-21.140116679707567,84.0836482336478,DUK
2019-10-04,285.2374627031932,1.1660351289771596,-22.17328983162345,76.36379199945304,DUK
2019-10-05,285.2417460605682,-13.646835247002503,-23.170268235708605,-6.359642577857102,DUK
2019-10-06,285.2460294179432,-16.753084139449577,-24.13012553827935,-11.148819740214208,DUK
2019-10-07,285.25031277531815,5.465001465354249,-25.051982190915886,11.63666795024352,DUK
2019-10-08,285.2545961326931,7.52008978930512,-25.935006415568473,-6.723679506429846,DUK
2019-10-09,285.25887949006807,9.082478056601847,-26.778415112296216,-9.070942434373762,DUK
2019-10-10,285.2631628474431,7.142289100241483,-27.581474708588186,-8.150977239096335,DUK
2019-10-11,285.26744620481804,1.1660351289771596,-28.34350194928371,-7.025979384511487,DUK
2019-10-12,285.271729562193,-13.646835247002503,-29.06386462618033,-1.4540296890102127,DUK
2019-10-13,285.27601291956796,-16.753084139449577,-29.74198224648954,-12.270946533628887,DUK
2019-10-14,285.280296276943,5.465001465354249,-30.377326639372022,-8.479971102925191,DUK
2019-10-15,285.28457963431794,7.52008978930512,-30.969422499859498,-16.19324692376358,DUK
2019-10-16,285.2888629916929,9.082478056601847,-31.517847869542056,-17.598493178752733,DUK
2019-10-17,285.29314634906785,7.142289100241483,-32.022234553477475,-17.457200895831903,DUK
2019-10-18,285.29742970644287,1.1660351289771596,-32.48226847285289,-12.484196362567076,DUK
2019-10-19,285.30171306381783,-13.646835247002503,-32.897689953005894,-9.645187863809412,DUK
2019-10-20,285.3059964211928,-16.753084139449577,-33.268293946489486,-11.71061833525377,DUK
2019-10-21,285.31027977856775,5.465001465354249,-33.59393019094131,-10.138351052980681,DUK
2019-10-22,285.31456313594276,7.52008978930512,-33.874503301595475,-4.855149623652409,DUK
2019-10-23,285.3188464933177,9.082478056601847,-34.10997279835325,-13.579351751566321,DUK
2019-10-24,285.3231298506927,7.142289100241483,-34.300353067405084,-3.6430658835291183,DUK
2019-10-25,285.3274132080677,1.1660351289771596,-34.4457132574758,-7.409735079569032,DUK
2019-10-26,285.33169656544266,-13.646835247002503,-34.54617711084077,-8.735684207599377,DUK
2019-10-27,285.3359799228176,-16.753084139449577,-34.60192272933928,13.198026945971264,DUK
2019-10-28,285.3402632801926,5.465001465354249,-34.61318227568773,-5.495082469859085,DUK
2019-10-29,285.34454663756753,7.52008978930512,-34.58024161047223,-10.348394816400429,DUK
2019-10-30,285.34882999494255,9.082478056601847,-34.50343986527635,-9.216868186268016,DUK
2019-10-31,285.3531133523175,7.142289100241483,-34.38316895247549,11.648766499916519,DUK
2019-11-01,285.35739670969247,1.1660351289771596,-34.219873012304326,-1.0605588263653374,DUK
2019-11-02,285.3616800670675,-13.646835247002503,-34.01404779787805,10.938202977813091,DUK
2019-11-03,285.36596342444244,-16.753084139449577,-33.76623999892194,24.11036071392911,DUK
2019-11-04,285.3702467818174,5.465001465354249,-33.4770465050358,19.680798257864126,DUK
2019-11-05,285.37453013919236,7.52008978930512,-33.147113609392186,-2.9375063191053528,DUK
2019-11-06,285.3788134965674,9.082478056601847,-32.777136153837226,-7.398155399331927,DUK
2019-11-07,285.38309685394233,7.142289100241483,-32.36785661643246,-2.252529337751355,DUK
2019-11-08,285.3873802113173,1.1660351289771596,-31.920064142544664,6.45164880225019,DUK
2019-11-09,285.39166356869225,-13.646835247002503,-31.434593520656644,46.299765198966895,DUK
2019-11-10,285.39594692606727,-16.753084139449577,-30.91232410413816,27.777461317520505,DUK
2019-11-11,285.4002302834422,5.465001465354249,-30.35417868027995,2.1479469314834887,DUK
2019-11-12,285.4045136408172,7.52008978930512,-29.761122287955725,29.10351885783342,DUK
2019-11-13,285.40879699819214,9.082478056601847,-29.13416098533866,90.4818859305447,DUK
2019-11-14,285.41308035556716,7.142289100241483,-28.474340569157036,87.55497111334842,DUK
2019-11-15,285.4173637129421,1.1660351289771596,-27.782745247032224,42.736346405112954,DUK
2019-11-16,285.4216470703171,-13.646835247002503,-27.06049626449623,25.693684441181688,DUK
2019-11-17,285.42593042769204,-16.753084139449577,-26.308750488340756,17.941904200098264,DUK
2019-11-18,285.43021378506705,5.465001465354249,-25.528698948001345,18.687483697580035,DUK
2019-11-19,285.434497142442,7.52008978930512,-24.721565336728506,12.37597840498131,DUK
2019-11-20,285.43878049981697,9.082478056601847,-23.888604474347325,8.030345917928457,DUK
2019-11-21,285.44306385719193,7.142289100241483,-23.031100733450373,14.049747776016943,DUK
2019-11-22,285.44734721456695,1.1660351289771596,-22.150366430913206,-5.250015912630829,DUK
2019-11-23,285.4516305719419,-13.646835247002503,-21.247740186662742,-1.5540551382766523,DUK
2019-11-24,285.45591392931686,-16.753084139449577,-20.324585251666363,3.7607554617990786,DUK
2019-11-25,285.4601972866918,5.465001465354249,-19.382287807146927,19.456089055100904,DUK
2019-11-26,285.46448064406684,7.52008978930512,-18.422255237063304,9.226684803691342,DUK
2019-11-27,285.4687640014418,9.082478056601847,-17.445914375924676,-16.575327682118996,DUK
2019-11-28,285.47304735881676,7.142289100241483,-16.45470973404125,-39.552626725017035,DUK
2019-11-29,285.4773307161917,1.1660351289771596,-15.450101702333967,-37.01326414283494,DUK
2019-11-30,285.48161407356673,-13.646835247002503,-14.433564738855523,-24.853214087708693,DUK
2019-12-01,285.4858974309417,-16.753084139449577,-13.406585539193852,-20.624227752298225,DUK
2019-12-02,285.49018078831665,5.465001465354249,-12.370661192947413,13.326478939276456,DUK
2019-12-03,285.4944641456916,7.52008978930512,-11.327297328481016,26.29374339348425,DUK
2019-12-04,285.4987475030666,9.082478056601847,-10.278006248180214,12.631780688511753,DUK
2019-12-05,285.5030308604416,7.142289100241483,-9.224305056438437,7.584985095755314,DUK
2019-12-06,285.50731421781654,1.1660351289771596,-8.167713782614477,19.96536443582073,DUK
2019-12-07,285.5115975751915,-13.646835247002503,-7.1097535012080275,2.864991173019007,DUK
2019-12-08,285.5158809325665,-16.753084139449577,-6.051944451500214,14.763147658383332,DUK
2019-12-09,285.5201642899415,5.465001465354249,-4.995804158910181,13.672638403614485,DUK
2019-12-10,285.52444764731644,7.52008978930512,-3.9428455603134793,-16.656691876308116,DUK
2019-12-11,285.5287310046914,9.082478056601847,-2.894575135564226,12.44636607427094,DUK
2019-12-12,285.5330143620664,7.142289100241483,-1.8524910474570806,46.43918758514917,DUK
2019-12-13,285.53729771944137,1.1660351289771596,-0.818081292351204,50.548748443932766,DUK
2019-12-14,285.5415810768163,-13.646835247002503,0.20717813633041615,-0.04692396614416339,DUK
2019-12-15,285.5458644341913,-16.753084139449577,1.2218250695320592,4.0883946357262175,DUK
2019-12-16,285.5501477915663,5.465001465354249,2.224412966747318,-21.49356222366788,DUK
2019-12-17,285.55443114894126,7.52008978930512,3.2135127007965814,-34.673033639042956,DUK
2019-12-18,285.5587145063162,9.082478056601847,4.187714321064089,19.147093116017857,DUK
2019-12-19,285.5629978636912,7.142289100241483,5.1456287930888465,42.97808424297847,DUK
2019-12-20,285.5672812210662,1.1660351289771596,6.0858897124268445,35.41779393752989,DUK
2019-12-21,285.57156457844115,-13.646835247002503,7.007154990737501,12.336115677823841,DUK
2019-12-22,285.5758479358161,-16.753084139449577,7.908108512077555,15.913127691555928,DUK
2019-12-23,285.5801312931911,5.465001465354249,8.78746175742125,-22.92859451596661,DUK
2019-12-24,285.5844146505661,7.52008978930512,9.643955395466513,-72.07245983533767,DUK
2019-12-25,285.58869800794105,9.082478056601847,10.476360837821453,-68.23953690236428,DUK
2019-12-26,285.592981365316,7.142289100241483,11.283481756715197,-42.332752222272745,DUK
2019-12-27,285.59726472269097,1.1660351289771596,12.064155563414488,-44.85845541508263,DUK
2019-12-28,285.601548080066,-13.646835247002503,12.817254845580296,-56.64796767864377,DUK
2019-12-29,285.60583143744094,-16.753084139449577,13.541688761843345,-67.20343605983467,DUK
2019-12-30,285.6101147948159,5.465001465354249,14.23640439193107,-80.6455206521012,DUK
2019-12-31,285.61439815219086,7.52008978930512,14.900388040730686,-53.440875982226714,DUK
2020-01-01,285.6186815095659,9.082478056601847,15.685672075746545,-48.43583164191426,DUK
2020-01-02,285.62296486694083,7.142289100241483,16.27701407605059,-19.42226804323292,DUK
2020-01-03,285.6272482243158,1.1660351289771596,16.834615333491975,-31.418898686784928,DUK
2020-01-04,285.63153158169075,-13.646835247002503,17.357642273531567,-44.01133860821986,DUK
2020-01-05,285.63581493906577,-16.753084139449577,17.845306577940722,-7.783037377556866,DUK
2020-01-06,285.6400982964407,5.465001465354249,18.29686616792783,-9.815965929722779,DUK
2020-01-07,285.6443816538157,7.52008978930512,18.711626131239356,-4.308097574360204,DUK
2020-01-08,285.64866501119064,9.082478056601847,19.0889395921236,-3.1080826599161355,DUK
2020-01-09,285.65294836856566,7.142289100241483,19.428208523113454,-3.981445991920566,DUK
2020-01-10,285.6572317259406,1.1660351289771596,19.72888449765378,-29.02015135257153,DUK
2020-01-11,285.6615150833156,-13.646835247002503,19.9904693826692,-56.2561492189823,DUK
2020-01-12,285.66579844069054,-16.753084139449577,20.212515970239863,-68.64023027148079,DUK
2020-01-13,285.67008179806555,5.465001465354249,20.39462854762505,-60.80171181104481,DUK
2020-01-14,285.6743651554405,7.52008978930512,20.536463404947884,-61.92891834969353,DUK
2020-01-15,285.67864851281547,9.082478056601847,20.637729279928642,-64.66485584934597,DUK
2020-01-16,285.68293187019043,7.142289100241483,20.698187739129068,-60.48740870956101,DUK
2020-01-17,285.68721522756545,1.1660351289771596,20.717653495245635,-15.058903851788216,DUK
2020-01-18,285.6914985849404,-13.646835247002503,20.69599466006587,4.377342001996283,DUK
2020-01-19,285.69578194231536,-16.753084139449577,20.63313293277833,-23.79583073564413,DUK
2020-01-20,285.7000652996903,5.465001465354249,20.52904372340391,36.84288951155145,DUK
2020-01-21,285.70434865706534,7.52008978930512,20.383756211193145,55.778805342436385,DUK
2020-01-22,285.7086320144403,9.082478056601847,20.1973533379119,48.59653659104589,DUK
2020-01-23,285.71291537181526,7.142289100241483,19.96997173601501,27.54982379192819,DUK
2020-01-24,285.7171987291902,1.1660351289771596,19.70180159178521,-2.38903544995253,DUK
2020-01-25,285.72148208656523,-13.646835247002503,19.3930864435918,-20.601733283154488,DUK
2020-01-26,285.7257654439402,-16.753084139449577,19.044122915501198,1.183195780008191,DUK
2020-01-27,285.73004880131515,5.465001465354249,18.655260386547923,-7.596310653217358,DUK
2020-01-28,285.7343321586901,7.52008978930512,18.226900596051603,-11.252322544046876,DUK
2020-01-29,285.7386155160651,9.082478056601847,17.759497185441457,0.2644092418916557,DUK
2020-01-30,285.7428988734401,7.142289100241483,17.25355517712557,-11.159743150807117,DUK
2020-01-31,285.74718223081504,1.1660351289771596,16.70963039101688,31.905152249190905,DUK
2020-02-01,285.75146558819,-13.646835247002503,16.12832879940245,-1.0959591405899687,DUK
2020-02-02,285.755748945565,-16.753084139449577,15.51030582091567,-18.130970627031047,DUK
2020-02-03,285.76003230294,5.465001465354249,14.856265554443784,-44.271299322738,DUK
2020-02-04,285.76431566031494,7.52008978930512,14.166959953874597,-58.98936540349467,DUK
2020-02-05,285.7685990176899,9.082478056601847,13.443187944656751,-56.79526501894853,DUK
2020-02-06,285.7728823750649,7.142289100241483,12.685794483217224,-51.400965958523614,DUK
2020-02-07,285.77716573243987,1.1660351289771596,11.895669560347734,-19.41087042176474,DUK
2020-02-08,285.7814490898148,-13.646835247002503,11.073747149738809,45.9336390074489,DUK
2020-02-09,285.7857324471898,-16.753084139449577,10.22100410290525,12.980347589354494,DUK
2020-02-10,285.7900158045648,5.465001465354249,9.338458991810842,5.7535237382701325,DUK
2020-02-11,285.79429916193976,7.52008978930512,8.427170900562661,-38.04355985180757,DUK
2020-02-12,285.7985825193147,9.082478056601847,7.488238167605784,-43.83729874352241,DUK
2020-02-13,285.8028658766897,7.142289100241483,6.5227970799083295,-40.03395205683955,DUK
2020-02-14,285.8071492340647,1.1660351289771596,5.532020520684268,-9.00820488372608,DUK
2020-02-15,285.81143259143965,-13.646835247002503,4.517116572256603,26.940286083306262,DUK
2020-02-16,285.8157159488146,-16.753084139449577,3.4793270757171193,22.979041114917834,DUK
2020-02-17,285.8199993061896,5.465001465354249,2.4199261490907773,-10.730926920634658,DUK
2020-02-18,285.8242826635646,7.52008978930512,1.340218665761892,-21.81159111863161,DUK
2020-02-19,285.82856602093955,9.082478056601847,0.241538694967236,-19.77158277250868,DUK
2020-02-20,285.8328493783145,7.142289100241483,-0.8747520937937523,31.980613615237758,DUK
2020-02-21,285.83713273568947,1.1660351289771596,-2.007266060538303,50.9640981958716,DUK
2020-02-22,285.8414160930645,-13.646835247002503,-3.1545912568347205,42.27301041077277,DUK
2020-02-23,285.84569945043944,-16.753084139449577,-4.315293118119024,13.710677807129173,DUK
2020-02-24,285.8499828078144,5.465001465354249,-5.487916184284504,-1.0310680888841262,DUK
2020-02-25,285.85426616518936,7.52008978930512,-6.67098584650099,-19.05237010799351,DUK
2020-02-26,285.8585495225644,9.082478056601847,-7.863010118189354,-20.0880174609768,DUK
2020-02-27,285.86283287993933,7.142289100241483,-9.062481428047391,18.37435944786654,DUK
2020-02-28,285.8671162373143,1.1660351289771596,-10.267878432996897,37.21572706670548,DUK
2020-02-29,285.87139959468925,-13.646835247002503,-11.47766784889784,34.249103501211096,DUK
2020-03-01,285.87568295206427,-16.753084139449577,-12.690306296853747,31.612707484239138,DUK
2020-03-02,285.8799663094392,5.465001465354249,-13.904242162913851,1.6342743881203887,DUK
2020-03-03,285.8842496668142,7.52008978930512,-15.11791746896114,-16.903421987158254,DUK
2020-03-04,285.88853302418914,9.082478056601847,-16.32976975256166,-15.06724132822933,DUK
2020-03-05,285.89281638156416,7.142289100241483,-17.538233953539592,-1.8428715282660164,DUK
2020-03-06,285.8970997389391,1.1660351289771596,-18.74174430503433,20.867609437118062,DUK
2020-03-07,285.9013830963141,-13.646835247002503,-19.938736226789395,25.11218837747782,DUK
2020-03-08,285.90566645368904,-16.753084139449577,-21.127648218421257,11.535065904181778,DUK
2020-03-09,285.90994981106405,5.465001465354249,-22.30692375041409,2.86197247399582,DUK
2020-03-10,285.914233168439,7.52008978930512,-23.47501315059035,-22.234309807153778,DUK
2020-03-11,285.91851652581397,9.082478056601847,-24.63037548381099,-23.079619098604837,DUK
2020-03-12,285.92279988318893,7.142289100241483,-25.77148042266691,-20.404608560763506,DUK
2020-03-13,285.92708324056395,1.1660351289771596,-26.89681010693427,-18.85630826260686,DUK
2020-03-14,285.9313665979389,-13.646835247002503,-28.004860989577736,-23.41767036135866,DUK
2020-03-15,285.93564995531386,-16.753084139449577,-29.094145667102904,-17.335420148761415,DUK
2020-03-16,285.9399333126888,5.465001465354249,-30.163194692076104,2.286259914032996,DUK
2020-03-17,285.94421667006384,7.52008978930512,-31.210558365650925,-4.05574809371808,DUK
2020-03-18,285.9485000274388,9.082478056601847,-32.23480850796424,-11.891169576076408,DUK
2020-03-19,285.95278338481376,7.142289100241483,-33.23454020429011,-8.744532280765128,DUK
2020-03-20,285.9570667421887,1.1660351289771596,-34.20837352486835,3.933271653702434,DUK
2020-03-21,285.96135009956373,-13.646835247002503,-35.15495521635535,-3.684559636205819,DUK
2020-03-22,285.9656334569387,-16.753084139449577,-36.07296036287786,-18.987588954611255,DUK
2020-03-23,285.96991681431365,5.465001465354249,-36.961094014706525,1.6491757350386251,DUK
2020-03-24,285.9742001716886,7.52008978930512,-37.81809278260302,-6.773197178390745,DUK
2020-03-25,285.9784835290636,9.082478056601847,-38.642726395936144,-14.439235189729317,DUK
2020-03-26,285.9827668864386,7.142289100241483,-39.43379922270368,-15.920256763976369,DUK
2020-03-27,285.98705024381354,1.1660351289771596,-40.19015174964222,-6.623933623148503,DUK
2020-03-28,285.9913336011885,-13.646835247002503,-40.91066202065389,8.958163666467897,DUK
2020-03-29,285.9956169585635,-16.753084139449577,-41.594247031827955,14.865714212714067,DUK
2020-03-30,285.9999003159385,5.465001465354249,-42.23986408138626,-19.03303769990643,DUK
2020-03-31,286.00418367331343,7.52008978930512,-42.84651207293473,-23.526761389683855,DUK
2020-04-01,286.0084670306884,9.082478056601847,-43.41323277045776,-12.230712316832495,DUK
2020-04-02,286.0127503880634,7.142289100241483,-43.93911200354958,-8.939927484755316,DUK
2020-04-03,286.01703374543837,1.1660351289771596,-44.423280821434886,-14.341788052980576,DUK
2020-04-04,286.0213171028133,-13.646835247002503,-44.864916594391744,-16.292565261419043,DUK
2020-04-05,286.0256004601883,-16.753084139449577,-45.26324406125133,-17.162272259487423,DUK
2020-04-06,286.0298838175633,5.465001465354249,-45.61753632171313,-11.501348961204428,DUK
2020-04-07,286.03416717493826,7.52008978930512,-45.92711577227871,-10.761141191964668,DUK
2020-04-08,286.0384505323132,9.082478056601847,-46.191354984674234,1.995426395759182,DUK
2020-04-09,286.0427338896882,7.142289100241483,-46.40967752569908,-10.872345464230648,DUK
2020-04-10,286.0470172470632,1.1660351289771596,-46.58155871750776,-34.767493658532544,DUK
2020-04-11,286.05130060443815,-13.646835247002503,-46.7065263374019,-12.159939020033733,DUK
2020-04-12,286.0555839618131,-16.753084139449577,-46.784161256280704,-16.873338566082822,DUK
2020-04-13,286.0598673191881,5.465001465354249,-46.81409801497101,-23.565770769571373,DUK
2020-04-14,286.0641506765631,7.52008978930512,-46.7960253377306,-25.3102151281376,DUK
2020-04-15,286.06843403393805,9.082478056601847,-46.729686582293496,-27.43322550824638,DUK
2020-04-16,286.072717391313,7.142289100241483,-46.6148801259001,-14.536126365654411,DUK
2020-04-17,286.07700074868796,1.1660351289771596,-46.45145968683108,-17.116576190834053,DUK
2020-04-18,286.081284106063,-13.646835247002503,-46.23933458103986,-24.08111427802058,DUK
2020-04-19,286.08556746343794,-16.753084139449577,-45.97846991355533,-14.722013410432993,DUK
2020-04-20,286.0898508208129,5.465001465354249,-45.66888670440326,-23.411965581763923,DUK
2020-04-21,286.09413417818786,7.52008978930512,-45.31066194887241,-21.881562018620627,DUK
2020-04-22,286.0984175355629,9.082478056601847,-44.9039286120288,-27.391966980135948,DUK
2020-04-23,286.10270089293783,7.142289100241483,-44.448875557459274,-23.19011443572009,DUK
2020-04-24,286.1069842503128,1.1660351289771596,-43.94574741030317,-17.20727196898673,DUK
2020-04-25,286.11126760768775,-13.646835247002503,-43.39484435470878,-24.732588005976453,DUK
2020-04-26,286.11555096506277,-16.753084139449577,-42.79652186592821,-24.52594495968495,DUK
2020-04-27,286.1198343224377,5.465001465354249,-42.1511903773424,-27.186645410449557,DUK
2020-04-28,286.1241176798127,7.52008978930512,-41.459314882783836,-23.004892586333966,DUK
2020-04-29,286.12840103718764,9.082478056601847,-40.72141447460207,-23.176464619187442,DUK
2020-04-30,286.13268439456266,7.142289100241483,-39.93806181799238,-30.648911676811764,DUK
2020-05-01,286.1369677519376,1.1660351289771596,-39.10988256218348,-30.19812031873127,DUK
2020-05-02,286.1412511093126,-13.646835247002503,-38.237554689154884,-24.90186117315514,DUK
2020-05-03,286.14553446668754,-16.753084139449577,-37.32180780062845,-6.003642526609497,DUK
2020-05-04,286.14981782406255,5.465001465354249,-36.36342234415139,4.247603054734611,DUK
2020-05-05,286.1541011814375,7.52008978930512,-35.36322877916047,-22.20996219158218,DUK
2020-05-06,286.15838453881247,9.082478056601847,-34.322106683987315,-36.005755911427,DUK
2020-05-07,286.16266789618743,7.142289100241483,-33.240983804836,-32.36697319159293,DUK
2020-05-08,286.16695125356244,1.1660351289771596,-32.120835047830944,-27.423151334708592,DUK
2020-05-09,286.1712346109374,-13.646835247002503,-30.96268141530218,-27.22271794863275,DUK
2020-05-10,286.17551796831236,-16.753084139449577,-29.76758888753986,-28.34184494132296,DUK
2020-05-11,286.1798013256873,5.465001465354249,-28.536667251315187,-40.829135539726394,DUK
2020-05-12,286.18408468306234,7.52008978930512,-27.271068876527213,-33.654105595840235,DUK
2020-05-13,286.1883680404373,9.082478056601847,-25.97198744239701,-40.65785865464218,DUK
2020-05-14,286.19265139781226,7.142289100241483,-24.640656614690236,-31.396283883363537,DUK
2020-05-15,286.1969347551872,1.1660351289771596,-23.27834867550696,-17.64862120865743,DUK
2020-05-16,286.20121811256223,-13.646835247002503,-21.88637310723393,-3.4940097583257455,DUK
2020-05-17,286.2055014699372,-16.753084139449577,-20.466075132308596,-3.0463421981789907,DUK
2020-05-18,286.20978482731215,5.465001465354249,-19.01883421049675,-24.45995208216968,DUK
2020-05-19,286.2140681846871,7.52008978930512,-17.546062495436033,-41.91209547855618,DUK
2020-05-20,286.2183515420621,9.082478056601847,-16.049203252245427,-44.27562634641856,DUK
2020-05-21,286.2226348994371,7.142289100241483,-14.52972923804764,-44.29319476163093,DUK
2020-05-22,286.22691825681204,1.1660351289771596,-12.989141047294446,-42.604812338494725,DUK
2020-05-23,286.231201614187,-13.646835247002503,-11.428965423827481,-19.71440094335705,DUK
2020-05-24,286.235484971562,-16.753084139449577,-9.850753541646451,-9.440647290465932,DUK
2020-05-25,286.239768328937,5.465001465354249,-8.25607925639314,-53.12869053789808,DUK
2020-05-26,286.24405168631193,7.52008978930512,-6.646537329595343,-35.62560414602174,DUK
2020-05-27,286.2483350436869,9.082478056601847,-5.023741627746251,-42.932071472542475,DUK
2020-05-28,286.2526184010619,7.142289100241483,-3.389323298325394,-18.150584202977996,DUK
2020-05-29,286.25690175843687,1.1660351289771596,-1.744928924894726,-17.59700796251923,DUK
2020-05-30,286.2611851158118,-13.646835247002503,-0.09221866342760165,-1.5901312053817378,DUK
2020-05-31,286.2654684731868,-16.753084139449577,1.5671356379482901,-30.410519971685545,DUK
2020-06-01,286.2697518305618,5.465001465354249,3.2314523335943193,-46.23020562951035,DUK
2020-06-02,286.27403518793676,7.52008978930512,4.8990418871720465,-22.863166864413927,DUK
2020-06-03,286.2783185453117,9.082478056601847,6.5682087883912,17.32699460969519,DUK
2020-06-04,286.2826019026867,7.142289100241483,8.237253477449343,30.69885551962244,DUK
2020-06-05,286.2868852600617,1.1660351289771596,9.904474274910363,6.578605336050828,DUK
2020-06-06,286.29116861743665,-13.646835247002503,11.568169314762095,20.037497314803772,DUK
2020-06-07,286.2954519748116,-16.753084139449577,13.226638478388224,26.096993686249732,DUK
2020-06-08,286.2997353321866,5.465001465354249,14.878185327190362,18.628077875268787,DUK
2020-06-09,286.3040186895616,7.52008978930512,16.52111903159545,33.209772489537784,DUK
2020-06-10,286.30830204693655,9.082478056601847,18.153756294189346,20.442463602272255,DUK
2020-06-11,286.3125854043115,7.142289100241483,19.774423264723055,22.757702230723908,DUK
2020-06-12,286.31686876168646,1.1660351289771596,21.38145744474858,-12.207361335412259,DUK
2020-06-13,286.3211521190615,-13.646835247002503,22.973209579651904,-33.63952645171082,DUK
2020-06-14,286.32543547643644,-16.753084139449577,24.548045535866876,-44.76839687285374,DUK
2020-06-15,286.3297188338114,5.465001465354249,26.104348161069517,-78.35606846023518,DUK
2020-06-16,286.33400219118636,7.52008978930512,27.640519125174247,-90.3096111056658,DUK
2020-06-17,286.3382855485614,9.082478056601847,29.154980739972906,-86.94474434513612,DUK
2020-06-18,286.34256890593633,7.142289100241483,30.646177755285855,-67.16103576146367,DUK
2020-06-19,286.3468522633113,1.1660351289771596,32.1125791295193,-43.940466521807764,DUK
2020-06-20,286.35113562068625,-13.646835247002503,33.552679772554455,-40.6669801462383,DUK
2020-06-21,286.35541897806127,-16.753084139449577,34.96500225892602,-16.07533709753767,DUK
2020-06-22,286.3597023354362,5.465001465354249,36.348098509282835,-2.8038023100733085,DUK
2020-06-23,286.3639856928112,7.52008978930512,37.700551438159735,-22.27962692027603,DUK
2020-06-24,286.36826905018614,9.082478056601847,39.02097656613078,-21.419723672918792,DUK
2020-06-25,286.37255240756116,7.142289100241483,40.30802359445418,-25.254865102256815,DUK
2020-06-26,286.3768357649361,1.1660351289771596,41.56037794036489,-21.417248834278155,DUK
2020-06-27,286.3811191223111,-13.646835247002503,42.77676223121576,-29.510046106524328,DUK
2020-06-28,286.38540247968604,-16.753084139449577,43.95593775571756,-24.251256095954034,DUK
2020-06-29,286.38968583706105,5.465001465354249,45.096705870577615,-6.134393172992873,DUK
2020-06-30,286.393969194436,7.52008978930512,46.1979093608904,-21.241968344631573,DUK
2020-07-01,286.39825255181097,9.082478056601847,47.25843375268664,-22.069164361099467,DUK
2020-07-02,286.40253590918593,7.142289100241483,48.27720857610495,-14.242033585532397,DUK
2020-07-03,286.40681926656094,1.1660351289771596,49.253208577706744,-19.513062973244814,DUK
2020-07-04,286.4111026239359,-13.646835247002503,50.18545488051645,-10.16372225744982,DUK
2020-07-05,286.41538598131086,-16.753084139449577,51.07301609042921,-8.065317932290498,DUK
2020-07-06,286.4196693386858,5.465001465354249,51.91500934769249,-21.8436801517326,DUK
2020-07-07,286.42395269606084,7.52008978930512,52.71060132223194,-35.986643807597886,DUK
2020-07-08,286.4282360534358,9.082478056601847,53.45900915165795,-21.056723261695595,DUK
2020-07-09,286.43251941081076,7.142289100241483,54.159501320857416,-14.583309831909673,DUK
2020-07-10,286.4368027681857,1.1660351289771596,54.8113984821432,3.4297636206939046,DUK
2020-07-11,286.44108612556073,-13.646835247002503,55.41407421500417,-10.186325093562402,DUK
2020-07-12,286.4453694829357,-16.753084139449577,55.96695572456985,-15.001241068055947,DUK
2020-07-13,286.44965284031065,5.465001465354249,56.46952447797557,4.173821216359499,DUK
2020-07-14,286.4539361976856,7.52008978930512,56.9213167778872,10.391657235121954,DUK
2020-07-15,286.4582195550606,9.082478056601847,57.321924272518736,10.663378115818773,DUK
2020-07-16,286.4625029124356,7.142289100241483,57.670994401550296,13.237213585772622,DUK
2020-07-17,286.46678626981054,1.1660351289771596,57.96823077743016,16.918947823782105,DUK
2020-07-18,286.4710696271855,-13.646835247002503,58.21339350161985,0.9223721181971882,DUK
2020-07-19,286.4753529845605,-16.753084139449577,58.406299415418474,8.438431739470616,DUK
2020-07-20,286.4796363419355,5.465001465354249,58.54682228507903,20.513539907631298,DUK
2020-07-21,286.48391969931043,7.52008978930512,58.63489292100712,8.523097590377233,DUK
2020-07-22,286.4882030566854,9.082478056601847,58.67049923090977,6.4068196558030195,DUK
2020-07-23,286.4924864140604,7.142289100241483,58.65368620684008,4.140538278858003,DUK
2020-07-24,286.49676977143537,1.1660351289771596,58.58455584616114,-22.889360746573686,DUK
2020-07-25,286.5010531288103,-13.646835247002503,58.46326700653016,-15.831484888338025,DUK
2020-07-26,286.5053364861853,-16.753084139449577,58.29003519508193,1.3337124581823332,DUK
2020-07-27,286.5096198435603,5.465001465354249,58.065132292067645,22.58724639901783,DUK
2020-07-28,286.51390320093526,7.52008978930512,57.788886209282644,21.422120800476932,DUK
2020-07-29,286.5181865583102,9.082478056601847,57.4616804836931,3.0396549013947833,DUK
2020-07-30,286.5224699156852,7.142289100241483,57.08395380674805,-0.5877128226748027,DUK
2020-07-31,286.5267532730602,1.1660351289771596,56.6561994899389,24.71401210802378,DUK
2020-08-01,286.53103663043515,-13.646835247002503,56.17896486724335,13.469833749324039,DUK
2020-08-02,286.5353199878101,-16.753084139449577,55.65285063516508,15.154913516474323,DUK
2020-08-03,286.53960334518507,5.465001465354249,55.07851013115392,-27.976114941693254,DUK
2020-08-04,286.5438867025601,7.52008978930512,54.456648551263704,-20.68062504312894,DUK
2020-08-05,286.54817005993505,9.082478056601847,53.788022107976445,-4.89767022451332,DUK
2020-08-06,286.55245341731,7.142289100241483,53.07343712919169,-7.9981796467432105,DUK
2020-08-07,286.55673677468496,1.1660351289771596,52.31374909944961,-22.81552100311177,DUK
2020-08-08,286.56102013206,-13.646835247002503,51.50986164452343,-4.997046529580871,DUK
2020-08-09,286.56530348943494,-16.753084139449577,50.662725460584255,1.844055189430378,DUK
2020-08-10,286.5695868468099,5.465001465354249,49.77333718920593,2.5650744986298832,DUK
2020-08-11,286.57387020418486,7.52008978930512,48.84273823954141,2.3633017669686183,DUK
2020-08-12,286.5781535615599,9.082478056601847,47.872013559064236,10.146354822774015,DUK
2020-08-13,286.58243691893483,7.142289100241483,46.86229035432876,0.18798362649494038,DUK
2020-08-14,286.5867202763098,1.1660351289771596,45.814736763262246,-3.674492168549193,DUK
2020-08-15,286.59100363368475,-13.646835247002503,44.730560480557905,-21.23572886724014,DUK
2020-08-16,286.59528699105977,-16.753084139449577,43.61100733779388,-37.525210189404106,DUK
2020-08-17,286.5995703484347,5.465001465354249,42.457359839955345,-19.706931653744334,DUK
2020-08-18,286.6038537058097,7.52008978930512,41.27093566008949,-13.390879155204289,DUK
2020-08-19,286.6081370631847,9.082478056601847,40.053086093870114,-15.838701213656634,DUK
2020-08-20,286.61242042055966,7.142289100241483,38.80519447589796,-21.46890399669911,DUK
2020-08-21,286.6167037779346,1.1660351289771596,37.52867455960596,-32.84441346651778,DUK
2020-08-22,286.6209871353096,-13.646835247002503,36.22496886268201,-15.249120750989164,DUK
2020-08-23,286.6252704926846,-16.753084139449577,34.895546979961615,-9.742733333196611,DUK
2020-08-24,286.62955385005955,5.465001465354249,33.54190386578229,-9.548459181196051,DUK
2020-08-25,286.6338372074345,7.52008978930512,32.165558087825055,5.567514915435368,DUK
2020-08-26,286.63812056480947,9.082478056601847,30.768050054503306,26.218351324085347,DUK
2020-08-27,286.6424039221845,7.142289100241483,29.35094021799052,38.86636675958357,DUK
2020-08-28,286.64668727955944,1.1660351289771596,27.915807255004466,45.92847033645893,DUK
2020-08-29,286.6509706369344,-13.646835247002503,26.464246227494044,29.573618382574068,DUK
2020-08-30,286.65525399430936,-16.753084139449577,24.99786672539673,18.021963419743486,DUK
2020-08-31,286.6595373516844,5.465001465354249,23.518290993655253,5.966170189306126,DUK
2020-09-01,286.66382070905934,7.52008978930512,22.02715204570223,18.52393745593332,DUK
2020-09-02,286.6681040664343,9.082478056601847,20.526091765633545,49.87232611133027,DUK
2020-09-03,286.67238742380925,7.142289100241483,19.016759001308674,59.58856447464058,DUK
2020-09-04,286.67667078118427,1.1660351289771596,17.5008076506223,52.038486439216285,DUK
2020-09-05,286.68095413855923,-13.646835247002503,15.979894743201703,-4.859013634758412,DUK
2020-09-06,286.6852374959342,-16.753084139449577,14.455678519789648,-35.359831876274285,DUK
2020-09-07,286.68952085330915,5.465001465354249,12.929816511572334,-46.75333883023575,DUK
2020-09-08,286.69380421068416,7.52008978930512,11.40396362171457,-16.10985762170384,DUK
2020-09-09,286.6980875680591,9.082478056601847,9.879770211359038,-2.449335836019941,DUK
2020-09-10,286.7023709254341,7.142289100241483,8.358880192343008,18.87545978198142,DUK
2020-09-11,286.70665428280904,1.1660351289771596,6.8429291288749,41.2473814593389,DUK
2020-09-12,286.71093764018406,-13.646835247002503,5.333542350404031,9.467355256414464,DUK
2020-09-13,286.715220997559,-16.753084139449577,3.8323330779035985,6.448530063986993,DUK
2020-09-14,286.719504354934,5.465001465354249,2.3409005657682194,17.453593613943553,DUK
2020-09-15,286.72378771230893,7.52008978930512,0.860828261510882,-19.435705763125043,DUK
2020-09-16,286.72807106968395,9.082478056601847,-0.6063180145773863,-35.105231111708406,DUK
2020-09-17,286.7323544270589,7.142289100241483,-2.058991867668418,-32.074651659632025,DUK
2020-09-18,286.73663778443387,1.1660351289771596,-3.4956681024241085,-18.85100481098698,DUK
2020-09-19,286.7409211418088,-13.646835247002503,-4.91484447072866,-50.11224142407764,DUK
2020-09-20,286.74520449918384,-16.753084139449577,-6.315043391073278,-56.09007696866098,DUK
2020-09-21,286.7494878565588,5.465001465354249,-7.694813637575912,-51.35867568433713,DUK
2020-09-22,286.75377121393376,7.52008978930512,-9.052731996655059,-46.011129006583786,DUK
2020-09-23,286.7580545713087,9.082478056601847,-10.387404889413741,-40.79012773849678,DUK
2020-09-24,286.76233792868373,7.142289100241483,-11.697469957833263,-36.74215707109195,DUK
2020-09-25,286.7666212860587,1.1660351289771596,-12.981597612917355,-35.08005880211849,DUK
2020-09-26,286.77090464343365,-13.646835247002503,-14.23849254297269,-31.518576853458427,DUK
2020-09-27,286.7751880008086,-16.753084139449577,-15.466895180261755,-26.00420868109734,DUK
2020-09-28,286.7794713581836,5.465001465354249,-16.66558312430974,-0.8728896992280966,DUK
2020-09-29,286.7837547155586,7.52008978930512,-17.83337252020256,-10.033471984661105,DUK
2020-09-30,286.78803807293355,9.082478056601847,-18.96911939026394,-35.99939673927145,DUK
2020-10-01,286.7923214303085,7.142289100241483,-20.07172091755632,-24.821889612993687,DUK
2020-10-02,286.7966047876835,1.1660351289771596,-21.140116679707567,-32.53652323695309,DUK
2020-10-03,286.8008881450585,-13.646835247002503,-22.17328983162345,-34.29976306643249,DUK
2020-10-04,286.80517150243344,-16.753084139449577,-23.170268235708605,-34.139819127275274,DUK
2020-10-05,286.8094548598084,5.465001465354249,-24.13012553827935,-29.083330786883238,DUK
2020-10-06,286.8137382171834,7.52008978930512,-25.051982190915886,-22.70484581557264,DUK
2020-10-07,286.8180215745584,9.082478056601847,-25.935006415568473,-14.364493215591779,DUK
2020-10-08,286.82230493193333,7.142289100241483,-26.778415112296216,-1.7991789198786705,DUK
2020-10-09,286.8265882893083,1.1660351289771596,-27.581474708588186,-20.16614870969721,DUK
2020-10-10,286.8308716466833,-13.646835247002503,-28.34350194928371,-15.99353445039705,DUK
2020-10-11,286.83515500405827,-16.753084139449577,-29.06386462618033,-9.853206238428385,DUK
2020-10-12,286.8394383614332,5.465001465354249,-29.74198224648954,-5.189457580297926,DUK
2020-10-13,286.8437217188082,7.52008978930512,-30.377326639372022,2.55851513125873,DUK
2020-10-14,286.8480050761832,9.082478056601847,-30.969422499859498,-20.563060632925527,DUK
2020-10-15,286.85228843355816,7.142289100241483,-31.517847869542056,-10.76072966425761,DUK
2020-10-16,286.8565717909331,1.1660351289771596,-32.022234553477475,-14.740372366432837,DUK
2020-10-17,286.8608551483081,-13.646835247002503,-32.48226847285289,-21.586751428452658,DUK
2020-10-18,286.8651385056831,-16.753084139449577,-32.897689953005894,-15.749364413227596,DUK
2020-10-19,286.86942186305805,5.465001465354249,-33.268293946489486,-14.270129381922857,DUK
2020-10-20,286.873705220433,7.52008978930512,-33.59393019094131,-11.898864818796824,DUK
2020-10-21,286.87798857780797,9.082478056601847,-33.874503301595475,0.6670366671856414,DUK
2020-10-22,286.882271935183,7.142289100241483,-34.10997279835325,1.9064117629288262,DUK
2020-10-23,286.88655529255794,1.1660351289771596,-34.300353067405084,3.4227626458699945,DUK
2020-10-24,286.8908386499329,-13.646835247002503,-34.4457132574758,4.194709854545408,DUK
2020-10-25,286.89512200730786,-16.753084139449577,-34.54617711084077,-12.677860757017527,DUK
2020-10-26,286.8994053646829,5.465001465354249,-34.60192272933928,-17.419484100697815,DUK
2020-10-27,286.90368872205784,7.52008978930512,-34.61318227568773,-12.81759623567524,DUK
2020-10-28,286.9079720794328,9.082478056601847,-34.58024161047223,-12.33820852556238,DUK
2020-10-29,286.91225543680775,7.142289100241483,-34.50343986527635,4.555895328227109,DUK
2020-10-30,286.91653879418277,1.1660351289771596,-34.38316895247549,-23.005404970684424,DUK
2020-10-31,286.92082215155773,-13.646835247002503,-34.219873012304326,-16.02811389225087,DUK
2020-11-01,286.9251055089327,-16.753084139449577,-34.01404779787805,-7.5299735716050975,DUK
2020-11-02,286.92938886630765,5.465001465354249,-33.76623999892194,9.96084966726005,DUK
2020-11-03,286.93367222368266,7.52008978930512,-33.4770465050358,12.055284492048031,DUK
2020-11-04,286.9379555810576,9.082478056601847,-33.147113609392186,-0.0073200282673155925,DUK
2020-11-05,286.9422389384326,7.142289100241483,-32.777136153837226,-4.5763918848368235,DUK
2020-11-06,286.94652229580754,1.1660351289771596,-32.36785661643246,-12.306700808352247,DUK
2020-11-07,286.95080565318256,-13.646835247002503,-31.920064142544664,-15.508906263635367,DUK
2020-11-08,286.9550890105575,-16.753084139449577,-31.434593520656644,-16.870411350451292,DUK
2020-11-09,286.9593723679325,5.465001465354249,-30.91232410413816,-16.02504972914855,DUK
2020-11-10,286.96365572530743,7.52008978930512,-30.35417868027995,-12.594566834332653,DUK
2020-11-11,286.96793908268245,9.082478056601847,-29.761122287955725,3.9607051486714226,DUK
2020-11-12,286.9722224400574,7.142289100241483,-29.13416098533866,-3.9783505549601728,DUK
2020-11-13,286.97650579743237,1.1660351289771596,-28.474340569157036,-17.830200357252494,DUK
2020-11-14,286.9807891548073,-13.646835247002503,-27.782745247032224,-20.86220866077261,DUK
2020-11-15,286.98507251218234,-16.753084139449577,-27.06049626449623,-20.799492108236507,DUK
2020-11-16,286.9893558695573,5.465001465354249,-26.308750488340756,-14.156606846570781,DUK
2020-11-17,286.99363922693226,7.52008978930512,-25.528698948001345,5.4109699317639866,DUK
2020-11-18,286.9979225843072,9.082478056601847,-24.721565336728506,16.72116469581937,DUK
2020-11-19,287.00220594168223,7.142289100241483,-23.888604474347325,25.672109432423554,DUK
2020-11-20,287.0064892990572,1.1660351289771596,-23.031100733450373,10.513576305416052,DUK
2020-11-21,287.01077265643215,-13.646835247002503,-22.150366430913206,-11.294570978516418,DUK
2020-11-22,287.0150560138071,-16.753084139449577,-21.247740186662742,-17.869231687694793,DUK
2020-11-23,287.0193393711821,5.465001465354249,-20.324585251666363,-20.575755584870024,DUK
2020-11-24,287.0236227285571,7.52008978930512,-19.382287807146927,9.48857528928471,DUK
2020-11-25,287.02790608593205,9.082478056601847,-18.422255237063304,-7.207128905470597,DUK
2020-11-26,287.032189443307,7.142289100241483,-17.445914375924676,-54.83756416762387,DUK
2020-11-27,287.036472800682,1.1660351289771596,-16.45470973404125,-56.913798195617915,DUK
2020-11-28,287.040756158057,-13.646835247002503,-15.450101702333967,-40.55181920872053,DUK
2020-11-29,287.04503951543194,-16.753084139449577,-14.433564738855523,-16.61039063712687,DUK
2020-11-30,287.0493228728069,5.465001465354249,-13.406585539193852,-14.038738798967302,DUK
2020-12-01,287.0536062301819,7.52008978930512,-12.370661192947413,34.44296517346038,DUK
2020-12-02,287.0578895875569,9.082478056601847,-11.327297328481016,42.9349296843223,DUK
2020-12-03,287.06217294493183,7.142289100241483,-10.278006248180214,34.20354420300686,DUK
2020-12-04,287.0664563023068,1.1660351289771596,-9.224305056438437,-0.38418637484551255,DUK
2020-12-05,287.0707396596818,-13.646835247002503,-8.167713782614477,-1.0831906300647915,DUK
2020-12-06,287.07502301705676,-16.753084139449577,-7.1097535012080275,21.68681462360081,DUK
2020-12-07,287.0793063744317,5.465001465354249,-6.051944451500214,16.247636611714256,DUK
2020-12-08,287.0835897318067,7.52008978930512,-4.995804158910181,43.50912463779838,DUK
2020-12-09,287.0878730891817,9.082478056601847,-3.9428455603134793,38.19049441452995,DUK
2020-12-10,287.09215644655666,7.142289100241483,-2.894575135564226,2.126129588766048,DUK
2020-12-11,287.0964398039316,1.1660351289771596,-1.8524910474570806,-7.0129838854517175,DUK
2020-12-12,287.1007231613066,-13.646835247002503,-0.818081292351204,-23.58080662195283,DUK
2020-12-13,287.1050065186816,-16.753084139449577,0.20717813633041615,-41.34810051556235,DUK
2020-12-14,287.10928987605655,5.465001465354249,1.2218250695320592,-24.371116410942818,DUK
2020-12-15,287.1135732334315,7.52008978930512,2.224412966747318,24.063924010516075,DUK
2020-12-16,287.11785659080647,9.082478056601847,3.2135127007965814,46.45515265179512,DUK
2020-12-17,287.1221399481815,7.142289100241483,4.187714321064089,23.082856630512993,DUK
2020-12-18,287.12642330555644,1.1660351289771596,5.1456287930888465,30.2919127723776,DUK
2020-12-19,287.1307066629314,-13.646835247002503,6.0858897124268445,43.16423887164427,DUK
2020-12-20,287.13499002030636,-16.753084139449577,7.007154990737501,6.2459391284056665,DUK
2020-12-21,287.1392733776814,5.465001465354249,7.908108512077555,-20.384383355113187,DUK
2020-12-22,287.14355673505634,7.52008978930512,8.78746175742125,-18.723108281782686,DUK
2020-12-23,287.1478400924313,9.082478056601847,9.643955395466513,-10.520273544499616,DUK
2020-12-24,287.15212344980625,7.142289100241483,10.476360837821453,-59.853773387869154,DUK
2020-12-25,287.15640680718127,1.1660351289771596,11.283481756715197,19.497076307126406,DUK
2020-12-26,287.16069016455623,-13.646835247002503,12.064155563414488,59.38198951903178,DUK
2020-12-27,287.1649735219312,-16.753084139449577,12.817254845580296,30.526855771938074,DUK
2020-12-28,287.16925687930615,5.465001465354249,13.541688761843345,-2.8539471065037674,DUK
2020-12-29,287.17354023668116,7.52008978930512,14.23640439193107,-16.622034417917348,DUK
2020-12-30,287.1778235940561,9.082478056601847,14.900388040730686,1.1893103086113683,DUK
2020-12-31,287.1821069514311,7.142289100241483,15.532666494726682,-41.26606254639927,DUK
2021-01-01,287.18639030880604,1.1660351289771596,15.685672075746545,-45.814097513529816,DUK
2021-01-02,287.19067366618106,-13.646835247002503,16.27701407605059,-38.777852495229126,DUK
2021-01-03,287.194957023556,-16.753084139449577,16.834615333491975,-44.52348821759841,DUK
2021-01-04,287.199240380931,5.465001465354249,17.357642273531567,-17.51888411981679,DUK
2021-01-05,287.20352373830593,7.52008978930512,17.845306577940722,-5.962920105551802,DUK
2021-01-06,287.20780709568095,9.082478056601847,18.29686616792783,2.333848679789355,DUK
2021-01-07,287.2120904530559,7.142289100241483,18.711626131239356,22.812994315463243,DUK
2021-01-08,287.21637381043087,1.1660351289771596,19.0889395921236,30.753651468468377,DUK
2021-01-09,287.2206571678058,-13.646835247002503,19.428208523113454,18.904969556083188,DUK
2021-01-10,287.22494052518084,-16.753084139449577,19.72888449765378,24.74125911661497,DUK
2021-01-11,287.2292238825558,5.465001465354249,19.9904693826692,24.077305269420776,DUK
2021-01-12,287.23350723993076,7.52008978930512,20.212515970239863,-13.23211299947576,DUK
2021-01-13,287.2377905973057,9.082478056601847,20.39462854762505,5.608102798467371,DUK
2021-01-14,287.24207395468073,7.142289100241483,20.536463404947884,-10.872826459870112,DUK
2021-01-15,287.2463573120557,1.1660351289771596,20.637729279928642,12.18587827903849,DUK
2021-01-16,287.25064066943065,-13.646835247002503,20.698187739129068,23.525006838442778,DUK
2021-01-17,287.2549240268056,-16.753084139449577,20.717653495245635,18.24150661739833,DUK
2021-01-18,287.2592073841806,5.465001465354249,20.69599466006587,8.115796490399305,DUK
2021-01-19,287.2634907415556,7.52008978930512,20.63313293277833,6.802286536360953,DUK
2021-01-20,287.26777409893054,9.082478056601847,20.52904372340391,-20.4882958789363,DUK
2021-01-21,287.2720574563055,7.142289100241483,20.383756211193145,-14.543102767740208,DUK
2021-01-22,287.2763408136805,1.1660351289771596,20.1973533379119,-21.69472928056956,DUK
2021-01-23,287.2806241710555,-13.646835247002503,19.96997173601501,0.480239339931984,DUK
2021-01-24,287.28490752843044,-16.753084139449577,19.70180159178521,5.331375019233917,DUK
2021-01-25,287.2891908858054,5.465001465354249,19.3930864435918,-16.02127879475148,DUK
2021-01-26,287.2934742431804,7.52008978930512,19.044122915501198,-23.414686947986752,DUK
2021-01-27,287.29775760055537,9.082478056601847,18.655260386547923,-40.896496043705156,DUK
2021-01-28,287.30204095793033,7.142289100241483,18.226900596051603,7.291769345776572,DUK
2021-01-29,287.3063243153053,1.1660351289771596,17.759497185441457,43.8791433702761,DUK
2021-01-30,287.3106076726803,-13.646835247002503,17.25355517712557,43.903672397196715,DUK
2021-01-31,287.31489103005526,-16.753084139449577,16.70963039101688,36.761562718377434,DUK
2021-02-01,287.3191743874302,5.465001465354249,16.12832879940245,29.525495347813035,DUK
2021-02-02,287.3234577448052,7.52008978930512,15.51030582091567,39.49414664497402,DUK
2021-02-03,287.3277411021802,9.082478056601847,14.856265554443784,35.51951528677421,DUK
2021-02-04,287.33202445955516,7.142289100241483,14.166959953874597,36.03172648632875,DUK
2021-02-05,287.3363078169301,1.1660351289771596,13.443187944656751,-6.07153089056402,DUK
2021-02-06,287.3405911743051,-13.646835247002503,12.685794483217224,19.015449589480227,DUK
2021-02-07,287.3448745316801,-16.753084139449577,11.895669560347734,12.349540047421783,DUK
2021-02-08,287.34915788905505,5.465001465354249,11.073747149738809,17.047093495851925,DUK
2021-02-09,287.35344124643,7.52008978930512,10.22100410290525,-27.966535138640438,DUK
2021-02-10,287.35772460380497,9.082478056601847,9.338458991810842,-28.873661652217663,DUK
2021-02-11,287.36200796118,7.142289100241483,8.427170900562661,-19.39346796198413,DUK
2021-02-12,287.36629131855494,1.1660351289771596,7.488238167605784,46.304435384862074,DUK
2021-02-13,287.3705746759299,-13.646835247002503,6.5227970799083295,48.7684634911642,DUK
2021-02-14,287.37485803330486,-16.753084139449577,5.532020520684268,34.589205585460434,DUK
2021-02-15,287.3791413906799,5.465001465354249,4.517116572256603,37.634740571709244,DUK
2021-02-16,287.38342474805484,7.52008978930512,3.4793270757171193,18.12915838692294,DUK
2021-02-17,287.3877081054298,9.082478056601847,2.4199261490907773,40.80288768887755,DUK
2021-02-18,287.39199146280475,7.142289100241483,1.340218665761892,52.16550077119183,DUK
2021-02-19,287.39627482017977,1.1660351289771596,0.241538694967236,26.904151355875854,DUK
2021-02-20,287.40055817755473,-13.646835247002503,-0.8747520937937523,39.175029163241504,DUK
2021-02-21,287.4048415349297,-16.753084139449577,-2.007266060538303,40.389508665058145,DUK
2021-02-22,287.40912489230465,5.465001465354249,-3.1545912568347205,26.36046489917578,DUK
2021-02-23,287.41340824967966,7.52008978930512,-4.315293118119024,1.108795079134211,DUK
2021-02-24,287.4176916070546,9.082478056601847,-5.487916184284504,-17.478253479371915,DUK
2021-02-25,287.4219749644296,7.142289100241483,-6.67098584650099,-32.9632782181701,DUK
2021-02-26,287.42625832180454,1.1660351289771596,-7.863010118189354,-2.853283332592355,DUK
2021-02-27,287.43054167917956,-13.646835247002503,-9.062481428047391,0.7907749958703221,DUK
2021-02-28,287.4348250365545,-16.753084139449577,-10.267878432996897,-27.69486246410804,DUK
2021-03-01,287.4391083939295,5.465001465354249,-11.47766784889784,-34.185442010385856,DUK
2021-03-02,287.44339175130443,7.52008978930512,-12.690306296853747,10.383824756244167,DUK
2021-03-03,287.44767510867945,9.082478056601847,-13.904242162913851,-1.6809110023673952,DUK
2021-03-04,287.4519584660544,7.142289100241483,-15.11791746896114,-10.899330097334769,DUK
2021-03-05,287.45624182342937,1.1660351289771596,-16.32976975256166,-2.411507199844891,DUK
2021-03-06,287.4605251808043,-13.646835247002503,-17.538233953539592,4.515544019737774,DUK
2021-03-07,287.46480853817934,-16.753084139449577,-18.74174430503433,21.13401990630456,DUK
2021-03-08,287.4690918955543,5.465001465354249,-19.938736226789395,19.439642865880842,DUK
2021-03-09,287.47337525292926,7.52008978930512,-21.127648218421257,1.6211831761868893,DUK
2021-03-10,287.4776586103042,9.082478056601847,-22.30692375041409,-15.143212916491962,DUK
2021-03-11,287.48194196767923,7.142289100241483,-23.47501315059035,-25.489217917330365,DUK
2021-03-12,287.4862253250542,1.1660351289771596,-24.63037548381099,-24.99688497022035,DUK
2021-03-13,287.49050868242915,-13.646835247002503,-25.77148042266691,-31.54919301275973,DUK
2021-03-14,287.4947920398041,-16.753084139449577,-26.89681010693427,-35.59689779342034,DUK
2021-03-15,287.4990753971791,5.465001465354249,-28.004860989577736,-15.0822158729556,DUK
2021-03-16,287.5033587545541,7.52008978930512,-29.094145667102904,18.878697123243683,DUK
2021-03-17,287.50764211192904,9.082478056601847,-30.163194692076104,2.731074523545203,DUK
2021-03-18,287.511925469304,7.142289100241483,-31.210558365650925,-6.685656203894666,DUK
2021-03-19,287.516208826679,1.1660351289771596,-32.23480850796424,-0.7874354476919336,DUK
2021-03-20,287.520492184054,-13.646835247002503,-33.23454020429011,24.881883267238692,DUK
2021-03-21,287.52477554142894,-16.753084139449577,-34.20837352486835,1.70768212288894,DUK
2021-03-22,287.5290588988039,5.465001465354249,-35.15495521635535,-8.014105147802809,DUK
2021-03-23,287.5333422561789,7.52008978930512,-36.07296036287786,-11.713471682606155,DUK
2021-03-24,287.53762561355387,9.082478056601847,-36.961094014706525,-16.281009655449168,DUK
2021-03-25,287.54190897092883,7.142289100241483,-37.81809278260302,-9.57910528856732,DUK
2021-03-26,287.5461923283038,1.1660351289771596,-38.642726395936144,-0.25450106134485395,DUK
2021-03-27,287.5504756856788,-13.646835247002503,-39.43379922270368,-8.211841215972555,DUK
2021-03-28,287.55475904305376,-16.753084139449577,-40.19015174964222,-12.433523153961971,DUK
2021-03-29,287.5590424004287,5.465001465354249,-40.91066202065389,-7.744381845129084,DUK
2021-03-30,287.5633257578037,7.52008978930512,-41.594247031827955,-1.7181685152808654,DUK
2021-03-31,287.5676091151787,9.082478056601847,-42.23986408138626,-10.085223090394265,DUK
2021-04-01,287.57189247255366,7.142289100241483,-42.84651207293473,6.998330500139531,DUK
2021-04-02,287.5761758299286,1.1660351289771596,-43.41323277045776,31.194021811552005,DUK
2021-04-03,287.5804591873036,-13.646835247002503,-43.93911200354958,26.626488063248473,DUK
2021-04-04,287.5847425446786,-16.753084139449577,-44.423280821434886,2.8156224162059402,DUK
2021-04-05,287.58902590205355,5.465001465354249,-44.864916594391744,-10.053110773016016,DUK
2021-04-06,287.5933092594285,7.52008978930512,-45.26324406125133,-4.226154987482289,DUK
2021-04-07,287.59759261680347,9.082478056601847,-45.61753632171313,0.9274656483077592,DUK
2021-04-08,287.6018759741785,7.142289100241483,-45.92711577227871,-0.8910493021412833,DUK
2021-04-09,287.60615933155344,1.1660351289771596,-46.191354984674234,10.285160524143663,DUK
2021-04-10,287.6104426889284,-13.646835247002503,-46.40967752569908,-0.655929916226853,DUK
2021-04-11,287.61472604630336,-16.753084139449577,-46.58155871750776,-0.962083189346032,DUK
2021-04-12,287.6190094036784,5.465001465354249,-46.7065263374019,-0.1624845316307244,DUK
2021-04-13,287.62329276105334,7.52008978930512,-46.784161256280704,-2.994221294077761,DUK
2021-04-14,287.6275761184283,9.082478056601847,-46.81409801497101,4.317043839940794,DUK
2021-04-15,287.63185947580325,7.142289100241483,-46.7960253377306,-5.477123238314192,DUK
2021-04-16,287.63614283317827,1.1660351289771596,-46.729686582293496,-10.0304913798619,DUK
2021-04-17,287.6404261905532,-13.646835247002503,-46.6148801259001,-10.858710817650575,DUK
2021-04-18,287.6447095479282,-16.753084139449577,-46.45145968683108,-10.399165721647563,DUK
2021-04-19,287.64899290530315,5.465001465354249,-46.23933458103986,-9.685659789617574,DUK
2021-04-20,287.65327626267816,7.52008978930512,-45.97846991355533,-7.052896138427911,DUK
2021-04-21,287.6575596200531,9.082478056601847,-45.66888670440326,-11.493150972251726,DUK
2021-04-22,287.6618429774281,7.142289100241483,-45.31066194887241,12.081529871202804,DUK
2021-04-23,287.66612633480304,1.1660351289771596,-44.9039286120288,11.344767148248536,DUK
2021-04-24,287.67040969217805,-13.646835247002503,-44.448875557459274,8.42030111228371,DUK
2021-04-25,287.674693049553,-16.753084139449577,-43.94574741030317,-9.895861499800219,DUK
2021-04-26,287.678976406928,5.465001465354249,-43.39484435470878,-5.748133517573393,DUK
2021-04-27,287.68325976430293,7.52008978930512,-42.79652186592821,3.792172312320133,DUK
2021-04-28,287.68754312167795,9.082478056601847,-42.1511903773424,20.463169199062634,DUK
2021-04-29,287.6918264790529,7.142289100241483,-41.459314882783836,29.979199303489423,DUK
2021-04-30,287.69610983642787,1.1660351289771596,-40.72141447460207,13.402269509197055,DUK
2021-05-01,287.7003931938028,-13.646835247002503,-39.93806181799238,-12.740496128807933,DUK
2021-05-02,287.70467655117784,-16.753084139449577,-39.10988256218348,-4.025709849544739,DUK
2021-05-03,287.7089599085528,5.465001465354249,-38.237554689154884,5.422593315247866,DUK
2021-05-04,287.71324326592776,7.52008978930512,-37.32180780062845,10.685474745395538,DUK
2021-05-05,287.7175266233027,9.082478056601847,-36.36342234415139,14.155417664246784,DUK
2021-05-06,287.72180998067773,7.142289100241483,-35.36322877916047,-15.494870301758766,DUK
2021-05-07,287.7260933380527,1.1660351289771596,-34.322106683987315,-22.729021783042526,DUK
2021-05-08,287.73037669542765,-13.646835247002503,-33.240983804836,-22.399557643589134,DUK
2021-05-09,287.7346600528026,-16.753084139449577,-32.120835047830944,-18.75874086552207,DUK
2021-05-10,287.7389434101776,5.465001465354249,-30.96268141530218,2.374736539770254,DUK
2021-05-11,287.7432267675526,7.52008978930512,-29.76758888753986,-15.928727669317823,DUK
2021-05-12,287.74751012492754,9.082478056601847,-28.536667251315187,-23.19432093021419,DUK
2021-05-13,287.7517934823025,7.142289100241483,-27.271068876527213,-20.13301370601681,DUK
2021-05-14,287.7560768396775,1.1660351289771596,-25.97198744239701,-24.65512452625771,DUK
2021-05-15,287.7603601970525,-13.646835247002503,-24.640656614690236,-25.912868335359747,DUK
2021-05-16,287.76464355442744,-16.753084139449577,-23.27834867550696,-27.3212107394709,DUK
2021-05-17,287.7689269118024,5.465001465354249,-21.88637310723393,-18.53055526992273,DUK
2021-05-18,287.7732102691774,7.52008978930512,-20.466075132308596,-19.44922492617394,DUK
2021-05-19,287.77749362655237,9.082478056601847,-19.01883421049675,-9.764137472657467,DUK
2021-05-20,287.78177698392733,7.142289100241483,-17.546062495436033,-0.6900035887327931,DUK
2021-05-21,287.7860603413023,1.1660351289771596,-16.049203252245427,0.27210778196592855,DUK
2021-05-22,287.7903436986773,-13.646835247002503,-14.52972923804764,-2.2027792136271387,DUK
2021-05-23,287.79462705605226,-16.753084139449577,-12.989141047294446,22.531598130691748,DUK
2021-05-24,287.7989104134272,5.465001465354249,-11.428965423827481,39.92205354504597,DUK
2021-05-25,287.8031937708022,7.52008978930512,-9.850753541646451,41.58346998153911,DUK
2021-05-26,287.8074771281772,9.082478056601847,-8.25607925639314,49.49512407161416,DUK
2021-05-27,287.81176048555216,7.142289100241483,-6.646537329595343,41.610487743801684,DUK
2021-05-28,287.8160438429271,1.1660351289771596,-5.023741627746251,30.195662655842,DUK
2021-05-29,287.8203272003021,-13.646835247002503,-3.389323298325394,-6.705168654974216,DUK
2021-05-30,287.8246105576771,-16.753084139449577,-1.744928924894726,-56.8775974933327,DUK
2021-05-31,287.82889391505205,5.465001465354249,-0.09221866342760165,-69.09967671697873,DUK
2021-06-01,287.833177272427,7.52008978930512,1.5671356379482901,-32.98840269968042,DUK
2021-06-02,287.83746062980197,9.082478056601847,3.2314523335943193,-20.656391019998182,DUK
2021-06-03,287.841743987177,7.142289100241483,4.8990418871720465,-6.3720749745904754,DUK
2021-06-04,287.84602734455194,1.1660351289771596,6.5682087883912,11.92772873807968,DUK
2021-06-05,287.8503107019269,-13.646835247002503,8.237253477449343,14.258271067626254,DUK
2021-06-06,287.85459405930186,-16.753084139449577,9.904474274910363,15.904015805237407,DUK
2021-06-07,287.8588774166769,5.465001465354249,11.568169314762095,13.491951803206803,DUK
2021-06-08,287.86316077405183,7.52008978930512,13.226638478388224,11.845110958254793,DUK
2021-06-09,287.8674441314268,9.082478056601847,14.878185327190362,21.244892484780962,DUK
2021-06-10,287.87172748880175,7.142289100241483,16.52111903159545,18.341864379361255,DUK
2021-06-11,287.87601084617677,1.1660351289771596,18.153756294189346,20.678197730656734,DUK
2021-06-12,287.8802942035517,-13.646835247002503,19.774423264723055,-2.971882221272324,DUK
2021-06-13,287.8845775609267,-16.753084139449577,21.38145744474858,-7.708950866225791,DUK
2021-06-14,287.8888609183017,5.465001465354249,22.973209579651904,18.809928036692213,DUK
2021-06-15,287.89314427567666,7.52008978930512,24.548045535866876,3.5297203991513584,DUK
2021-06-16,287.8974276330516,9.082478056601847,26.104348161069517,-18.524253850723028,DUK
2021-06-17,287.9017109904266,7.142289100241483,27.640519125174247,-32.90951921584235,DUK
2021-06-18,287.9059943478016,1.1660351289771596,29.154980739972906,-12.015010216751648,DUK
2021-06-19,287.91027770517655,-13.646835247002503,30.646177755285855,4.066379786540097,DUK
2021-06-20,287.9145610625515,-16.753084139449577,32.1125791295193,-27.510056052621223,DUK
2021-06-21,287.9188444199265,5.465001465354249,33.552679772554455,20.746474342164788,DUK
2021-06-22,287.9231277773015,7.52008978930512,34.96500225892602,-18.876219825532644,DUK
2021-06-23,287.92741113467645,9.082478056601847,36.348098509282835,-44.82498770056111,DUK
2021-06-24,287.9316944920514,7.142289100241483,37.700551438159735,-49.98353503045263,DUK
2021-06-25,287.93597784942637,1.1660351289771596,39.02097656613078,-47.19998954453433,DUK
2021-06-26,287.9402612068014,-13.646835247002503,40.30802359445418,-18.783449554253025,DUK
2021-06-27,287.94454456417634,-16.753084139449577,41.56037794036489,2.496161634908333,DUK
2021-06-28,287.9488279215513,5.465001465354249,42.77676223121576,16.621408381878723,DUK
2021-06-29,287.95311127892626,7.52008978930512,43.95593775571756,6.682861176051063,DUK
2021-06-30,287.9573946363013,9.082478056601847,45.096705870577615,14.768421436519304,DUK
2021-07-01,287.96167799367623,7.142289100241483,46.1979093608904,14.310123545191914,DUK
2021-07-02,287.9659613510512,1.1660351289771596,47.25843375268664,-32.112430232714985,DUK
2021-07-03,287.97024470842615,-13.646835247002503,48.27720857610495,-59.84861803752858,DUK
2021-07-04,287.97452806580117,-16.753084139449577,49.253208577706744,-55.841652504058345,DUK
2021-07-05,287.9788114231761,5.465001465354249,50.18545488051645,-37.35626776904678,DUK
2021-07-06,287.9830947805511,7.52008978930512,51.07301609042921,-6.2322006602854,DUK
2021-07-07,287.98737813792604,9.082478056601847,51.91500934769249,-11.296865542220417,DUK
2021-07-08,287.99166149530106,7.142289100241483,52.71060132223194,-28.910551917774455,DUK
2021-07-09,287.995944852676,1.1660351289771596,53.45900915165795,-14.898989133311147,DUK
2021-07-10,288.000228210051,-13.646835247002503,54.159501320857416,-8.255894283905889,DUK
2021-07-11,288.00451156742594,-16.753084139449577,54.8113984821432,-0.0848259101195481,DUK
2021-07-12,288.00879492480095,5.465001465354249,55.41407421500417,4.9111293948406,DUK
2021-07-13,288.0130782821759,7.52008978930512,55.96695572456985,-9.62912379605092,DUK
2021-07-14,288.01736163955087,9.082478056601847,56.46952447797557,-5.8563641741282595,DUK
2021-07-15,288.02164499692583,7.142289100241483,56.9213167778872,5.598749124945471,DUK
2021-07-16,288.02592835430085,1.1660351289771596,57.321924272518736,18.120112244203256,DUK
2021-07-17,288.0302117116758,-13.646835247002503,57.670994401550296,9.896629133776457,DUK
2021-07-18,288.03449506905076,-16.753084139449577,57.96823077743016,-21.926641707031365,DUK
2021-07-19,288.0387784264257,5.465001465354249,58.21339350161985,-45.570173393399784,DUK
2021-07-20,288.04306178380074,7.52008978930512,58.406299415418474,-46.71645098852434,DUK
2021-07-21,288.0473451411757,9.082478056601847,58.54682228507903,-17.690645482856553,DUK
2021-07-22,288.05162849855066,7.142289100241483,58.63489292100712,-13.527810519799289,DUK
2021-07-23,288.0559118559256,1.1660351289771596,58.67049923090977,-9.94844621581251,DUK
2021-07-24,288.06019521330063,-13.646835247002503,58.65368620684008,-11.961046173138186,DUK
2021-07-25,288.0644785706756,-16.753084139449577,58.58455584616114,-5.835950277387155,DUK
2021-07-26,288.06876192805055,5.465001465354249,58.46326700653016,2.0749696000650033,DUK
2021-07-27,288.0730452854255,7.52008978930512,58.29003519508193,4.559829730187403,DUK
2021-07-28,288.0773286428005,9.082478056601847,58.065132292067645,18.29606100852999,DUK
2021-07-29,288.0816120001755,7.142289100241483,57.788886209282644,24.854212690300358,DUK
2021-07-30,288.08589535755044,1.1660351289771596,57.4616804836931,29.084389029779288,DUK
2021-07-31,288.0901787149254,-13.646835247002503,57.08395380674805,10.593702725329024,DUK
2021-08-01,288.0944620723004,-16.753084139449577,56.6561994899389,0.7984225772103173,DUK
2021-08-02,288.0987454296754,5.465001465354249,56.17896486724335,-26.36771176227296,DUK
2021-08-03,288.10302878705033,7.52008978930512,55.65285063516508,-54.51596921152054,DUK
2021-08-04,288.1073121444253,9.082478056601847,55.07851013115392,-59.17730033218112,DUK
2021-08-05,288.1115955018003,7.142289100241483,54.456648551263704,-37.21853315330543,DUK
2021-08-06,288.11587885917527,1.1660351289771596,53.788022107976445,-40.688936096128884,DUK
2021-08-07,288.1201622165502,-13.646835247002503,53.07343712919169,-36.97176409873941,DUK
2021-08-08,288.1244455739252,-16.753084139449577,52.31374909944961,-22.24911053392526,DUK
2021-08-09,288.1287289313002,5.465001465354249,51.50986164452343,3.9474079588221684,DUK
2021-08-10,288.13301228867516,7.52008978930512,50.662725460584255,20.974172461435444,DUK
2021-08-11,288.1372956460501,9.082478056601847,49.77333718920593,17.519889108142024,DUK
2021-08-12,288.1415790034251,7.142289100241483,48.84273823954141,23.08439365679203,DUK
2021-08-13,288.1458623608001,1.1660351289771596,47.872013559064236,39.7640889511585,DUK
2021-08-14,288.15014571817505,-13.646835247002503,46.86229035432876,13.310399174498741,DUK
2021-08-15,288.15442907555,-16.753084139449577,45.814736763262246,-14.78008169936271,DUK
2021-08-16,288.158712432925,5.465001465354249,44.730560480557905,-11.534274378837154,DUK
2021-08-17,288.1629957903,7.52008978930512,43.61100733779388,-17.917092917398975,DUK
2021-08-18,288.16727914767495,9.082478056601847,42.457359839955345,15.838882955767872,DUK
2021-08-19,288.1715625050499,7.142289100241483,41.27093566008949,28.026212734619094,DUK
2021-08-20,288.17584586242486,1.1660351289771596,40.053086093870114,20.70203291472785,DUK
2021-08-21,288.1801292197999,-13.646835247002503,38.80519447589796,12.632511551304674,DUK
2021-08-22,288.18441257717484,-16.753084139449577,37.52867455960596,14.15299700266877,DUK
2021-08-23,288.1886959345498,5.465001465354249,36.22496886268201,29.978333737413948,DUK
2021-08-24,288.19297929192476,7.52008978930512,34.895546979961615,46.167383938808484,DUK
2021-08-25,288.1972626492998,9.082478056601847,33.54190386578229,45.472355428316064,DUK
2021-08-26,288.20154600667473,7.142289100241483,32.165558087825055,36.523606805258794,DUK
2021-08-27,288.2058293640497,1.1660351289771596,30.768050054503306,41.91108545246988,DUK
2021-08-28,288.21011272142465,-13.646835247002503,29.35094021799052,45.20078230758736,DUK
2021-08-29,288.21439607879967,-16.753084139449577,27.915807255004466,41.51588080564545,DUK
2021-08-30,288.2186794361746,5.465001465354249,26.464246227494044,45.351072870977134,DUK
2021-08-31,288.2229627935496,7.52008978930512,24.99786672539673,25.453080691748596,DUK
2021-09-01,288.22724615092454,9.082478056601847,23.518290993655253,6.436984798818344,DUK
2021-09-02,288.23152950829956,7.142289100241483,22.02715204570223,-15.615970654243256,DUK
2021-09-03,288.2358128656745,1.1660351289771596,20.526091765633545,-34.580939760285275,DUK
2021-09-04,288.2400962230495,-13.646835247002503,19.016759001308674,-33.13201997735564,DUK
2021-09-05,288.24437958042444,-16.753084139449577,17.5008076506223,-20.226103091597167,DUK
2021-09-06,288.24866293779945,5.465001465354249,15.979894743201703,-27.45955914635539,DUK
2021-09-07,288.2529462951744,7.52008978930512,14.455678519789648,0.42028539573084345,DUK
2021-09-08,288.25722965254937,9.082478056601847,12.929816511572334,13.993475779276366,DUK
2021-09-09,288.26151300992433,7.142289100241483,11.40396362171457,-4.034765731880384,DUK
2021-09-10,288.26579636729934,1.1660351289771596,9.879770211359038,-30.129601707635516,DUK
2021-09-11,288.2700797246743,-13.646835247002503,8.358880192343008,-26.0541246700148,DUK
2021-09-12,288.27436308204926,-16.753084139449577,6.8429291288749,-8.253208071474603,DUK
2021-09-13,288.2786464394242,5.465001465354249,5.333542350404031,15.045809744817461,DUK
2021-09-14,288.28292979679924,7.52008978930512,3.8323330779035985,24.817647335992035,DUK
2021-09-15,288.2872131541742,9.082478056601847,2.3409005657682194,14.602408223455768,DUK
2021-09-16,288.29149651154916,7.142289100241483,0.860828261510882,2.2423861266984204,DUK
2021-09-17,288.2957798689241,1.1660351289771596,-0.6063180145773863,14.240503016676087,DUK
2021-09-18,288.30006322629913,-13.646835247002503,-2.058991867668418,25.21576388837184,DUK
2021-09-19,288.3043465836741,-16.753084139449577,-3.4956681024241085,25.974405658199544,DUK
2021-09-20,288.30862994104905,5.465001465354249,-4.91484447072866,10.29221306432538,DUK
2021-09-21,288.312913298424,7.52008978930512,-6.315043391073278,-9.732959696655882,DUK
2021-09-22,288.317196655799,9.082478056601847,-7.694813637575912,3.347138925175102,DUK
2021-09-23,288.321480013174,7.142289100241483,-9.052731996655059,-33.120037116760386,DUK
2021-09-24,288.32576337054894,1.1660351289771596,-10.387404889413741,-38.46339361011232,DUK
2021-09-25,288.3300467279239,-13.646835247002503,-11.697469957833263,-35.34474152308812,DUK
2021-09-26,288.3343300852989,-16.753084139449577,-12.981597612917355,-28.38864833293195,DUK
2021-09-27,288.3386134426739,5.465001465354249,-14.23849254297269,-15.275122365055381,DUK
2021-09-28,288.34289680004883,7.52008978930512,-15.466895180261755,1.4109085909077521,DUK
2021-09-29,288.3471801574238,9.082478056601847,-16.66558312430974,11.409924910284019,DUK
2021-09-30,288.3514635147988,7.142289100241483,-17.83337252020256,5.510619905162287,DUK
2021-10-01,288.35574687217377,1.1660351289771596,-18.96911939026394,0.8253373891130309,DUK
2021-10-02,288.3600302295487,-13.646835247002503,-20.07172091755632,5.0445259350100855,DUK
2021-10-03,288.3643135869237,-16.753084139449577,-21.140116679707567,11.415887232233416,DUK
2021-10-04,288.3685969442987,5.465001465354249,-22.17328983162345,12.940691421970541,DUK
2021-10-05,288.37288030167366,7.52008978930512,-23.170268235708605,18.177298144729775,DUK
2021-10-06,288.3771636590486,9.082478056601847,-24.13012553827935,19.71848382262891,DUK
2021-10-07,288.3814470164236,7.142289100241483,-25.051982190915886,5.835246074250847,DUK
2021-10-08,288.3857303737986,1.1660351289771596,-25.935006415568473,-0.4507590872073024,DUK
2021-10-09,288.39001373117355,-13.646835247002503,-26.778415112296216,-1.9027633718748405,DUK
2021-10-10,288.3942970885485,-16.753084139449577,-27.581474708588186,0.8582617594892952,DUK
2021-10-11,288.39858044592347,5.465001465354249,-28.34350194928371,-6.239079961994037,DUK
2021-10-12,288.4028638032985,7.52008978930512,-29.06386462618033,5.601911033576698,DUK
2021-10-13,288.40714716067345,9.082478056601847,-29.74198224648954,10.604357029214214,DUK
2021-10-14,288.4114305180484,7.142289100241483,-30.377326639372022,18.909607021082138,DUK
2021-10-15,288.41571387542336,1.1660351289771596,-30.969422499859498,22.850673495458977,DUK
2021-10-16,288.4199972327984,-13.646835247002503,-31.517847869542056,2.0056858837461675,DUK
2021-10-17,288.42428059017334,-16.753084139449577,-32.022234553477475,-24.5009618972463,DUK
2021-10-18,288.4285639475483,5.465001465354249,-32.48226847285289,-16.012296940049623,DUK
2021-10-19,288.43284730492326,7.52008978930512,-32.897689953005894,-13.342247141222487,DUK
2021-10-20,288.4371306622983,9.082478056601847,-33.268293946489486,-12.893314772410633,DUK
2021-10-21,288.44141401967323,7.142289100241483,-33.59393019094131,-8.66777292897342,DUK
2021-10-22,288.4456973770482,1.1660351289771596,-33.874503301595475,-1.6882292044298879,DUK
2021-10-23,288.44998073442315,-13.646835247002503,-34.10997279835325,-15.052172689067419,DUK
2021-10-24,288.45426409179817,-16.753084139449577,-34.300353067405084,-12.361826884943497,DUK
2021-10-25,288.4585474491731,5.465001465354249,-34.4457132574758,-3.167835657051569,DUK
2021-10-26,288.4628308065481,7.52008978930512,-34.54617711084077,-15.696743485012462,DUK
2021-10-27,288.46711416392304,9.082478056601847,-34.60192272933928,-11.524669491185591,DUK
2021-10-28,288.47139752129806,7.142289100241483,-34.61318227568773,-5.951504345851816,DUK
2021-10-29,288.475680878673,1.1660351289771596,-34.58024161047223,-10.486474397177915,DUK
2021-10-30,288.479964236048,-13.646835247002503,-34.50343986527635,-12.98468912376913,DUK
2021-10-31,288.48424759342294,-16.753084139449577,-34.38316895247549,-14.347994501497908,DUK
2021-11-01,288.48853095079795,5.465001465354249,-34.219873012304326,-9.242659403847853,DUK
2021-11-02,288.4928143081729,7.52008978930512,-34.01404779787805,-4.933856299599995,DUK
2021-11-03,288.49709766554787,9.082478056601847,-33.76623999892194,2.7116642767722396,DUK
2021-11-04,288.5013810229228,7.142289100241483,-33.4770465050358,23.30537638187144,DUK
2021-11-05,288.50566438029784,1.1660351289771596,-33.147113609392186,40.33441410011716,DUK
2021-11-06,288.5099477376728,-13.646835247002503,-32.777136153837226,30.161023663166986,DUK
2021-11-07,288.51423109504776,-16.753084139449577,-32.36785661643246,17.46570966083428,DUK
2021-11-08,288.5185144524227,5.465001465354249,-31.920064142544664,8.979548224767655,DUK
2021-11-09,288.52279780979774,7.52008978930512,-31.434593520656644,0.8247059215538002,DUK
2021-11-10,288.5270811671727,9.082478056601847,-30.91232410413816,-10.707235119636323,DUK
2021-11-11,288.53136452454766,7.142289100241483,-30.35417868027995,-6.533474944509237,DUK
2021-11-12,288.5356478819226,1.1660351289771596,-29.761122287955725,-15.630560722944097,DUK
2021-11-13,288.53993123929763,-13.646835247002503,-29.13416098533866,0.8510649930436216,DUK
2021-11-14,288.5442145966726,-16.753084139449577,-28.474340569157036,26.087210111934013,DUK
2021-11-15,288.54849795404755,5.465001465354249,-27.782745247032224,17.533245827630424,DUK
2021-11-16,288.5527813114225,7.52008978930512,-27.06049626449623,16.760625163768623,DUK
2021-11-17,288.5570646687975,9.082478056601847,-26.308750488340756,-9.129792237058552,DUK
2021-11-18,288.5613480261725,7.142289100241483,-25.528698948001345,-12.420938178412598,DUK
2021-11-19,288.56563138354744,1.1660351289771596,-24.721565336728506,10.535898824203855,DUK
2021-11-20,288.5699147409224,-13.646835247002503,-23.888604474347325,42.01052498042739,DUK
2021-11-21,288.5741980982974,-16.753084139449577,-23.031100733450373,28.62798677460262,DUK
2021-11-22,288.5784814556724,5.465001465354249,-22.150366430913206,-1.4091164901134334,DUK
2021-11-23,288.58276481304733,7.52008978930512,-21.247740186662742,42.47088558431028,DUK
2021-11-24,288.5870481704223,9.082478056601847,-20.324585251666363,48.37605902464219,DUK
2021-11-25,288.5913315277973,7.142289100241483,-19.382287807146927,-5.139332820891866,DUK
2021-11-26,288.59561488517227,1.1660351289771596,-18.422255237063304,-21.978394777086123,DUK
2021-11-27,288.5998982425472,-13.646835247002503,-17.445914375924676,24.147851380379905,DUK
2021-11-28,288.6041815999222,-16.753084139449577,-16.45470973404125,12.5706122735686,DUK
2021-11-29,288.6084649572972,5.465001465354249,-15.450101702333967,31.02263527968256,DUK
2021-11-30,288.61274831467216,7.52008978930512,-14.433564738855523,38.00472663487824,DUK
2021-12-01,288.6170316720471,9.082478056601847,-13.406585539193852,11.142075810544895,DUK
2021-12-02,288.6213150294221,7.142289100241483,-12.370661192947413,-13.304942936716202,DUK
2021-12-03,288.6255983867971,1.1660351289771596,-11.327297328481016,-22.52933618729321,DUK
2021-12-04,288.62988174417205,-13.646835247002503,-10.278006248180214,-24.180040248989343,DUK
2021-12-05,288.634165101547,-16.753084139449577,-9.224305056438437,-21.79477590565901,DUK
2021-12-06,288.63844845892197,5.465001465354249,-8.167713782614477,-27.40873614166179,DUK
2021-12-07,288.642731816297,7.52008978930512,-7.1097535012080275,-2.499068104394155,DUK
2021-12-08,288.64701517367195,9.082478056601847,-6.051944451500214,7.552451221226477,DUK
2021-12-09,288.6512985310469,7.142289100241483,-4.995804158910181,38.469216527621825,DUK
2021-12-10,288.65558188842186,1.1660351289771596,-3.9428455603134793,3.6542285429144385,DUK
2021-12-11,288.6598652457969,-13.646835247002503,-2.894575135564226,-26.214454863230173,DUK
2021-12-12,288.66414860317184,-16.753084139449577,-1.8524910474570806,-6.440573416265181,DUK
2021-12-13,288.6684319605468,5.465001465354249,-0.818081292351204,28.934647866450177,DUK
2021-12-14,288.67271531792176,7.52008978930512,0.20717813633041615,18.474016756442722,DUK
2021-12-15,288.6769986752968,9.082478056601847,1.2218250695320592,9.103698198569305,DUK
2021-12-16,288.68128203267173,7.142289100241483,2.224412966747318,-12.230984099660532,DUK
2021-12-17,288.6855653900467,1.1660351289771596,3.2135127007965814,-39.20711321982043,DUK
2021-12-18,288.68984874742165,-13.646835247002503,4.187714321064089,-37.81372782148324,DUK
2021-12-19,288.69413210479667,-16.753084139449577,5.1456287930888465,-31.81767675843588,DUK
2021-12-20,288.6984154621716,5.465001465354249,6.0858897124268445,26.662693360047285,DUK
2021-12-21,288.7026988195466,7.52008978930512,7.007154990737501,34.00605640041073,DUK
2021-12-22,288.70698217692154,9.082478056601847,7.908108512077555,-7.594568745600952,DUK
2021-12-23,288.71126553429656,7.142289100241483,8.78746175742125,-0.6630163919592746,DUK
2021-12-24,288.7155488916715,1.1660351289771596,9.643955395466513,-31.921539416115138,DUK
2021-12-25,288.7198322490465,-13.646835247002503,10.476360837821453,-67.90235783986537,DUK
2021-12-26,288.72411560642144,-16.753084139449577,11.283481756715197,-73.90551322368708,DUK
2021-12-27,288.72839896379645,5.465001465354249,12.064155563414488,-70.00055599256518,DUK
2021-12-28,288.7326823211714,7.52008978930512,12.817254845580296,-70.70702695605684,DUK
2021-12-29,288.73696567854637,9.082478056601847,13.541688761843345,-74.58013249699155,DUK
2021-12-30,288.7412490359213,7.142289100241483,14.23640439193107,-75.69894252809394,DUK
2021-12-31,288.74553239329634,1.1660351289771596,14.900388040730686,-81.10795556300417,DUK
2022-01-01,288.7498157506713,-13.646835247002503,15.685672075746545,-70.7786525794154,DUK
2022-01-02,288.75409910804626,-16.753084139449577,16.27701407605059,-68.68202904464727,DUK
2022-01-03,288.7583824654212,5.465001465354249,16.834615333491975,-33.58199926426744,DUK
2022-01-04,288.76266582279624,7.52008978930512,17.357642273531567,26.903602114367118,DUK
2022-01-05,288.7669491801712,9.082478056601847,17.845306577940722,-15.101733814713725,DUK
2022-01-06,288.77123253754615,7.142289100241483,18.29686616792783,-17.257387805715553,DUK
2022-01-07,288.7755158949211,1.1660351289771596,18.711626131239356,21.288822844862352,DUK
2022-01-08,288.77979925229613,-13.646835247002503,19.0889395921236,43.2530964025828,DUK
2022-01-09,288.7840826096711,-16.753084139449577,19.428208523113454,-10.833206993335011,DUK
2022-01-10,288.78836596704605,5.465001465354249,19.72888449765378,-10.266251930054068,DUK
2022-01-11,288.792649324421,7.52008978930512,19.9904693826692,28.32579150360465,DUK
2022-01-12,288.796932681796,9.082478056601847,20.212515970239863,30.86207329136232,DUK
2022-01-13,288.801216039171,7.142289100241483,20.39462854762505,18.489866312962477,DUK
2022-01-14,288.80549939654594,1.1660351289771596,20.536463404947884,-4.653997930471007,DUK
2022-01-15,288.8097827539209,-13.646835247002503,20.637729279928642,26.576323213152932,DUK
2022-01-16,288.8140661112959,-16.753084139449577,20.698187739129068,70.35383028902459,DUK
2022-01-17,288.8183494686709,5.465001465354249,20.717653495245635,29.08799557072922,DUK
2022-01-18,288.82263282604583,7.52008978930512,20.69599466006587,34.721282724583205,DUK
2022-01-19,288.8269161834208,9.082478056601847,20.63313293277833,15.480472827199037,DUK
2022-01-20,288.8311995407958,7.142289100241483,20.52904372340391,10.056467635558818,DUK
2022-01-21,288.83548289817077,1.1660351289771596,20.383756211193145,72.0747257616589,DUK
2022-01-22,288.8397662555457,-13.646835247002503,20.1973533379119,73.97471565354488,DUK
2022-01-23,288.8440496129207,-16.753084139449577,19.96997173601501,58.33306279051385,DUK
2022-01-24,288.8483329702957,5.465001465354249,19.70180159178521,17.42286397256487,DUK
2022-01-25,288.85261632767066,7.52008978930512,19.3930864435918,-8.85179256056756,DUK
2022-01-26,288.8568996850456,9.082478056601847,19.044122915501198,8.408499342851314,DUK
2022-01-27,288.8611830424206,7.142289100241483,18.655260386547923,49.39626747078995,DUK
2022-01-28,288.8654663997956,1.1660351289771596,18.226900596051603,39.1435978751756,DUK
2022-01-29,288.86974975717055,-13.646835247002503,17.759497185441457,65.2805883043905,DUK
2022-01-30,288.8740331145455,-16.753084139449577,17.25355517712557,72.27749584777848,DUK
2022-01-31,288.87831647192047,5.465001465354249,16.70963039101688,31.595051671708404,DUK
2022-02-01,288.8825998292955,7.52008978930512,16.12832879940245,21.22898158199689,DUK
2022-02-02,288.88688318667045,9.082478056601847,15.51030582091567,21.899332935812083,DUK
2022-02-03,288.8911665440454,7.142289100241483,14.856265554443784,-11.81972119873069,DUK
2022-02-04,288.89544990142036,1.1660351289771596,14.166959953874597,-41.32144498427215,DUK
2022-02-05,288.8997332587954,-13.646835247002503,13.443187944656751,14.547914043550463,DUK
2022-02-06,288.90401661617034,-16.753084139449577,12.685794483217224,47.31327304006203,DUK
2022-02-07,288.9082999735453,5.465001465354249,11.895669560347734,44.604029000752746,DUK
2022-02-08,288.91258333092026,7.52008978930512,11.073747149738809,18.046579730035774,DUK
2022-02-09,288.9168666882953,9.082478056601847,10.22100410290525,15.482651152197604,DUK
2022-02-10,288.92115004567023,7.142289100241483,9.338458991810842,-6.5808981377224995,DUK
2022-02-11,288.9254334030452,1.1660351289771596,8.427170900562661,-15.393639432585076,DUK
2022-02-12,288.92971676042015,-13.646835247002503,7.488238167605784,-34.12711968102349,DUK
2022-02-13,288.93400011779516,-16.753084139449577,6.5227970799083295,-1.8477130582539303,DUK
2022-02-14,288.9382834751701,5.465001465354249,5.532020520684268,32.6176945387914,DUK
2022-02-15,288.9425668325451,7.52008978930512,4.517116572256603,29.107226805893163,DUK
2022-02-16,288.94685018992004,9.082478056601847,3.4793270757171193,7.669344677760989,DUK
2022-02-17,288.95113354729506,7.142289100241483,2.4199261490907773,-32.17134879662734,DUK
2022-02-18,288.95541690467,1.1660351289771596,1.340218665761892,-37.95767069940908,DUK
2022-02-19,288.959700262045,-13.646835247002503,0.241538694967236,13.827596289990254,DUK
2022-02-20,288.96398361941993,-16.753084139449577,-0.8747520937937523,19.94585261382332,DUK
2022-02-21,288.96826697679495,5.465001465354249,-2.007266060538303,0.3009976183890899,DUK
2022-02-22,288.9725503341699,7.52008978930512,-3.1545912568347205,-34.5830488666403,DUK
2022-02-23,288.97683369154487,9.082478056601847,-4.315293118119024,-41.92801863002771,DUK
2022-02-24,288.9811170489198,7.142289100241483,-5.487916184284504,-26.754489964876825,DUK
2022-02-25,288.98540040629484,1.1660351289771596,-6.67098584650099,-19.888449688771004,DUK
2022-02-26,288.9896837636698,-13.646835247002503,-7.863010118189354,-5.183838398477917,DUK
2022-02-27,288.99396712104476,-16.753084139449577,-9.062481428047391,10.685598446452104,DUK
2022-02-28,288.9982504784197,5.465001465354249,-10.267878432996897,10.228626489222904,DUK
2022-03-01,289.00253383579474,7.52008978930512,-11.47766784889784,-2.9389557762020218,DUK
2022-03-02,289.0068171931697,9.082478056601847,-12.690306296853747,-17.27598895291777,DUK
2022-03-03,289.01110055054465,7.142289100241483,-13.904242162913851,-25.78114748787226,DUK
2022-03-04,289.0153839079196,1.1660351289771596,-15.11791746896114,-28.287501567935692,DUK
2022-03-05,289.01966726529463,-13.646835247002503,-16.32976975256166,-22.218062265730453,DUK
2022-03-06,289.0239506226696,-16.753084139449577,-17.538233953539592,-29.42363252968039,DUK
2022-03-07,289.02823398004455,5.465001465354249,-18.74174430503433,-23.980491140364535,DUK
2022-03-08,289.0325173374195,7.52008978930512,-19.938736226789395,-29.450870899935296,DUK
2022-03-09,289.0368006947945,9.082478056601847,-21.127648218421257,-15.245630532975099,DUK
2022-03-10,289.0410840521695,7.142289100241483,-22.30692375041409,6.627550598003154,DUK
2022-03-11,289.04536740954444,1.1660351289771596,-23.47501315059035,4.29161061206878,DUK
2022-03-12,289.0496507669194,-13.646835247002503,-24.63037548381099,39.86255996389406,DUK
2022-03-13,289.0539341242944,-16.753084139449577,-25.77148042266691,60.53663043782208,DUK
2022-03-14,289.0582174816694,5.465001465354249,-26.89681010693427,23.74359115991058,DUK
2022-03-15,289.06250083904433,7.52008978930512,-28.004860989577736,3.561270361228253,DUK
2022-03-16,289.0667841964193,9.082478056601847,-29.094145667102904,-4.8481165859182624,DUK
2022-03-17,289.0710675537943,7.142289100241483,-30.163194692076104,-12.943161961959703,DUK
2022-03-18,289.07535091116927,1.1660351289771596,-31.210558365650925,-14.693827674495537,DUK
2022-03-19,289.0796342685442,-13.646835247002503,-32.23480850796424,-15.914990513577521,DUK
2022-03-20,289.0839176259192,-16.753084139449577,-33.23454020429011,-14.872293282179527,DUK
2022-03-21,289.0882009832942,5.465001465354249,-34.20837352486835,-4.133828923780129,DUK
2022-03-22,289.09248434066916,7.52008978930512,-35.15495521635535,-11.204618913618901,DUK
2022-03-23,289.0967676980441,9.082478056601847,-36.07296036287786,-10.709285391768105,DUK
2022-03-24,289.1010510554191,7.142289100241483,-36.961094014706525,-13.08124614095405,DUK
2022-03-25,289.1053344127941,1.1660351289771596,-37.81809278260302,-4.422276759168227,DUK
2022-03-26,289.10961777016905,-13.646835247002503,-38.642726395936144,5.747943872769611,DUK
2022-03-27,289.113901127544,-16.753084139449577,-39.43379922270368,17.632982234609273,DUK
2022-03-28,289.11818448491897,5.465001465354249,-40.19015174964222,23.01296579936897,DUK
2022-03-29,289.122467842294,7.52008978930512,-40.91066202065389,21.230104389054787,DUK
2022-03-30,289.12675119966894,9.082478056601847,-41.594247031827955,12.40201777555717,DUK
2022-03-31,289.1310345570439,7.142289100241483,-42.23986408138626,-2.127459575899138,DUK
2022-04-01,289.1353179144189,1.1660351289771596,-42.84651207293473,-8.201840970461376,DUK
2022-04-02,289.1396012717939,-13.646835247002503,-43.41323277045776,3.534466745666407,DUK
2022-04-03,289.14388462916884,-16.753084139449577,-43.93911200354958,-0.4206884861696949,DUK
2022-04-04,289.1481679865438,5.465001465354249,-44.423280821434886,2.3621113695368763,DUK
2022-04-05,289.15245134391876,7.52008978930512,-44.864916594391744,3.1043754611678764,DUK
2022-04-06,289.1567347012938,9.082478056601847,-45.26324406125133,6.096031303355716,DUK
2022-04-07,289.16101805866873,7.142289100241483,-45.61753632171313,0.9212291628028595,DUK
2022-04-08,289.1653014160437,1.1660351289771596,-45.92711577227871,4.090779227257826,DUK
2022-04-09,289.1695847734187,-13.646835247002503,-46.191354984674234,28.30560545825807,DUK
2022-04-10,289.17386813079366,-16.753084139449577,-46.40967752569908,25.087893534354976,DUK
2022-04-11,289.1781514881686,5.465001465354249,-46.58155871750776,6.562405763984913,DUK
2022-04-12,289.1824348455436,7.52008978930512,-46.7065263374019,2.9550017025531474,DUK
2022-04-13,289.18671820291854,9.082478056601847,-46.784161256280704,7.874964996760298,DUK
2022-04-14,289.19100156029356,7.142289100241483,-46.81409801497101,8.884807354435907,DUK
2022-04-15,289.1952849176685,1.1660351289771596,-46.7960253377306,-17.161294708915108,DUK
2022-04-16,289.1995682750435,-13.646835247002503,-46.729686582293496,-9.279046445747468,DUK
2022-04-17,289.2038516324185,-16.753084139449577,-46.6148801259001,-5.750887367068771,DUK
2022-04-18,289.20813498979345,5.465001465354249,-46.45145968683108,-2.1616767683166245,DUK
2022-04-19,289.2124183471684,7.52008978930512,-46.23933458103986,10.199826444566298,DUK
2022-04-20,289.21670170454337,9.082478056601847,-45.97846991355533,9.089290152410172,DUK
2022-04-21,289.2209850619184,7.142289100241483,-45.66888670440326,-1.3613874577566207,DUK
2022-04-22,289.22526841929334,1.1660351289771596,-45.31066194887241,12.748358400601916,DUK
2022-04-23,289.2295517766683,-13.646835247002503,-44.9039286120288,15.863212082362992,DUK
2022-04-24,289.23383513404326,-16.753084139449577,-44.448875557459274,18.344124562865545,DUK
2022-04-25,289.2381184914183,5.465001465354249,-43.94574741030317,25.72262745353072,DUK
2022-04-26,289.24240184879324,7.52008978930512,-43.39484435470878,16.87535271661045,DUK
2022-04-27,289.2466852061682,9.082478056601847,-42.79652186592821,-11.080641396841827,DUK
2022-04-28,289.25096856354315,7.142289100241483,-42.1511903773424,-7.6050672864422495,DUK
2022-04-29,289.25525192091817,1.1660351289771596,-41.459314882783836,-5.606972167111479,DUK
2022-04-30,289.25953527829313,-13.646835247002503,-40.72141447460207,1.1017144433114652,DUK
2022-05-01,289.2638186356681,-16.753084139449577,-39.93806181799238,7.20632732177387,DUK
2022-05-02,289.26810199304305,5.465001465354249,-39.10988256218348,30.10677910378621,DUK
2022-05-03,289.27238535041806,7.52008978930512,-38.237554689154884,41.11807954943174,DUK
2022-05-04,289.276668707793,9.082478056601847,-37.32180780062845,46.584661036233626,DUK
2022-05-05,289.280952065168,7.142289100241483,-36.36342234415139,27.860181178741925,DUK
2022-05-06,289.28523542254294,1.1660351289771596,-35.36322877916047,16.597958227640333,DUK
2022-05-07,289.28951877991796,-13.646835247002503,-34.322106683987315,-11.035576848928088,DUK
2022-05-08,289.2938021372929,-16.753084139449577,-33.240983804836,-23.18473419300733,DUK
2022-05-09,289.2980854946679,5.465001465354249,-32.120835047830944,-18.092251912191102,DUK
2022-05-10,289.30236885204283,7.52008978930512,-30.96268141530218,-13.615777226045822,DUK
2022-05-11,289.30665220941785,9.082478056601847,-29.76758888753986,-10.534541378479844,DUK
2022-05-12,289.3109355667928,7.142289100241483,-28.536667251315187,-6.026557415719083,DUK
2022-05-13,289.31521892416777,1.1660351289771596,-27.271068876527213,0.1508148233822908,DUK
2022-05-14,289.3195022815427,-13.646835247002503,-25.97198744239701,4.281320407856754,DUK
2022-05-15,289.32378563891774,-16.753084139449577,-24.640656614690236,13.45295511522204,DUK
2022-05-16,289.3280689962927,5.465001465354249,-23.27834867550696,26.03327821386,DUK
2022-05-17,289.33235235366766,7.52008978930512,-21.88637310723393,5.108930964261106,DUK
2022-05-18,289.3366357110426,9.082478056601847,-20.466075132308596,14.738961364664135,DUK
2022-05-19,289.34091906841763,7.142289100241483,-19.01883421049675,54.01862604183765,DUK
2022-05-20,289.3452024257926,1.1660351289771596,-17.546062495436033,73.19082494066629,DUK
2022-05-21,289.34948578316755,-13.646835247002503,-16.049203252245427,53.80755271608035,DUK
2022-05-22,289.3537691405425,-16.753084139449577,-14.52972923804764,42.592044236954735,DUK
2022-05-23,289.3580524979175,5.465001465354249,-12.989141047294446,2.5070870840227144,DUK
2022-05-24,289.3623358552925,7.52008978930512,-11.428965423827481,-9.630460220770203,DUK
2022-05-25,289.36661921266744,9.082478056601847,-9.850753541646451,-31.008343727622844,DUK
2022-05-26,289.3709025700424,7.142289100241483,-8.25607925639314,-15.462112413890736,DUK
2022-05-27,289.3751859274174,1.1660351289771596,-6.646537329595343,2.570316273200774,DUK
2022-05-28,289.3794692847924,-13.646835247002503,-5.023741627746251,-10.733892410043495,DUK
2022-05-29,289.38375264216734,-16.753084139449577,-3.389323298325394,2.496654795607583,DUK
2022-05-30,289.3880359995423,5.465001465354249,-1.744928924894726,10.509891459998187,DUK
2022-05-31,289.3923193569173,7.52008978930512,-0.09221866342760165,42.219809517205135,DUK
2022-06-01,289.39660271429227,9.082478056601847,1.5671356379482901,51.93878359115763,DUK
2022-06-02,289.40088607166723,7.142289100241483,3.2314523335943193,56.11937249449693,DUK
2022-06-03,289.4051694290422,1.1660351289771596,4.8990418871720465,4.49575355480863,DUK
2022-06-04,289.4094527864172,-13.646835247002503,6.5682087883912,-11.456826327805857,DUK
2022-06-05,289.41373614379216,-16.753084139449577,8.237253477449343,-19.472905481791884,DUK
2022-06-06,289.4180195011671,5.465001465354249,9.904474274910363,-11.16349524143169,DUK
2022-06-07,289.4223028585421,7.52008978930512,11.568169314762095,2.248438037390713,DUK
2022-06-08,289.4265862159171,9.082478056601847,13.226638478388224,24.92629724909284,DUK
2022-06-09,289.43086957329206,7.142289100241483,14.878185327190362,33.27465599927609,DUK
2022-06-10,289.435152930667,1.1660351289771596,16.52111903159545,-11.783307091239692,DUK
2022-06-11,289.439436288042,-13.646835247002503,18.153756294189346,-0.510357335228889,DUK
2022-06-12,289.443719645417,-16.753084139449577,19.774423264723055,36.488941229309546,DUK
2022-06-13,289.44800300279195,5.465001465354249,21.38145744474858,74.26653808710518,DUK
2022-06-14,289.4522863601669,7.52008978930512,22.973209579651904,49.48241427087606,DUK
2022-06-15,289.45656971754187,9.082478056601847,24.548045535866876,79.3179066899894,DUK
2022-06-16,289.4608530749169,7.142289100241483,26.104348161069517,52.849509663772096,DUK
2022-06-17,289.46513643229184,1.1660351289771596,27.640519125174247,36.65830931355674,DUK
2022-06-18,289.4694197896668,-13.646835247002503,29.154980739972906,1.0944347173627875,DUK
2022-06-19,289.47370314704176,-16.753084139449577,30.646177755285855,-43.80779676287807,DUK
2022-06-20,289.4779865044168,5.465001465354249,32.1125791295193,-40.726567099290264,DUK
2022-06-21,289.48226986179174,7.52008978930512,33.552679772554455,-5.2230394236513575,DUK
2022-06-22,289.4865532191667,9.082478056601847,34.96500225892602,28.16296646530543,DUK
2022-06-23,289.49083657654165,7.142289100241483,36.348098509282835,34.895775813933994,DUK
2022-06-24,289.49511993391667,1.1660351289771596,37.700551438159735,16.340293498946494,DUK
2022-06-25,289.4994032912916,-13.646835247002503,39.02097656613078,8.8374553895801,DUK
2022-06-26,289.5036866486666,-16.753084139449577,40.30802359445418,2.9743738963288706,DUK
2022-06-27,289.50797000604155,5.465001465354249,41.56037794036489,6.348650588239309,DUK
2022-06-28,289.51225336341656,7.52008978930512,42.77676223121576,-25.80010538393742,DUK
2022-06-29,289.5165367207915,9.082478056601847,43.95593775571756,-9.467952533110918,DUK
2022-06-30,289.5208200781665,7.142289100241483,45.096705870577615,8.386184951014457,DUK
2022-07-01,289.52510343554144,1.1660351289771596,46.1979093608904,-0.517047925409031,DUK
2022-07-02,289.52938679291645,-13.646835247002503,47.25843375268664,2.6840147013994056,DUK
2022-07-03,289.5336701502914,-16.753084139449577,48.27720857610495,4.611205413053199,DUK
2022-07-04,289.5379535076664,5.465001465354249,49.253208577706744,-16.12816355072738,DUK
2022-07-05,289.54223686504133,7.52008978930512,50.18545488051645,11.079218465137046,DUK
2022-07-06,289.54652022241635,9.082478056601847,51.07301609042921,13.187985630552589,DUK
2022-07-07,289.5508035797913,7.142289100241483,51.91500934769249,19.689897972274707,DUK
2022-07-08,289.55508693716627,1.1660351289771596,52.71060132223194,15.223276611624613,DUK
2022-07-09,289.5593702945412,-13.646835247002503,53.45900915165795,3.640455800803352,DUK
2022-07-10,289.56365365191624,-16.753084139449577,54.159501320857416,-55.41707083332403,DUK
2022-07-11,289.5679370092912,5.465001465354249,54.8113984821432,-46.447336956788604,DUK
2022-07-12,289.57222036666616,7.52008978930512,55.41407421500417,-1.0903843709755279,DUK
2022-07-13,289.5765037240411,9.082478056601847,55.96695572456985,-3.9639375052128685,DUK
2022-07-14,289.58078708141613,7.142289100241483,56.46952447797557,-11.251600659633198,DUK
2022-07-15,289.5850704387911,1.1660351289771596,56.9213167778872,-0.07342234565550143,DUK
2022-07-16,289.58935379616605,-13.646835247002503,57.321924272518736,-7.231442821682265,DUK
2022-07-17,289.593637153541,-16.753084139449577,57.670994401550296,2.9644525843582983,DUK
2022-07-18,289.597920510916,5.465001465354249,57.96823077743016,18.234847246299637,DUK
2022-07-19,289.602203868291,7.52008978930512,58.21339350161985,10.18231284078405,DUK
2022-07-20,289.60648722566594,9.082478056601847,58.406299415418474,8.336735302313741,DUK
2022-07-21,289.6107705830409,7.142289100241483,58.54682228507903,16.838118031638544,DUK
2022-07-22,289.6150539404159,1.1660351289771596,58.63489292100712,24.691018009599816,DUK
2022-07-23,289.6193372977909,-13.646835247002503,58.67049923090977,34.56799871830191,DUK
2022-07-24,289.62362065516584,-16.753084139449577,58.65368620684008,26.711777277443616,DUK
2022-07-25,289.6279040125408,5.465001465354249,58.58455584616114,8.097538675943781,DUK
2022-07-26,289.6321873699158,7.52008978930512,58.46326700653016,3.829455834248847,DUK
2022-07-27,289.63647072729077,9.082478056601847,58.29003519508193,25.376016021025464,DUK
2022-07-28,289.64075408466573,7.142289100241483,58.065132292067645,38.54582452302509,DUK
2022-07-29,289.6450374420407,1.1660351289771596,57.788886209282644,31.21104121969944,DUK
2022-07-30,289.6493207994157,-13.646835247002503,57.4616804836931,13.653833963893703,DUK
2022-07-31,289.65360415679066,-16.753084139449577,57.08395380674805,8.996526175910844,DUK
2022-08-01,289.6578875141656,5.465001465354249,56.6561994899389,1.4729115305412392,DUK
2022-08-02,289.6621708715406,7.52008978930512,56.17896486724335,16.150774471910893,DUK
2022-08-03,289.6664542289156,9.082478056601847,55.65285063516508,22.400217079317486,DUK
2022-08-04,289.67073758629056,7.142289100241483,55.07851013115392,19.241463182313964,DUK
2022-08-05,289.6750209436655,1.1660351289771596,54.456648551263704,21.011295376093642,DUK
2022-08-06,289.6793043010405,-13.646835247002503,53.788022107976445,-1.8144911620144626,DUK
2022-08-07,289.6835876584155,-16.753084139449577,53.07343712919169,2.1970593518424266,DUK
2022-08-08,289.68787101579045,5.465001465354249,52.31374909944961,23.854378419405748,DUK
2022-08-09,289.6921543731654,7.52008978930512,51.50986164452343,26.012894193006048,DUK
2022-08-10,289.69643773054037,9.082478056601847,50.662725460584255,13.532358752273524,DUK
2022-08-11,289.7007210879154,7.142289100241483,49.77333718920593,-2.1233473773628475,DUK
2022-08-12,289.70500444529034,1.1660351289771596,48.84273823954141,-7.233777813808842,DUK
2022-08-13,289.7092878026653,-13.646835247002503,47.872013559064236,-30.40946611472708,DUK
2022-08-14,289.71357116004026,-16.753084139449577,46.86229035432876,-29.734777374919418,DUK
2022-08-15,289.7178545174153,5.465001465354249,45.814736763262246,-18.536592746031715,DUK
2022-08-16,289.72213787479023,7.52008978930512,44.730560480557905,-49.30878814465325,DUK
2022-08-17,289.7264212321652,9.082478056601847,43.61100733779388,-38.80790662656091,DUK
2022-08-18,289.73070458954015,7.142289100241483,42.457359839955345,-19.69335352973701,DUK
2022-08-19,289.73498794691517,1.1660351289771596,41.27093566008949,-32.16295873598176,DUK
2022-08-20,289.7392713042901,-13.646835247002503,40.053086093870114,-10.782522151157707,DUK
2022-08-21,289.7435546616651,-16.753084139449577,38.80519447589796,-13.301664998113438,DUK
2022-08-22,289.74783801904005,5.465001465354249,37.52867455960596,0.9284859559997471,DUK
2022-08-23,289.75212137641506,7.52008978930512,36.22496886268201,-2.98218002840224,DUK
2022-08-24,289.75640473379,9.082478056601847,34.895546979961615,2.675570229646553,DUK
2022-08-25,289.760688091165,7.142289100241483,33.54190386578229,-5.486881057188782,DUK
2022-08-26,289.76497144853994,1.1660351289771596,32.165558087825055,9.211435334657835,DUK
2022-08-27,289.76925480591495,-13.646835247002503,30.768050054503306,21.781530386584336,DUK
2022-08-28,289.7735381632899,-16.753084139449577,29.35094021799052,25.368605758169167,DUK
2022-08-29,289.7778215206649,5.465001465354249,27.915807255004466,33.01736975897643,DUK
2022-08-30,289.78210487803983,7.52008978930512,26.464246227494044,26.822559105160963,DUK
2022-08-31,289.78638823541485,9.082478056601847,24.99786672539673,17.379266982586614,DUK
2022-09-01,289.7906715927898,7.142289100241483,23.518290993655253,7.688748313313454,DUK
2022-09-02,289.79495495016477,1.1660351289771596,22.02715204570223,16.903857875155836,DUK
2022-09-03,289.7992383075397,-13.646835247002503,20.526091765633545,16.569505173829214,DUK
2022-09-04,289.80352166491474,-16.753084139449577,19.016759001308674,7.024803473226143,DUK
2022-09-05,289.8078050222897,5.465001465354249,17.5008076506223,-22.85561413826622,DUK
2022-09-06,289.81208837966466,7.52008978930512,15.979894743201703,25.743927087828467,DUK
2022-09-07,289.8163717370396,9.082478056601847,14.455678519789648,21.253471686568844,DUK
2022-09-08,289.82065509441463,7.142289100241483,12.929816511572334,2.158239293771487,DUK
2022-09-09,289.8249384517896,1.1660351289771596,11.40396362171457,-7.29993720248126,DUK
2022-09-10,289.82922180916455,-13.646835247002503,9.879770211359038,-25.604156773521026,DUK
2022-09-11,289.8335051665395,-16.753084139449577,8.358880192343008,11.187698780567018,DUK
2022-09-12,289.8377885239145,5.465001465354249,6.8429291288749,25.20228088185638,DUK
2022-09-13,289.8420718812895,7.52008978930512,5.333542350404031,-9.599704020998615,DUK
2022-09-14,289.84635523866444,9.082478056601847,3.8323330779035985,-21.36916637316989,DUK
2022-09-15,289.8506385960394,7.142289100241483,2.3409005657682194,-15.751828262049116,DUK
2022-09-16,289.8549219534144,1.1660351289771596,0.860828261510882,-6.956785343902482,DUK
2022-09-17,289.8592053107894,-13.646835247002503,-0.6063180145773863,-7.0410520492094975,DUK
2022-09-18,289.86348866816434,-16.753084139449577,-2.058991867668418,-3.8714126610463495,DUK
2022-09-19,289.8677720255393,5.465001465354249,-3.4956681024241085,12.380894611530493,DUK
2022-09-20,289.8720553829143,7.52008978930512,-4.91484447072866,30.688699298509277,DUK
2022-09-21,289.87633874028927,9.082478056601847,-6.315043391073278,29.526226594182162,DUK
2022-09-22,289.88062209766423,7.142289100241483,-7.694813637575912,30.478902439670208,DUK
2022-09-23,289.8849054550392,1.1660351289771596,-9.052731996655059,-32.24920858736127,DUK
2022-09-24,289.8891888124142,-13.646835247002503,-10.387404889413741,-36.3149486759979,DUK
2022-09-25,289.89347216978916,-16.753084139449577,-11.697469957833263,-26.282918072506305,DUK
2022-09-26,289.8977555271641,5.465001465354249,-12.981597612917355,-14.520159379601012,DUK
2022-09-27,289.9020388845391,7.52008978930512,-14.23849254297269,-31.16563613087149,DUK
2022-09-28,289.9063222419141,9.082478056601847,-15.466895180261755,-41.44490511825421,DUK
2022-09-29,289.91060559928906,7.142289100241483,-16.66558312430974,-37.07531157522084,DUK
2022-09-30,289.914888956664,1.1660351289771596,-17.83337252020256,-32.53055156543857,DUK
2022-10-01,289.919172314039,-13.646835247002503,-18.96911939026394,-37.063217676772524,DUK
2022-10-02,289.923455671414,-16.753084139449577,-20.07172091755632,-31.677650614408066,DUK
2022-10-03,289.92773902878895,5.465001465354249,-21.140116679707567,-31.506623814435642,DUK
2022-10-04,289.9320223861639,7.52008978930512,-22.17328983162345,-28.281822343845533,DUK
2022-10-05,289.93630574353887,9.082478056601847,-23.170268235708605,-26.250515564432135,DUK
2022-10-06,289.9405891009139,7.142289100241483,-24.13012553827935,-18.350752662875976,DUK
2022-10-07,289.94487245828884,1.1660351289771596,-25.051982190915886,-14.3079253963501,DUK
2022-10-08,289.9491558156638,-13.646835247002503,-25.935006415568473,-24.170314153092846,DUK
2022-10-09,289.95343917303876,-16.753084139449577,-26.778415112296216,-23.16893992129306,DUK
2022-10-10,289.9577225304138,5.465001465354249,-27.581474708588186,-19.578249287179773,DUK
2022-10-11,289.96200588778873,7.52008978930512,-28.34350194928371,-17.387593727810184,DUK
2022-10-12,289.9662892451637,9.082478056601847,-29.06386462618033,-17.38990267558526,DUK
2022-10-13,289.97057260253865,7.142289100241483,-29.74198224648954,-5.354879456290632,DUK
2022-10-14,289.97485595991367,1.1660351289771596,-30.377326639372022,-18.46156444951876,DUK
2022-10-15,289.9791393172886,-13.646835247002503,-30.969422499859498,-15.046881570426592,DUK
2022-10-16,289.9834226746636,-16.753084139449577,-31.517847869542056,-11.697490665672007,DUK
2022-10-17,289.98770603203855,5.465001465354249,-32.022234553477475,-9.300472943915338,DUK
2022-10-18,289.99198938941356,7.52008978930512,-32.48226847285289,-7.555810705865781,DUK
2022-10-19,289.9962727467885,9.082478056601847,-32.897689953005894,18.057939149615493,DUK
2022-10-20,290.0005561041635,7.142289100241483,-33.268293946489486,16.42844874208447,DUK
2022-10-21,290.00483946153844,1.1660351289771596,-33.59393019094131,12.269055600425702,DUK
2022-10-22,290.00912281891345,-13.646835247002503,-33.874503301595475,3.8132157296845435,DUK
2022-10-23,290.0134061762884,-16.753084139449577,-34.10997279835325,-4.053349238485595,DUK
2022-10-24,290.0176895336634,5.465001465354249,-34.300353067405084,-5.6333379316125445,DUK
2022-10-25,290.02197289103833,7.52008978930512,-34.4457132574758,-8.153349422867649,DUK
2022-10-26,290.02625624841335,9.082478056601847,-34.54617711084077,-13.540557194174426,DUK
2022-10-27,290.0305396057883,7.142289100241483,-34.60192272933928,-10.892905976690486,DUK
2022-10-28,290.03482296316326,1.1660351289771596,-34.61318227568773,-7.42267581645271,DUK
2022-10-29,290.0391063205382,-13.646835247002503,-34.58024161047223,-10.859029463063479,DUK
2022-10-30,290.04338967791324,-16.753084139449577,-34.50343986527635,-11.891865673187283,DUK
2022-10-31,290.0476730352882,5.465001465354249,-34.38316895247549,-10.218505548166945,DUK
2022-11-01,290.05195639266316,7.52008978930512,-34.219873012304326,-10.062173169664021,DUK
2022-11-02,290.0562397500381,9.082478056601847,-34.01404779787805,-14.641670008761935,DUK
2022-11-03,290.06052310741313,7.142289100241483,-33.76623999892194,-12.271572208732636,DUK
2022-11-04,290.0648064647881,1.1660351289771596,-33.4770465050358,-8.69679508872943,DUK
2022-11-05,290.06908982216305,-13.646835247002503,-33.147113609392186,-4.3941409657684005,DUK
2022-11-06,290.073373179538,-16.753084139449577,-32.777136153837226,13.560847113748821,DUK
2022-11-07,290.077656536913,5.465001465354249,-32.36785661643246,9.060198614165245,DUK
2022-11-08,290.081939894288,7.52008978930512,-31.920064142544664,-16.51296554104843,DUK
2022-11-09,290.08622325166294,9.082478056601847,-31.434593520656644,-14.136107787608125,DUK
2022-11-10,290.0905066090379,7.142289100241483,-30.91232410413816,-13.666471605141226,DUK
2022-11-11,290.0947899664129,1.1660351289771596,-30.35417868027995,-6.786646415110113,DUK
2022-11-12,290.0990733237879,-13.646835247002503,-29.761122287955725,-15.987115788829641,DUK
2022-11-13,290.10335668116284,-16.753084139449577,-29.13416098533866,3.4878884436254225,DUK
2022-11-14,290.1076400385378,5.465001465354249,-28.474340569157036,42.21169906526495,DUK
2022-11-15,290.1119233959128,7.52008978930512,-27.782745247032224,37.35473206181433,DUK
2022-11-16,290.11620675328777,9.082478056601847,-27.06049626449623,17.90681145460661,DUK
2022-11-17,290.12049011066273,7.142289100241483,-26.308750488340756,50.19297127743653,DUK
2022-11-18,290.1247734680377,1.1660351289771596,-25.528698948001345,61.37089035098643,DUK
2022-11-19,290.1290568254127,-13.646835247002503,-24.721565336728506,39.0883437583183,DUK
2022-11-20,290.13334018278766,-16.753084139449577,-23.888604474347325,42.85834843100923,DUK
2022-11-21,290.1376235401626,5.465001465354249,-23.031100733450373,59.0564757279335,DUK
2022-11-22,290.1419068975376,7.52008978930512,-22.150366430913206,30.47536974407052,DUK
2022-11-23,290.1461902549126,9.082478056601847,-21.247740186662742,1.5370718751482855,DUK
2022-11-24,290.15047361228756,7.142289100241483,-20.324585251666363,-28.540177460862708,DUK
2022-11-25,290.1547569696625,1.1660351289771596,-19.382287807146927,-45.15750429149273,DUK
2022-11-26,290.1590403270375,-13.646835247002503,-18.422255237063304,-17.550949842971704,DUK
2022-11-27,290.1633236844125,-16.753084139449577,-17.445914375924676,-21.28332516903822,DUK
2022-11-28,290.16760704178745,5.465001465354249,-16.45470973404125,-21.39189877310048,DUK
2022-11-29,290.1718903991624,7.52008978930512,-15.450101702333967,-6.121878486133596,DUK
2022-11-30,290.17617375653737,9.082478056601847,-14.433564738855523,-12.503087074283712,DUK
2022-12-01,290.1804571139124,7.142289100241483,-13.406585539193852,28.340839325040008,DUK
2022-12-02,290.18474047128734,1.1660351289771596,-12.370661192947413,37.72988559268288,DUK
2022-12-03,290.1890238286623,-13.646835247002503,-11.327297328481016,-8.797891253178818,DUK
2022-12-04,290.19330718603726,-16.753084139449577,-10.278006248180214,5.6917832015925,DUK
2022-12-05,290.1975905434123,5.465001465354249,-9.224305056438437,27.380713047671918,DUK
2022-12-06,290.20187390078723,7.52008978930512,-8.167713782614477,7.606750092522077,DUK
2022-12-07,290.2061572581622,9.082478056601847,-7.1097535012080275,-18.230881813556095,DUK
2022-12-08,290.21044061553715,7.142289100241483,-6.051944451500214,-31.299785264278455,DUK
2022-12-09,290.21472397291217,1.1660351289771596,-4.995804158910181,-19.42695494297908,DUK
2022-12-10,290.2190073302871,-13.646835247002503,-3.9428455603134793,-6.947326522971139,DUK
2022-12-11,290.2232906876621,-16.753084139449577,-2.894575135564226,-7.340631412648349,DUK
2022-12-12,290.22757404503704,5.465001465354249,-1.8524910474570806,-7.097084462934276,DUK
2022-12-13,290.23185740241206,7.52008978930512,-0.818081292351204,21.4911341006341,DUK
2022-12-14,290.236140759787,9.082478056601847,0.20717813633041615,34.74920304728073,DUK
2022-12-15,290.240424117162,7.142289100241483,1.2218250695320592,29.072461713064456,DUK
2022-12-16,290.24470747453694,1.1660351289771596,2.224412966747318,15.963844429738572,DUK
2022-12-17,290.24899083191195,-13.646835247002503,3.2135127007965814,32.59333171429398,DUK
2022-12-18,290.2532741892869,-16.753084139449577,4.187714321064089,42.699095629098565,DUK
2022-12-19,290.2575575466619,5.465001465354249,5.1456287930888465,54.252812194895,DUK
2022-12-20,290.26184090403683,7.52008978930512,6.0858897124268445,42.10917959423119,DUK
2022-12-21,290.26612426141185,9.082478056601847,7.007154990737501,29.359242691248767,DUK
2022-12-22,290.2704076187868,7.142289100241483,7.908108512077555,19.33019476889416,DUK
2022-12-23,290.27469097616176,1.1660351289771596,8.78746175742125,74.23481213743986,DUK
2022-12-24,290.2789743335367,-13.646835247002503,9.643955395466513,163.05690551799933,DUK
2022-12-25,290.28325769091174,-16.753084139449577,10.476360837821453,106.56046561071645,DUK
2022-12-26,290.2875410482867,5.465001465354249,11.283481756715197,78.04297572964384,DUK
2022-12-27,290.29182440566166,7.52008978930512,12.064155563414488,26.9879302416187,DUK
2022-12-28,290.2961077630366,9.082478056601847,12.817254845580296,30.85015933478121,DUK
2022-12-29,290.30039112041163,7.142289100241483,13.541688761843345,-0.524368982496469,DUK
2022-12-30,290.3046744777866,1.1660351289771596,14.23640439193107,-28.048113998694816,DUK
2022-12-31,290.30895783516155,-13.646835247002503,14.900388040730686,-47.28351062888976,DUK
2023-01-01,290.3132411925365,-16.753084139449577,15.685672075746545,-57.68582912883346,DUK
2023-01-02,290.3175245499115,5.465001465354249,16.27701407605059,-64.86954009131631,DUK
2023-01-03,290.3218079072865,7.52008978930512,16.834615333491975,-59.75451303008359,DUK
2023-01-04,290.32609126466144,9.082478056601847,17.357642273531567,-58.84821159479486,DUK
2023-01-05,290.3303746220364,7.142289100241483,17.845306577940722,-48.41297030021866,DUK
2023-01-06,290.3346579794114,1.1660351289771596,18.29686616792783,-20.220559276316408,DUK
2023-01-07,290.3389413367864,-13.646835247002503,18.711626131239356,-5.389732221023223,DUK
2023-01-08,290.34322469416134,-16.753084139449577,19.0889395921236,-2.132080146835392,DUK
2023-01-09,290.3475080515363,5.465001465354249,19.428208523113454,-13.646718040004032,DUK
2023-01-10,290.3517914089113,7.52008978930512,19.72888449765378,4.5772343041297745,DUK
2023-01-11,290.35607476628627,9.082478056601847,19.9904693826692,-12.56502220555734,DUK
2023-01-12,290.36035812366123,7.142289100241483,20.212515970239863,-44.6131631941426,DUK
2023-01-13,290.3646414810362,1.1660351289771596,20.39462854762505,-25.459305157638425,DUK
2023-01-14,290.3689248384112,-13.646835247002503,20.536463404947884,24.218447003643405,DUK
2023-01-15,290.37320819578616,-16.753084139449577,20.637729279928642,28.24914666373479,DUK
2023-01-16,290.3774915531611,5.465001465354249,20.698187739129068,9.127319242355554,DUK
2023-01-17,290.3817749105361,7.52008978930512,20.717653495245635,-22.849518195086887,DUK
2023-01-18,290.3860582679111,9.082478056601847,20.69599466006587,-48.004530984578764,DUK
2023-01-19,290.39034162528606,7.142289100241483,20.63313293277833,-57.3907636583059,DUK
2023-01-20,290.394624982661,1.1660351289771596,20.52904372340391,-43.96870383504216,DUK
2023-01-21,290.398908340036,-13.646835247002503,20.383756211193145,-6.479829304226655,DUK
2023-01-22,290.403191697411,-16.753084139449577,20.1973533379119,7.900539104126665,DUK
2023-01-23,290.40747505478595,5.465001465354249,19.96997173601501,-4.180448256155273,DUK
2023-01-24,290.4117584121609,7.52008978930512,19.70180159178521,19.854350206748734,DUK
2023-01-25,290.4160417695359,9.082478056601847,19.3930864435918,-0.21760626972951513,DUK
2023-01-26,290.4203251269109,7.142289100241483,19.044122915501198,-2.875737142653577,DUK
2023-01-27,290.42460848428584,1.1660351289771596,18.655260386547923,25.240096000189055,DUK
2023-01-28,290.4288918416608,-13.646835247002503,18.226900596051603,10.415042809290071,DUK
2023-01-29,290.43317519903576,-16.753084139449577,17.759497185441457,-5.0295882450276395,DUK
2023-01-30,290.4374585564108,5.465001465354249,17.25355517712557,-39.277015198890524,DUK
2023-01-31,290.44174191378573,7.52008978930512,16.70963039101688,-43.60046209410774,DUK
2023-02-01,290.4460252711607,9.082478056601847,16.12832879940245,-27.636832127165064,DUK
2023-02-02,290.4503086285357,7.142289100241483,15.51030582091567,-1.2299035496928354,DUK
2023-02-03,290.45459198591067,1.1660351289771596,14.856265554443784,2.4281073306684107,DUK
2023-02-04,290.4588753432856,-13.646835247002503,14.166959953874597,45.81799994984232,DUK
2023-02-05,290.4631587006606,-16.753084139449577,13.443187944656751,17.245737494132243,DUK
2023-02-06,290.4674420580356,5.465001465354249,12.685794483217224,-14.533238006607064,DUK
2023-02-07,290.47172541541056,7.52008978930512,11.895669560347734,-12.896484765063406,DUK
2023-02-08,290.4760087727855,9.082478056601847,11.073747149738809,-31.629233979126184,DUK
2023-02-09,290.4802921301605,7.142289100241483,10.22100410290525,-45.63758533330724,DUK
2023-02-10,290.4845754875355,1.1660351289771596,9.338458991810842,-54.601069608323456,DUK
2023-02-11,290.48885884491045,-13.646835247002503,8.427170900562661,-29.076194498470613,DUK
2023-02-12,290.4931422022854,-16.753084139449577,7.488238167605784,16.157703769558395,DUK
2023-02-13,290.49742555966037,5.465001465354249,6.5227970799083295,-7.943224104923047,DUK
2023-02-14,290.5017089170354,7.52008978930512,5.532020520684268,-20.249819227024773,DUK
2023-02-15,290.50599227441035,9.082478056601847,4.517116572256603,-34.98158690326875,DUK
2023-02-16,290.5102756317853,7.142289100241483,3.4793270757171193,-43.922891807743895,DUK
2023-02-17,290.51455898916026,1.1660351289771596,2.4199261490907773,-38.227520267228215,DUK
2023-02-18,290.5188423465353,-13.646835247002503,1.340218665761892,14.268774234705347,DUK
2023-02-19,290.52312570391024,-16.753084139449577,0.241538694967236,-2.7645802594279303,DUK
2023-02-20,290.5274090612852,5.465001465354249,-0.8747520937937523,-24.854658432845724,DUK
2023-02-21,290.53169241866016,7.52008978930512,-2.007266060538303,-41.82351614742703,DUK
2023-02-22,290.5359757760352,9.082478056601847,-3.1545912568347205,-39.66186257580222,DUK
2023-02-23,290.54025913341013,7.142289100241483,-4.315293118119024,-33.18625511553262,DUK
2023-02-24,290.5445424907851,1.1660351289771596,-5.487916184284504,-39.877661435477734,DUK
2023-02-25,290.54882584816005,-13.646835247002503,-6.67098584650099,-25.76700475465657,DUK
2023-02-26,290.55310920553507,-16.753084139449577,-7.863010118189354,-25.06501494789609,DUK
2023-02-27,290.55739256291,5.465001465354249,-9.062481428047391,-27.77391260021693,DUK
2023-02-28,290.561675920285,7.52008978930512,-10.267878432996897,-35.21788727659322,DUK
2023-03-01,290.56595927765994,9.082478056601847,-11.47766784889784,-35.73376948536395,DUK
2023-03-02,290.57024263503496,7.142289100241483,-12.690306296853747,-32.33722543842265,DUK
2023-03-03,290.5745259924099,1.1660351289771596,-13.904242162913851,-27.148318958473226,DUK
2023-03-04,290.5788093497849,-13.646835247002503,-15.11791746896114,-33.17305663382123,DUK
2023-03-05,290.58309270715984,-16.753084139449577,-16.32976975256166,-21.718238815148567,DUK
2023-03-06,290.58737606453485,5.465001465354249,-17.538233953539592,-19.724143576349434,DUK
2023-03-07,290.5916594219098,7.52008978930512,-18.74174430503433,-29.25100490618061,DUK
2023-03-08,290.59594277928477,9.082478056601847,-19.938736226789395,-15.963684609097243,DUK
2023-03-09,290.6002261366597,7.142289100241483,-21.127648218421257,-11.840867018479969,DUK
2023-03-10,290.60450949403474,1.1660351289771596,-22.30692375041409,-10.845620872597749,DUK
2023-03-11,290.6087928514097,-13.646835247002503,-23.47501315059035,0.9700555461831755,DUK
2023-03-12,290.61307620878466,-16.753084139449577,-24.63037548381099,31.957383414475913,DUK
2023-03-13,290.6173595661596,5.465001465354249,-25.77148042266691,24.800119391153032,DUK
2023-03-14,290.62164292353464,7.52008978930512,-26.89681010693427,48.6390773940945,DUK
2023-03-15,290.6259262809096,9.082478056601847,-28.004860989577736,46.82445665206632,DUK
2023-03-16,290.63020963828455,7.142289100241483,-29.094145667102904,26.904646928576824,DUK
2023-03-17,290.6344929956595,1.1660351289771596,-30.163194692076104,1.1086665674393998,DUK
2023-03-18,290.63877635303453,-13.646835247002503,-31.210558365650925,-1.1683827403811051,DUK
2023-03-19,290.6430597104095,-16.753084139449577,-32.23480850796424,33.17483293700431,DUK
2023-03-20,290.64734306778445,5.465001465354249,-33.23454020429011,50.99019567115141,DUK
2023-03-21,290.6516264251594,7.52008978930512,-34.20837352486835,37.85865731040377,DUK
2023-03-22,290.6559097825344,9.082478056601847,-35.15495521635535,16.3785673772191,DUK
2023-03-23,290.6601931399094,7.142289100241483,-36.07296036287786,-1.0825218772729954,DUK
2023-03-24,290.66447649728434,1.1660351289771596,-36.961094014706525,2.5095823884450397,DUK
2023-03-25,290.6687598546593,-13.646835247002503,-37.81809278260302,-5.278831825053771,DUK
2023-03-26,290.6730432120343,-16.753084139449577,-38.642726395936144,-10.386232676648604,DUK
2023-03-27,290.6773265694093,5.465001465354249,-39.43379922270368,0.9404711879402043,DUK
2023-03-28,290.68160992678423,7.52008978930512,-40.19015174964222,-11.137547966447158,DUK
2023-03-29,290.6858932841592,9.082478056601847,-40.91066202065389,-6.305709320107184,DUK
2023-03-30,290.6901766415342,7.142289100241483,-41.594247031827955,4.0147812900522695,DUK
2023-03-31,290.69445999890917,1.1660351289771596,-42.23986408138626,-0.2106310465000263,DUK
2023-04-01,290.6987433562841,-13.646835247002503,-42.84651207293473,-4.127396036346909,DUK
2023-04-02,290.7030267136591,-16.753084139449577,-43.41323277045776,-9.20870980375176,DUK
2023-04-03,290.7073100710341,5.465001465354249,-43.93911200354958,-1.9341995328387611,DUK
2023-04-04,290.71159342840906,7.52008978930512,-44.423280821434886,6.795597603720751,DUK
2023-04-05,290.715876785784,9.082478056601847,-44.864916594391744,23.367561752005884,DUK
2023-04-06,290.720160143159,7.142289100241483,-45.26324406125133,28.716794817850797,DUK
2023-04-07,290.724443500534,1.1660351289771596,-45.61753632171313,-7.96394230779805,DUK
2023-04-08,290.72872685790895,-13.646835247002503,-45.92711577227871,29.94822416137228,DUK
2023-04-09,290.7330102152839,-16.753084139449577,-46.191354984674234,12.341428908839902,DUK
2023-04-10,290.73729357265887,5.465001465354249,-46.40967752569908,10.209382487685929,DUK
2023-04-11,290.7415769300339,7.52008978930512,-46.58155871750776,10.520891998168793,DUK
2023-04-12,290.74586028740885,9.082478056601847,-46.7065263374019,2.368187993391217,DUK
2023-04-13,290.7501436447838,7.142289100241483,-46.784161256280704,0.89472851125538,DUK
2023-04-14,290.75442700215876,1.1660351289771596,-46.81409801497101,3.9856358838350445,DUK
2023-04-15,290.7587103595338,-13.646835247002503,-46.7960253377306,8.211150225199333,DUK
2023-04-16,290.76299371690874,-16.753084139449577,-46.729686582293496,5.31377700483435,DUK
2023-04-17,290.7672770742837,5.465001465354249,-46.6148801259001,-6.000398413737827,DUK
2023-04-18,290.77156043165866,7.52008978930512,-46.45145968683108,0.598809465867248,DUK
2023-04-19,290.7758437890337,9.082478056601847,-46.23933458103986,9.886012735404364,DUK
2023-04-20,290.78012714640863,7.142289100241483,-45.97846991355533,19.198053666905253,DUK
2023-04-21,290.7844105037836,1.1660351289771596,-45.66888670440326,17.12644107164249,DUK
2023-04-22,290.78869386115855,-13.646835247002503,-45.31066194887241,-0.5421966652836829,DUK
2023-04-23,290.79297721853357,-16.753084139449577,-44.9039286120288,-6.1639644670551945,DUK
2023-04-24,290.7972605759085,5.465001465354249,-44.448875557459274,-8.204386483803518,DUK
2023-04-25,290.8015439332835,7.52008978930512,-43.94574741030317,-3.796886312285409,DUK
2023-04-26,290.80582729065844,9.082478056601847,-43.39484435470878,-3.832460992551489,DUK
2023-04-27,290.81011064803346,7.142289100241483,-42.79652186592821,-1.0068778823467142,DUK
2023-04-28,290.8143940054084,1.1660351289771596,-42.1511903773424,1.6407612429568417,DUK
2023-04-29,290.8186773627834,-13.646835247002503,-41.459314882783836,-3.0585272329970223,DUK
2023-04-30,290.82296072015833,-16.753084139449577,-40.72141447460207,-6.2404621061066905,DUK
2023-05-01,290.82724407753335,5.465001465354249,-39.93806181799238,-10.808183724895173,DUK
2023-05-02,290.8315274349083,7.52008978930512,-39.10988256218348,-10.289734662029957,DUK
2023-05-03,290.83581079228327,9.082478056601847,-38.237554689154884,-10.931734159730212,DUK
2023-05-04,290.8400941496582,7.142289100241483,-37.32180780062845,-7.247575449271267,DUK
2023-05-05,290.84437750703324,1.1660351289771596,-36.36342234415139,-11.084990291858986,DUK
2023-05-06,290.8486608644082,-13.646835247002503,-35.36322877916047,-7.3285968382452324,DUK
2023-05-07,290.85294422178316,-16.753084139449577,-34.322106683987315,2.489246601653747,DUK
2023-05-08,290.8572275791581,5.465001465354249,-33.240983804836,15.857754760323644,DUK
2023-05-09,290.86151093653314,7.52008978930512,-32.120835047830944,29.771234321992722,DUK
2023-05-10,290.8657942939081,9.082478056601847,-30.96268141530218,8.45440906479223,DUK
2023-05-11,290.87007765128305,7.142289100241483,-29.76758888753986,7.764222136015292,DUK
2023-05-12,290.874361008658,1.1660351289771596,-28.536667251315187,16.040271113679978,DUK
2023-05-13,290.87864436603303,-13.646835247002503,-27.271068876527213,26.101259757496734,DUK
2023-05-14,290.882927723408,-16.753084139449577,-25.97198744239701,15.66514385843854,DUK
2023-05-15,290.88721108078295,5.465001465354249,-24.640656614690236,7.732444068553036,DUK
2023-05-16,290.8914944381579,7.52008978930512,-23.27834867550696,24.50976444804388,DUK
2023-05-17,290.8957777955329,9.082478056601847,-21.88637310723393,14.142117255099151,DUK
2023-05-18,290.9000611529079,7.142289100241483,-20.466075132308596,-20.146275120840755,DUK
2023-05-19,290.90434451028284,1.1660351289771596,-19.01883421049675,-25.48154542876324,DUK
2023-05-20,290.9086278676578,-13.646835247002503,-17.546062495436033,-15.595730125219234,DUK
2023-05-21,290.9129112250328,-16.753084139449577,-16.049203252245427,-5.455623833337796,DUK
2023-05-22,290.9171945824078,5.465001465354249,-14.52972923804764,-11.80446680971437,DUK
2023-05-23,290.92147793978273,7.52008978930512,-12.989141047294446,-21.360426681793456,DUK
2023-05-24,290.9257612971577,9.082478056601847,-11.428965423827481,-26.67927392993215,DUK
2023-05-25,290.9300446545327,7.142289100241483,-9.850753541646451,-26.310580213127707,DUK
2023-05-26,290.93432801190767,1.1660351289771596,-8.25607925639314,-41.653283884491685,DUK
2023-05-27,290.9386113692826,-13.646835247002503,-6.646537329595343,-53.07423879268478,DUK
2023-05-28,290.9428947266576,-16.753084139449577,-5.023741627746251,-52.7230689594617,DUK
2023-05-29,290.9471780840326,5.465001465354249,-3.389323298325394,-62.98385625106147,DUK
2023-05-30,290.95146144140756,7.52008978930512,-1.744928924894726,-33.10062230581792,DUK
2023-05-31,290.9557447987825,9.082478056601847,-0.09221866342760165,-30.490004191956814,DUK
2023-06-01,290.9600281561575,7.142289100241483,1.5671356379482901,-16.12545289434729,DUK
2023-06-02,290.9643115135325,1.1660351289771596,3.2314523335943193,-2.5337989761039807,DUK
2023-06-03,290.96859487090745,-13.646835247002503,4.8990418871720465,0.8011984889230348,DUK
2023-06-04,290.9728782282824,-16.753084139449577,6.5682087883912,-33.35200287722401,DUK
2023-06-05,290.97716158565737,5.465001465354249,8.237253477449343,-33.75041652846102,DUK
2023-06-06,290.9814449430324,7.52008978930512,9.904474274910363,-10.890009007247784,DUK
2023-06-07,290.98572830040735,9.082478056601847,11.568169314762095,-37.75637567177125,DUK
2023-06-08,290.9900116577823,7.142289100241483,13.226638478388224,-39.828939236412054,DUK
2023-06-09,290.99429501515726,1.1660351289771596,14.878185327190362,-43.786515471324776,DUK
2023-06-10,290.9985783725323,-13.646835247002503,16.52111903159545,-35.5848621571252,DUK
2023-06-11,291.00286172990724,-16.753084139449577,18.153756294189346,-38.641533884647004,DUK
2023-06-12,291.0071450872822,5.465001465354249,19.774423264723055,-20.984569817359557,DUK
2023-06-13,291.01142844465716,7.52008978930512,21.38145744474858,-36.76697567871088,DUK
2023-06-14,291.0157118020322,9.082478056601847,22.973209579651904,-35.18639943828589,DUK
2023-06-15,291.01999515940713,7.142289100241483,24.548045535866876,-14.304329795515457,DUK
2023-06-16,291.0242785167821,1.1660351289771596,26.104348161069517,-1.454661806828824,DUK
2023-06-17,291.02856187415705,-13.646835247002503,27.640519125174247,-22.800245752328863,DUK
2023-06-18,291.03284523153206,-16.753084139449577,29.154980739972906,-20.707741832055376,DUK
2023-06-19,291.037128588907,5.465001465354249,30.646177755285855,-31.90730780954715,DUK
2023-06-20,291.041411946282,7.52008978930512,32.1125791295193,-41.72808086510639,DUK
2023-06-21,291.04569530365694,9.082478056601847,33.552679772554455,-67.88785313281329,DUK
2023-06-22,291.04997866103196,7.142289100241483,34.96500225892602,-72.56527002019948,DUK
2023-06-23,291.0542620184069,1.1660351289771596,36.348098509282835,-38.080395656666894,DUK
2023-06-24,291.0585453757819,-13.646835247002503,37.700551438159735,-26.799261566939094,DUK
2023-06-25,291.06282873315683,-16.753084139449577,39.02097656613078,-11.642721159838118,DUK
2023-06-26,291.06711209053185,5.465001465354249,40.30802359445418,-3.3201371503402584,DUK
2023-06-27,291.0713954479068,7.52008978930512,41.56037794036489,-8.949863177576844,DUK
2023-06-28,291.07567880528177,9.082478056601847,42.77676223121576,-9.365919093099365,DUK
2023-06-29,291.0799621626567,7.142289100241483,43.95593775571756,-3.3891890186158093,DUK
2023-06-30,291.08424552003174,1.1660351289771596,45.096705870577615,-2.98898651958649,DUK
2023-07-01,291.0885288774067,-13.646835247002503,46.1979093608904,3.3473970087054,DUK
2023-07-02,291.09281223478166,-16.753084139449577,47.25843375268664,14.785838151981295,DUK
2023-07-03,291.0970955921566,5.465001465354249,48.27720857610495,0.1836943663842021,DUK
2023-07-04,291.10137894953164,7.52008978930512,49.253208577706744,-13.564677316543452,DUK
2023-07-05,291.1056623069066,9.082478056601847,50.18545488051645,-7.378595244024893,DUK
2023-07-06,291.10994566428155,7.142289100241483,51.07301609042921,3.745749145047739,DUK
2023-07-07,291.1142290216565,1.1660351289771596,51.91500934769249,9.033726501673812,DUK
2023-07-08,291.11851237903153,-13.646835247002503,52.71060132223194,3.4667215457390625,DUK
2023-07-09,291.1227957364065,-16.753084139449577,53.45900915165795,-11.316720748614841,DUK
2023-07-10,291.12707909378145,5.465001465354249,54.159501320857416,-21.541581879993146,DUK
2023-07-11,291.1313624511564,7.52008978930512,54.8113984821432,-10.894850722604758,DUK
2023-07-12,291.1356458085314,9.082478056601847,55.41407421500417,0.8178019198625179,DUK
2023-07-13,291.1399291659064,7.142289100241483,55.96695572456985,22.433826009282257,DUK
2023-07-14,291.14421252328134,1.1660351289771596,56.46952447797557,18.774227869765923,DUK
2023-07-15,291.1484958806563,-13.646835247002503,56.9213167778872,12.112022588458956,DUK
2023-07-16,291.1527792380313,-16.753084139449577,57.321924272518736,15.340380628899538,DUK
2023-07-17,291.1570625954063,5.465001465354249,57.670994401550296,-12.235058462310803,DUK
2023-07-18,291.16134595278123,7.52008978930512,57.96823077743016,0.7893334804834922,DUK
2023-07-19,291.1656293101562,9.082478056601847,58.21339350161985,4.53049913162215,DUK
2023-07-20,291.1699126675312,7.142289100241483,58.406299415418474,-12.375501183191147,DUK
2023-07-21,291.17419602490617,1.1660351289771596,58.54682228507903,5.336946561037678,DUK
2023-07-22,291.1784793822811,-13.646835247002503,58.63489292100712,-22.046537056285786,DUK
2023-07-23,291.1827627396561,-16.753084139449577,58.67049923090977,-24.45317783111625,DUK
2023-07-24,291.1870460970311,5.465001465354249,58.65368620684008,-12.565733769225403,DUK
2023-07-25,291.19132945440606,7.52008978930512,58.58455584616114,3.925024910127661,DUK
2023-07-26,291.195612811781,9.082478056601847,58.46326700653016,18.839642125086925,DUK
2023-07-27,291.199896169156,7.142289100241483,58.29003519508193,37.67677953552061,DUK
2023-07-28,291.204179526531,1.1660351289771596,58.065132292067645,40.229653052424226,DUK
2023-07-29,291.20846288390595,-13.646835247002503,57.788886209282644,11.413486153813892,DUK
2023-07-30,291.2127462412809,-16.753084139449577,57.4616804836931,-13.715342585524468,DUK
2023-07-31,291.21702959865587,5.465001465354249,57.08395380674805,-1.8149848707581668,DUK
2023-08-01,291.2213129560309,7.52008978930512,56.6561994899389,-9.712602235274858,DUK
2023-08-02,291.22559631340584,9.082478056601847,56.17896486724335,-27.922039237251056,DUK
2023-08-03,291.2298796707808,7.142289100241483,55.65285063516508,-57.53201940618743,DUK
2023-08-04,291.23416302815576,1.1660351289771596,55.07851013115392,-29.96770828828687,DUK
2023-08-05,291.2384463855308,-13.646835247002503,54.456648551263704,-1.1092596897918838,DUK
2023-08-06,291.24272974290574,-16.753084139449577,53.788022107976445,-2.876667711432617,DUK
2023-08-07,291.2470131002807,5.465001465354249,53.07343712919169,-9.796451694826658,DUK
2023-08-08,291.25129645765566,7.52008978930512,52.31374909944961,-16.811135346410424,DUK
2023-08-09,291.25557981503067,9.082478056601847,51.50986164452343,-12.573919516155911,DUK
2023-08-10,291.25986317240563,7.142289100241483,50.662725460584255,-14.491877733231377,DUK
2023-08-11,291.2641465297806,1.1660351289771596,49.77333718920593,-13.7645188479637,DUK
2023-08-12,291.26842988715555,-13.646835247002503,48.84273823954141,12.304667120305567,DUK
2023-08-13,291.27271324453056,-16.753084139449577,47.872013559064236,23.477357335854833,DUK
2023-08-14,291.2769966019055,5.465001465354249,46.86229035432876,50.029711578411536,DUK
2023-08-15,291.2812799592805,7.52008978930512,45.814736763262246,38.784893488152136,DUK
2023-08-16,291.28556331665544,9.082478056601847,44.730560480557905,-2.3106018538152284,DUK
2023-08-17,291.28984667403046,7.142289100241483,43.61100733779388,6.186856887934198,DUK
2023-08-18,291.2941300314054,1.1660351289771596,42.457359839955345,1.8144749996621385,DUK
2023-08-19,291.2984133887804,-13.646835247002503,41.27093566008949,-19.35051380186735,DUK
2023-08-20,291.30269674615533,-16.753084139449577,40.053086093870114,5.434301299424078,DUK
2023-08-21,291.30698010353035,5.465001465354249,38.80519447589796,33.36382395521741,DUK
2023-08-22,291.3112634609053,7.52008978930512,37.52867455960596,47.20997219018358,DUK
2023-08-23,291.31554681828027,9.082478056601847,36.22496886268201,16.382006262435823,DUK
2023-08-24,291.3198301756552,7.142289100241483,34.895546979961615,25.04333374414165,DUK
2023-08-25,291.32411353303024,1.1660351289771596,33.54190386578229,48.72494747221032,DUK
2023-08-26,291.3283968904052,-13.646835247002503,32.165558087825055,63.45988026877234,DUK
2023-08-27,291.33268024778016,-16.753084139449577,30.768050054503306,40.37335383716612,DUK
2023-08-28,291.3369636051551,5.465001465354249,29.35094021799052,21.806094711500123,DUK
2023-08-29,291.34124696253014,7.52008978930512,27.915807255004466,13.208855993160284,DUK
2023-08-30,291.3455303199051,9.082478056601847,26.464246227494044,-4.166254604000983,DUK
2023-08-31,291.34981367728005,7.142289100241483,24.99786672539673,-8.873969502918271,DUK
2023-09-01,291.354097034655,1.1660351289771596,23.518290993655253,-24.446423157287427,DUK
2023-09-02,291.35838039203,-13.646835247002503,22.02715204570223,-24.553697190729736,DUK
2023-09-03,291.362663749405,-16.753084139449577,20.526091765633545,-1.5116713755889464,DUK
2023-09-04,291.36694710677995,5.465001465354249,19.016759001308674,9.55229242655713,DUK
2023-09-05,291.3712304641549,7.52008978930512,17.5008076506223,50.24487209591763,DUK
2023-09-06,291.3755138215299,9.082478056601847,15.979894743201703,65.99611337866656,DUK
2023-09-07,291.3797971789049,7.142289100241483,14.455678519789648,54.253235201063944,DUK
2023-09-08,291.38408053627984,1.1660351289771596,12.929816511572334,24.12706782317065,DUK
2023-09-09,291.3883638936548,-13.646835247002503,11.40396362171457,-1.480492268366845,DUK
2023-09-10,291.3926472510298,-16.753084139449577,9.879770211359038,6.200666677060781,DUK
2023-09-11,291.3969306084048,5.465001465354249,8.358880192343008,20.648187733898,DUK
2023-09-12,291.40121396577973,7.52008978930512,6.8429291288749,23.190767116040206,DUK
2023-09-13,291.4054973231547,9.082478056601847,5.333542350404031,9.515482269839424,DUK
2023-09-14,291.4097806805297,7.142289100241483,3.8323330779035985,5.3615971413252055,DUK
2023-09-15,291.41406403790467,1.1660351289771596,2.3409005657682194,-14.110999732649987,DUK
2023-09-16,291.4183473952796,-13.646835247002503,0.860828261510882,-9.476340409788008,DUK
2023-09-17,291.4226307526546,-16.753084139449577,-0.6063180145773863,-26.45822859862764,DUK
2023-09-18,291.4269141100296,5.465001465354249,-2.058991867668418,-21.56492370771548,DUK
2023-09-19,291.43119746740456,7.52008978930512,-3.4956681024241085,-21.320619154285623,DUK
2023-09-20,291.4354808247795,9.082478056601847,-4.91484447072866,-11.84611441065266,DUK
2023-09-21,291.4397641821545,7.142289100241483,-6.315043391073278,-10.915009891322768,DUK
2023-09-22,291.4440475395295,1.1660351289771596,-7.694813637575912,-19.952269030930722,DUK
2023-09-23,291.44833089690445,-13.646835247002503,-9.052731996655059,-29.07976365324683,DUK
2023-09-24,291.4526142542794,-16.753084139449577,-10.387404889413741,-7.619125225416099,DUK
2023-09-25,291.45689761165437,5.465001465354249,-11.697469957833263,6.145570880824664,DUK
2023-09-26,291.4611809690294,7.52008978930512,-12.981597612917355,-4.08767314541717,DUK
2023-09-27,291.46546432640434,9.082478056601847,-14.23849254297269,-24.42344984003347,DUK
2023-09-28,291.4697476837793,7.142289100241483,-15.466895180261755,-20.27814160375908,DUK
2023-09-29,291.47403104115426,1.1660351289771596,-16.66558312430974,-4.089483045821737,DUK
2023-09-30,291.4783143985293,-13.646835247002503,-17.83337252020256,0.024893368675861893,DUK
2023-10-01,291.48259775590424,-16.753084139449577,-18.96911939026394,4.729605773809311,DUK
2023-10-02,291.4868811132792,5.465001465354249,-20.07172091755632,3.39083833892289,DUK
2023-10-03,291.49116447065416,7.52008978930512,-21.140116679707567,6.9748624197483196,DUK
2023-10-04,291.49544782802917,9.082478056601847,-22.17328983162345,6.281363946992428,DUK
2023-10-05,291.49973118540413,7.142289100241483,-23.170268235708605,-1.3307520499370185,DUK
2023-10-06,291.5040145427791,1.1660351289771596,-24.13012553827935,10.038075866523116,DUK
2023-10-07,291.50829790015405,-13.646835247002503,-25.051982190915886,-15.365480462235666,DUK
2023-10-08,291.51258125752906,-16.753084139449577,-25.935006415568473,-26.27649070251104,DUK
2023-10-09,291.516864614904,5.465001465354249,-26.778415112296216,-19.2244509679621,DUK
2023-10-10,291.521147972279,7.52008978930512,-27.581474708588186,-18.05376305299592,DUK
2023-10-11,291.52543132965394,9.082478056601847,-28.34350194928371,-22.960407436972133,DUK
2023-10-12,291.52971468702896,7.142289100241483,-29.06386462618033,-15.101139161090146,DUK
2023-10-13,291.5339980444039,1.1660351289771596,-29.74198224648954,-9.106050926891527,DUK
2023-10-14,291.5382814017789,-13.646835247002503,-30.377326639372022,-13.567119515404329,DUK
2023-10-15,291.54256475915383,-16.753084139449577,-30.969422499859498,-21.29605811984476,DUK
2023-10-16,291.54684811652885,5.465001465354249,-31.517847869542056,-13.27600171234107,DUK
2023-10-17,291.5511314739038,7.52008978930512,-32.022234553477475,-9.148986709731503,DUK
2023-10-18,291.55541483127877,9.082478056601847,-32.48226847285289,-14.577624415027714,DUK
2023-10-19,291.5596981886537,7.142289100241483,-32.897689953005894,-11.403297335889363,DUK
2023-10-20,291.56398154602874,1.1660351289771596,-33.268293946489486,-12.907722728516461,DUK
2023-10-21,291.5682649034037,-13.646835247002503,-33.59393019094131,-11.388499465459887,DUK
2023-10-22,291.57254826077866,-16.753084139449577,-33.874503301595475,-12.10396081973363,DUK
2023-10-23,291.5768316181536,5.465001465354249,-34.10997279835325,-7.821860285154628,DUK
2023-10-24,291.58111497552864,7.52008978930512,-34.300353067405084,-2.586851697428699,DUK
2023-10-25,291.5853983329036,9.082478056601847,-34.4457132574758,-3.9931631320296788,DUK
2023-10-26,291.58968169027855,7.142289100241483,-34.54617711084077,-4.734793679679285,DUK
2023-10-27,291.5939650476535,1.1660351289771596,-34.60192272933928,-3.5130774472914084,DUK
2023-10-28,291.5982484050285,-13.646835247002503,-34.61318227568773,1.4977691176617327,DUK
2023-10-29,291.6025317624035,-16.753084139449577,-34.58024161047223,3.812793987518347,DUK
2023-10-30,291.60681511977845,5.465001465354249,-34.50343986527635,6.956623280143617,DUK
2023-10-31,291.6110984771534,7.52008978930512,-34.38316895247549,-10.852019313983106,DUK
2023-11-01,291.6153818345284,9.082478056601847,-34.219873012304326,23.654013121174046,DUK
2023-11-02,291.6196651919034,7.142289100241483,-34.01404779787805,50.38209350573317,DUK
2023-11-03,291.62394854927834,1.1660351289771596,-33.76623999892194,43.97525632066646,DUK
2023-11-04,291.6282319066533,-13.646835247002503,-33.4770465050358,24.240649845385008,DUK
2023-11-05,291.6325152640283,-16.753084139449577,-33.147113609392186,12.005682484813434,DUK
2023-11-06,291.6367986214033,5.465001465354249,-32.777136153837226,-6.883663932920285,DUK
2023-11-07,291.64108197877823,7.52008978930512,-32.36785661643246,-9.45831515165088,DUK
2023-11-08,291.6453653361532,9.082478056601847,-31.920064142544664,-12.00277925021038,DUK
2023-11-09,291.6496486935282,7.142289100241483,-31.434593520656644,-6.942344273113008,DUK
2023-11-10,291.65393205090317,1.1660351289771596,-30.91232410413816,-15.22964307574216,DUK
2023-11-11,291.6582154082781,-13.646835247002503,-30.35417868027995,-3.4602014809956927,DUK
2023-11-12,291.66249876565314,-16.753084139449577,-29.761122287955725,-4.365292338247826,DUK
2023-11-13,291.6667821230281,5.465001465354249,-29.13416098533866,7.214377396956365,DUK
2023-11-14,291.67106548040306,7.52008978930512,-28.474340569157036,1.8441852994487817,DUK
2023-11-15,291.675348837778,9.082478056601847,-27.782745247032224,5.29291835265235,DUK
2023-11-16,291.679632195153,7.142289100241483,-27.06049626449623,-5.219425030898321,DUK
2023-11-17,291.683915552528,1.1660351289771596,-26.308750488340756,-14.691200193164406,DUK
2023-11-18,291.68819890990295,-13.646835247002503,-25.528698948001345,-20.763664714899107,DUK
2023-11-19,291.6924822672779,-16.753084139449577,-24.721565336728506,-7.379832791099858,DUK
2023-11-20,291.6967656246529,5.465001465354249,-23.888604474347325,-0.9131626156598713,DUK
2023-11-21,291.7010489820279,7.52008978930512,-23.031100733450373,2.816961962117432,DUK
2023-11-22,291.70533233940284,9.082478056601847,-22.150366430913206,-15.770443965091431,DUK
2023-11-23,291.7096156967778,7.142289100241483,-21.247740186662742,-20.026164610356602,DUK
2023-11-24,291.7138990541528,1.1660351289771596,-20.324585251666363,-20.909348931463597,DUK
2023-11-25,291.7181824115278,-13.646835247002503,-19.382287807146927,4.224940642621675,DUK
2023-11-26,291.72246576890274,-16.753084139449577,-18.422255237063304,37.153873607610194,DUK
2023-11-27,291.7267491262777,5.465001465354249,-17.445914375924676,20.334163784292684,DUK
2023-11-28,291.7310324836527,7.52008978930512,-16.45470973404125,52.88158746108343,DUK
2023-11-29,291.73531584102767,9.082478056601847,-15.450101702333967,74.39730780470444,DUK
2023-11-30,291.73959919840263,7.142289100241483,-14.433564738855523,42.7676764402114,DUK
2023-12-01,291.7438825557776,1.1660351289771596,-13.406585539193852,24.825667854439132,DUK
2023-12-02,291.74816591315255,-13.646835247002503,-12.370661192947413,-11.812669473202675,DUK
2023-12-03,291.75244927052756,-16.753084139449577,-11.327297328481016,-25.005067802596983,DUK
2023-12-04,291.7567326279025,5.465001465354249,-10.278006248180214,-14.940727845076594,DUK
2023-12-05,291.7610159852775,7.52008978930512,-9.224305056438437,5.858199281855832,DUK
2023-12-06,291.7652993426525,9.082478056601847,-8.167713782614477,19.43293638336013,DUK
2023-12-07,291.76958270002746,7.142289100241483,-7.1097535012080275,38.27188170093905,DUK
2023-12-08,291.7738660574024,1.1660351289771596,-6.051944451500214,15.0130432651207,DUK
2023-12-09,291.7781494147774,-13.646835247002503,-4.995804158910181,-7.950510008864626,DUK
2023-12-10,291.7824327721524,-16.753084139449577,-3.9428455603134793,-22.153503072389356,DUK
2023-12-11,291.78671612952735,5.465001465354249,-2.894575135564226,22.979857540682588,DUK
2023-12-12,291.7909994869023,7.52008978930512,-1.8524910474570806,52.711401771249655,DUK
2023-12-13,291.79528284427727,9.082478056601847,-0.818081292351204,34.58232039147208,DUK
2023-12-14,291.7995662016523,7.142289100241483,0.20717813633041615,28.343966561775858,DUK
2023-12-15,291.80384955902724,1.1660351289771596,1.2218250695320592,36.76129024246353,DUK
2023-12-16,291.8081329164022,-13.646835247002503,2.224412966747318,27.212289363853017,DUK
2023-12-17,291.81241627377716,-16.753084139449577,3.2135127007965814,2.463155164875843,DUK
2023-12-18,291.8166996311522,5.465001465354249,4.187714321064089,-8.338415417570502,DUK
2023-12-19,291.82098298852713,7.52008978930512,5.1456287930888465,49.28929842907894,DUK
2023-12-20,291.8252663459021,9.082478056601847,6.0858897124268445,58.45436588506925,DUK
2023-12-21,291.82954970327705,7.142289100241483,7.007154990737501,34.12000620574389,DUK
2023-12-22,291.83383306065207,1.1660351289771596,7.908108512077555,3.6090232982932093,DUK
2023-12-23,291.838116418027,-13.646835247002503,8.78746175742125,-11.370742928445736,DUK
2023-12-24,291.842399775402,-16.753084139449577,9.643955395466513,-34.757271031418895,DUK
2023-12-25,291.84668313277695,5.465001465354249,10.476360837821453,-72.0790454359526,DUK
2023-12-26,291.85096649015196,7.52008978930512,11.283481756715197,-67.60053803617225,DUK
2023-12-27,291.8552498475269,9.082478056601847,12.064155563414488,-67.89588346754323,DUK
2023-12-28,291.8595332049019,7.142289100241483,12.817254845580296,-49.35607715072365,DUK
2023-12-29,291.86381656227684,1.1660351289771596,13.541688761843345,1.5364595469026199,DUK
2023-12-30,291.86809991965185,-13.646835247002503,14.23640439193107,7.814330935419605,DUK
2023-12-31,291.8723832770268,-16.753084139449577,14.900388040730686,11.608312821692095,DUK
2024-01-01,291.8766666344018,5.465001465354249,15.685672075746545,-17.417340175502545,DUK
2024-01-02,291.88094999177673,7.52008978930512,16.27701407605059,21.39194614286754,DUK
2024-01-03,291.88523334915175,9.082478056601847,16.834615333491975,32.13767326075447,DUK
2024-01-04,291.8895167065267,7.142289100241483,17.357642273531567,17.246551919700266,DUK
2024-01-05,291.89380006390166,1.1660351289771596,17.845306577940722,49.62185822918042,DUK
2024-01-06,291.8980834212766,-13.646835247002503,18.29686616792783,19.47288565779803,DUK
2024-01-07,291.90236677865164,-16.753084139449577,18.711626131239356,-3.788908770441367,DUK
2024-01-08,291.9066501360266,5.465001465354249,19.0889395921236,24.84040880649553,DUK
2024-01-09,291.91093349340156,7.52008978930512,19.428208523113454,-0.6052318058201536,DUK
2024-01-10,291.9152168507765,9.082478056601847,19.72888449765378,2.553420594967804,DUK
2024-01-11,291.91950020815153,7.142289100241483,19.9904693826692,18.46874130893781,DUK
2024-01-12,291.9237835655265,1.1660351289771596,20.212515970239863,21.423665335256544,DUK
2024-01-13,291.92806692290145,-13.646835247002503,20.39462854762505,-2.648860223523968,DUK
2024-01-14,291.9323502802764,-16.753084139449577,20.536463404947884,19.334270454225305,DUK
2024-01-15,291.9366336376514,5.465001465354249,20.637729279928642,-0.6293643829342841,DUK
2024-01-16,291.9409169950264,7.52008978930512,20.698187739129068,41.80080547653938,DUK
2024-01-17,291.94520035240134,9.082478056601847,20.717653495245635,99.74566809575117,DUK
2024-01-18,291.9494837097763,7.142289100241483,20.69599466006587,60.64923252991633,DUK
2024-01-19,291.9537670671513,1.1660351289771596,20.63313293277833,27.430064871093236,DUK
2024-01-20,291.9580504245263,-13.646835247002503,20.52904372340391,110.98574109907236,DUK
2024-01-21,291.96233378190124,-16.753084139449577,20.383756211193145,118.21899414635516,DUK
2024-01-22,291.9666171392762,5.465001465354249,20.1973533379119,73.21602805745766,DUK
2024-01-23,291.9709004966512,7.52008978930512,19.96997173601501,21.218037978028633,DUK
2024-01-24,291.97518385402617,9.082478056601847,19.70180159178521,-24.236463502413187,DUK
2024-01-25,291.97946721140113,7.142289100241483,19.3930864435918,-49.2808427552344,DUK
2024-01-26,291.9837505687761,1.1660351289771596,19.044122915501198,-58.20590861325445,DUK
2024-01-27,291.9880339261511,-13.646835247002503,18.655260386547923,-50.286459065696505,DUK
2024-01-28,291.99231728352606,-16.753084139449577,18.226900596051603,-37.49813374012811,DUK
2024-01-29,291.996600640901,5.465001465354249,17.759497185441457,-14.757099291696704,DUK
2024-01-30,292.000883998276,7.52008978930512,17.25355517712557,6.515471035293331,DUK
2024-01-31,292.005167355651,9.082478056601847,16.70963039101688,-10.683275803269737,DUK
2024-02-01,292.00945071302596,7.142289100241483,16.12832879940245,3.8129313873300816,DUK
2024-02-02,292.0137340704009,1.1660351289771596,15.51030582091567,-22.331075020293724,DUK
2024-02-03,292.0180174277759,-13.646835247002503,14.856265554443784,-13.004447735217127,DUK
2024-02-04,292.0223007851509,-16.753084139449577,14.166959953874597,11.243823400424105,DUK
2024-02-05,292.02658414252585,5.465001465354249,13.443187944656751,-8.158773552536843,DUK
2024-02-06,292.0308674999008,7.52008978930512,12.685794483217224,-0.06575177242314112,DUK
2024-02-07,292.03515085727577,9.082478056601847,11.895669560347734,10.087701525774662,DUK
2024-02-08,292.0394342146508,7.142289100241483,11.073747149738809,13.764529535368922,DUK
2024-02-09,292.04371757202574,1.1660351289771596,10.22100410290525,-12.376756803908165,DUK
2024-02-10,292.0480009294007,-13.646835247002503,9.338458991810842,-38.14162467420903,DUK
2024-02-11,292.05228428677566,-16.753084139449577,8.427170900562661,-43.7163710478888,DUK
2024-02-12,292.0565676441507,5.465001465354249,7.488238167605784,-39.40780727711075,DUK
2024-02-13,292.06085100152563,7.52008978930512,6.5227970799083295,-29.299737870739136,DUK
2024-02-14,292.0651343589006,9.082478056601847,5.532020520684268,-9.0206329361867,DUK
2024-02-15,292.06941771627555,7.142289100241483,4.517116572256603,-13.56982338877367,DUK
2024-02-16,292.07370107365057,1.1660351289771596,3.4793270757171193,-22.293063278344846,DUK
2024-02-17,292.0779844310255,-13.646835247002503,2.4199261490907773,-6.835075333113764,DUK
2024-02-18,292.0822677884005,-16.753084139449577,1.340218665761892,35.1365976852872,DUK
2024-02-19,292.08655114577545,5.465001465354249,0.241538694967236,21.529908693902996,DUK
2024-02-20,292.09083450315046,7.52008978930512,-0.8747520937937523,17.583827801338145,DUK
2024-02-21,292.0951178605254,9.082478056601847,-2.007266060538303,10.789670143411001,DUK
2024-02-22,292.0994012179004,7.142289100241483,-3.1545912568347205,-5.577099061307138,DUK
2024-02-23,292.10368457527534,1.1660351289771596,-4.315293118119024,-23.92942658613356,DUK
2024-02-24,292.10796793265035,-13.646835247002503,-5.487916184284504,2.3957834986367743,DUK
2024-02-25,292.1122512900253,-16.753084139449577,-6.67098584650099,20.732818695925232,DUK
2024-02-26,292.1165346474003,5.465001465354249,-7.863010118189354,-12.921525994565116,DUK
2024-02-27,292.12081800477523,7.52008978930512,-9.062481428047391,-19.231426366033077,DUK
2024-02-28,292.12510136215025,9.082478056601847,-10.267878432996897,-29.996700985755183,DUK
2024-02-29,292.1293847195252,7.142289100241483,-11.47766784889784,11.144994029131169,DUK
2024-03-01,292.13366807690016,1.1660351289771596,-12.690306296853747,37.32660309097645,DUK
2024-03-02,292.1379514342751,-13.646835247002503,-13.904242162913851,-7.961874024358735,DUK
2024-03-03,292.14223479165014,-16.753084139449577,-15.11791746896114,-22.61123318323942,DUK
2024-03-04,292.1465181490251,5.465001465354249,-16.32976975256166,-23.357749861817695,DUK
2024-03-05,292.15080150640006,7.52008978930512,-17.538233953539592,-27.617657342165558,DUK
2024-03-06,292.155084863775,9.082478056601847,-18.74174430503433,-22.85381861534256,DUK
2024-03-07,292.15936822115003,7.142289100241483,-19.938736226789395,-23.324921094602132,DUK
2024-03-08,292.163651578525,1.1660351289771596,-21.127648218421257,-19.598038489080835,DUK
2024-03-09,292.16793493589995,-13.646835247002503,-22.30692375041409,-8.545175938483311,DUK
2024-03-10,292.1722182932749,-16.753084139449577,-23.47501315059035,-11.768121003235024,DUK
2024-03-11,292.1765016506499,5.465001465354249,-24.63037548381099,15.043872367806841,DUK
2024-03-12,292.1807850080249,7.52008978930512,-25.77148042266691,6.530605625336875,DUK
2024-03-13,292.18506836539984,9.082478056601847,-26.89681010693427,-10.49973631506748,DUK
2024-03-14,292.1893517227748,7.142289100241483,-28.004860989577736,-10.943779833438612,DUK
2024-03-15,292.1936350801498,1.1660351289771596,-29.094145667102904,-19.17952454202407,DUK
2024-03-16,292.1979184375248,-13.646835247002503,-30.163194692076104,-16.95388849844616,DUK
2024-03-17,292.20220179489974,-16.753084139449577,-31.210558365650925,-18.316559289799272,DUK
2024-03-18,292.2064851522747,5.465001465354249,-32.23480850796424,-7.555678109664768,DUK
2024-03-19,292.2107685096497,7.52008978930512,-33.23454020429011,27.95868190533531,DUK
2024-03-20,292.21505186702467,9.082478056601847,-34.20837352486835,5.265843601241841,DUK
2024-03-21,292.21933522439963,7.142289100241483,-35.15495521635535,-8.384669108285777,DUK
2024-03-22,292.2236185817746,1.1660351289771596,-36.07296036287786,-0.24769334787390562,DUK
2024-03-23,292.2279019391496,-13.646835247002503,-36.961094014706525,-4.5479726774405265,DUK
2024-03-24,292.23218529652456,-16.753084139449577,-37.81809278260302,20.743991625527997,DUK
2024-03-25,292.2364686538995,5.465001465354249,-38.642726395936144,21.50125627668234,DUK
2024-03-26,292.2407520112745,7.52008978930512,-39.43379922270368,14.242957422124107,DUK
2024-03-27,292.2450353686495,9.082478056601847,-40.19015174964222,9.25363832439092,DUK
2024-03-28,292.24931872602446,7.142289100241483,-40.91066202065389,-2.3609458056120616,DUK
2024-03-29,292.2536020833994,1.1660351289771596,-41.594247031827955,-1.8693901805486064,DUK
2024-03-30,292.2578854407744,-13.646835247002503,-42.23986408138626,-5.010186112385611,DUK
2024-03-31,292.2621687981494,-16.753084139449577,-42.84651207293473,-4.064572585765063,DUK
2024-04-01,292.26645215552435,5.465001465354249,-43.41323277045776,3.8057791495791946,DUK
2024-04-02,292.2707355128993,7.52008978930512,-43.93911200354958,23.492286701345108,DUK
2024-04-03,292.27501887027427,9.082478056601847,-44.423280821434886,5.154783894558818,DUK
2024-04-04,292.2793022276493,7.142289100241483,-44.864916594391744,4.291325266501019,DUK
2024-04-05,292.28358558502424,1.1660351289771596,-45.26324406125133,12.275623347249905,DUK
2024-04-06,292.2878689423992,-13.646835247002503,-45.61753632171313,13.808502626316397,DUK
2024-04-07,292.29215229977416,-16.753084139449577,-45.92711577227871,10.96804761195412,DUK
2024-04-08,292.2964356571492,5.465001465354249,-46.191354984674234,2.0269178621708477,DUK
2024-04-09,292.30071901452413,7.52008978930512,-46.40967752569908,-2.420131278130185,DUK
2024-04-10,292.3050023718991,9.082478056601847,-46.58155871750776,2.7620782890068085,DUK
2024-04-11,292.30928572927405,7.142289100241483,-46.7065263374019,6.445951507886292,DUK
2024-04-12,292.31356908664907,1.1660351289771596,-46.784161256280704,-3.4474429593455227,DUK
2024-04-13,292.317852444024,-13.646835247002503,-46.81409801497101,1.4660808179494609,DUK
2024-04-14,292.322135801399,-16.753084139449577,-46.7960253377306,11.573973675781161,DUK
2024-04-15,292.32641915877394,5.465001465354249,-46.729686582293496,25.004265958165263,DUK
2024-04-16,292.33070251614896,7.52008978930512,-46.6148801259001,31.341087820446035,DUK
2024-04-17,292.3349858735239,9.082478056601847,-46.45145968683108,17.111995756705284,DUK
2024-04-18,292.3392692308989,7.142289100241483,-46.23933458103986,33.48177624989947,DUK
2024-04-19,292.34355258827384,1.1660351289771596,-45.97846991355533,30.187882196304344,DUK
2024-04-20,292.34783594564885,-13.646835247002503,-45.66888670440326,24.99088600575695,DUK
2024-04-21,292.3521193030238,-16.753084139449577,-45.31066194887241,-3.7623732147018245,DUK
2024-04-22,292.35640266039877,5.465001465354249,-44.9039286120288,-0.3864755137242355,DUK
2024-04-23,292.36068601777373,7.52008978930512,-44.448875557459274,3.5200997503803535,DUK
2024-04-24,292.36496937514875,9.082478056601847,-43.94574741030317,-4.670700021447402,DUK
2024-04-25,292.3692527325237,7.142289100241483,-43.39484435470878,-0.32469747805637894,DUK
2024-04-26,292.37353608989866,1.1660351289771596,-42.79652186592821,-7.119049352947627,DUK
2024-04-27,292.3778194472736,-13.646835247002503,-42.1511903773424,-0.5577938229287156,DUK
2024-04-28,292.38210280464864,-16.753084139449577,-41.459314882783836,8.629296217584823,DUK
2024-04-29,292.3863861620236,5.465001465354249,-40.72141447460207,14.157026847224245,DUK
2024-04-30,292.39066951939856,7.52008978930512,-39.93806181799238,7.911302509288703,DUK
2024-05-01,292.3949528767735,9.082478056601847,-39.10988256218348,22.247451628808108,DUK
2024-05-02,292.39923623414853,7.142289100241483,-38.237554689154884,36.0350293547649,DUK
2024-05-03,292.4035195915235,1.1660351289771596,-37.32180780062845,31.35925308012787,DUK
2024-05-04,292.40780294889845,-13.646835247002503,-36.36342234415139,6.182454642255436,DUK
2024-05-05,292.4120863062734,-16.753084139449577,-35.36322877916047,13.790226612336596,DUK
2024-05-06,292.4163696636484,5.465001465354249,-34.322106683987315,16.444735554984675,DUK
2024-05-07,292.4206530210234,7.52008978930512,-33.240983804836,31.87024099450747,DUK
2024-05-08,292.42493637839834,9.082478056601847,-32.120835047830944,38.69342061283078,DUK
2024-05-09,292.4292197357733,7.142289100241483,-30.96268141530218,6.999172579287347,DUK
2024-05-10,292.4335030931483,1.1660351289771596,-29.76758888753986,9.844050665414386,DUK
2024-05-11,292.4377864505233,-13.646835247002503,-28.536667251315187,-19.01328395220554,DUK
2024-05-12,292.44206980789824,-16.753084139449577,-27.271068876527213,-12.444916791921457,DUK
2024-05-13,292.4463531652732,5.465001465354249,-25.97198744239701,-18.022367188230504,DUK
2024-05-14,292.4506365226482,7.52008978930512,-24.640656614690236,-15.494069697263114,DUK
2024-05-15,292.45491988002317,9.082478056601847,-23.27834867550696,-8.998049261118013,DUK
2024-05-16,292.4592032373981,7.142289100241483,-21.88637310723393,7.542880769594262,DUK
2024-05-17,292.4634865947731,1.1660351289771596,-20.466075132308596,-0.2524465914416396,DUK
2024-05-18,292.4677699521481,-13.646835247002503,-19.01883421049675,8.119899505351214,DUK
2024-05-19,292.47205330952306,-16.753084139449577,-17.546062495436033,-9.585906674637442,DUK
2024-05-20,292.476336666898,5.465001465354249,-16.049203252245427,4.057865119993096,DUK
2024-05-21,292.480620024273,7.52008978930512,-14.52972923804764,17.132019424469547,DUK
2024-05-22,292.484903381648,9.082478056601847,-12.989141047294446,30.395759609044603,DUK
2024-05-23,292.48918673902295,7.142289100241483,-11.428965423827481,35.10948958456299,DUK
2024-05-24,292.4934700963979,1.1660351289771596,-9.850753541646451,30.596248316271385,DUK
2024-05-25,292.4977534537729,-13.646835247002503,-8.25607925639314,18.150161049622795,DUK
2024-05-26,292.5020368111479,-16.753084139449577,-6.646537329595343,28.281584657897042,DUK
2024-05-27,292.50632016852285,5.465001465354249,-5.023741627746251,-2.533580006130819,DUK
2024-05-28,292.5106035258978,7.52008978930512,-3.389323298325394,17.76562998312238,DUK
2024-05-29,292.51488688327277,9.082478056601847,-1.744928924894726,0.6415639850201842,DUK
2024-05-30,292.5191702406478,7.142289100241483,-0.09221866342760165,-18.55524067746171,DUK
2024-05-31,292.52345359802274,1.1660351289771596,1.5671356379482901,-33.912624364948215,DUK
2024-06-01,292.5277369553977,-13.646835247002503,3.2314523335943193,-35.99835404198953,DUK
2024-06-02,292.53202031277266,-16.753084139449577,4.8990418871720465,-26.8519780604951,DUK
2024-06-03,292.5363036701477,5.465001465354249,6.5682087883912,6.069486076106898,DUK
2024-06-04,292.54058702752263,7.52008978930512,8.237253477449343,16.505069705722917,DUK
2024-06-05,292.5448703848976,9.082478056601847,9.904474274910363,4.052177283590197,DUK
2024-06-06,292.54915374227255,7.142289100241483,11.568169314762095,21.42838784272385,DUK
2024-06-07,292.55343709964757,1.1660351289771596,13.226638478388224,15.192889292987104,DUK
2024-06-08,292.5577204570225,-13.646835247002503,14.878185327190362,-6.1420705372103725,DUK
2024-06-09,292.5620038143975,-16.753084139449577,16.52111903159545,0.5969612934566157,DUK
2024-06-10,292.56628717177244,5.465001465354249,18.153756294189346,-10.107044931316125,DUK
2024-06-11,292.57057052914746,7.52008978930512,19.774423264723055,-14.682083583175654,DUK
2024-06-12,292.5748538865224,9.082478056601847,21.38145744474858,-3.805789387872892,DUK
2024-06-13,292.5791372438974,7.142289100241483,22.973209579651904,13.231364076209218,DUK
2024-06-14,292.58342060127234,1.1660351289771596,24.548045535866876,29.01949873388361,DUK
2024-06-15,292.58770395864735,-13.646835247002503,26.104348161069517,37.363783127285615,DUK
2024-06-16,292.5919873160223,-16.753084139449577,27.640519125174247,18.23457769825302,DUK
2024-06-17,292.59627067339727,5.465001465354249,29.154980739972906,32.470747121275565,DUK
2024-06-18,292.60055403077223,7.52008978930512,30.646177755285855,19.815178424636713,DUK
2024-06-19,292.60483738814725,9.082478056601847,32.1125791295193,3.8871054257316473,DUK
2024-06-20,292.6091207455222,7.142289100241483,33.552679772554455,9.638910381681796,DUK
2024-06-21,292.61340410289716,1.1660351289771596,34.96500225892602,17.176558509199594,DUK
2024-06-22,292.6176874602721,-13.646835247002503,36.348098509282835,34.27804927744751,DUK
2024-06-23,292.62197081764714,-16.753084139449577,37.700551438159735,55.45056188364276,DUK
2024-06-24,292.6262541750221,5.465001465354249,39.02097656613078,54.43976779349288,DUK
2024-06-25,292.63053753239706,7.52008978930512,40.30802359445418,32.308349083843666,DUK
2024-06-26,292.634820889772,9.082478056601847,41.56037794036489,54.79132311326123,DUK
2024-06-27,292.63910424714703,7.142289100241483,42.77676223121576,8.389844421395708,DUK
2024-06-28,292.643387604522,1.1660351289771596,43.95593775571756,18.478639510783353,DUK
2024-06-29,292.64767096189695,-13.646835247002503,45.096705870577615,41.81145841452792,DUK
2024-06-30,292.6519543192719,-16.753084139449577,46.1979093608904,45.44222045928723,DUK
2024-07-01,292.6562376766469,5.465001465354249,47.25843375268664,2.425327105312192,DUK
2024-07-02,292.6605210340219,7.52008978930512,48.27720857610495,-35.085819399431955,DUK
2024-07-03,292.66480439139684,9.082478056601847,49.253208577706744,-13.014491025705468,DUK
2024-07-04,292.6690877487718,7.142289100241483,50.18545488051645,10.563168270470214,DUK
2024-07-05,292.6733711061468,1.1660351289771596,51.07301609042921,34.012577674446845,DUK
2024-07-06,292.6776544635218,-13.646835247002503,51.91500934769249,30.87417143578824,DUK
2024-07-07,292.68193782089674,-16.753084139449577,52.71060132223194,5.091544996320863,DUK
2024-07-08,292.6862211782717,5.465001465354249,53.45900915165795,20.76476820471612,DUK
2024-07-09,292.6905045356467,7.52008978930512,54.159501320857416,54.44690435419079,DUK
2024-07-10,292.69478789302167,9.082478056601847,54.8113984821432,50.3493355682333,DUK
2024-07-11,292.6990712503966,7.142289100241483,55.41407421500417,8.720565434357638,DUK
2024-07-12,292.7033546077716,1.1660351289771596,55.96695572456985,-4.336345461318615,DUK
2024-07-13,292.7076379651466,-13.646835247002503,56.46952447797557,21.41767280388035,DUK
2024-07-14,292.71192132252156,-16.753084139449577,56.9213167778872,41.2998460390408,DUK
2024-07-15,292.7162046798965,5.465001465354249,57.321924272518736,44.45886958223048,DUK
2024-07-16,292.7204880372715,7.52008978930512,57.670994401550296,36.98042777187311,DUK
2024-07-17,292.7247713946465,9.082478056601847,57.96823077743016,27.218519771321553,DUK
2024-07-18,292.72905475202145,7.142289100241483,58.21339350161985,8.429262646117252,DUK
2024-07-19,292.7333381093964,1.1660351289771596,58.406299415418474,-21.56067265379204,DUK
2024-07-20,292.7376214667714,-13.646835247002503,58.54682228507903,-23.418608504847896,DUK
2024-07-21,292.7419048241464,-16.753084139449577,58.63489292100712,-17.33071360570392,DUK
2024-07-22,292.74618818152135,5.465001465354249,58.67049923090977,-11.10068887778533,DUK
2024-07-23,292.7504715388963,7.52008978930512,58.65368620684008,4.15075246495843,DUK
2024-07-24,292.75475489627127,9.082478056601847,58.58455584616114,0.959211200965683,DUK
2024-07-25,292.7590382536463,7.142289100241483,58.46326700653016,-23.305594360417956,DUK
2024-07-26,292.76332161102124,1.1660351289771596,58.29003519508193,-15.03639193508036,DUK
2024-07-27,292.7676049683962,-13.646835247002503,58.065132292067645,-18.568902013461354,DUK
2024-07-28,292.77188832577116,-16.753084139449577,57.788886209282644,-18.851690395604237,DUK
2024-07-29,292.7761716831462,5.465001465354249,57.4616804836931,-26.395853632193507,DUK
2024-07-30,292.78045504052113,7.52008978930512,57.08395380674805,-4.750498636574321,DUK
2024-07-31,292.7847383978961,9.082478056601847,56.6561994899389,10.522584055563186,DUK
2024-08-01,292.78902175527105,7.142289100241483,56.17896486724335,31.85872427724405,DUK
2024-08-02,292.79330511264607,1.1660351289771596,55.65285063516508,30.07080912321169,DUK
2024-08-03,292.797588470021,-13.646835247002503,55.07851013115392,4.266736645827507,DUK
2024-08-04,292.801871827396,-16.753084139449577,54.456648551263704,8.136563760789898,DUK
2024-08-05,292.80615518477094,5.465001465354249,53.788022107976445,15.714821241898335,DUK
2024-08-06,292.81043854214596,7.52008978930512,53.07343712919169,-11.509965460642775,DUK
2024-08-07,292.8147218995209,9.082478056601847,52.31374909944961,2.237050944427608,DUK
2024-08-08,292.8190052568959,7.142289100241483,51.50986164452343,-36.239156001660774,DUK
2024-08-09,292.82328861427084,1.1660351289771596,50.662725460584255,14.439950796167693,DUK
2024-08-10,292.82757197164585,-13.646835247002503,49.77333718920593,29.615926086150694,DUK
2024-08-11,292.8318553290208,-16.753084139449577,48.84273823954141,14.095490570887364,DUK
2024-08-12,292.83613868639577,5.465001465354249,47.872013559064236,4.0028462891856975,DUK
2024-08-13,292.84042204377073,7.52008978930512,46.86229035432876,-31.952802187404643,DUK
2024-08-14,292.84470540114575,9.082478056601847,45.814736763262246,-19.124920221009745,DUK
2024-08-15,292.8489887585207,7.142289100241483,44.730560480557905,-11.567838339320133,DUK
2024-08-16,292.85327211589566,1.1660351289771596,43.61100733779388,6.987685417333239,DUK
2024-08-17,292.8575554732706,-13.646835247002503,42.457359839955345,15.482919933776543,DUK
2024-08-18,292.86183883064564,-16.753084139449577,41.27093566008949,6.937309648714461,DUK
2024-08-19,292.8661221880206,5.465001465354249,40.053086093870114,-4.489209747244956,DUK
2024-08-20,292.87040554539556,7.52008978930512,38.80519447589796,-23.299689810598636,DUK
2024-08-21,292.8746889027705,9.082478056601847,37.52867455960596,-51.34884151897836,DUK
2024-08-22,292.87897226014553,7.142289100241483,36.22496886268201,-49.13423022306904,DUK
2024-08-23,292.8832556175205,1.1660351289771596,34.895546979961615,-42.437837726459236,DUK
2024-08-24,292.88753897489545,-13.646835247002503,33.54190386578229,-33.75560759367528,DUK
2024-08-25,292.8918223322704,-16.753084139449577,32.165558087825055,-19.946296280645868,DUK
2024-08-26,292.8961056896454,5.465001465354249,30.768050054503306,-1.1801572095029655,DUK
2024-08-27,292.9003890470204,7.52008978930512,29.35094021799052,23.07558094568401,DUK
2024-08-28,292.90467240439534,9.082478056601847,27.915807255004466,40.63704228399837,DUK
2024-08-29,292.90895576177036,7.142289100241483,26.464246227494044,59.799508910494126,DUK
2024-08-30,292.9132391191453,1.1660351289771596,24.99786672539673,45.13785902648078,DUK
2024-08-31,292.9175224765203,-13.646835247002503,23.518290993655253,21.854021776826983,DUK
2024-09-01,292.92180583389523,-16.753084139449577,22.02715204570223,16.537126259852073,DUK
2024-09-02,292.9260891912702,5.465001465354249,20.526091765633545,-1.4911824222580776,DUK
2024-09-03,292.9303725486452,7.52008978930512,19.016759001308674,-26.783221339259,DUK
2024-09-04,292.93465590602017,9.082478056601847,17.5008076506223,-45.22094161324429,DUK
2024-09-05,292.9389392633951,7.142289100241483,15.979894743201703,-30.500123106838373,DUK
2024-09-06,292.94322262077014,1.1660351289771596,14.455678519789648,-27.665936269536928,DUK
2024-09-07,292.9475059781451,-13.646835247002503,12.929816511572334,-14.744487242714968,DUK
2024-09-08,292.95178933552006,-16.753084139449577,11.40396362171457,-41.93666881778506,DUK
2024-09-09,292.956072692895,5.465001465354249,9.879770211359038,-37.57984436960828,DUK
2024-09-10,292.96035605027,7.52008978930512,8.358880192343008,-27.067326031918185,DUK
2024-09-11,292.964639407645,9.082478056601847,6.8429291288749,-28.398046593121705,DUK
2024-09-12,292.96892276501995,7.142289100241483,5.333542350404031,-30.931754215665478,DUK
2024-09-13,292.9732061223949,1.1660351289771596,3.8323330779035985,-17.793574329275657,DUK
2024-09-14,292.97748947976993,-13.646835247002503,2.3409005657682194,-2.793554798535581,DUK
2024-09-15,292.9817728371449,-16.753084139449577,0.860828261510882,-8.338516959206231,DUK
2024-09-16,292.98605619451985,5.465001465354249,-0.6063180145773863,-32.064739645296754,DUK
2024-09-17,292.9903395518948,7.52008978930512,-2.058991867668418,-30.37743747353153,DUK
2024-09-18,292.99462290926976,9.082478056601847,-3.4956681024241085,-15.679432863447573,DUK
2024-09-19,292.9989062666448,7.142289100241483,-4.91484447072866,3.8326491038424706,DUK
2024-09-20,293.00318962401974,1.1660351289771596,-6.315043391073278,17.975818638076362,DUK
2024-09-21,293.0074729813947,-13.646835247002503,-7.694813637575912,27.047175903183756,DUK
2024-09-22,293.0117563387697,-16.753084139449577,-9.052731996655059,43.92605979733497,DUK
2024-09-23,293.0160396961447,5.465001465354249,-10.387404889413741,17.14436372791488,DUK
2024-09-24,293.02032305351963,7.52008978930512,-11.697469957833263,27.417057115008504,DUK
2024-09-25,293.0246064108946,9.082478056601847,-12.981597612917355,27.90451314542088,DUK
2024-09-26,293.0288897682696,7.142289100241483,-14.23849254297269,11.072313674461611,DUK
2024-09-27,293.03317312564457,1.1660351289771596,-15.466895180261755,-47.82831307435998,DUK
2024-09-28,293.0374564830195,-13.646835247002503,-16.66558312430974,-56.82903811170732,DUK
2024-09-29,293.0417398403945,-16.753084139449577,-17.83337252020256,-31.306283180742355,DUK
2024-09-30,293.0460231977695,5.465001465354249,-18.96911939026394,-25.795905272859756,DUK
2024-10-01,293.05030655514446,7.52008978930512,-20.07172091755632,-14.812675426893236,DUK
2024-10-02,293.0545899125194,9.082478056601847,-21.140116679707567,-0.4649512894137615,DUK
2024-10-03,293.0588732698944,7.142289100241483,-22.17328983162345,5.564127461487544,DUK
2024-10-04,293.06315662726934,1.1660351289771596,-23.170268235708605,7.097076479462089,DUK
2024-10-05,293.06743998464435,-13.646835247002503,-24.13012553827935,13.56652080063759,DUK
2024-10-06,293.0717233420193,-16.753084139449577,-25.051982190915886,2.4843429883461567,DUK
2024-10-07,293.07600669939427,5.465001465354249,-25.935006415568473,12.735998250819875,DUK
2024-10-08,293.0802900567693,7.52008978930512,-26.778415112296216,-13.151964733778186,DUK
2024-10-09,293.08457341414424,9.082478056601847,-27.581474708588186,-21.582576762157885,DUK
2024-10-10,293.0888567715192,7.142289100241483,-28.34350194928371,-26.530643922477026,DUK
2024-10-11,293.09314012889416,1.1660351289771596,-29.06386462618033,-24.747310631691022,DUK
2024-10-12,293.0974234862692,-13.646835247002503,-29.74198224648954,-19.3616059927771,DUK
2024-10-13,293.10170684364414,-16.753084139449577,-30.377326639372022,-12.396296064822536,DUK
2024-10-14,293.1059902010191,5.465001465354249,-30.969422499859498,-14.922569166513853,DUK
2024-10-15,293.11027355839406,7.52008978930512,-31.517847869542056,-20.20551547815714,DUK
2024-10-16,293.11455691576907,9.082478056601847,-32.022234553477475,-11.11780041889341,DUK
2024-10-17,293.11884027314403,7.142289100241483,-32.48226847285289,0.7701390994673716,DUK
2024-10-18,293.123123630519,1.1660351289771596,-32.897689953005894,-1.4934688064902275,DUK
2024-10-19,293.12740698789395,-13.646835247002503,-33.268293946489486,-6.960277794402003,DUK
2024-10-20,293.13169034526896,-16.753084139449577,-33.59393019094131,-6.904676014878049,DUK
2024-10-21,293.1359737026439,5.465001465354249,-33.874503301595475,-10.399471866402678,DUK
2024-10-22,293.1402570600189,7.52008978930512,-34.10997279835325,-10.224374050970766,DUK
2024-10-23,293.14454041739384,9.082478056601847,-34.300353067405084,-9.411665406590657,DUK
2024-10-24,293.14882377476886,7.142289100241483,-34.4457132574758,-11.26739961753455,DUK
2024-10-25,293.1531071321438,1.1660351289771596,-34.54617711084077,-11.191965150280197,DUK
2024-10-26,293.1573904895188,-13.646835247002503,-34.60192272933928,-7.113632513176981,DUK
2024-10-27,293.16167384689373,-16.753084139449577,-34.61318227568773,-16.428407431756455,DUK
2024-10-28,293.16595720426875,5.465001465354249,-34.58024161047223,-12.680717059150709,DUK
2024-10-29,293.1702405616437,7.52008978930512,-34.50343986527635,-12.570890485672436,DUK
2024-10-30,293.17452391901867,9.082478056601847,-34.38316895247549,-8.219833023145043,DUK
2024-10-31,293.1788072763936,7.142289100241483,-34.219873012304326,-10.337223364330839,DUK
2024-11-01,293.18309063376864,1.1660351289771596,-34.01404779787805,-10.504077964867776,DUK
2024-11-02,293.1873739911436,-13.646835247002503,-33.76623999892194,-12.280298745219113,DUK
2024-11-03,293.19165734851856,-16.753084139449577,-33.4770465050358,-11.30452670403318,DUK
2024-11-04,293.1959407058935,5.465001465354249,-33.147113609392186,-17.94182856185563,DUK
2024-11-05,293.20022406326854,7.52008978930512,-32.777136153837226,-13.634177698736409,DUK
2024-11-06,293.2045074206435,9.082478056601847,-32.36785661643246,-7.025128860812856,DUK
2024-11-07,293.20879077801845,7.142289100241483,-31.920064142544664,3.41198426428474,DUK
2024-11-08,293.2130741353934,1.1660351289771596,-31.434593520656644,6.350484256286052,DUK
2024-11-09,293.21735749276843,-13.646835247002503,-30.91232410413816,-21.184198141627718,DUK
2024-11-10,293.2216408501434,-16.753084139449577,-30.35417868027995,-16.84637803041386,DUK
2024-11-11,293.22592420751835,5.465001465354249,-29.761122287955725,-17.925803384916918,DUK
2024-11-12,293.2302075648933,7.52008978930512,-29.13416098533866,-21.08813636885978,DUK
2024-11-13,293.2344909222683,9.082478056601847,-28.474340569157036,-10.132628409713163,DUK
2024-11-14,293.2387742796433,7.142289100241483,-27.782745247032224,12.770681867147516,DUK
2024-11-15,293.24305763701824,1.1660351289771596,-27.06049626449623,-4.839596501499159,DUK
2024-11-16,293.2473409943932,-13.646835247002503,-26.308750488340756,-5.706755259049942,DUK
2024-11-17,293.2516243517682,-16.753084139449577,-25.528698948001345,-4.379841264317264,DUK
2024-11-18,293.2559077091432,5.465001465354249,-24.721565336728506,-15.191343837768954,DUK
2024-11-19,293.26019106651813,7.52008978930512,-23.888604474347325,-15.726676381475954,DUK
2024-11-20,293.2644744238931,9.082478056601847,-23.031100733450373,-23.138851747044498,DUK
2024-11-21,293.2687577812681,7.142289100241483,-22.150366430913206,8.355319549403646,DUK
2024-11-22,293.27304113864307,1.1660351289771596,-21.247740186662742,33.47266391904253,DUK
2024-11-23,293.277324496018,-13.646835247002503,-20.324585251666363,15.523096002650846,DUK
2024-11-24,293.281607853393,-16.753084139449577,-19.382287807146927,11.351764093203485,DUK
2024-11-25,293.285891210768,5.465001465354249,-18.422255237063304,-3.467637439058933,DUK
2024-11-26,293.29017456814296,7.52008978930512,-17.445914375924676,-25.680349981523364,DUK
2024-11-27,293.2944579255179,9.082478056601847,-16.45470973404125,-7.698226248078527,DUK
2024-11-28,293.2987412828929,7.142289100241483,-15.450101702333967,-44.37392868080045,DUK
2024-11-29,293.3030246402679,1.1660351289771596,-14.433564738855523,0.21150496961053022,DUK
2024-11-30,293.30730799764285,-13.646835247002503,-13.406585539193852,46.43511278855357,DUK
2024-12-01,293.3115913550178,-16.753084139449577,-12.370661192947413,46.40515397737914,DUK
2024-12-02,293.31587471239277,5.465001465354249,-11.327297328481016,55.12842115073397,DUK
2024-12-03,293.3201580697678,7.52008978930512,-10.278006248180214,73.95375838910735,DUK
2024-12-04,293.32444142714274,9.082478056601847,-9.224305056438437,80.17738557269382,DUK
2024-12-05,293.3287247845177,7.142289100241483,-8.167713782614477,26.181699897855253,DUK
2024-12-06,293.33300814189266,1.1660351289771596,-7.1097535012080275,90.01371023033818,DUK
2024-12-07,293.3372914992677,-13.646835247002503,-6.051944451500214,79.90248819923511,DUK
2024-12-08,293.34157485664264,-16.753084139449577,-4.995804158910181,20.46531344171717,DUK
2024-12-09,293.3458582140176,5.465001465354249,-3.9428455603134793,-9.312014119058404,DUK
2024-12-10,293.35014157139256,7.52008978930512,-2.894575135564226,-23.030656225133555,DUK
2024-12-11,293.35442492876757,9.082478056601847,-1.8524910474570806,-14.357411937912332,DUK
2024-12-12,293.35870828614253,7.142289100241483,-0.818081292351204,43.194083905967204,DUK
2024-12-13,293.3629916435175,1.1660351289771596,0.20717813633041615,34.91979509117499,DUK
2024-12-14,293.36727500089245,-13.646835247002503,1.2218250695320592,26.532735176578,DUK
2024-12-15,293.37155835826746,-16.753084139449577,2.224412966747318,33.30611281443481,DUK
2024-12-16,293.3758417156424,5.465001465354249,3.2135127007965814,1.7386441182067642,DUK
2024-12-17,293.3801250730174,7.52008978930512,4.187714321064089,-30.919929183386614,DUK
2024-12-18,293.38440843039234,9.082478056601847,5.1456287930888465,-41.651515280083004,DUK
2024-12-19,293.38869178776736,7.142289100241483,6.0858897124268445,-32.060870600435635,DUK
2024-12-20,293.3929751451423,1.1660351289771596,7.007154990737501,-14.429165264856977,DUK
2024-12-21,293.3972585025173,-13.646835247002503,7.908108512077555,27.306468232407667,DUK
2024-12-22,293.40154185989223,-16.753084139449577,8.78746175742125,59.68208052213606,DUK
2024-12-23,293.40582521726725,5.465001465354249,9.643955395466513,52.425217921912065,DUK
2024-12-24,293.4101085746422,7.52008978930512,10.476360837821453,4.006440798231267,DUK
2024-12-25,293.41439193201717,9.082478056601847,11.283481756715197,-35.72535174533425,DUK
2024-12-26,293.4186752893921,7.142289100241483,12.064155563414488,-15.10711995304814,DUK
2024-12-27,293.42295864676714,1.1660351289771596,12.817254845580296,-6.914248621324532,DUK
2024-12-28,293.4272420041421,-13.646835247002503,13.541688761843345,-16.80509551898291,DUK
2024-12-29,293.43152536151706,-16.753084139449577,14.23640439193107,-51.26784561399859,DUK
2024-12-30,293.435808718892,5.465001465354249,14.900388040730686,-54.08219822497699,DUK
2024-12-31,293.44009207626704,7.52008978930512,15.532666494726682,-42.09784836029888,DUK
