period,trend,seasonal_7,seasonal_365,resid,respondent
2019-01-01,149.32684712699927,3.197706216808425,26.081396355837533,-3.1609496996452435,BPAT
2019-01-02,149.33280655947647,3.1034737091977447,26.35086368244214,2.993856048883657,BPAT
2019-01-03,149.3387659919536,2.8563506284842615,26.60282384652977,-13.132940466967653,BPAT
2019-01-04,149.3447254244308,0.6837597995938105,26.837059195503606,-17.072544419528214,BPAT
2019-01-05,149.350684856908,-5.339454285990726,27.05336898314711,-11.278599554064357,BPAT
2019-01-06,149.35664428938514,-6.107786609798561,27.251569584588136,-7.144427264174709,BPAT
2019-01-07,149.36260372186234,1.5957342279133258,27.431494692210457,-2.0128326419861082,BPAT
2019-01-08,149.36856315433948,3.197706216808425,27.592995492286995,-0.292264863434923,BPAT
2019-01-09,149.37452258681668,3.1034737091977447,27.735940822131834,-11.501937118146259,BPAT
2019-01-10,149.38048201929388,2.8563506284842615,27.86021730759051,-20.73404995536862,BPAT
2019-01-11,149.38644145177102,0.6837597995938105,27.965729480711204,-16.23793073207605,BPAT
2019-01-12,149.39240088424822,-5.339454285990726,28.052399877462342,-10.111346475719841,BPAT
2019-01-13,149.39836031672536,-6.107786609798561,28.12016911538558,-2.7917428223123864,BPAT
2019-01-14,149.40431974920256,1.5957342279133258,28.168995951096324,4.202950071787797,BPAT
2019-01-15,149.41027918167975,3.197706216808425,28.198857317567587,5.973157283944261,BPAT
2019-01-16,149.4162386141569,3.1034737091977447,28.209748341156377,1.0325393354889911,BPAT
2019-01-17,149.4221980466341,2.8563506284842615,28.201682338355624,-8.005231013473974,BPAT
2019-01-18,149.42815747911123,0.6837597995938105,28.174690792278028,-11.438608070983065,BPAT
2019-01-19,149.43411691158843,-5.339454285990726,28.12882330890207,-17.414485934499766,BPAT
2019-01-20,149.44007634406557,-6.107786609798561,28.0641475531338,-7.194437287400831,BPAT
2019-01-21,149.44603577654277,1.5957342279133258,27.980749164761747,-6.356519169217847,BPAT
2019-01-22,149.45199520901997,3.197706216808425,27.87873165440537,-4.333433080233732,BPAT
2019-01-23,149.4579546414971,3.1034737091977447,27.758216279581326,-18.526644630276223,BPAT
2019-01-24,149.4639140739743,2.8563506284842615,27.619341901034346,-18.17460660349292,BPAT
2019-01-25,149.46987350645145,0.6837597995938105,27.46226481950297,-12.581898125548292,BPAT
2019-01-26,149.47583293892865,-5.339454285990726,27.287158593113055,-6.913537246050964,BPAT
2019-01-27,149.48179237140585,-6.107786609798561,27.09421383561429,-8.357219597221558,BPAT
2019-01-28,149.487751803883,1.5957342279133258,26.883637995697658,-9.759124027493954,BPAT
2019-01-29,149.49371123636018,3.197706216808425,26.655655117653403,-3.88307257082198,BPAT
2019-01-30,149.49967066883733,3.1034737091977447,26.41050558365108,-1.0456499616861947,BPAT
2019-01-31,149.50563010131452,2.8563506284842615,26.14844583794442,-5.892426567743229,BPAT
2019-02-01,149.51158953379172,0.6837597995938105,25.869748093324908,-10.306097426710409,BPAT
2019-02-02,149.51754896626886,-5.339454285990726,25.574700020168596,-13.74079470044677,BPAT
2019-02-03,149.52350839874606,-6.107786609798561,25.263604418440693,2.0116737926118446,BPAT
2019-02-04,149.5294678312232,1.5957342279133258,24.936778873042698,26.237019067820796,BPAT
2019-02-05,149.5354272637004,3.197706216808425,24.594555392905704,27.44231112658551,BPAT
2019-02-06,149.54138669617754,3.1034737091977447,24.23728003425276,26.84085956037191,BPAT
2019-02-07,149.54734612865474,2.8563506284842615,23.86531250847129,28.664990734389704,BPAT
2019-02-08,149.55330556113194,0.6837597995938105,23.479025775054595,28.135908864219715,BPAT
2019-02-09,149.55926499360908,-5.339454285990726,23.078805620088577,32.22038367229305,BPAT
2019-02-10,149.56522442608627,-6.107786609798561,22.665050220776877,36.69851196293541,BPAT
2019-02-11,149.57118385856342,1.5957342279133258,22.238169696513353,25.505912217009893,BPAT
2019-02-12,149.5771432910406,3.197706216808425,21.79858564702685,14.488564845124131,BPAT
2019-02-13,149.5831027235178,3.1034737091977447,21.346730678137767,10.904692889146673,BPAT
2019-02-14,149.58906215599495,2.8563506284842615,20.883047915680486,17.526539299840266,BPAT
2019-02-15,149.59502158847215,0.6837597995938105,20.407990508159287,10.86722810377475,BPAT
2019-02-16,149.6009810209493,-5.339454285990726,19.922021118718337,12.45745214632305,BPAT
2019-02-17,149.6069404534265,-6.107786609798561,19.425611407018692,9.346234749353357,BPAT
2019-02-18,149.6128998859037,1.5957342279133258,18.91924150162683,16.321124384556214,BPAT
2019-02-19,149.61885931838083,3.197706216808425,18.40339946353007,17.87103500128069,BPAT
2019-02-20,149.62481875085803,3.1034737091977447,17.878580741404587,13.688126798539628,BPAT
2019-02-21,149.63077818333517,2.8563506284842615,17.34528761927076,16.49158356890979,BPAT
2019-02-22,149.63673761581236,0.6837597995938105,16.804028657179785,25.050473927414032,BPAT
2019-02-23,149.64269704828956,-5.339454285990726,16.25531812558298,15.73343911211822,BPAT
2019-02-24,149.6486564807667,-6.107786609798561,15.699675434042499,22.298454694989317,BPAT
2019-02-25,149.6546159132439,1.5957342279133258,15.137624554948692,25.82502530389408,BPAT
2019-02-26,149.66057534572104,3.197706216808425,14.569693442914609,28.930024994555936,BPAT
2019-02-27,149.66653477819824,3.1034737091977447,13.996413450523294,31.267578062080702,BPAT
2019-02-28,149.67249421067538,2.8563506284842615,13.418318741107317,21.699836419733003,BPAT
2019-03-01,149.67845364315258,0.6837597995938105,12.83594569924312,19.225840858010514,BPAT
2019-03-02,149.68441307562978,-5.339454285990726,12.249832339645454,21.72020887071551,BPAT
2019-03-03,149.69037250810692,-6.107786609798561,11.660517715148433,23.039896386543177,BPAT
2019-03-04,149.69633194058412,1.5957342279133258,11.06854132446066,29.53039250704188,BPAT
2019-03-05,149.70229137306126,3.197706216808425,10.47444252038199,31.415559889748323,BPAT
2019-03-06,149.70825080553846,3.1034737091977447,9.878759919168358,36.39551556609544,BPAT
2019-03-07,149.71421023801565,2.8563506284842615,9.282030811729637,24.30340832177049,BPAT
2019-03-08,149.7201696704928,0.6837597995938105,8.684790577343186,25.801279952570155,BPAT
2019-03-09,149.72612910297,-5.339454285990726,8.08757210056196,24.914753082458788,BPAT
2019-03-10,149.73208853544713,-6.107786609798561,7.490905191992755,16.50779288235867,BPAT
2019-03-11,149.73804796792433,1.5957342279133258,6.8953160136146385,21.169901790547698,BPAT
2019-03-12,149.74400740040153,3.197706216808425,6.301326509302252,15.76295987348783,BPAT
2019-03-13,149.74996683287867,3.1034737091977447,5.709453841212479,8.393105616711097,BPAT
2019-03-14,149.75592626535587,2.8563506284842615,5.120209832685139,8.025513273474758,BPAT
2019-03-15,149.761885697833,0.6837597995938105,4.534100418301215,1.6052540842719338,BPAT
2019-03-16,149.7678451303102,-5.339454285990726,3.9516251017327004,-0.8570159460522007,BPAT
2019-03-17,149.7738045627874,-6.107786609798561,3.373276422009078,-3.377294374997888,BPAT
2019-03-18,149.77976399526455,1.5957342279133258,2.7995394288151694,-8.320037651993061,BPAT
2019-03-19,149.78572342774174,3.197706216808425,2.2308911674240726,-13.414320811974193,BPAT
2019-03-20,149.79168286021888,3.1034737091977447,1.6678001738573816,-17.364956743274035,BPAT
2019-03-21,149.79764229269608,2.8563506284842615,1.110725980852541,-16.08971890203287,BPAT
2019-03-22,149.80360172517322,0.6837597995938105,0.5601186352040424,-6.0294801599710866,BPAT
2019-03-23,149.80956115765042,-5.339454285990726,0.016418227031797628,-7.424525098691504,BPAT
2019-03-24,149.81552059012762,-6.107786609798561,-0.5199455684847267,-4.4057884118442985,BPAT
2019-03-25,149.82148002260476,1.5957342279133258,-1.0485539363824934,0.8383396858643835,BPAT
2019-03-26,149.82743945508196,3.197706216808425,-1.5689993536929627,-5.7541463181973995,BPAT
2019-03-27,149.8333988875591,3.1034737091977447,-2.0808860072299344,1.3000134104730705,BPAT
2019-03-28,149.8393583200363,2.8563506284842615,-2.583830196911803,-4.900878751608758,BPAT
2019-03-29,149.8453177525135,0.6837597995938105,-3.0774607241602565,-5.027616827947043,BPAT
2019-03-30,149.85127718499064,-5.339454285990726,-3.561419264935016,-5.281403634064901,BPAT
2019-03-31,149.85723661746783,-6.107786609798561,-4.035360726982833,-8.405089280686411,BPAT
2019-04-01,149.86319604994497,1.5957342279133258,-4.498953590897713,-10.512976686960599,BPAT
2019-04-02,149.86915548242217,3.197706216808425,-4.9518802346084785,-12.496981464622138,BPAT
2019-04-03,149.87511491489937,3.1034737091977447,-5.393837240929901,-9.869751383167198,BPAT
2019-04-04,149.8810743473765,2.8563506284842615,-5.82453568783349,-7.918889288027287,BPAT
2019-04-05,149.8870337798537,0.6837597995938105,-6.24370142111481,-3.7030921583327086,BPAT
2019-04-06,149.89299321233085,-5.339454285990726,-6.651075309155111,3.2455363828149757,BPAT
2019-04-07,149.89895264480805,-6.107786609798561,-7.046413479496357,3.908247444486875,BPAT
2019-04-08,149.9049120772852,1.5957342279133258,-7.429487536970375,-0.3621587682281415,BPAT
2019-04-09,149.9108715097624,3.197706216808425,-7.800084763144907,1.484507036574115,BPAT
2019-04-10,149.91683094223959,3.1034737091977447,-8.158008296871333,6.894703645434049,BPAT
2019-04-11,149.92279037471673,2.8563506284842615,-8.503077295741628,5.207936292540637,BPAT
2019-04-12,149.92874980719392,0.6837597995938105,-8.835127078284472,-0.9203825285032394,BPAT
2019-04-13,149.93470923967107,-5.339454285990726,-9.154009246753535,7.809754293073155,BPAT
2019-04-14,149.94066867214826,-6.107786609798561,-9.459591790384,10.836709728034293,BPAT
2019-04-15,149.94662810462546,1.5957342279133258,-9.751759169016392,7.066396836477622,BPAT
2019-04-16,149.9525875371026,3.197706216808425,-10.030412377010423,0.026118623099392835,BPAT
2019-04-17,149.9585469695798,3.1034737091977447,-10.295468987394571,-6.7405516913829615,BPAT
2019-04-18,149.96450640205694,2.8563506284842615,-10.546863176220874,-7.528993854320362,BPAT
2019-04-19,149.97046583453414,0.6837597995938105,-10.784545727117713,-6.121679907010247,BPAT
2019-04-20,149.97642526701134,-5.339454285990726,-11.008484016056928,-2.9004869649636476,BPAT
2019-04-21,149.98238469948848,-6.107786609798561,-11.218661976375035,-3.584936113314882,BPAT
2019-04-22,149.98834413196568,1.5957342279133258,-11.415080044111749,1.4810016842327798,BPAT
2019-04-23,149.99430356444282,3.197706216808425,-11.597755083752228,-1.0092546974989887,BPAT
2019-04-24,150.00026299692001,3.1034737091977447,-11.76672029448287,-2.379016411634865,BPAT
2019-04-25,150.0062224293972,2.8563506284842615,-11.922025097093325,0.693452039211877,BPAT
2019-04-26,150.01218186187435,0.6837597995938105,-12.06373500168053,0.6637933402123508,BPAT
2019-04-27,150.01814129435155,-5.339454285990726,-12.19193145633312,6.127244447972316,BPAT
2019-04-28,150.0241007268287,-6.107786609798561,-12.306711676997176,6.798397559967015,BPAT
2019-04-29,150.0300601593059,1.5957342279133258,-12.408188458746457,2.173394071527241,BPAT
2019-04-30,150.03601959178303,3.197706216808425,-12.496489968702349,0.510764160110881,BPAT
2019-05-01,150.04197902426023,3.1034737091977447,-12.571759520870346,0.5123067874123706,BPAT
2019-05-02,150.04793845673743,2.8563506284842615,-12.63415533318133,1.550866247959675,BPAT
2019-05-03,150.05389788921457,0.6837597995938105,-12.683850267046916,0.5201925782385217,BPAT
2019-05-04,150.05985732169177,-5.339454285990726,-12.721031549758742,-1.804371485942312,BPAT
2019-05-05,150.0658167541689,-6.107786609798561,-12.745900480081904,-3.5291296642884475,BPAT
2019-05-06,150.0717761866461,1.5957342279133258,-12.758672117412514,-2.493838297146908,BPAT
2019-05-07,150.0777356191233,3.197706216808425,-12.759574954888782,-2.96186688104288,BPAT
2019-05-08,150.08369505160044,3.1034737091977447,-12.748850576863905,-3.071318183934295,BPAT
2019-05-09,150.08965448407764,2.8563506284842615,-12.726753301167538,-0.49825181139436836,BPAT
2019-05-10,150.09561391655478,0.6837597995938105,-12.69354980660048,1.6071760904518726,BPAT
2019-05-11,150.10157334903198,-5.339454285990726,-12.649518746124597,1.1163996830833867,BPAT
2019-05-12,150.10753278150918,-6.107786609798561,-12.59495034622697,0.5882041745163633,BPAT
2019-05-13,150.11349221398632,1.5957342279133258,-12.530145992953242,-0.46808044894640943,BPAT
2019-05-14,150.11945164646352,3.197706216808425,-12.455417805121144,0.7122599418492257,BPAT
2019-05-15,150.12541107894066,3.1034737091977447,-12.371088195239947,0.3132034071015255,BPAT
2019-05-16,150.13137051141786,2.8563506284842615,-12.277489418676222,-1.5492317212258797,BPAT
2019-05-17,150.13732994389505,0.6837597995938105,-12.174963111619954,-0.9131266318688631,BPAT
2019-05-18,150.1432893763722,-5.339454285990726,-12.06385981841818,-2.6669752719633095,BPAT
2019-05-19,150.1492488088494,-6.107786609798561,-11.944538508855906,-1.433923690194888,BPAT
2019-05-20,150.15520824132653,1.5957342279133258,-11.817366085975621,-0.3025763832642667,BPAT
2019-05-21,150.16116767380373,3.197706216808425,-11.682716885037854,-3.295157005574282,BPAT
2019-05-22,150.16712710628087,3.1034737091977447,-11.540972164235663,-5.693628651242989,BPAT
2019-05-23,150.17308653875807,2.8563506284842615,-11.392519587785287,-4.2529175794570335,BPAT
2019-05-24,150.17904597123527,0.6837597995938105,-11.237752702024272,-1.9490530688048011,BPAT
2019-05-25,150.1850054037124,-5.339454285990726,-11.077070405156446,1.3855192874347608,BPAT
2019-05-26,150.1909648361896,-6.107786609798561,-10.910876411290294,-1.7553018151007507,BPAT
2019-05-27,150.19692426866675,1.5957342279133258,-10.73957870942413,-11.261079787155978,BPAT
2019-05-28,150.20288370114395,3.197706216808425,-10.563589018036929,-5.225000899915443,BPAT
2019-05-29,150.20884313362114,3.1034737091977447,-10.383322235948981,-2.8399946068698796,BPAT
2019-05-30,150.21480256609829,2.8563506284842615,-10.199195890120594,-2.093957304461952,BPAT
2019-05-31,150.22076199857548,0.6837597995938105,-10.011629581060422,1.2901077828911696,BPAT
2019-06-01,150.22672143105262,-5.339454285990726,-9.821044426517865,3.3977772814559444,BPAT
2019-06-02,150.23268086352982,-6.107786609798561,-9.627862504135399,3.859968250404137,BPAT
2019-06-03,150.23864029600702,1.5957342279133258,-9.43250629373821,3.1191317698178693,BPAT
2019-06-04,150.24459972848416,3.197706216808425,-9.235398119938178,2.9260921746456177,BPAT
2019-06-05,150.25055916096136,3.1034737091977447,-9.036959595729092,1.0219267255700117,BPAT
2019-06-06,150.2565185934385,2.8563506284842615,-8.837611067748282,-0.7722581541745228,BPAT
2019-06-07,150.2624780259157,0.6837597995938105,-8.637771063877734,1.8515332383682335,BPAT
2019-06-08,150.26843745839284,-5.339454285990726,-8.437855743854808,-1.34712742854731,BPAT
2019-06-09,150.27439689087004,-6.107786609798561,-8.238278353558702,0.8916680724871924,BPAT
2019-06-10,150.28035632334723,1.5957342279133258,-8.039448683634337,4.628358132373791,BPAT
2019-06-11,150.28631575582438,3.197706216808425,-7.841772533109897,11.234750560477124,BPAT
2019-06-12,150.29227518830157,3.1034737091977447,-7.645651178658057,14.68490228115877,BPAT
2019-06-13,150.29823462077871,2.8563506284842615,-7.451480850143945,11.518895600880938,BPAT
2019-06-14,150.3041940532559,0.6837597995938105,-7.25965221309534,3.7346983602456305,BPAT
2019-06-15,150.3101534857331,-5.339454285990726,-7.070549858721891,2.2348506589794965,BPAT
2019-06-16,150.31611291821025,-6.107786609798561,-6.884551802101141,1.5402254936894337,BPAT
2019-06-17,150.32207235068745,1.5957342279133258,-6.702028989138965,3.774222410538215,BPAT
2019-06-18,150.3280317831646,3.197706216808425,-6.523344812901629,2.672606812928592,BPAT
2019-06-19,150.3339912156418,3.1034737091977447,-6.34885463990501,-0.4656102849345416,BPAT
2019-06-20,150.339950648119,2.8563506284842615,-6.1789053469346085,-2.3203959296686207,BPAT
2019-06-21,150.34591008059613,0.6837597995938105,-6.013834868957139,-2.3998350112327955,BPAT
2019-06-22,150.35186951307332,-5.339454285990726,-5.853971758671133,-2.798443468411449,BPAT
2019-06-23,150.35782894555047,-6.107786609798561,-5.699634758229699,-3.8284075775222277,BPAT
2019-06-24,150.36378837802766,1.5957342279133258,-5.5511323836541795,-4.880390222286792,BPAT
2019-06-25,150.36974781050486,3.197706216808425,-5.4087625224417675,-5.899691504871498,BPAT
2019-06-26,150.375707242982,3.1034737091977447,-5.2728120448544855,-8.014368907325263,BPAT
2019-06-27,150.3816666754592,2.8563506284842615,-5.143556429360203,-9.376460874583245,BPAT
2019-06-28,150.38762610793634,0.6837597995938105,-5.021259402679416,-8.420126504850742,BPAT
2019-06-29,150.39358554041354,-5.339454285990726,-4.906172594873857,-6.804958659548959,BPAT
2019-06-30,150.39954497289068,-6.107786609798561,-4.7985352098948475,-1.604223153197296,BPAT
2019-07-01,150.40550440536788,1.5957342279133258,-4.698573711990705,-2.195664921290529,BPAT
2019-07-02,150.41146383784508,3.197706216808425,-4.606501528353343,-6.2106685263001395,BPAT
2019-07-03,150.41742327032222,3.1034737091977447,-4.522518768364718,-6.901378211155247,BPAT
2019-07-04,150.42338270279942,2.8563506284842615,-4.446811959783739,-14.388921371499947,BPAT
2019-07-05,150.42934213527656,0.6837597995938105,-4.3795538021938425,-9.752548132676566,BPAT
2019-07-06,150.43530156775375,-5.339454285990726,-4.320902938010698,-5.379944343752328,BPAT
2019-07-07,150.44126100023095,-6.107786609798561,-4.271003741328357,-5.600470649104011,BPAT
2019-07-08,150.4472204327081,1.5957342279133258,-4.229986124860624,-4.571968535760789,BPAT
2019-07-09,150.4531798651853,3.197706216808425,-4.19796536521282,-5.555920716780861,BPAT
2019-07-10,150.45913929766243,3.1034737091977447,-4.175041946696821,-3.5325710601634057,BPAT
2019-07-11,150.46509873013963,2.8563506284842615,-4.161301423880191,-0.6011479347437216,BPAT
2019-07-12,150.47105816261683,0.6837597995938105,-4.156814303037486,2.0429963408268748,BPAT
2019-07-13,150.47701759509397,-5.339454285990726,-4.161635942649185,1.8030726335459235,BPAT
2019-07-14,150.48297702757117,-6.107786609798561,-4.175806473070802,0.5356160552982487,BPAT
2019-07-15,150.4889364600483,1.5957342279133258,-4.199350735471551,-0.801319952490104,BPAT
2019-07-16,150.4948958925255,3.197706216808425,-4.232278240118972,-0.14832386921492002,BPAT
2019-07-17,150.50085532500265,3.1034737091977447,-4.274583144062394,-1.5867458901380473,BPAT
2019-07-18,150.50681475747984,2.8563506284842615,-4.326244248245051,-2.190921137719073,BPAT
2019-07-19,150.51277418995704,0.6837597995938105,-4.387225014051087,-5.807308975499723,BPAT
2019-07-20,150.51873362243418,-5.339454285990726,-4.457473599270417,-3.3908057371730536,BPAT
2019-07-21,150.52469305491138,-6.107786609798561,-4.536922913441042,-0.2069835316717672,BPAT
2019-07-22,150.53065248738852,1.5957342279133258,-4.625490692505098,3.1211039772032336,BPAT
2019-07-23,150.53661191986572,3.197706216808425,-4.723079592691637,1.0467614560174923,BPAT
2019-07-24,150.54257135234292,3.1034737091977447,-4.8295773035161425,-2.786467758024486,BPAT
2019-07-25,150.54853078482006,2.8563506284842615,-4.944856679763596,3.463975266459272,BPAT
2019-07-26,150.55449021729726,0.6837597995938105,-5.068775892299228,8.28052587540816,BPAT
2019-07-27,150.5604496497744,-5.339454285990726,-5.201178597528325,5.559183233744619,BPAT
2019-07-28,150.5664090822516,-6.107786609798561,-5.34189412530408,1.7712716528510555,BPAT
2019-07-29,150.5723685147288,1.5957342279133258,-5.490737685060199,3.280634942418118,BPAT
2019-07-30,150.57832794720593,3.197706216808425,-5.6475105899231215,3.249476425908739,BPAT
2019-07-31,150.58428737968313,3.1034737091977447,-5.81200049853695,5.842239409656088,BPAT
2019-08-01,150.59024681216027,2.8563506284842615,-5.983981674312912,9.185384233668344,BPAT
2019-08-02,150.59620624463747,0.6837597995938105,-6.1632152617941856,9.044249217562907,BPAT
2019-08-03,150.60216567711467,-5.339454285990726,-6.349449579806276,7.68473818868236,BPAT
2019-08-04,150.6081251095918,-6.107786609798561,-6.542420431042842,7.3970819312495735,BPAT
2019-08-05,150.614084542069,1.5957342279133258,-6.741851427717137,10.417032657734808,BPAT
2019-08-06,150.62004397454615,3.197706216808425,-6.947454332889749,9.31770414153516,BPAT
2019-08-07,150.62600340702335,3.1034737091977447,-7.158929417064554,8.598452300843462,BPAT
2019-08-08,150.6319628395005,2.8563506284842615,-7.37596582962607,4.186652361641279,BPAT
2019-08-09,150.6379222719777,0.6837597995938105,-7.598241984673856,2.7625599131023364,BPAT
2019-08-10,150.64388170445488,-5.339454285990726,-7.825425960791852,-0.36300145767225445,BPAT
2019-08-11,150.64984113693203,-6.107786609798561,-8.057175914273872,-3.0828786128596164,BPAT
2019-08-12,150.65580056940922,1.5957342279133258,-8.293140505310149,-0.34739429201241023,BPAT
2019-08-13,150.66176000188636,3.197706216808425,-8.532959336624103,5.232493117929323,BPAT
2019-08-14,150.66771943436356,3.1034737091977447,-8.776263404033473,7.710070260472179,BPAT
2019-08-15,150.67367886684076,2.8563506284842615,-9.022675558395349,6.38964606307033,BPAT
2019-08-16,150.6796382993179,0.6837597995938105,-9.27181097838097,3.6054128794692417,BPAT
2019-08-17,150.6855977317951,-5.339454285990726,-9.523277653512869,0.19513420770852008,BPAT
2019-08-18,150.69155716427224,-6.107786609798561,-9.776676876884608,-0.2490936775890873,BPAT
2019-08-19,150.69751659674944,1.5957342279133258,-10.03160374697116,3.9373529223084063,BPAT
2019-08-20,150.70347602922664,3.197706216808425,-10.287647677927534,4.568465431892491,BPAT
2019-08-21,150.70943546170378,3.1034737091977447,-10.544392917762117,3.8794837468605863,BPAT
2019-08-22,150.71539489418097,2.8563506284842615,-10.80141907376213,0.9406735510969213,BPAT
2019-08-23,150.72135432665812,0.6837597995938105,-11.058301644539302,1.719187518287356,BPAT
2019-08-24,150.7273137591353,-5.339454285990726,-11.31461255805605,3.442753084911459,BPAT
2019-08-25,150.7332731916125,-6.107786609798561,-11.56992071498452,1.1624341331705637,BPAT
2019-08-26,150.73923262408965,1.5957342279133258,-11.823792536744815,3.099825684741802,BPAT
2019-08-27,150.74519205656685,3.197706216808425,-12.075792517562476,7.428894244187234,BPAT
2019-08-28,150.751151489044,3.1034737091977447,-12.325483779880207,8.996858581638463,BPAT
2019-08-29,150.7571109215212,2.8563506284842615,-12.57242863245478,5.720967082449334,BPAT
2019-08-30,150.76307035399833,0.6837597995938105,-12.816189130466437,6.2423589768742715,BPAT
2019-08-31,150.76902978647553,-5.339454285990726,-13.056327636965243,5.2297521364804425,BPAT
2019-09-01,150.77498921895273,-6.107786609798561,-13.292407384977402,3.334204775823281,BPAT
2019-09-02,150.78094865142987,1.5957342279133258,-13.52399303959279,-1.971689839750411,BPAT
2019-09-03,150.78690808390706,3.197706216808425,-13.750651259355529,4.1840369586400925,BPAT
2019-09-04,150.7928675163842,3.1034737091977447,-13.971951256279088,5.972610030697098,BPAT
2019-09-05,150.7988269488614,2.8563506284842615,-14.187465353809415,4.513287776463727,BPAT
2019-09-06,150.8047863813386,0.6837597995938105,-14.39676954206142,6.1432233611290314,BPAT
2019-09-07,150.81074581381574,-5.339454285990726,-14.599444029656976,1.6411525018319537,BPAT
2019-09-08,150.81670524629294,-6.107786609798561,-14.795073791496732,0.3561551550023978,BPAT
2019-09-09,150.82266467877008,1.5957342279133258,-14.98324911180219,-2.7541497948812435,BPAT
2019-09-10,150.82862411124728,3.197706216808425,-15.163566121770058,-4.351764206285651,BPAT
2019-09-11,150.83458354372448,3.1034737091977447,-15.335627331186798,-3.599429921735407,BPAT
2019-09-12,150.84054297620162,2.8563506284842615,-15.499042153358474,-0.3138514513274515,BPAT
2019-09-13,150.84650240867882,0.6837597995938105,-15.653427422718382,1.7321652144457573,BPAT
2019-09-14,150.85246184115596,-5.339454285990726,-15.798407904483422,-1.5585996506818276,BPAT
2019-09-15,150.85842127363316,-6.107786609798561,-15.933616795739507,-1.3100178680950592,BPAT
2019-09-16,150.8643807061103,1.5957342279133258,-16.058696217345997,-6.3814187166776435,BPAT
2019-09-17,150.8703401385875,3.197706216808425,-16.173297696059805,-6.126748659336073,BPAT
2019-09-18,150.8762995710647,3.1034737091977447,-16.277082636291404,-7.506690643971012,BPAT
2019-09-19,150.88225900354183,2.8563506284842615,-16.36972278091656,-8.394886851109561,BPAT
2019-09-20,150.88821843601903,0.6837597995938105,-16.450900660580896,-7.474077575031927,BPAT
2019-09-21,150.89417786849617,-5.339454285990726,-16.520310030947268,-8.1084135515582,BPAT
2019-09-22,150.90013730097337,-6.107786609798561,-16.57765629735041,-6.6796943938244056,BPAT
2019-09-23,150.90609673345057,1.5957342279133258,-16.622656926337733,-5.871174035026144,BPAT
2019-09-24,150.9120561659277,3.197706216808425,-16.65504184359064,-3.541720539145473,BPAT
2019-09-25,150.9180155984049,3.1034737091977447,-16.674553817736566,-4.041935489866063,BPAT
2019-09-26,150.92397503088205,2.8563506284842615,-16.680948829578472,-2.3003768297878366,BPAT
2019-09-27,150.92993446335925,0.6837597995938105,-16.673996426285658,-1.5296978366673954,BPAT
2019-09-28,150.93589389583644,-5.339454285990726,-16.653480060107295,3.553040450261591,BPAT
2019-09-29,150.94185332831358,-6.107786609798561,-16.619197411188285,10.195130692673246,BPAT
2019-09-30,150.94781276079078,1.5957342279133258,-16.57096069408569,7.9814137053816125,BPAT
2019-10-01,150.95377219326792,3.197706216808425,-16.50859694760309,5.499118537526698,BPAT
2019-10-02,150.95973162574512,3.1034737091977447,-16.431948307579837,5.784742972636991,BPAT
2019-10-03,150.96569105822232,2.8563506284842615,-16.340872262292194,1.8998305755856109,BPAT
2019-10-04,150.97165049069946,0.6837597995938105,-16.235241890143797,4.572831599850531,BPAT
2019-10-05,150.97760992317666,-5.339454285990726,-16.114946079343696,3.055790442157786,BPAT
2019-10-06,150.9835693556538,-6.107786609798561,-15.979889729291312,2.98210698343604,BPAT
2019-10-07,150.989528788131,1.5957342279133258,-15.829993933409504,4.249730917365184,BPAT
2019-10-08,150.99548822060814,3.197706216808425,-15.665196143188302,3.871001705771704,BPAT
2019-10-09,151.00144765308534,3.1034737091977447,-15.485450313224417,12.497528950941302,BPAT
2019-10-10,151.00740708556253,2.8563506284842615,-15.290727027063754,15.742969313016971,BPAT
2019-10-11,151.01336651803967,0.6837597995938105,-15.08101360367694,10.61788728604347,BPAT
2019-10-12,151.01932595051687,-5.339454285990726,-14.856314184420572,8.087442519894466,BPAT
2019-10-13,151.025285382994,-6.107786609798561,-14.616649800359992,-0.18584897283548685,BPAT
2019-10-14,151.0312448154712,1.5957342279133258,-14.362058419852634,0.6370793764680798,BPAT
2019-10-15,151.0372042479484,3.197706216808425,-14.092594976313942,3.386684511557121,BPAT
2019-10-16,151.04316368042555,3.1034737091977447,-13.808331376111783,1.629693986488462,BPAT
2019-10-17,151.04912311290275,2.8563506284842615,-13.509356486558175,3.397882745171188,BPAT
2019-10-18,151.0550825453799,0.6837597995938105,-13.195776103991003,5.834933759017247,BPAT
2019-10-19,151.0610419778571,-5.339454285990726,-12.867712901961973,8.352125210095636,BPAT
2019-10-20,151.06700141033429,-6.107786609798561,-12.525306359570124,7.845091559034415,BPAT
2019-10-21,151.07296084281143,1.5957342279133258,-12.168712670004094,2.786017599279319,BPAT
2019-10-22,151.07892027528862,3.197706216808425,-11.798104629379871,-4.974521862717154,BPAT
2019-10-23,151.08487970776577,3.1034737091977447,-11.413671505983075,-0.986681910980451,BPAT
2019-10-24,151.09083914024296,2.8563506284842615,-11.015618890049652,0.4404291213224383,BPAT
2019-10-25,151.09679857272016,0.6837597995938105,-10.604168524240034,1.0986101519260956,BPAT
2019-10-26,151.1027580051973,-5.339454285990726,-10.179558114986317,6.825254395779723,BPAT
2019-10-27,151.1087174376745,-6.107786609798561,-9.742041124913353,13.218110297037413,BPAT
2019-10-28,151.11467687015164,1.5957342279133258,-9.291886546557844,19.20247544849289,BPAT
2019-10-29,151.12063630262884,3.197706216808425,-8.829378657631622,25.771036138194376,BPAT
2019-10-30,151.12659573510598,3.1034737091977447,-8.35481675809661,29.670747313792845,BPAT
2019-10-31,151.13255516758318,2.8563506284842615,-7.868514889341085,23.03960909327364,BPAT
2019-11-01,151.13851460006038,0.6837597995938105,-7.370801535768093,19.525527136113936,BPAT
2019-11-02,151.14447403253752,-5.339454285990726,-6.862019309127113,13.2589995625803,BPAT
2019-11-03,151.15043346501471,-6.107786609798561,-6.342524615941301,16.30087776072517,BPAT
2019-11-04,151.15639289749186,1.5957342279133258,-5.81268730840204,7.47856018299683,BPAT
2019-11-05,151.16235232996905,3.197706216808425,-5.272890319122955,7.501831772345497,BPAT
2019-11-06,151.16831176244625,3.1034737091977447,-4.723529280163656,7.201743808519694,BPAT
2019-11-07,151.1742711949234,2.8563506284842615,-4.165012126753029,9.933390303345362,BPAT
2019-11-08,151.1802306274006,0.6837597995938105,-3.5977586861600166,10.11876825916562,BPAT
2019-11-09,151.18619005987773,-5.339454285990726,-3.022200252176809,4.171464478289806,BPAT
2019-11-10,151.19214949235493,-6.107786609798561,-2.4387791456971755,-2.773583736859166,BPAT
2019-11-11,151.19810892483213,1.5957342279133258,-1.8479482618892717,-0.8128948908561426,BPAT
2019-11-12,151.20406835730927,3.197706216808425,-1.2501706044774128,3.2693960303597294,BPAT
2019-11-13,151.21002778978647,3.1034737091977447,-0.6459188076636941,-3.0605826913204908,BPAT
2019-11-14,151.2159872222636,2.8563506284842615,-0.03567464623421834,-2.6276632045136807,BPAT
2019-11-15,151.2219466547408,0.6837597995938105,0.5800714655902848,-3.254777919924919,BPAT
2019-11-16,151.22790608721795,-5.339454285990726,1.2008209859873382,-4.103272787214593,BPAT
2019-11-17,151.23386551969514,-6.107786609798561,1.8260677674633268,-6.832146677359901,BPAT
2019-11-18,151.23982495217234,1.5957342279133258,2.455298588283954,-6.324857768369583,BPAT
2019-11-19,151.24578438464948,3.197706216808425,3.0879936927963083,-5.150484294254227,BPAT
2019-11-20,151.25174381712668,3.1034737091977447,3.723627340022011,2.196155133653548,BPAT
2019-11-21,151.25770324960382,2.8563506284842615,4.361668359892569,12.474277762019312,BPAT
2019-11-22,151.26366268208102,0.6837597995938105,5.001580716487853,19.74599680183732,BPAT
2019-11-23,151.26962211455822,-5.339454285990726,5.6428240776301255,17.379008093802412,BPAT
2019-11-24,151.27558154703536,-6.107786609798561,6.284854390179191,4.751350672584039,BPAT
2019-11-25,151.28154097951256,1.5957342279133258,6.927124460366608,8.506600332207512,BPAT
2019-11-26,151.2875004119897,3.197706216808425,7.569084538500224,19.91670883270166,BPAT
2019-11-27,151.2934598444669,3.1034737091977447,8.210182907367292,20.145883538968036,BPAT
2019-11-28,151.2994192769441,2.8563506284842615,8.849866473655718,13.192363620915955,BPAT
2019-11-29,151.30537870942123,0.6837597995938105,9.487581361714232,22.62328012927071,BPAT
2019-11-30,151.31133814189843,-5.339454285990726,10.122773508965006,32.937342635127294,BPAT
2019-12-01,151.31729757437557,-6.107786609798561,10.754889262282207,25.045599773140765,BPAT
2019-12-02,151.32325700685277,1.5957342279133258,11.383375974648807,14.555632790585094,BPAT
2019-12-03,151.32921643932997,3.197706216808425,12.007682601401697,9.308394742459939,BPAT
2019-12-04,151.3351758718071,3.1034737091977447,12.627260295377937,2.2450901236171887,BPAT
2019-12-05,151.3411353042843,2.8563506284842615,13.241563000273079,-0.4450489330416474,BPAT
2019-12-06,151.34709473676145,0.6837597995938105,13.850048041527335,-0.19690257788258236,BPAT
2019-12-07,151.35305416923865,-5.339454285990726,14.452176714055444,-2.84577659730337,BPAT
2019-12-08,151.3590136017158,-6.107786609798561,15.047414866141809,-9.04764185805908,BPAT
2019-12-09,151.36497303419299,1.5957342279133258,15.635233478824782,-2.238940740931099,BPAT
2019-12-10,151.37093246667018,3.197706216808425,16.21510924010057,5.863252076420849,BPAT
2019-12-11,151.37689189914732,3.1034737091977447,16.786525113282625,0.7441092783722922,BPAT
2019-12-12,151.38285133162452,2.8563506284842615,17.348970898858067,-4.189172858966828,BPAT
2019-12-13,151.38881076410166,0.6837597995938105,17.90194378919214,-3.9275143528876413,BPAT
2019-12-14,151.39477019657886,-5.339454285990726,18.444948915437603,2.827735173974247,BPAT
2019-12-15,151.40072962905606,-6.107786609798561,18.977499886017,6.636557094725532,BPAT
2019-12-16,151.4066890615332,1.5957342279133258,19.499119316053502,7.594457394499955,BPAT
2019-12-17,151.4126484940104,3.197706216808425,20.009339347138358,11.84330594204286,BPAT
2019-12-18,151.41860792648754,3.1034737091977447,20.507702156832043,9.147216207482671,BPAT
2019-12-19,151.42456735896474,2.8563506284842615,20.99376045731053,3.099321555240465,BPAT
2019-12-20,151.43052679144193,0.6837597995938105,21.467077982577834,-12.664364573613568,BPAT
2019-12-21,151.43648622391908,-5.339454285990726,21.927229963681796,-12.542261901610146,BPAT
2019-12-22,151.44244565639627,-6.107786609798561,22.373803591382345,-8.188462637980052,BPAT
2019-12-23,151.44840508887341,1.5957342279133258,22.806398465736187,-9.018537782522941,BPAT
2019-12-24,151.4543645213506,3.197706216808425,23.224627032078423,-3.73469777023746,BPAT
2019-12-25,151.4603239538278,3.1034737091977447,23.628115002894667,-13.059912665920194,BPAT
2019-12-26,151.46628338630495,2.8563506284842615,24.016501765097,2.2718642201137698,BPAT
2019-12-27,151.47224281878215,0.6837597995938105,24.389440772230845,1.2905566093932066,BPAT
2019-12-28,151.4782022512593,-5.339454285990726,24.746599921159785,-2.507347886428363,BPAT
2019-12-29,151.4841616837365,-6.107786609798561,25.087661912791724,-6.788036986729651,BPAT
2019-12-30,151.49012111621363,1.5957342279133258,25.41232459642942,-9.232179940556392,BPAT
2019-12-31,151.49608054869083,3.197706216808425,25.720301297347113,-13.679088062846375,BPAT
2020-01-01,151.50203998116802,3.1034737091977447,26.081396355837533,-29.921910046203323,BPAT
2020-01-02,151.50799941364517,2.8563506284842615,26.35086368244214,-14.594213724571574,BPAT
2020-01-03,151.51395884612236,0.6837597995938105,26.60282384652977,-19.14754249224592,BPAT
2020-01-04,151.5199182785995,-5.339454285990726,26.837059195503606,-10.834523188112428,BPAT
2020-01-05,151.5258777110767,-6.107786609798561,27.05336898314711,-8.425460084425254,BPAT
2020-01-06,151.5318371435539,1.5957342279133258,27.251569584588136,-9.18214095605532,BPAT
2020-01-07,151.53779657603104,3.197706216808425,27.431494692210457,-21.45599748504992,BPAT
2020-01-08,151.54375600850824,3.1034737091977447,27.592995492286995,-8.140225209992991,BPAT
2020-01-09,151.54971544098538,2.8563506284842615,27.735940822131834,0.9319931083985011,BPAT
2020-01-10,151.55567487346258,0.6837597995938105,27.86021730759051,5.075348019353129,BPAT
2020-01-11,151.56163430593978,-5.339454285990726,27.965729480711204,-1.92690950066023,BPAT
2020-01-12,151.56759373841692,-6.107786609798561,28.052399877462342,2.775792993919282,BPAT
2020-01-13,151.57355317089412,1.5957342279133258,28.12016911538558,15.118543485806981,BPAT
2020-01-14,151.57951260337126,3.197706216808425,28.168995951096324,20.674785228723977,BPAT
2020-01-15,151.58547203584845,3.1034737091977447,28.198857317567587,18.377196937386202,BPAT
2020-01-16,151.5914314683256,2.8563506284842615,28.209748341156377,6.844469562033737,BPAT
2020-01-17,151.5973909008028,0.6837597995938105,28.201682338355624,9.925166961247754,BPAT
2020-01-18,151.60335033328,-5.339454285990726,28.174690792278028,-1.0755868395672508,BPAT
2020-01-19,151.60930976575713,-6.107786609798561,28.12882330890207,-15.579346464860663,BPAT
2020-01-20,151.61526919823433,1.5957342279133258,28.0641475531338,-13.209150979281446,BPAT
2020-01-21,151.62122863071147,3.197706216808425,27.980749164761747,-9.68268401228164,BPAT
2020-01-22,151.62718806318867,3.1034737091977447,27.87873165440537,-9.53039342679179,BPAT
2020-01-23,151.63314749566587,2.8563506284842615,27.758216279581326,-20.777714403731466,BPAT
2020-01-24,151.639106928143,0.6837597995938105,27.619341901034346,-23.126208628771195,BPAT
2020-01-25,151.6450663606202,-5.339454285990726,27.46226481950297,-22.33387689413246,BPAT
2020-01-26,151.65102579309735,-6.107786609798561,27.287158593113055,-21.03839777641184,BPAT
2020-01-27,151.65698522557454,1.5957342279133258,27.09421383561429,-14.976933289102163,BPAT
2020-01-28,151.66294465805174,3.197706216808425,26.883637995697658,-17.282288870557778,BPAT
2020-01-29,151.66890409052888,3.1034737091977447,26.655655117653403,-13.775032917380031,BPAT
2020-01-30,151.67486352300608,2.8563506284842615,26.41050558365108,-13.123719735141407,BPAT
2020-01-31,151.68082295548322,0.6837597995938105,26.14844583794442,-24.586028593021496,BPAT
2020-02-01,151.68678238796042,-5.339454285990726,25.869748093324908,-19.7480761952946,BPAT
2020-02-02,151.69274182043762,-6.107786609798561,25.574700020168596,-3.6246552308076616,BPAT
2020-02-03,151.69870125291476,1.5957342279133258,25.263604418440693,5.661960100731221,BPAT
2020-02-04,151.70466068539196,3.197706216808425,24.936778873042698,16.955854224756962,BPAT
2020-02-05,151.7106201178691,3.1034737091977447,24.594555392905704,2.618350780027413,BPAT
2020-02-06,151.7165795503463,2.8563506284842615,24.23728003425276,-11.24321021308333,BPAT
2020-02-07,151.72253898282344,0.6837597995938105,23.86531250847129,-12.922611290888568,BPAT
2020-02-08,151.72849841530063,-5.339454285990726,23.479025775054595,-4.6100699043644795,BPAT
2020-02-09,151.73445784777783,-6.107786609798561,23.078805620088577,-0.45547685806781146,BPAT
2020-02-10,151.74041728025497,1.5957342279133258,22.665050220776877,-5.1392017289451815,BPAT
2020-02-11,151.74637671273217,3.197706216808425,22.238169696513353,-2.4732526260539203,BPAT
2020-02-12,151.7523361452093,3.1034737091977447,21.79858564702685,-11.393395501433929,BPAT
2020-02-13,151.7582955776865,2.8563506284842615,21.346730678137767,-1.7153768843085402,BPAT
2020-02-14,151.7642550101637,0.6837597995938105,20.883047915680486,-3.402062725437986,BPAT
2020-02-15,151.77021444264085,-5.339454285990726,20.407990508159287,0.08724933519056322,BPAT
2020-02-16,151.77617387511805,-6.107786609798561,19.922021118718337,-4.1334083840378355,BPAT
2020-02-17,151.7821333075952,1.5957342279133258,19.425611407018692,-3.2394789425272563,BPAT
2020-02-18,151.7880927400724,3.197706216808425,18.91924150162683,3.5809595414923763,BPAT
2020-02-19,151.79405217254958,3.1034737091977447,18.40339946353007,3.0110746547226483,BPAT
2020-02-20,151.80001160502673,2.8563506284842615,17.878580741404587,-0.2819429749156086,BPAT
2020-02-21,151.80597103750392,0.6837597995938105,17.34528761927076,-0.6150184563684888,BPAT
2020-02-22,151.81193046998106,-5.339454285990726,16.804028657179785,-6.074504841170153,BPAT
2020-02-23,151.81788990245826,-6.107786609798561,16.25531812558298,-2.708421418242665,BPAT
2020-02-24,151.8238493349354,1.5957342279133258,15.699675434042499,1.1087410031087472,BPAT
2020-02-25,151.8298087674126,3.197706216808425,15.137624554948692,-0.7751395391697145,BPAT
2020-02-26,151.8357681998898,3.1034737091977447,14.569693442914609,-10.596935352002106,BPAT
2020-02-27,151.84172763236694,2.8563506284842615,13.996413450523294,-9.210491711374516,BPAT
2020-02-28,151.84768706484414,0.6837597995938105,13.418318741107317,-4.24476560554524,BPAT
2020-02-29,151.85364649732128,-5.339454285990726,12.83594569924312,1.804862089426308,BPAT
2020-03-01,151.85960592979848,-6.107786609798561,12.249832339645454,5.949348340354618,BPAT
2020-03-02,151.86556536227567,1.5957342279133258,11.660517715148433,4.9911826946625695,BPAT
2020-03-03,151.87152479475282,3.197706216808425,11.06854132446066,-8.298772336021926,BPAT
2020-03-04,151.87748422723,3.1034737091977447,10.47444252038199,-10.821400456809727,BPAT
2020-03-05,151.88344365970715,2.8563506284842615,9.878759919168358,-6.528554207359804,BPAT
2020-03-06,151.88940309218435,0.6837597995938105,9.282030811729637,-1.628193703507776,BPAT
2020-03-07,151.89536252466155,-5.339454285990726,8.684790577343186,6.5913011839859905,BPAT
2020-03-08,151.9013219571387,-6.107786609798561,8.08757210056196,1.716892552097903,BPAT
2020-03-09,151.9072813896159,1.5957342279133258,7.490905191992755,6.015079190478048,BPAT
2020-03-10,151.91324082209303,3.197706216808425,6.8953160136146385,3.958736947483885,BPAT
2020-03-11,151.91920025457023,3.1034737091977447,6.301326509302252,-2.9820004730702294,BPAT
2020-03-12,151.92515968704743,2.8563506284842615,5.709453841212479,1.7560358432558871,BPAT
2020-03-13,151.93111911952457,0.6837597995938105,5.120209832685139,15.997911248196488,BPAT
2020-03-14,151.93707855200176,-5.339454285990726,4.534100418301215,24.80227531568775,BPAT
2020-03-15,151.9430379844789,-6.107786609798561,3.9516251017327004,22.918123523586928,BPAT
2020-03-16,151.9489974169561,1.5957342279133258,3.373276422009078,9.930991933121476,BPAT
2020-03-17,151.95495684943324,3.197706216808425,2.7995394288151694,6.607797504943136,BPAT
2020-03-18,151.96091628191044,3.1034737091977447,2.2308911674240726,0.4747188414677339,BPAT
2020-03-19,151.96687571438764,2.8563506284842615,1.6678001738573816,-0.4730265167292771,BPAT
2020-03-20,151.97283514686478,0.6837597995938105,1.110725980852541,-3.7773209273111377,BPAT
2020-03-21,151.97879457934198,-5.339454285990726,0.5601186352040424,-2.964458928555274,BPAT
2020-03-22,151.98475401181912,-6.107786609798561,0.016418227031797628,-0.7183856290523636,BPAT
2020-03-23,151.99071344429632,1.5957342279133258,-0.5199455684847267,2.3414978962750865,BPAT
2020-03-24,151.99667287677352,3.197706216808425,-1.0485539363824934,8.075174842800607,BPAT
2020-03-25,152.00263230925066,3.1034737091977447,-1.5689993536929627,9.719893335244564,BPAT
2020-03-26,152.00859174172786,2.8563506284842615,-2.0808860072299344,14.466943637017835,BPAT
2020-03-27,152.014551174205,0.6837597995938105,-2.583830196911803,10.486519223112964,BPAT
2020-03-28,152.0205106066822,-5.339454285990726,-3.0774607241602565,5.480404403468782,BPAT
2020-03-29,152.0264700391594,-6.107786609798561,-3.561419264935016,0.5377358355742103,BPAT
2020-03-30,152.03242947163653,1.5957342279133258,-4.035360726982833,9.235197027432974,BPAT
2020-03-31,152.03838890411373,3.197706216808425,-4.498953590897713,12.812858469975623,BPAT
2020-04-01,152.04434833659087,3.1034737091977447,-4.9518802346084785,15.231058188819816,BPAT
2020-04-02,152.05030776906807,2.8563506284842615,-5.393837240929901,14.720178843377568,BPAT
2020-04-03,152.05626720154527,0.6837597995938105,-5.82453568783349,18.006508686694445,BPAT
2020-04-04,152.0622266340224,-5.339454285990726,-6.24370142111481,13.78392907308313,BPAT
2020-04-05,152.0681860664996,-6.107786609798561,-6.651075309155111,4.079675852454102,BPAT
2020-04-06,152.07414549897675,1.5957342279133258,-7.046413479496357,-0.40846624739373283,BPAT
2020-04-07,152.08010493145395,3.197706216808425,-7.429487536970375,-0.1363236112919708,BPAT
2020-04-08,152.0860643639311,3.1034737091977447,-7.800084763144907,-2.9484533099839325,BPAT
2020-04-09,152.09202379640828,2.8563506284842615,-8.158008296871333,-8.223366128021183,BPAT
2020-04-10,152.09798322888548,0.6837597995938105,-8.503077295741628,-9.093665732737634,BPAT
2020-04-11,152.10394266136262,-5.339454285990726,-8.835127078284472,-4.257361297087414,BPAT
2020-04-12,152.10990209383982,-6.107786609798561,-9.154009246753535,-0.4241062372877309,BPAT
2020-04-13,152.11586152631696,1.5957342279133258,-9.459591790384,0.5149960361536614,BPAT
2020-04-14,152.12182095879416,3.197706216808425,-9.751759169016392,-1.6587680065862003,BPAT
2020-04-15,152.12778039127136,3.1034737091977447,-10.030412377010423,-5.4718417234586525,BPAT
2020-04-16,152.1337398237485,2.8563506284842615,-10.295468987394571,-7.194621464838207,BPAT
2020-04-17,152.1396992562257,0.6837597995938105,-10.546863176220874,-5.030595879598621,BPAT
2020-04-18,152.14565868870284,-5.339454285990726,-10.784545727117713,-1.8386586755944165,BPAT
2020-04-19,152.15161812118004,-6.107786609798561,-11.008484016056928,-4.205347495324531,BPAT
2020-04-20,152.15757755365723,1.5957342279133258,-11.218661976375035,-4.496649805195489,BPAT
2020-04-21,152.16353698613437,3.197706216808425,-11.415080044111749,-1.6941631588310315,BPAT
2020-04-22,152.16949641861157,3.1034737091977447,-11.597755083752228,2.028784955942939,BPAT
2020-04-23,152.1754558510887,2.8563506284842615,-11.76672029448287,-1.6950861850901333,BPAT
2020-04-24,152.1814152835659,0.6837597995938105,-11.922025097093325,-3.4971499860663755,BPAT
2020-04-25,152.18737471604305,-5.339454285990726,-12.06373500168053,-1.8701854283718262,BPAT
2020-04-26,152.19333414852025,-6.107786609798561,-12.19193145633312,-1.2946160823885862,BPAT
2020-04-27,152.19929358099745,1.5957342279133258,-12.306711676997176,-1.4383161319135525,BPAT
2020-04-28,152.2052530134746,3.197706216808425,-12.408188458746457,-2.924770771536572,BPAT
2020-04-29,152.2112124459518,3.1034737091977447,-12.496489968702349,-2.0881961864471634,BPAT
2020-04-30,152.21717187842893,2.8563506284842615,-12.571759520870346,-2.406762986042878,BPAT
2020-05-01,152.22313131090613,0.6837597995938105,-12.63415533318133,-1.0357357773185925,BPAT
2020-05-02,152.22909074338332,-5.339454285990726,-12.683850267046916,1.5432138096543326,BPAT
2020-05-03,152.23505017586047,-6.107786609798561,-12.721031549758742,2.891767983696809,BPAT
2020-05-04,152.24100960833766,1.5957342279133258,-12.745900480081904,3.476156643830933,BPAT
2020-05-05,152.2469690408148,3.197706216808425,-12.758672117412514,-2.7940031402107195,BPAT
2020-05-06,152.252928473292,3.1034737091977447,-12.759574954888782,-0.9558272276009632,BPAT
2020-05-07,152.2588879057692,2.8563506284842615,-12.748850576863905,0.3386120426104924,BPAT
2020-05-08,152.26484733824634,0.6837597995938105,-12.726753301167538,-2.023853836672629,BPAT
2020-05-09,152.27080677072354,-5.339454285990726,-12.69354980660048,-1.6118026781323067,BPAT
2020-05-10,152.27676620320068,-6.107786609798561,-12.649518746124597,-1.8834608472775187,BPAT
2020-05-11,152.28272563567788,1.5957342279133258,-12.59495034622697,-3.938509517364224,BPAT
2020-05-12,152.28868506815508,3.197706216808425,-12.530145992953242,-2.13924529201023,BPAT
2020-05-13,152.29464450063222,3.1034737091977447,-12.455417805121144,-1.9487004047088305,BPAT
2020-05-14,152.30060393310941,2.8563506284842615,-12.371088195239947,-2.367866366353695,BPAT
2020-05-15,152.30656336558656,0.6837597995938105,-12.277489418676222,-2.9658337465041313,BPAT
2020-05-16,152.31252279806375,-5.339454285990726,-12.174963111619954,-2.1531054004530574,BPAT
2020-05-17,152.3184822305409,-6.107786609798561,-12.06385981841818,-5.364835802324166,BPAT
2020-05-18,152.3244416630181,1.5957342279133258,-11.944538508855906,-6.909637382075516,BPAT
2020-05-19,152.3304010954953,3.197706216808425,-11.817366085975621,-7.40874122632809,BPAT
2020-05-20,152.33636052797243,3.1034737091977447,-11.682716885037854,-6.105117352132368,BPAT
2020-05-21,152.34231996044963,2.8563506284842615,-11.540972164235663,-3.8476984246982227,BPAT
2020-05-22,152.34827939292677,0.6837597995938105,-11.392519587785287,-4.6845196047353,BPAT
2020-05-23,152.35423882540397,-5.339454285990726,-11.237752702024272,-7.187031837388986,BPAT
2020-05-24,152.36019825788117,-6.107786609798561,-11.077070405156446,-8.419341242926123,BPAT
2020-05-25,152.3661576903583,1.5957342279133258,-10.910876411290294,-12.610015506981341,BPAT
2020-05-26,152.3721171228355,3.197706216808425,-10.73957870942413,-7.397244630219774,BPAT
2020-05-27,152.37807655531265,3.1034737091977447,-10.563589018036929,-4.593961246473469,BPAT
2020-05-28,152.38403598778984,2.8563506284842615,-10.383322235948981,1.9779356196748665,BPAT
2020-05-29,152.38999542026704,0.6837597995938105,-10.199195890120594,3.8704406702597964,BPAT
2020-05-30,152.39595485274418,-5.339454285990726,-10.011629581060422,-1.894870985693018,BPAT
2020-05-31,152.40191428522138,-6.107786609798561,-9.821044426517865,-7.388083248904934,BPAT
2020-06-01,152.40787371769852,1.5957342279133258,-9.627862504135399,-4.218745441476472,BPAT
2020-06-02,152.41383315017572,3.197706216808425,-9.43250629373821,-0.45603307324591924,BPAT
2020-06-03,152.41979258265292,3.1034737091977447,-9.235398119938178,-1.3258681719124752,BPAT
2020-06-04,152.42575201513006,2.8563506284842615,-9.036959595729092,-1.5931430478852349,BPAT
2020-06-05,152.43171144760726,0.6837597995938105,-8.837611067748282,-2.925860179452769,BPAT
2020-06-06,152.4376708800844,-5.339454285990726,-8.637771063877734,-2.191445530215958,BPAT
2020-06-07,152.4436303125616,-6.107786609798561,-8.437855743854808,-2.1689879589081897,BPAT
2020-06-08,152.44958974503874,1.5957342279133258,-8.238278353558702,-4.12204561939339,BPAT
2020-06-09,152.45554917751593,3.197706216808425,-8.039448683634337,-3.927806710690021,BPAT
2020-06-10,152.46150860999313,3.1034737091977447,-7.841772533109897,-4.830209786080957,BPAT
2020-06-11,152.46746804247027,2.8563506284842615,-7.645651178658057,-5.4981674922964885,BPAT
2020-06-12,152.47342747494747,0.6837597995938105,-7.451480850143945,-6.045706424397338,BPAT
2020-06-13,152.4793869074246,-5.339454285990726,-7.25965221309534,-8.591280408338577,BPAT
2020-06-14,152.4853463399018,-6.107786609798561,-7.070549858721891,-11.492009871381384,BPAT
2020-06-15,152.491305772379,1.5957342279133258,-6.884551802101141,-10.685488198191166,BPAT
2020-06-16,152.49726520485615,3.197706216808425,-6.702028989138965,-14.23094243252558,BPAT
2020-06-17,152.50322463733335,3.1034737091977447,-6.523344812901629,-10.163353533629476,BPAT
2020-06-18,152.5091840698105,2.8563506284842615,-6.34885463990501,-5.254680058389766,BPAT
2020-06-19,152.51514350228769,0.6837597995938105,-6.1789053469346085,-1.4169979549468792,BPAT
2020-06-20,152.52110293476488,-5.339454285990726,-6.013834868957139,-3.5458137798169673,BPAT
2020-06-21,152.52706236724202,-6.107786609798561,-5.853971758671133,-3.93430399877235,BPAT
2020-06-22,152.53302179971922,1.5957342279133258,-5.699634758229699,-0.7911212694028222,BPAT
2020-06-23,152.53898123219636,3.197706216808425,-5.5511323836541795,5.1344449346493946,BPAT
2020-06-24,152.54494066467356,3.1034737091977447,-5.4087625224417675,3.72034814857048,BPAT
2020-06-25,152.5509000971507,2.8563506284842615,-5.2728120448544855,1.0325613192194965,BPAT
2020-06-26,152.5568595296279,0.6837597995938105,-5.143556429360203,5.9979371001385005,BPAT
2020-06-27,152.5628189621051,-5.339454285990726,-5.021259402679416,-5.957105273434934,BPAT
2020-06-28,152.56877839458224,-6.107786609798561,-4.906172594873857,-11.739819189909838,BPAT
2020-06-29,152.57473782705944,1.5957342279133258,-4.7985352098948475,-8.073936845077895,BPAT
2020-06-30,152.58069725953658,3.197706216808425,-4.698573711990705,-6.20582976435432,BPAT
2020-07-01,152.58665669201378,3.1034737091977447,-4.606501528353343,-7.2906288728581785,BPAT
2020-07-02,152.59261612449097,2.8563506284842615,-4.522518768364718,-6.767447984610499,BPAT
2020-07-03,152.59857555696811,0.6837597995938105,-4.446811959783739,-10.635523396778211,BPAT
2020-07-04,152.6045349894453,-5.339454285990726,-4.3795538021938425,-9.484526901260722,BPAT
2020-07-05,152.61049442192245,-6.107786609798561,-4.320902938010698,-7.569804874113231,BPAT
2020-07-06,152.61645385439965,1.5957342279133258,-4.271003741328357,-9.013184340984594,BPAT
2020-07-07,152.62241328687685,3.197706216808425,-4.229986124860624,-10.42613337882463,BPAT
2020-07-08,152.628372719354,3.1034737091977447,-4.19796536521282,-8.755881063338904,BPAT
2020-07-09,152.6343321518312,2.8563506284842615,-4.175041946696821,-7.1566408336186385,BPAT
2020-07-10,152.64029158430833,0.6837597995938105,-4.161301423880191,-2.3417499600219855,BPAT
2020-07-11,152.64625101678553,-5.339454285990726,-4.156814303037486,-1.6649824277572804,BPAT
2020-07-12,152.65221044926272,-6.107786609798561,-4.161635942649185,-3.5307878968149566,BPAT
2020-07-13,152.65816988173987,1.5957342279133258,-4.175806473070802,-3.479097636582395,BPAT
2020-07-14,152.66412931421706,3.197706216808425,-4.199350735471551,-0.7734847955538839,BPAT
2020-07-15,152.6700887466942,3.1034737091977447,-4.232278240118972,2.9787157842270346,BPAT
2020-07-16,152.6760481791714,2.8563506284842615,-4.274583144062394,5.379184336406723,BPAT
2020-07-17,152.68200761164854,0.6837597995938105,-4.326244248245051,0.8264768370026729,BPAT
2020-07-18,152.68796704412574,-5.339454285990726,-4.387225014051087,1.1477122559161046,BPAT
2020-07-19,152.69392647660294,-6.107786609798561,-4.457473599270417,5.075333732466078,BPAT
2020-07-20,152.69988590908008,1.5957342279133258,-4.536922913441042,9.543302776447604,BPAT
2020-07-21,152.70584534155728,3.197706216808425,-4.625490692505098,9.772939134139392,BPAT
2020-07-22,152.71180477403442,3.1034737091977447,-4.723079592691637,7.48180110945944,BPAT
2020-07-23,152.71776420651162,2.8563506284842615,-4.8295773035161425,1.018462468520255,BPAT
2020-07-24,152.72372363898882,0.6837597995938105,-4.944856679763596,-3.2106267588189894,BPAT
2020-07-25,152.72968307146596,-5.339454285990726,-5.068775892299228,-3.340452893176007,BPAT
2020-07-26,152.73564250394315,-6.107786609798561,-5.201178597528325,2.6383227033837215,BPAT
2020-07-27,152.7416019364203,1.5957342279133258,-5.34189412530408,8.467557960970424,BPAT
2020-07-28,152.7475613688975,3.197706216808425,-5.490737685060199,8.116470099354302,BPAT
2020-07-29,152.7535208013747,3.1034737091977447,-5.6475105899231215,8.487516079350684,BPAT
2020-07-30,152.75948023385183,2.8563506284842615,-5.81200049853695,13.335169636200874,BPAT
2020-07-31,152.76543966632903,0.6837597995938105,-5.983981674312912,13.093782208390081,BPAT
2020-08-01,152.77139909880617,-5.339454285990726,-6.1632152617941856,6.2842704489787025,BPAT
2020-08-02,152.77735853128337,-6.107786609798561,-6.349449579806276,6.096877658321461,BPAT
2020-08-03,152.78331796376057,1.5957342279133258,-6.542420431042842,4.857368239368952,BPAT
2020-08-04,152.7892773962377,3.197706216808425,-6.741851427717137,6.092867814670996,BPAT
2020-08-05,152.7952368287149,3.1034737091977447,-6.947454332889749,4.206743794977086,BPAT
2020-08-06,152.80119626119205,2.8563506284842615,-7.158929417064554,-2.298617472611795,BPAT
2020-08-07,152.80715569366924,0.6837597995938105,-7.37596582962607,-2.634949663637002,BPAT
2020-08-08,152.81311512614639,-5.339454285990726,-7.598241984673856,-0.8754188554818256,BPAT
2020-08-09,152.81907455862358,-6.107786609798561,-7.825425960791852,-2.9518619880331585,BPAT
2020-08-10,152.82503399110078,1.5957342279133258,-8.057175914273872,2.8294076952598175,BPAT
2020-08-11,152.83099342357792,3.197706216808425,-8.293140505310149,-0.36555913507621085,BPAT
2020-08-12,152.83695285605512,3.1034737091977447,-8.532959336624103,-6.538467228628718,BPAT
2020-08-13,152.84291228853226,2.8563506284842615,-8.776263404033473,-3.9139995129831107,BPAT
2020-08-14,152.84887172100946,0.6837597995938105,-9.022675558395349,2.150044037792071,BPAT
2020-08-15,152.85483115348666,-5.339454285990726,-9.27181097838097,11.820434110885031,BPAT
2020-08-16,152.8607905859638,-6.107786609798561,-9.523277653512869,15.84327367734764,BPAT
2020-08-17,152.866750018441,1.5957342279133258,-9.776676876884608,15.122192630530293,BPAT
2020-08-18,152.87270945091814,3.197706216808425,-10.03160374697116,11.290188079244615,BPAT
2020-08-19,152.87866888339533,3.1034737091977447,-10.287647677927534,8.496505085334434,BPAT
2020-08-20,152.88462831587253,2.8563506284842615,-10.544392917762117,5.9374139734053415,BPAT
2020-08-21,152.89058774834967,0.6837597995938105,-10.80141907376213,6.76407152581865,BPAT
2020-08-22,152.89654718082687,-5.339454285990726,-11.058301644539302,3.535208749703145,BPAT
2020-08-23,152.902506613304,-6.107786609798561,-11.31461255805605,1.4198925545505858,BPAT
2020-08-24,152.9084660457812,1.5957342279133258,-11.56992071498452,-0.4102795587100161,BPAT
2020-08-25,152.91442547825835,3.197706216808425,-11.823792536744815,-2.0413391583219607,BPAT
2020-08-26,152.92038491073555,3.1034737091977447,-12.075792517562476,-2.488066102370823,BPAT
2020-08-27,152.92634434321275,2.8563506284842615,-12.325483779880207,-2.7762111918167705,BPAT
2020-08-28,152.9323037756899,0.6837597995938105,-12.57242863245478,-2.446634942828922,BPAT
2020-08-29,152.9382632081671,-5.339454285990726,-12.816189130466437,-3.0656197917099064,BPAT
2020-08-30,152.94422264064423,-6.107786609798561,-13.056327636965243,-8.364108393880457,BPAT
2020-08-31,152.95018207312143,1.5957342279133258,-13.292407384977402,-6.771508916057343,BPAT
2020-09-01,152.95614150559862,3.197706216808425,-13.52399303959279,-0.9258546828142187,BPAT
2020-09-02,152.96210093807576,3.1034737091977447,-13.750651259355529,3.3360766120820244,BPAT
2020-09-03,152.96806037055296,2.8563506284842615,-13.971951256279088,1.683540257241873,BPAT
2020-09-04,152.9740198030301,0.6837597995938105,-14.187465353809415,0.21168575118545618,BPAT
2020-09-05,152.9799792355073,-5.339454285990726,-14.39676954206142,-3.0267554074551413,BPAT
2020-09-06,152.9859386679845,-6.107786609798561,-14.599444029656976,-3.2847080285289394,BPAT
2020-09-07,152.99189810046164,1.5957342279133258,-14.795073791496732,-10.807558536878219,BPAT
2020-09-08,152.99785753293884,3.197706216808425,-14.98324911180219,-15.15531463794504,BPAT
2020-09-09,153.00381696541598,3.1034737091977447,-15.163566121770058,-9.604724552843692,BPAT
2020-09-10,153.00977639789318,2.8563506284842615,-15.335627331186798,-6.022499695190618,BPAT
2020-09-11,153.01573583037037,0.6837597995938105,-15.499042153358474,-8.575453476605702,BPAT
2020-09-12,153.02169526284752,-5.339454285990726,-15.653427422718382,-9.880813554138427,BPAT
2020-09-13,153.0276546953247,-6.107786609798561,-15.798407904483422,-11.738460181042726,BPAT
2020-09-14,153.03361412780185,1.5957342279133258,-15.933616795739507,-14.309731559975688,BPAT
2020-09-15,153.03957356027905,3.197706216808425,-16.058696217345997,-15.127583559741467,BPAT
2020-09-16,153.0455329927562,3.1034737091977447,-16.173297696059805,-15.303709005894149,BPAT
2020-09-17,153.0514924252334,2.8563506284842615,-16.277082636291404,-14.043760417426242,BPAT
2020-09-18,153.0574518577106,0.6837597995938105,-16.36972278091656,-11.12648887638781,BPAT
2020-09-19,153.06341129018773,-5.339454285990726,-16.450900660580896,-11.431056343616135,BPAT
2020-09-20,153.06937072266493,-6.107786609798561,-16.520310030947268,-13.240274081919097,BPAT
2020-09-21,153.07533015514207,1.5957342279133258,-16.57765629735041,-14.252408085705028,BPAT
2020-09-22,153.08128958761927,3.197706216808425,-16.622656926337733,-13.159338878089969,BPAT
2020-09-23,153.08724902009646,3.1034737091977447,-16.65504184359064,-12.562680885703529,BPAT
2020-09-24,153.0932084525736,2.8563506284842615,-16.674553817736566,-13.004005263321304,BPAT
2020-09-25,153.0991678850508,0.6837597995938105,-16.680948829578472,-9.775978855066114,BPAT
2020-09-26,153.10512731752794,-5.339454285990726,-16.673996426285658,-10.441676605251558,BPAT
2020-09-27,153.11108675000514,-6.107786609798561,-16.653480060107295,-13.54482008009927,BPAT
2020-09-28,153.11704618248234,1.5957342279133258,-16.619197411188285,-12.284582999207373,BPAT
2020-09-29,153.12300561495948,3.197706216808425,-16.57096069408569,-10.790751137682207,BPAT
2020-09-30,153.12896504743668,3.1034737091977447,-16.50859694760309,-10.733841809031333,BPAT
2020-10-01,153.13492447991382,2.8563506284842615,-16.431948307579837,-10.205326800818256,BPAT
2020-10-02,153.14088391239102,0.6837597995938105,-16.340872262292194,-9.081771449692667,BPAT
2020-10-03,153.14684334486816,-5.339454285990726,-16.235241890143797,-9.151147168733658,BPAT
2020-10-04,153.15280277734536,-6.107786609798561,-16.114946079343696,-9.760070088203108,BPAT
2020-10-05,153.15876220982256,1.5957342279133258,-15.979889729291312,-11.050606708444533,BPAT
2020-10-06,153.1647216422997,3.197706216808425,-15.829993933409504,-10.922433925698613,BPAT
2020-10-07,153.1706810747769,3.1034737091977447,-15.665196143188302,-11.456958640786354,BPAT
2020-10-08,153.17664050725404,2.8563506284842615,-15.485450313224417,-10.905540822513927,BPAT
2020-10-09,153.18259993973123,0.6837597995938105,-15.290727027063754,-11.902632712261294,BPAT
2020-10-10,153.18855937220843,-5.339454285990726,-15.08101360367694,-9.251091482540744,BPAT
2020-10-11,153.19451880468557,-6.107786609798561,-14.856314184420572,-6.221418010466422,BPAT
2020-10-12,153.20047823716277,1.5957342279133258,-14.616649800359992,-10.927562664716106,BPAT
2020-10-13,153.2064376696399,3.197706216808425,-14.362058419852634,-8.790085466595713,BPAT
2020-10-14,153.2123971021171,3.1034737091977447,-14.092594976313942,-9.623275835000925,BPAT
2020-10-15,153.2183565345943,2.8563506284842615,-13.808331376111783,-7.48237578696677,BPAT
2020-10-16,153.22431596707145,0.6837597995938105,-13.509356486558175,-5.885719280107111,BPAT
2020-10-17,153.23027539954865,-5.339454285990726,-13.195776103991003,-11.618045009566913,BPAT
2020-10-18,153.2362348320258,-6.107786609798561,-12.867712901961973,-9.705735320265234,BPAT
2020-10-19,153.24219426450298,1.5957342279133258,-12.525306359570124,-11.734622132846198,BPAT
2020-10-20,153.24815369698018,3.197706216808425,-12.168712670004094,-12.029147243784479,BPAT
2020-10-21,153.25411312945732,3.1034737091977447,-11.798104629379871,-6.509482209275205,BPAT
2020-10-22,153.26007256193452,2.8563506284842615,-11.413671505983075,2.947248315564309,BPAT
2020-10-23,153.26603199441166,0.6837597995938105,-11.015618890049652,14.060827096044164,BPAT
2020-10-24,153.27199142688886,-5.339454285990726,-10.604168524240034,5.944631383341914,BPAT
2020-10-25,153.277950859366,-6.107786609798561,-10.179558114986317,17.595393865418856,BPAT
2020-10-26,153.2839102918432,1.5957342279133258,-9.742041124913353,17.639396605156804,BPAT
2020-10-27,153.2898697243204,3.197706216808425,-9.291886546557844,7.02331060542906,BPAT
2020-10-28,153.29582915679754,3.1034737091977447,-8.829378657631622,-2.6509242083636764,BPAT
2020-10-29,153.30178858927474,2.8563506284842615,-8.35481675809661,-8.199322459662369,BPAT
2020-10-30,153.30774802175188,0.6837597995938105,-7.868514889341085,-6.36899293200463,BPAT
2020-10-31,153.31370745422907,-5.339454285990726,-7.370801535768093,-2.7434516324702543,BPAT
2020-11-01,153.31966688670627,-6.107786609798561,-6.862019309127113,2.9891390322194127,BPAT
2020-11-02,153.3256263191834,1.5957342279133258,-6.342524615941301,-2.719835931155444,BPAT
2020-11-03,153.3315857516606,3.197706216808425,-5.81268730840204,-4.314604660067005,BPAT
2020-11-04,153.33754518413775,3.1034737091977447,-5.272890319122955,-18.960128574212575,BPAT
2020-11-05,153.34350461661495,2.8563506284842615,-4.723529280163656,-15.338325964935535,BPAT
2020-11-06,153.34946404909215,0.6837597995938105,-4.165012126753029,-3.844211721932936,BPAT
2020-11-07,153.3554234815693,-5.339454285990726,-3.5977586861600166,9.062789490581451,BPAT
2020-11-08,153.3613829140465,-6.107786609798561,-3.022200252176809,13.884603947928923,BPAT
2020-11-09,153.36734234652363,1.5957342279133258,-2.4387791456971755,22.613702571260234,BPAT
2020-11-10,153.37330177900083,3.197706216808425,-1.8479482618892717,8.092940266080035,BPAT
2020-11-11,153.37926121147802,3.1034737091977447,-1.2501706044774128,5.882435683801674,BPAT
2020-11-12,153.38522064395517,2.8563506284842615,-0.6459188076636941,11.22434753522424,BPAT
2020-11-13,153.39118007643236,0.6837597995938105,-0.03567464623421834,7.4307347702080335,BPAT
2020-11-14,153.3971395089095,-5.339454285990726,0.5800714655902848,9.84324331149088,BPAT
2020-11-15,153.4030989413867,-6.107786609798561,1.2008209859873382,-2.4611333175754737,BPAT
2020-11-16,153.40905837386384,1.5957342279133258,1.8260677674633268,-4.849860369240531,BPAT
2020-11-17,153.41501780634104,3.197706216808425,2.455298588283954,-11.205022611433407,BPAT
2020-11-18,153.42097723881824,3.1034737091977447,3.0879936927963083,-6.299444640812283,BPAT
2020-11-19,153.42693667129538,2.8563506284842615,3.723627340022011,-3.6079146398016917,BPAT
2020-11-20,153.43289610377258,0.6837597995938105,4.361668359892569,-1.4883242632589315,BPAT
2020-11-21,153.43885553624972,-5.339454285990726,5.001580716487853,0.5740180332531679,BPAT
2020-11-22,153.44481496872692,-6.107786609798561,5.6428240776301255,8.822147563441519,BPAT
2020-11-23,153.45077440120411,1.5957342279133258,6.284854390179191,0.09863698070341798,BPAT
2020-11-24,153.45673383368126,3.197706216808425,6.927124460366608,-2.309564510856319,BPAT
2020-11-25,153.46269326615845,3.1034737091977447,7.569084538500224,9.798748486143609,BPAT
2020-11-26,153.4686526986356,2.8563506284842615,8.210182907367292,-12.631186234487188,BPAT
2020-11-27,153.4746121311128,0.6837597995938105,8.849866473655718,-13.650238404362312,BPAT
2020-11-28,153.48057156359,-5.339454285990726,9.487581361714232,-5.758698639313451,BPAT
2020-11-29,153.48653099606713,-6.107786609798561,10.122773508965006,-0.38251789523357616,BPAT
2020-11-30,153.49249042854433,1.5957342279133258,10.754889262282207,-1.427113918739849,BPAT
2020-12-01,153.49844986102147,3.197706216808425,11.383375974648807,4.746467947521268,BPAT
2020-12-02,153.50440929349867,3.1034737091977447,12.007682601401697,3.2304343959019093,BPAT
2020-12-03,153.5103687259758,2.8563506284842615,12.627260295377937,7.429020350161949,BPAT
2020-12-04,153.516328158453,0.6837597995938105,13.241563000273079,5.816349041680098,BPAT
2020-12-05,153.5222875909302,-5.339454285990726,13.850048041527335,5.294118653533218,BPAT
2020-12-06,153.52824702340735,-6.107786609798561,14.452176714055444,-3.0866371276642326,BPAT
2020-12-07,153.53420645588454,1.5957342279133258,15.047414866141809,-4.053355549939681,BPAT
2020-12-08,153.54016588836168,3.197706216808425,15.635233478824782,-11.394105583994872,BPAT
2020-12-09,153.54612532083888,3.1034737091977447,16.21510924010057,-14.152708270137197,BPAT
2020-12-10,153.55208475331608,2.8563506284842615,16.786525113282625,-1.384960495082936,BPAT
2020-12-11,153.55804418579322,0.6837597995938105,17.348970898858067,3.464225115754914,BPAT
2020-12-12,153.56400361827042,-5.339454285990726,17.90194378919214,4.2515068785281755,BPAT
2020-12-13,153.56996305074756,-6.107786609798561,18.444948915437603,2.580874643613356,BPAT
2020-12-14,153.57592248322476,1.5957342279133258,18.977499886017,-6.176156597155057,BPAT
2020-12-15,153.58188191570196,3.197706216808425,19.499119316053502,-7.001707448563877,BPAT
2020-12-16,153.5878413481791,3.1034737091977447,20.009339347138358,-12.741654404515202,BPAT
2020-12-17,153.5938007806563,2.8563506284842615,20.507702156832043,-12.461853565972575,BPAT
2020-12-18,153.59976021313344,0.6837597995938105,20.99376045731053,-11.123280470037798,BPAT
2020-12-19,153.60571964561063,-5.339454285990726,21.467077982577834,-14.283343342197753,BPAT
2020-12-20,153.61167907808783,-6.107786609798561,21.927229963681796,-22.46412243197102,BPAT
2020-12-21,153.61763851056497,1.5957342279133258,22.373803591382345,-19.949176329860677,BPAT
2020-12-22,153.62359794304217,3.197706216808425,22.806398465736187,-8.304702625586742,BPAT
2020-12-23,153.6295573755193,3.1034737091977447,23.224627032078423,2.362341883204465,BPAT
2020-12-24,153.6355168079965,2.8563506284842615,23.628115002894667,-1.8179824393754416,BPAT
2020-12-25,153.64147624047365,0.6837597995938105,24.016501765097,-8.680737805164512,BPAT
2020-12-26,153.64743567295085,-5.339454285990726,24.389440772230845,-13.147422159190967,BPAT
2020-12-27,153.65339510542805,-6.107786609798561,24.746599921159785,-11.296208416789227,BPAT
2020-12-28,153.6593545379052,1.5957342279133258,25.087661912791724,0.4182493213897658,BPAT
2020-12-29,153.66531397038239,3.197706216808425,25.41232459642942,1.6086552163797876,BPAT
2020-12-30,153.67127340285953,3.1034737091977447,25.720301297347113,-5.355048409404446,BPAT
2020-12-31,153.67723283533672,2.8563506284842615,26.01132112721383,-21.477904591034815,BPAT
2021-01-01,153.68319226781392,0.6837597995938105,26.081396355837533,-27.65434842324524,BPAT
2021-01-02,153.68915170029106,-5.339454285990726,26.35086368244214,-20.106561096742496,BPAT
2021-01-03,153.69511113276826,-6.107786609798561,26.60282384652977,-21.213148369499436,BPAT
2021-01-04,153.7010705652454,1.5957342279133258,26.837059195503606,-19.224863988662378,BPAT
2021-01-05,153.7070299977226,3.197706216808425,27.05336898314711,-18.165105197678116,BPAT
2021-01-06,153.7129894301998,3.1034737091977447,27.251569584588136,-21.340032723985644,BPAT
2021-01-07,153.71894886267694,2.8563506284842615,27.431494692210457,-19.97679418337168,BPAT
2021-01-08,153.72490829515414,0.6837597995938105,27.592995492286995,-16.88766358703495,BPAT
2021-01-09,153.73086772763128,-5.339454285990726,27.735940822131834,-8.522354263772428,BPAT
2021-01-10,153.73682716010848,-6.107786609798561,27.86021730759051,-17.51225785790038,BPAT
2021-01-11,153.74278659258567,1.5957342279133258,27.965729480711204,-17.07525030121016,BPAT
2021-01-12,153.74874602506281,3.197706216808425,28.052399877462342,-25.05685211933357,BPAT
2021-01-13,153.75470545754,3.1034737091977447,28.12016911538558,-34.4883482821233,BPAT
2021-01-14,153.76066489001715,2.8563506284842615,28.168995951096324,-22.75401146959777,BPAT
2021-01-15,153.76662432249435,0.6837597995938105,28.198857317567587,-22.95624143965574,BPAT
2021-01-16,153.7725837549715,-5.339454285990726,28.209748341156377,-19.092877810137168,BPAT
2021-01-17,153.7785431874487,-6.107786609798561,28.201682338355624,-23.68943891600577,BPAT
2021-01-18,153.7845026199259,1.5957342279133258,28.174690792278028,-18.035927640117194,BPAT
2021-01-19,153.79046205240303,3.197706216808425,28.12882330890207,-9.050991578113525,BPAT
2021-01-20,153.79642148488023,3.1034737091977447,28.0641475531338,-8.184042747211748,BPAT
2021-01-21,153.80238091735737,2.8563506284842615,27.980749164761747,-14.92748071060339,BPAT
2021-01-22,153.80834034983457,0.6837597995938105,27.87873165440537,-11.770831803833744,BPAT
2021-01-23,153.81429978231176,-5.339454285990726,27.758216279581326,-0.3960617759023819,BPAT
2021-01-24,153.8202592147889,-6.107786609798561,27.619341901034346,0.2511854939752993,BPAT
2021-01-25,153.8262186472661,1.5957342279133258,27.46226481950297,-3.50421769468241,BPAT
2021-01-26,153.83217807974324,3.197706216808425,27.287158593113055,1.4689571103352819,BPAT
2021-01-27,153.83813751222044,3.1034737091977447,27.09421383561429,-5.726825057032471,BPAT
2021-01-28,153.84409694469764,2.8563506284842615,26.883637995697658,-13.312085568879525,BPAT
2021-01-29,153.85005637717478,0.6837597995938105,26.655655117653403,-12.540471294421991,BPAT
2021-01-30,153.85601580965198,-5.339454285990726,26.41050558365108,-16.04506710731232,BPAT
2021-01-31,153.86197524212912,-6.107786609798561,26.14844583794442,-21.121634470275012,BPAT
2021-02-01,153.86793467460632,1.5957342279133258,25.869748093324908,-23.87041699584455,BPAT
2021-02-02,153.87389410708346,3.197706216808425,25.574700020168596,-18.290300344060512,BPAT
2021-02-03,153.87985353956066,3.1034737091977447,25.263604418440693,-12.480931667199087,BPAT
2021-02-04,153.88581297203785,2.8563506284842615,24.936778873042698,-7.4819424735647715,BPAT
2021-02-05,153.891772404515,0.6837597995938105,24.594555392905704,-16.0480875970145,BPAT
2021-02-06,153.8977318369922,-5.339454285990726,24.23728003425276,-10.912557585254234,BPAT
2021-02-07,153.90369126946933,-6.107786609798561,23.86531250847129,-8.470217168142085,BPAT
2021-02-08,153.90965070194653,1.5957342279133258,23.479025775054595,-2.556410704914441,BPAT
2021-02-09,153.91561013442373,3.197706216808425,23.078805620088577,2.817878028679303,BPAT
2021-02-10,153.92156956690087,3.1034737091977447,22.665050220776877,7.2099065031245,BPAT
2021-02-11,153.92752899937807,2.8563506284842615,22.238169696513353,19.80995067562432,BPAT
2021-02-12,153.9334884318552,0.6837597995938105,21.79858564702685,32.91816612152411,BPAT
2021-02-13,153.9394478643324,-5.339454285990726,21.346730678137767,29.141275743520538,BPAT
2021-02-14,153.9454072968096,-6.107786609798561,20.883047915680486,24.0803313973085,BPAT
2021-02-15,153.95136672928675,1.5957342279133258,20.407990508159287,13.14490853464062,BPAT
2021-02-16,153.95732616176394,3.197706216808425,19.922021118718337,2.7979465027092942,BPAT
2021-02-17,153.96328559424109,3.1034737091977447,19.425611407018692,2.7156292895424485,BPAT
2021-02-18,153.96924502671828,2.8563506284842615,18.91924150162683,11.181162843170625,BPAT
2021-02-19,153.97520445919548,0.6837597995938105,18.40339946353007,1.9006362776806611,BPAT
2021-02-20,153.98116389167262,-5.339454285990726,17.878580741404587,-1.3652903470864999,BPAT
2021-02-21,153.98712332414982,-6.107786609798561,17.34528761927076,-4.0146243336220095,BPAT
2021-02-22,153.99308275662696,1.5957342279133258,16.804028657179785,-10.420845641720092,BPAT
2021-02-23,153.99904218910416,3.197706216808425,16.25531812558298,-2.530066531495521,BPAT
2021-02-24,154.0050016215813,3.1034737091977447,15.699675434042499,-1.15715076482158,BPAT
2021-02-25,154.0109610540585,2.8563506284842615,15.137624554948692,0.6130637625085456,BPAT
2021-02-26,154.0169204865357,0.6837597995938105,14.569693442914609,0.5606262709559076,BPAT
2021-02-27,154.02287991901284,-5.339454285990726,13.996413450523294,-3.836839083545442,BPAT
2021-02-28,154.02883935149003,-6.107786609798561,13.418318741107317,-9.520371482798794,BPAT
2021-03-01,154.03479878396718,1.5957342279133258,12.83594569924312,-16.25547871112363,BPAT
2021-03-02,154.04075821644437,3.197706216808425,12.249832339645454,-15.594296772898247,BPAT
2021-03-03,154.04671764892157,3.1034737091977447,11.660517715148433,-11.243709073267723,BPAT
2021-03-04,154.0526770813987,2.8563506284842615,11.06854132446066,-10.829569034343677,BPAT
2021-03-05,154.0586365138759,0.6837597995938105,10.47444252038199,-9.923838833851676,BPAT
2021-03-06,154.06459594635305,-5.339454285990726,9.878759919168358,-8.794901579530716,BPAT
2021-03-07,154.07055537883025,-6.107786609798561,9.282030811729637,-4.7997995807613165,BPAT
2021-03-08,154.07651481130745,1.5957342279133258,8.684790577343186,0.12896038343603777,BPAT
2021-03-09,154.0824742437846,3.197706216808425,8.08757210056196,-4.085752561154948,BPAT
2021-03-10,154.0884336762618,3.1034737091977447,7.490905191992755,-2.663812577452262,BPAT
2021-03-11,154.09439310873893,2.8563506284842615,6.8953160136146385,-4.378059750837878,BPAT
2021-03-12,154.10035254121613,0.6837597995938105,6.301326509302252,-5.75143885011218,BPAT
2021-03-13,154.10631197369327,-5.339454285990726,5.709453841212479,-8.422311528915031,BPAT
2021-03-14,154.11227140617046,-6.107786609798561,5.120209832685139,-7.983694629057055,BPAT
2021-03-15,154.11823083864766,1.5957342279133258,4.534100418301215,5.190934515137798,BPAT
2021-03-16,154.1241902711248,3.197706216808425,3.9516251017327004,1.226478410334039,BPAT
2021-03-17,154.130149703602,3.1034737091977447,3.373276422009078,-2.3478998348088282,BPAT
2021-03-18,154.13610913607914,2.8563506284842615,2.7995394288151694,-3.3379991933786073,BPAT
2021-03-19,154.14206856855634,0.6837597995938105,2.2308911674240726,-4.352719535574209,BPAT
2021-03-20,154.14802800103354,-5.339454285990726,1.6678001738573816,-0.13737388890018565,BPAT
2021-03-21,154.15398743351068,-6.107786609798561,1.110725980852541,7.653073195435326,BPAT
2021-03-22,154.15994686598788,1.5957342279133258,0.5601186352040424,3.7602002708947566,BPAT
2021-03-23,154.16590629846502,3.197706216808425,0.016418227031797628,0.4989692576947391,BPAT
2021-03-24,154.17186573094222,3.1034737091977447,-0.5199455684847267,8.295606128344758,BPAT
2021-03-25,154.1778251634194,2.8563506284842615,-1.0485539363824934,0.006378144478844661,BPAT
2021-03-26,154.18378459589655,0.6837597995938105,-1.5689993536929627,1.8654549582025766,BPAT
2021-03-27,154.18974402837375,-5.339454285990726,-2.0808860072299344,-4.634403735153086,BPAT
2021-03-28,154.1957034608509,-6.107786609798561,-2.583830196911803,5.9539133458594335,BPAT
2021-03-29,154.2016628933281,1.5957342279133258,-3.0774607241602565,10.592063602918842,BPAT
2021-03-30,154.2076223258053,3.197706216808425,-3.561419264935016,8.67709072232131,BPAT
2021-03-31,154.21358175828243,3.1034737091977447,-4.035360726982833,0.762305259502682,BPAT
2021-04-01,154.21954119075963,2.8563506284842615,-4.498953590897713,-4.821938228346141,BPAT
2021-04-02,154.22550062323677,0.6837597995938105,-4.9518802346084785,-7.92038018822214,BPAT
2021-04-03,154.23146005571397,-5.339454285990726,-5.393837240929901,-8.338168528793346,BPAT
2021-04-04,154.2374194881911,-6.107786609798561,-5.82453568783349,-7.207097190559068,BPAT
2021-04-05,154.2433789206683,1.5957342279133258,-6.24370142111481,-0.5114117274668217,BPAT
2021-04-06,154.2493383531455,3.197706216808425,-6.651075309155111,-4.18396926079879,BPAT
2021-04-07,154.25529778562264,3.1034737091977447,-7.046413479496357,4.6746419846759295,BPAT
2021-04-08,154.26125721809984,2.8563506284842615,-7.429487536970375,3.9808796903863026,BPAT
2021-04-09,154.26721665057698,0.6837597995938105,-7.800084763144907,9.561108312974085,BPAT
2021-04-10,154.27317608305418,-5.339454285990726,-8.158008296871333,9.305286499807892,BPAT
2021-04-11,154.27913551553138,-6.107786609798561,-8.503077295741628,8.904728390008842,BPAT
2021-04-12,154.28509494800852,1.5957342279133258,-8.835127078284472,5.341297902362641,BPAT
2021-04-13,154.29105438048572,3.197706216808425,-9.154009246753535,1.391248649459385,BPAT
2021-04-14,154.29701381296286,3.1034737091977447,-9.459591790384,-3.349895731776627,BPAT
2021-04-15,154.30297324544006,2.8563506284842615,-9.751759169016392,-8.568564704907942,BPAT
2021-04-16,154.30893267791726,0.6837597995938105,-10.030412377010423,-11.749280100500613,BPAT
2021-04-17,154.3148921103944,-5.339454285990726,-10.295468987394571,-12.306968837009109,BPAT
2021-04-18,154.3208515428716,-6.107786609798561,-10.546863176220874,-10.339201756852162,BPAT
2021-04-19,154.32681097534874,1.5957342279133258,-10.784545727117713,-11.511999476144354,BPAT
2021-04-20,154.33277040782593,3.197706216808425,-11.008484016056928,-10.278992608577425,BPAT
2021-04-21,154.33872984030313,3.1034737091977447,-11.218661976375035,-9.085541573125795,BPAT
2021-04-22,154.34468927278027,2.8563506284842615,-11.415080044111749,-6.876959857152798,BPAT
2021-04-23,154.35064870525747,0.6837597995938105,-11.597755083752228,-5.695653421098996,BPAT
2021-04-24,154.3566081377346,-5.339454285990726,-11.76672029448287,-0.036433557261034366,BPAT
2021-04-25,154.3625675702118,-6.107786609798561,-11.922025097093325,-1.0977558633198896,BPAT
2021-04-26,154.36852700268895,1.5957342279133258,-12.06373500168053,-2.648526228921753,BPAT
2021-04-27,154.37448643516615,3.197706216808425,-12.19193145633312,-4.566261195641459,BPAT
2021-04-28,154.38044586764335,3.1034737091977447,-12.306711676997176,-6.98020789984389,BPAT
2021-04-29,154.3864053001205,2.8563506284842615,-12.408188458746457,-8.761567469858306,BPAT
2021-04-30,154.39236473259768,0.6837597995938105,-12.496489968702349,-6.927634563489136,BPAT
2021-05-01,154.39832416507483,-5.339454285990726,-12.571759520870346,-6.65511035821379,BPAT
2021-05-02,154.40428359755202,-6.107786609798561,-12.63415533318133,-7.176341654572127,BPAT
2021-05-03,154.41024303002922,1.5957342279133258,-12.683850267046916,-3.4181269908956153,BPAT
2021-05-04,154.41620246250636,3.197706216808425,-12.721031549758742,-6.283877129556032,BPAT
2021-05-05,154.42216189498356,3.1034737091977447,-12.745900480081904,-4.2437351240993735,BPAT
2021-05-06,154.4281213274607,2.8563506284842615,-12.758672117412514,-3.884799838532473,BPAT
2021-05-07,154.4340807599379,0.6837597995938105,-12.759574954888782,2.204734395357093,BPAT
2021-05-08,154.4400401924151,-5.339454285990726,-12.748850576863905,4.880264670439573,BPAT
2021-05-09,154.44599962489224,-6.107786609798561,-12.726753301167538,-2.6074597139261755,BPAT
2021-05-10,154.45195905736944,1.5957342279133258,-12.69354980660048,-3.460143478682255,BPAT
2021-05-11,154.45791848984658,3.197706216808425,-12.649518746124597,-5.408105960530378,BPAT
2021-05-12,154.46387792232377,3.1034737091977447,-12.59495034622697,-5.070401285294565,BPAT
2021-05-13,154.46983735480092,2.8563506284842615,-12.530145992953242,-4.880041990331989,BPAT
2021-05-14,154.4757967872781,0.6837597995938105,-12.455417805121144,-3.159138781750812,BPAT
2021-05-15,154.4817562197553,-5.339454285990726,-12.371088195239947,-3.0502137385246044,BPAT
2021-05-16,154.48771565223245,-6.107786609798561,-12.277489418676222,-3.0444396237576825,BPAT
2021-05-17,154.49367508470965,1.5957342279133258,-12.174963111619954,-2.01844620100303,BPAT
2021-05-18,154.4996345171868,3.197706216808425,-12.06385981841818,-1.4714809155770467,BPAT
2021-05-19,154.505593949664,3.1034737091977447,-11.944538508855906,0.9814708499941673,BPAT
2021-05-20,154.5115533821412,2.8563506284842615,-11.817366085975621,3.4924620753501756,BPAT
2021-05-21,154.51751281461833,0.6837597995938105,-11.682716885037854,1.4424442708257175,BPAT
2021-05-22,154.52347224709553,-5.339454285990726,-11.540972164235663,-2.273045796869127,BPAT
2021-05-23,154.52943167957267,-6.107786609798561,-11.392519587785287,-1.420125481988805,BPAT
2021-05-24,154.53539111204987,1.5957342279133258,-11.237752702024272,-0.3913726379389004,BPAT
2021-05-25,154.54135054452706,3.197706216808425,-11.077070405156446,-5.114986356179003,BPAT
2021-05-26,154.5473099770042,3.1034737091977447,-10.910876411290294,-4.636907274911664,BPAT
2021-05-27,154.5532694094814,2.8563506284842615,-10.73957870942413,-4.192041328541507,BPAT
2021-05-28,154.55922884195854,0.6837597995938105,-10.563589018036929,-3.210399623515457,BPAT
2021-05-29,154.56518827443574,-5.339454285990726,-10.383322235948981,-4.549411752496042,BPAT
2021-05-30,154.57114770691294,-6.107786609798561,-10.199195890120594,-6.051165206993744,BPAT
2021-05-31,154.57710713939008,1.5957342279133258,-10.011629581060422,-7.986211786242961,BPAT
2021-06-01,154.58306657186728,3.197706216808425,-9.821044426517865,4.681271637842173,BPAT
2021-06-02,154.58902600434442,3.1034737091977447,-9.627862504135399,9.601362790593214,BPAT
2021-06-03,154.59498543682162,2.8563506284842615,-9.43250629373821,7.106170228432319,BPAT
2021-06-04,154.60094486929876,0.6837597995938105,-9.235398119938178,2.4656934510455812,BPAT
2021-06-05,154.60690430177596,-5.339454285990726,-9.036959595729092,-2.3474904200561184,BPAT
2021-06-06,154.61286373425315,-6.107786609798561,-8.837611067748282,-1.791466056706298,BPAT
2021-06-07,154.6188231667303,1.5957342279133258,-8.637771063877734,-4.26678633076591,BPAT
2021-06-08,154.6247825992075,3.197706216808425,-8.437855743854808,-6.819633072161082,BPAT
2021-06-09,154.63074203168463,3.1034737091977447,-8.238278353558702,-6.84093738732372,BPAT
2021-06-10,154.63670146416183,2.8563506284842615,-8.039448683634337,-7.417603409011747,BPAT
2021-06-11,154.64266089663903,0.6837597995938105,-7.841772533109897,-5.638648163122895,BPAT
2021-06-12,154.64862032911617,-5.339454285990726,-7.645651178658057,-6.058514864467412,BPAT
2021-06-13,154.65457976159337,-6.107786609798561,-7.451480850143945,-4.872312301650851,BPAT
2021-06-14,154.6605391940705,1.5957342279133258,-7.25965221309534,-5.41262120888851,BPAT
2021-06-15,154.6664986265477,3.197706216808425,-7.070549858721891,-9.568654984634236,BPAT
2021-06-16,154.6724580590249,3.1034737091977447,-6.884551802101141,-10.470379966121499,BPAT
2021-06-17,154.67841749150205,2.8563506284842615,-6.702028989138965,-4.953739130847339,BPAT
2021-06-18,154.68437692397924,0.6837597995938105,-6.523344812901629,-4.244791910671438,BPAT
2021-06-19,154.69033635645638,-5.339454285990726,-6.34885463990501,-3.4690274305606863,BPAT
2021-06-20,154.69629578893358,-6.107786609798561,-6.1789053469346085,-1.5126038322003978,BPAT
2021-06-21,154.70225522141078,1.5957342279133258,-6.013834868957139,5.685845419633068,BPAT
2021-06-22,154.70821465388792,3.197706216808425,-5.853971758671133,4.121050887974803,BPAT
2021-06-23,154.71417408636512,3.1034737091977447,-5.699634758229699,3.995986962666848,BPAT
2021-06-24,154.72013351884226,2.8563506284842615,-5.5511323836541795,5.334648236327666,BPAT
2021-06-25,154.72609295131946,0.6837597995938105,-5.4087625224417675,11.350909771528507,BPAT
2021-06-26,154.7320523837966,-5.339454285990726,-5.2728120448544855,22.139213947048574,BPAT
2021-06-27,154.7380118162738,-6.107786609798561,-5.143556429360203,29.623331222884985,BPAT
2021-06-28,154.743971248751,1.5957342279133258,-5.021259402679416,30.27055392601511,BPAT
2021-06-29,154.74993068122814,3.197706216808425,-4.906172594873857,20.908535696837276,BPAT
2021-06-30,154.75589011370533,3.1034737091977447,-4.7985352098948475,13.61917138699178,BPAT
2021-07-01,154.76184954618248,2.8563506284842615,-4.698573711990705,6.146373537323939,BPAT
2021-07-02,154.76780897865967,0.6837597995938105,-4.606501528353343,8.743932750099844,BPAT
2021-07-03,154.77376841113687,-5.339454285990726,-4.522518768364718,10.203204643218612,BPAT
2021-07-04,154.779727843614,-6.107786609798561,-4.446811959783739,5.972870725968278,BPAT
2021-07-05,154.7856872760912,1.5957342279133258,-4.3795538021938425,-1.6388677018106819,BPAT
2021-07-06,154.79164670856835,3.197706216808425,-4.320902938010698,4.462550012633926,BPAT
2021-07-07,154.79760614104555,3.1034737091977447,-4.271003741328357,3.419923891085091,BPAT
2021-07-08,154.80356557352275,2.8563506284842615,-4.229986124860624,-1.4279300771463568,BPAT
2021-07-09,154.8095250059999,0.6837597995938105,-4.19796536521282,0.649680559619128,BPAT
2021-07-10,154.81548443847709,-5.339454285990726,-4.175041946696821,2.2860117942104523,BPAT
2021-07-11,154.82144387095423,-6.107786609798561,-4.161301423880191,1.6806441627244908,BPAT
2021-07-12,154.82740330343142,1.5957342279133258,-4.156814303037486,1.5426767716927543,BPAT
2021-07-13,154.83336273590857,3.197706216808425,-4.161635942649185,2.7255669899321617,BPAT
2021-07-14,154.83932216838576,3.1034737091977447,-4.175806473070802,2.033010595487326,BPAT
2021-07-15,154.84528160086296,2.8563506284842615,-4.199350735471551,-0.8552814938756512,BPAT
2021-07-16,154.8512410333401,0.6837597995938105,-4.232278240118972,-1.7467225928149333,BPAT
2021-07-17,154.8572004658173,-5.339454285990726,-4.274583144062394,-0.9011630357641707,BPAT
2021-07-18,154.86315989829444,-6.107786609798561,-4.326244248245051,-1.2801290402508698,BPAT
2021-07-19,154.86911933077164,1.5957342279133258,-4.387225014051087,-0.5026285446338647,BPAT
2021-07-20,154.87507876324884,3.197706216808425,-4.457473599270417,-2.89331138078677,BPAT
2021-07-21,154.88103819572598,3.1034737091977447,-4.536922913441042,-6.954588991482694,BPAT
2021-07-22,154.88699762820318,2.8563506284842615,-4.625490692505098,-7.300857564182337,BPAT
2021-07-23,154.89295706068032,0.6837597995938105,-4.723079592691637,-1.5366372675825346,BPAT
2021-07-24,154.89891649315751,-5.339454285990726,-4.8295773035161425,3.2091150963493362,BPAT
2021-07-25,154.9048759256347,-6.107786609798561,-4.944856679763596,4.540767363927472,BPAT
2021-07-26,154.91083535811185,1.5957342279133258,-5.068775892299228,2.4812063062740606,BPAT
2021-07-27,154.91679479058905,3.197706216808425,-5.201178597528325,-1.21632240986915,BPAT
2021-07-28,154.9227542230662,3.1034737091977447,-5.34189412530408,2.234666193040141,BPAT
2021-07-29,154.9287136555434,2.8563506284842615,-5.490737685060199,7.116673401032557,BPAT
2021-07-30,154.9346730880206,0.6837597995938105,-5.6475105899231215,10.01307770230872,BPAT
2021-07-31,154.94063252049773,-5.339454285990726,-5.81200049853695,4.104822264029963,BPAT
2021-08-01,154.94659195297493,-6.107786609798561,-5.983981674312912,3.928176331136541,BPAT
2021-08-02,154.95255138545207,1.5957342279133258,-6.1632152617941856,5.054929648428754,BPAT
2021-08-03,154.95851081792927,3.197706216808425,-6.349449579806276,3.449232545068611,BPAT
2021-08-04,154.9644702504064,3.1034737091977447,-6.542420431042842,6.894476471438651,BPAT
2021-08-05,154.9704296828836,2.8563506284842615,-6.741851427717137,0.057071116349248996,BPAT
2021-08-06,154.9763891153608,0.6837597995938105,-6.947454332889749,0.4533054179351552,BPAT
2021-08-07,154.98234854783794,-5.339454285990726,-7.158929417064554,-0.4049648447826826,BPAT
2021-08-08,154.98830798031514,-6.107786609798561,-7.37596582962607,-7.371555540890512,BPAT
2021-08-09,154.99426741279228,1.5957342279133258,-7.598241984673856,-5.579759656031769,BPAT
2021-08-10,155.00022684526948,3.197706216808425,-7.825425960791852,3.30449289871396,BPAT
2021-08-11,155.00618627774668,3.1034737091977447,-8.057175914273872,15.558515927329466,BPAT
2021-08-12,155.01214571022382,2.8563506284842615,-8.293140505310149,18.466644166602038,BPAT
2021-08-13,155.01810514270102,0.6837597995938105,-8.532959336624103,14.679094394329326,BPAT
2021-08-14,155.02406457517816,-5.339454285990726,-8.776263404033473,12.858653114845993,BPAT
2021-08-15,155.03002400765536,-6.107786609798561,-9.022675558395349,8.096438160538554,BPAT
2021-08-16,155.03598344013255,1.5957342279133258,-9.27181097838097,2.351093310335102,BPAT
2021-08-17,155.0419428726097,3.197706216808425,-9.523277653512869,-8.239371435905213,BPAT
2021-08-18,155.0479023050869,3.1034737091977447,-9.776676876884608,-6.780699137400006,BPAT
2021-08-19,155.05386173756403,2.8563506284842615,-10.03160374697116,-3.69760861907713,BPAT
2021-08-20,155.05982117004123,0.6837597995938105,-10.287647677927534,-5.337933291707515,BPAT
2021-08-21,155.06578060251843,-5.339454285990726,-10.544392917762117,-9.079933398765547,BPAT
2021-08-22,155.07174003499557,-6.107786609798561,-10.80141907376213,-8.808534351434872,BPAT
2021-08-23,155.07769946747277,1.5957342279133258,-11.058301644539302,-10.2291320508468,BPAT
2021-08-24,155.0836588999499,3.197706216808425,-11.31461255805605,-7.174752558702295,BPAT
2021-08-25,155.0896183324271,3.1034737091977447,-11.56992071498452,-6.782171326640338,BPAT
2021-08-26,155.09557776490425,2.8563506284842615,-11.823792536744815,-2.967135856643722,BPAT
2021-08-27,155.10153719738145,0.6837597995938105,-12.075792517562476,-3.847504479412777,BPAT
2021-08-28,155.10749662985864,-5.339454285990726,-12.325483779880207,-1.744558563987681,BPAT
2021-08-29,155.11345606233579,-6.107786609798561,-12.57242863245478,-1.8532408200824477,BPAT
2021-08-30,155.11941549481298,1.5957342279133258,-12.816189130466437,-4.842960592259857,BPAT
2021-08-31,155.12537492729012,3.197706216808425,-13.056327636965243,-5.799753507133289,BPAT
2021-09-01,155.13133435976732,3.1034737091977447,-13.292407384977402,-6.873400683987683,BPAT
2021-09-02,155.13729379224452,2.8563506284842615,-13.52399303959279,-6.249651381135976,BPAT
2021-09-03,155.14325322472166,0.6837597995938105,-13.750651259355529,-5.203361764959936,BPAT
2021-09-04,155.14921265719886,-5.339454285990726,-13.971951256279088,-4.4648071149290445,BPAT
2021-09-05,155.155172089676,-6.107786609798561,-14.187465353809415,-1.2459201260680572,BPAT
2021-09-06,155.1611315221532,1.5957342279133258,-14.39676954206142,-6.859096208005099,BPAT
2021-09-07,155.1670909546304,3.197706216808425,-14.599444029656976,-5.238353141781829,BPAT
2021-09-08,155.17305038710754,3.1034737091977447,-14.795073791496732,1.3585496951914422,BPAT
2021-09-09,155.17900981958473,2.8563506284842615,-14.98324911180219,-0.18411133626679543,BPAT
2021-09-10,155.18496925206188,0.6837597995938105,-15.163566121770058,-2.964162929885646,BPAT
2021-09-11,155.19092868453907,-5.339454285990726,-15.335627331186798,-4.516847067361539,BPAT
2021-09-12,155.19688811701621,-6.107786609798561,-15.499042153358474,-6.396059353859229,BPAT
2021-09-13,155.2028475494934,1.5957342279133258,-15.653427422718382,-6.657154354688373,BPAT
2021-09-14,155.2088069819706,3.197706216808425,-15.798407904483422,-4.815105294295563,BPAT
2021-09-15,155.21476641444775,3.1034737091977447,-15.933616795739507,-4.043623327905976,BPAT
2021-09-16,155.22072584692495,2.8563506284842615,-16.058696217345997,-9.267380258063213,BPAT
2021-09-17,155.2266852794021,0.6837597995938105,-16.173297696059805,-6.9661473829361,BPAT
2021-09-18,155.2326447118793,-5.339454285990726,-16.277082636291404,-6.012107789597152,BPAT
2021-09-19,155.2386041443565,-6.107786609798561,-16.36972278091656,-6.505094753641316,BPAT
2021-09-20,155.24456357683363,1.5957342279133258,-16.450900660580896,-7.409397144166093,BPAT
2021-09-21,155.25052300931083,3.197706216808425,-16.520310030947268,-5.571919195171972,BPAT
2021-09-22,155.25648244178797,3.1034737091977447,-16.57765629735041,-7.3602998536353255,BPAT
2021-09-23,155.26244187426516,2.8563506284842615,-16.622656926337733,-7.265135576411694,BPAT
2021-09-24,155.26840130674236,0.6837597995938105,-16.65504184359064,-7.2681192627455005,BPAT
2021-09-25,155.2743607392195,-5.339454285990726,-16.674553817736566,-6.9983526354922105,BPAT
2021-09-26,155.2803201716967,-6.107786609798561,-16.680948829578472,-7.184584732319635,BPAT
2021-09-27,155.28627960417384,1.5957342279133258,-16.673996426285658,-6.326017405801508,BPAT
2021-09-28,155.29223903665104,3.197706216808425,-16.653480060107295,-5.322465193352144,BPAT
2021-09-29,155.29819846912824,3.1034737091977447,-16.619197411188285,-6.3444747671377115,BPAT
2021-09-30,155.30415790160538,2.8563506284842615,-16.57096069408569,-6.359547836003969,BPAT
2021-10-01,155.31011733408258,0.6837597995938105,-16.50859694760309,-8.776280186073308,BPAT
2021-10-02,155.31607676655972,-5.339454285990726,-16.431948307579837,-6.336674172989177,BPAT
2021-10-03,155.32203619903692,-6.107786609798561,-16.340872262292194,-6.6083773269461545,BPAT
2021-10-04,155.32799563151406,1.5957342279133258,-16.235241890143797,-8.165487969283589,BPAT
2021-10-05,155.33395506399125,3.197706216808425,-16.114946079343696,-5.437715201455973,BPAT
2021-10-06,155.33991449646845,3.1034737091977447,-15.979889729291312,-2.4534984763748753,BPAT
2021-10-07,155.3458739289456,2.8563506284842615,-15.829993933409504,0.7727693759796352,BPAT
2021-10-08,155.3518333614228,0.6837597995938105,-15.665196143188302,4.061602982171678,BPAT
2021-10-09,155.35779279389993,-5.339454285990726,-15.485450313224417,3.774111805315158,BPAT
2021-10-10,155.36375222637713,-6.107786609798561,-15.290727027063754,1.1587614104851696,BPAT
2021-10-11,155.36971165885433,1.5957342279133258,-15.08101360367694,5.075567716909319,BPAT
2021-10-12,155.37567109133147,3.197706216808425,-14.856314184420572,14.337936876280708,BPAT
2021-10-13,155.38163052380867,3.1034737091977447,-14.616649800359992,8.099545567353573,BPAT
2021-10-14,155.3875899562858,2.8563506284842615,-14.362058419852634,3.876117835082539,BPAT
2021-10-15,155.393549388763,0.6837597995938105,-14.092594976313942,-2.090714212042883,BPAT
2021-10-16,155.3995088212402,-5.339454285990726,-13.808331376111783,-7.207723159137657,BPAT
2021-10-17,155.40546825371734,-6.107786609798561,-13.509356486558175,-5.248325157360625,BPAT
2021-10-18,155.41142768619454,1.5957342279133258,-13.195776103991003,-2.897385810116873,BPAT
2021-10-19,155.41738711867168,3.197706216808425,-12.867712901961973,-0.4153804335181235,BPAT
2021-10-20,155.42334655114888,3.1034737091977447,-12.525306359570124,-5.564513900776518,BPAT
2021-10-21,155.42930598362608,2.8563506284842615,-12.168712670004094,-6.063943942106221,BPAT
2021-10-22,155.43526541610322,0.6837597995938105,-11.798104629379871,-5.571920586317191,BPAT
2021-10-23,155.44122484858042,-5.339454285990726,-11.413671505983075,-4.37409905660661,BPAT
2021-10-24,155.44718428105756,-6.107786609798561,-11.015618890049652,-3.167778781209364,BPAT
2021-10-25,155.45314371353476,1.5957342279133258,-10.604168524240034,-2.779709417208039,BPAT
2021-10-26,155.4591031460119,3.197706216808425,-10.179558114986317,-1.926251247834017,BPAT
2021-10-27,155.4650625784891,3.1034737091977447,-9.742041124913353,-4.756495162773518,BPAT
2021-10-28,155.4710220109663,2.8563506284842615,-9.291886546557844,-8.775486092892692,BPAT
2021-10-29,155.47698144344344,0.6837597995938105,-8.829378657631622,-9.489362585405615,BPAT
2021-10-30,155.48294087592063,-5.339454285990726,-8.35481675809661,-1.196669831833276,BPAT
2021-10-31,155.48890030839777,-6.107786609798561,-7.868514889341085,0.25340119074186873,BPAT
2021-11-01,155.49485974087497,1.5957342279133258,-7.370801535768093,4.929207566979784,BPAT
2021-11-02,155.50081917335217,3.197706216808425,-6.862019309127113,1.0574939189665429,BPAT
2021-11-03,155.5067786058293,3.1034737091977447,-6.342524615941301,-7.04672769908575,BPAT
2021-11-04,155.5127380383065,2.8563506284842615,-5.81268730840204,-7.432401358388745,BPAT
2021-11-05,155.51869747078365,0.6837597995938105,-5.272890319122955,-5.8425669512545255,BPAT
2021-11-06,155.52465690326085,-5.339454285990726,-4.723529280163656,2.328326662893545,BPAT
2021-11-07,155.53061633573805,-6.107786609798561,-4.165012126753029,13.93618240081355,BPAT
2021-11-08,155.5365757682152,1.5957342279133258,-3.5977586861600166,1.8364486900315171,BPAT
2021-11-09,155.54253520069238,3.197706216808425,-3.022200252176809,2.450958834676044,BPAT
2021-11-10,155.54849463316953,3.1034737091977447,-2.4387791456971755,-0.2611891966701023,BPAT
2021-11-11,155.55445406564672,2.8563506284842615,-1.8479482618892717,-3.7948564322417155,BPAT
2021-11-12,155.56041349812386,0.6837597995938105,-1.2501706044774128,-11.691002693240279,BPAT
2021-11-13,155.56637293060106,-5.339454285990726,-0.6459188076636941,-10.155999836946648,BPAT
2021-11-14,155.57233236307826,-6.107786609798561,-0.03567464623421834,-16.606871107045464,BPAT
2021-11-15,155.5782917955554,1.5957342279133258,0.5800714655902848,-12.417097489059074,BPAT
2021-11-16,155.5842512280326,3.197706216808425,1.2008209859873382,1.517221569171653,BPAT
2021-11-17,155.59021066050974,3.1034737091977447,1.8260677674633268,13.431247862829167,BPAT
2021-11-18,155.59617009298694,2.8563506284842615,2.455298588283954,7.4351806902448345,BPAT
2021-11-19,155.60212952546414,0.6837597995938105,3.0879936927963083,4.241116982145769,BPAT
2021-11-20,155.60808895794128,-5.339454285990726,3.723627340022011,5.158737988027411,BPAT
2021-11-21,155.61404839041847,-6.107786609798561,4.361668359892569,12.490069859487534,BPAT
2021-11-22,155.62000782289562,1.5957342279133258,5.001580716487853,12.574677232703209,BPAT
2021-11-23,155.6259672553728,3.197706216808425,5.6428240776301255,2.230502450188652,BPAT
2021-11-24,155.63192668785,3.1034737091977447,6.284854390179191,7.846745212773072,BPAT
2021-11-25,155.63788612032715,2.8563506284842615,6.927124460366608,-8.810361209178069,BPAT
2021-11-26,155.64384555280435,0.6837597995938105,7.569084538500224,-17.532689890898354,BPAT
2021-11-27,155.6498049852815,-5.339454285990726,8.210182907367292,-14.62153360665809,BPAT
2021-11-28,155.6557644177587,-6.107786609798561,8.849866473655718,-20.45584428161584,BPAT
2021-11-29,155.6617238502359,1.5957342279133258,9.487581361714232,-19.63503943986339,BPAT
2021-11-30,155.66768328271303,3.197706216808425,10.122773508965006,-17.17816300848645,BPAT
2021-12-01,155.67364271519023,3.1034737091977447,10.754889262282207,-22.77900568667019,BPAT
2021-12-02,155.67960214766737,2.8563506284842615,11.383375974648807,-18.181328750800446,BPAT
2021-12-03,155.68556158014457,0.6837597995938105,12.007682601401697,-2.054003981140056,BPAT
2021-12-04,155.6915210126217,-5.339454285990726,12.627260295377937,2.899672977991031,BPAT
2021-12-05,155.6974804450989,-6.107786609798561,13.241563000273079,4.627743164426562,BPAT
2021-12-06,155.7034398775761,1.5957342279133258,13.850048041527335,5.898777852983272,BPAT
2021-12-07,155.70939931005324,3.197706216808425,14.452176714055444,-6.672282240917099,BPAT
2021-12-08,155.71535874253044,3.1034737091977447,15.047414866141809,-2.4842473178700004,BPAT
2021-12-09,155.72131817500758,2.8563506284842615,15.635233478824782,11.566097717683363,BPAT
2021-12-10,155.72727760748478,0.6837597995938105,16.21510924010057,10.191853352820857,BPAT
2021-12-11,155.73323703996198,-5.339454285990726,16.786525113282625,3.749692132746162,BPAT
2021-12-12,155.73919647243912,-6.107786609798561,17.348970898858067,7.644619238501377,BPAT
2021-12-13,155.74515590491632,1.5957342279133258,17.90194378919214,11.373166077978254,BPAT
2021-12-14,155.75111533739346,3.197706216808425,18.444948915437603,13.07422953036047,BPAT
2021-12-15,155.75707476987066,3.1034737091977447,18.977499886017,11.75295163491461,BPAT
2021-12-16,155.76303420234785,2.8563506284842615,19.499119316053502,8.68549585311439,BPAT
2021-12-17,155.768993634825,0.6837597995938105,20.009339347138358,10.117907218442866,BPAT
2021-12-18,155.7749530673022,-5.339454285990726,20.507702156832043,9.779799061856522,BPAT
2021-12-19,155.78091249977933,-6.107786609798561,20.99376045731053,10.20511365270869,BPAT
2021-12-20,155.78687193225653,1.5957342279133258,21.467077982577834,13.719315857252298,BPAT
2021-12-21,155.79283136473373,3.197706216808425,21.927229963681796,9.2392324547761,BPAT
2021-12-22,155.79879079721087,3.1034737091977447,22.373803591382345,-2.57906809779098,BPAT
2021-12-23,155.80475022968807,2.8563506284842615,22.806398465736187,-4.02349932390851,BPAT
2021-12-24,155.8107096621652,0.6837597995938105,23.224627032078423,1.124903506162525,BPAT
2021-12-25,155.8166690946424,-5.339454285990726,23.628115002894667,5.694670188453671,BPAT
2021-12-26,155.82262852711955,-6.107786609798561,24.016501765097,27.73165631758198,BPAT
2021-12-27,155.82858795959675,1.5957342279133258,24.389440772230845,38.34323704025908,BPAT
2021-12-28,155.83454739207394,3.197706216808425,24.746599921159785,37.209146469957886,BPAT
2021-12-29,155.84050682455108,3.1034737091977447,25.087661912791724,35.27835755345944,BPAT
2021-12-30,155.84646625702828,2.8563506284842615,25.41232459642942,28.628858518058053,BPAT
2021-12-31,155.85242568950542,0.6837597995938105,25.720301297347113,24.240513213553612,BPAT
2022-01-01,155.85838512198262,-5.339454285990726,26.081396355837533,36.64167280817054,BPAT
2022-01-02,155.86434455445982,-6.107786609798561,26.35086368244214,23.698578372896634,BPAT
2022-01-03,155.87030398693696,1.5957342279133258,26.60282384652977,14.97513793861998,BPAT
2022-01-04,155.87626341941416,3.197706216808425,26.837059195503606,13.49297116827384,BPAT
2022-01-05,155.8822228518913,3.1034737091977447,27.05336898314711,14.230934455763844,BPAT
2022-01-06,155.8881822843685,2.8563506284842615,27.251569584588136,5.354897502559112,BPAT
2022-01-07,155.8941417168457,0.6837597995938105,27.431494692210457,-3.0603962086499337,BPAT
2022-01-08,155.90010114932284,-5.339454285990726,27.592995492286995,0.5713576443808677,BPAT
2022-01-09,155.90606058180003,-6.107786609798561,27.735940822131834,5.948785205866699,BPAT
2022-01-10,155.91202001427718,1.5957342279133258,27.86021730759051,3.900028450218997,BPAT
2022-01-11,155.91797944675437,3.197706216808425,27.965729480711204,-11.034415144273993,BPAT
2022-01-12,155.9239388792315,3.1034737091977447,28.052399877462342,-23.83581246589165,BPAT
2022-01-13,155.9298983117087,2.8563506284842615,28.12016911538558,-15.87841805557855,BPAT
2022-01-14,155.9358577441859,0.6837597995938105,28.168995951096324,-9.843613494876053,BPAT
2022-01-15,155.94181717666305,-5.339454285990726,28.198857317567587,-5.725220208239932,BPAT
2022-01-16,155.94777660914025,-6.107786609798561,28.209748341156377,-3.488738340498031,BPAT
2022-01-17,155.9537360416174,1.5957342279133258,28.201682338355624,-5.101152607886377,BPAT
2022-01-18,155.9596954740946,3.197706216808425,28.174690792278028,-10.353092483181001,BPAT
2022-01-19,155.96565490657179,3.1034737091977447,28.12882330890207,-14.604951924671582,BPAT
2022-01-20,155.97161433904893,2.8563506284842615,28.0641475531338,-16.78811252066697,BPAT
2022-01-21,155.97757377152612,0.6837597995938105,27.980749164761747,-10.989082735881652,BPAT
2022-01-22,155.98353320400327,-5.339454285990726,27.87873165440537,-4.379810572417938,BPAT
2022-01-23,155.98949263648046,-6.107786609798561,27.758216279581326,3.392077693736752,BPAT
2022-01-24,155.99545206895766,1.5957342279133258,27.619341901034346,4.476471802094693,BPAT
2022-01-25,156.0014115014348,3.197706216808425,27.46226481950297,5.72361746225377,BPAT
2022-01-26,156.007370933912,3.1034737091977447,27.287158593113055,8.579996763777245,BPAT
2022-01-27,156.01333036638914,2.8563506284842615,27.09421383561429,8.11610516951228,BPAT
2022-01-28,156.01928979886634,0.6837597995938105,26.883637995697658,8.992312405842227,BPAT
2022-01-29,156.02524923134354,-5.339454285990726,26.655655117653403,7.027549936993836,BPAT
2022-01-30,156.03120866382068,-6.107786609798561,26.41050558365108,1.0520723623267827,BPAT
2022-01-31,156.03716809629788,1.5957342279133258,26.14844583794442,1.0176518378443973,BPAT
2022-02-01,156.04312752877502,3.197706216808425,25.869748093324908,3.4324181610916753,BPAT
2022-02-02,156.04908696125221,3.1034737091977447,25.574700020168596,5.173739309381432,BPAT
2022-02-03,156.05504639372936,2.8563506284842615,25.263604418440693,-4.554001440654332,BPAT
2022-02-04,156.06100582620655,0.6837597995938105,24.936778873042698,-0.6055444988430452,BPAT
2022-02-05,156.06696525868375,-5.339454285990726,24.594555392905704,-11.143066365598713,BPAT
2022-02-06,156.0729246911609,-6.107786609798561,24.23728003425276,-6.42441811561514,BPAT
2022-02-07,156.0788841236381,1.5957342279133258,23.86531250847129,-8.764930860022673,BPAT
2022-02-08,156.08484355611523,3.197706216808425,23.479025775054595,-13.899575547978259,BPAT
2022-02-09,156.09080298859243,3.1034737091977447,23.078805620088577,-20.533082317878723,BPAT
2022-02-10,156.09676242106963,2.8563506284842615,22.665050220776877,-17.802163270330738,BPAT
2022-02-11,156.10272185354677,0.6837597995938105,22.238169696513353,-18.424651349653942,BPAT
2022-02-12,156.10868128602397,-5.339454285990726,21.79858564702685,-11.80281264706008,BPAT
2022-02-13,156.1146407185011,-6.107786609798561,21.346730678137767,-10.680584786840342,BPAT
2022-02-14,156.1206001509783,1.5957342279133258,20.883047915680486,-13.1033822945721,BPAT
2022-02-15,156.1265595834555,3.197706216808425,20.407990508159287,-11.03025630842319,BPAT
2022-02-16,156.13251901593264,3.1034737091977447,19.922021118718337,-14.81501384384876,BPAT
2022-02-17,156.13847844840984,2.8563506284842615,19.425611407018692,-6.68144048391278,BPAT
2022-02-18,156.14443788088698,0.6837597995938105,18.91924150162683,-12.691439182107615,BPAT
2022-02-19,156.15039731336418,-5.339454285990726,18.40339946353007,-4.589342490903505,BPAT
2022-02-20,156.15635674584138,-6.107786609798561,17.878580741404587,-3.0961508774474,BPAT
2022-02-21,156.16231617831852,1.5957342279133258,17.34528761927076,8.889661974497386,BPAT
2022-02-22,156.16827561079572,3.197706216808425,16.804028657179785,26.058989515216098,BPAT
2022-02-23,156.17423504327286,3.1034737091977447,16.25531812558298,31.97897312194641,BPAT
2022-02-24,156.18019447575006,2.8563506284842615,15.699675434042499,26.914779461723185,BPAT
2022-02-25,156.1861539082272,0.6837597995938105,15.137624554948692,23.7394617372303,BPAT
2022-02-26,156.1921133407044,-5.339454285990726,14.569693442914609,17.672647502371746,BPAT
2022-02-27,156.1980727731816,-6.107786609798561,13.996413450523294,1.0263003860936806,BPAT
2022-02-28,156.20403220565873,1.5957342279133258,13.418318741107317,-8.607085174679412,BPAT
2022-03-01,156.20999163813593,3.197706216808425,12.83594569924312,-21.831643554187423,BPAT
2022-03-02,156.21595107061307,3.1034737091977447,12.249832339645454,-16.32225711945628,BPAT
2022-03-03,156.22191050309027,2.8563506284842615,11.660517715148433,-8.303778846722963,BPAT
2022-03-04,156.22786993556747,0.6837597995938105,11.06854132446066,-3.1411710596219393,BPAT
2022-03-05,156.2338293680446,-5.339454285990726,10.47444252038199,-3.6318176024358877,BPAT
2022-03-06,156.2397888005218,-6.107786609798561,9.878759919168358,-0.4787621098915906,BPAT
2022-03-07,156.24574823299895,1.5957342279133258,9.282030811729637,2.800486727358077,BPAT
2022-03-08,156.25170766547615,3.197706216808425,8.684790577343186,2.3597955403722324,BPAT
2022-03-09,156.25766709795334,3.1034737091977447,8.08757210056196,5.791287092286979,BPAT
2022-03-10,156.26362653043049,2.8563506284842615,7.490905191992755,10.784117649092508,BPAT
2022-03-11,156.26958596290768,0.6837597995938105,6.8953160136146385,1.367338223883877,BPAT
2022-03-12,156.27554539538482,-5.339454285990726,6.301326509302252,-2.300417618696372,BPAT
2022-03-13,156.28150482786202,-6.107786609798561,5.709453841212479,-8.795172059275927,BPAT
2022-03-14,156.28746426033916,1.5957342279133258,5.120209832685139,-2.378408320937666,BPAT
2022-03-15,156.29342369281636,3.197706216808425,4.534100418301215,-7.321230327926003,BPAT
2022-03-16,156.29938312529356,3.1034737091977447,3.9516251017327004,-5.547481936224017,BPAT
2022-03-17,156.3053425577707,2.8563506284842615,3.373276422009078,0.9800303917359372,BPAT
2022-03-18,156.3113019902479,0.6837597995938105,2.7995394288151694,-5.8386012186568905,BPAT
2022-03-19,156.31726142272504,-5.339454285990726,2.2308911674240726,-2.180698304158426,BPAT
2022-03-20,156.32322085520224,-6.107786609798561,1.6678001738573816,9.508765580738924,BPAT
2022-03-21,156.32918028767943,1.5957342279133258,1.110725980852541,6.62035950355471,BPAT
2022-03-22,156.33513972015658,3.197706216808425,0.5601186352040424,-13.699964572169051,BPAT
2022-03-23,156.34109915263377,3.1034737091977447,0.016418227031797628,-13.358991088863291,BPAT
2022-03-24,156.34705858511091,2.8563506284842615,-0.5199455684847267,-6.0244636451104725,BPAT
2022-03-25,156.3530180175881,0.6837597995938105,-1.0485539363824934,-7.0932238807994,BPAT
2022-03-26,156.3589774500653,-5.339454285990726,-1.5689993536929627,-10.66052381038159,BPAT
2022-03-27,156.36493688254245,-6.107786609798561,-2.0808860072299344,-15.44126426551395,BPAT
2022-03-28,156.37089631501965,1.5957342279133258,-2.583830196911803,-13.410800346021148,BPAT
2022-03-29,156.3768557474968,3.197706216808425,-3.0774607241602565,-9.124101240144995,BPAT
2022-03-30,156.382815179974,3.1034737091977447,-3.561419264935016,-4.414869624236729,BPAT
2022-03-31,156.3887746124512,2.8563506284842615,-4.035360726982833,1.2422354860474343,BPAT
2022-04-01,156.39473404492833,0.6837597995938105,-4.498953590897713,3.473459746375596,BPAT
2022-04-02,156.40069347740553,-5.339454285990726,-4.9518802346084785,-0.8023589568063301,BPAT
2022-04-03,156.40665290988267,-6.107786609798561,-5.393837240929901,2.6779709408457677,BPAT
2022-04-04,156.41261234235986,1.5957342279133258,-5.82453568783349,9.452189117560295,BPAT
2022-04-05,156.418571774837,3.197706216808425,-6.24370142111481,10.991423429469336,BPAT
2022-04-06,156.4245312073142,3.1034737091977447,-6.651075309155111,5.281070392643159,BPAT
2022-04-07,156.4304906397914,2.8563506284842615,-7.046413479496357,-4.7344277887793,BPAT
2022-04-08,156.43645007226854,0.6837597995938105,-7.429487536970375,-0.42472233489198175,BPAT
2022-04-09,156.44240950474574,-5.339454285990726,-7.800084763144907,12.86312954438992,BPAT
2022-04-10,156.44836893722288,-6.107786609798561,-8.158008296871333,20.497425969447022,BPAT
2022-04-11,156.45432836970008,1.5957342279133258,-8.503077295741628,21.0930146981282,BPAT
2022-04-12,156.46028780217728,3.197706216808425,-8.835127078284472,21.996133059298813,BPAT
2022-04-13,156.46624723465442,3.1034737091977447,-9.154009246753535,22.92728830290133,BPAT
2022-04-14,156.47220666713162,2.8563506284842615,-9.459591790384,19.801034494768118,BPAT
2022-04-15,156.47816609960876,0.6837597995938105,-9.751759169016392,14.018833269813797,BPAT
2022-04-16,156.48412553208595,-5.339454285990726,-10.030412377010423,17.608741130915206,BPAT
2022-04-17,156.49008496456315,-6.107786609798561,-10.295468987394571,8.625170632629988,BPAT
2022-04-18,156.4960443970403,1.5957342279133258,-10.546863176220874,8.62608455126724,BPAT
2022-04-19,156.5020038295175,3.197706216808425,-10.784545727117713,10.702835680791821,BPAT
2022-04-20,156.50796326199463,3.1034737091977447,-11.008484016056928,13.245047044864549,BPAT
2022-04-21,156.51392269447183,2.8563506284842615,-11.218661976375035,5.812388653418935,BPAT
2022-04-22,156.51988212694897,0.6837597995938105,-11.415080044111749,-0.5745618824310554,BPAT
2022-04-23,156.52584155942617,-5.339454285990726,-11.597755083752228,-3.9056321896832173,BPAT
2022-04-24,156.53180099190337,-6.107786609798561,-11.76672029448287,-5.377294087621891,BPAT
2022-04-25,156.5377604243805,1.5957342279133258,-11.922025097093325,-4.943469555200522,BPAT
2022-04-26,156.5437198568577,3.197706216808425,-12.06373500168053,4.192308928014427,BPAT
2022-04-27,156.54967928933485,3.1034737091977447,-12.19193145633312,3.6177784578005117,BPAT
2022-04-28,156.55563872181204,2.8563506284842615,-12.306711676997176,4.165722326700859,BPAT
2022-04-29,156.56159815428924,0.6837597995938105,-12.408188458746457,1.6638305048634265,BPAT
2022-04-30,156.56755758676638,-5.339454285990726,-12.496489968702349,-1.8356133320733363,BPAT
2022-05-01,156.57351701924358,-6.107786609798561,-12.571759520870346,-6.330970888574683,BPAT
2022-05-02,156.57947645172072,1.5957342279133258,-12.63415533318133,-2.182055346452728,BPAT
2022-05-03,156.58543588419792,3.197706216808425,-12.683850267046916,-2.5322918339594196,BPAT
2022-05-04,156.59139531667512,3.1034737091977447,-12.721031549758742,-6.194837476114117,BPAT
2022-05-05,156.59735474915226,2.8563506284842615,-12.745900480081904,-3.493804897554611,BPAT
2022-05-06,156.60331418162946,0.6837597995938105,-12.758672117412514,-0.07040186381072999,BPAT
2022-05-07,156.6092736141066,-5.339454285990726,-12.759574954888782,4.89575562677291,BPAT
2022-05-08,156.6152330465838,-6.107786609798561,-12.748850576863905,7.158404140078687,BPAT
2022-05-09,156.621192479061,1.5957342279133258,-12.726753301167538,8.680826594193206,BPAT
2022-05-10,156.62715191153814,3.197706216808425,-12.69354980660048,4.958691678253928,BPAT
2022-05-11,156.63311134401533,3.1034737091977447,-12.649518746124597,3.345933692911558,BPAT
2022-05-12,156.63907077649247,2.8563506284842615,-12.59495034622697,10.508528941250205,BPAT
2022-05-13,156.64503020896967,0.6837597995938105,-12.530145992953242,10.666355984389753,BPAT
2022-05-14,156.6509896414468,-5.339454285990726,-12.455417805121144,0.23288244966502702,BPAT
2022-05-15,156.656949073924,-6.107786609798561,-12.371088195239947,-7.7830742688854855,BPAT
2022-05-16,156.6629085064012,1.5957342279133258,-12.277489418676222,-7.4151533156382925,BPAT
2022-05-17,156.66886793887835,3.197706216808425,-12.174963111619954,-3.7786110440667926,BPAT
2022-05-18,156.67482737135555,3.1034737091977447,-12.06385981841818,1.8215587378648763,BPAT
2022-05-19,156.6807868038327,2.8563506284842615,-11.944538508855906,5.467401076538948,BPAT
2022-05-20,156.6867462363099,0.6837597995938105,-11.817366085975621,3.5968600500719106,BPAT
2022-05-21,156.69270566878708,-5.339454285990726,-11.682716885037854,-2.0665344977584823,BPAT
2022-05-22,156.69866510126423,-6.107786609798561,-11.540972164235663,-5.570906327230006,BPAT
2022-05-23,156.70462453374142,1.5957342279133258,-11.392519587785287,-4.5428391738694245,BPAT
2022-05-24,156.71058396621856,3.197706216808425,-11.237752702024272,-1.3615374810027276,BPAT
2022-05-25,156.71654339869576,3.1034737091977447,-11.077070405156446,-0.09994670273704287,BPAT
2022-05-26,156.72250283117296,2.8563506284842615,-10.910876411290294,-2.0759770483668945,BPAT
2022-05-27,156.7284622636501,0.6837597995938105,-10.73957870942413,-3.9726433538198194,BPAT
2022-05-28,156.7344216961273,-5.339454285990726,-10.563589018036929,-1.4883783920996336,BPAT
2022-05-29,156.74038112860444,-6.107786609798561,-10.383322235948981,-2.0522722828569044,BPAT
2022-05-30,156.74634056108164,1.5957342279133258,-10.199195890120594,-10.328878898874365,BPAT
2022-05-31,156.75229999355884,3.197706216808425,-10.011629581060422,-8.163376629306782,BPAT
2022-06-01,156.75825942603598,3.1034737091977447,-9.821044426517865,-6.395688708715852,BPAT
2022-06-02,156.76421885851317,2.8563506284842615,-9.627862504135399,-3.8907069828620138,BPAT
2022-06-03,156.77017829099032,0.6837597995938105,-9.43250629373821,-5.576431796845952,BPAT
2022-06-04,156.7761377234675,-5.339454285990726,-9.235398119938178,-5.778285317538604,BPAT
2022-06-05,156.78209715594465,-6.107786609798561,-9.036959595729092,-6.896350950417002,BPAT
2022-06-06,156.78805658842185,1.5957342279133258,-8.837611067748282,-6.866179748586887,BPAT
2022-06-07,156.79401602089905,3.197706216808425,-8.637771063877734,-2.85195117382969,BPAT
2022-06-08,156.7999754533762,3.1034737091977447,-8.437855743854808,-3.1925934187191274,BPAT
2022-06-09,156.8059348858534,2.8563506284842615,-8.238278353558702,0.7269928392210545,BPAT
2022-06-10,156.81189431833053,0.6837597995938105,-8.039448683634337,-0.47520543429004647,BPAT
2022-06-11,156.81785375080773,-5.339454285990726,-7.841772533109897,-7.757626931707108,BPAT
2022-06-12,156.82381318328493,-6.107786609798561,-7.645651178658057,-10.18737539482828,BPAT
2022-06-13,156.82977261576207,1.5957342279133258,-7.451480850143945,-8.272025993531457,BPAT
2022-06-14,156.83573204823927,3.197706216808425,-7.25965221309534,-10.046786051952296,BPAT
2022-06-15,156.8416914807164,3.1034737091977447,-7.070549858721891,-10.164615331192294,BPAT
2022-06-16,156.8476509131936,2.8563506284842615,-6.884551802101141,-7.149449739576738,BPAT
2022-06-17,156.8536103456708,0.6837597995938105,-6.702028989138965,-4.063341156125631,BPAT
2022-06-18,156.85956977814794,-5.339454285990726,-6.523344812901629,-7.492770679255642,BPAT
2022-06-19,156.86552921062514,-6.107786609798561,-6.34885463990501,-10.226887960921573,BPAT
2022-06-20,156.87148864310228,1.5957342279133258,-6.1789053469346085,-5.355317524081016,BPAT
2022-06-21,156.87744807557948,3.197706216808425,-6.013834868957139,-1.053319423430736,BPAT
2022-06-22,156.88340750805662,3.1034737091977447,-5.853971758671133,2.214090541416738,BPAT
2022-06-23,156.88936694053382,2.8563506284842615,-5.699634758229699,-2.324082810788383,BPAT
2022-06-24,156.89532637301102,0.6837597995938105,-5.5511323836541795,0.7750462110493856,BPAT
2022-06-25,156.90128580548816,-5.339454285990726,-5.4087625224417675,2.2809310029442997,BPAT
2022-06-26,156.90724523796536,-6.107786609798561,-5.2728120448544855,8.760353416687707,BPAT
2022-06-27,156.9132046704425,1.5957342279133258,-5.143556429360203,15.996617531004375,BPAT
2022-06-28,156.9191641029197,3.197706216808425,-5.021259402679416,3.1103890829512864,BPAT
2022-06-29,156.9251235353969,3.1034737091977447,-4.906172594873857,1.7575753502792395,BPAT
2022-06-30,156.93108296787403,2.8563506284842615,-4.7985352098948475,0.6161016135365287,BPAT
2022-07-01,156.93704240035123,0.6837597995938105,-4.698573711990705,2.0037715120456596,BPAT
2022-07-02,156.94300183282837,-5.339454285990726,-4.606501528353343,-2.187046018484324,BPAT
2022-07-03,156.94896126530557,-6.107786609798561,-4.522518768364718,-6.033655887142288,BPAT
2022-07-04,156.95492069778277,1.5957342279133258,-4.446811959783739,-12.887842965912341,BPAT
2022-07-05,156.9608801302599,3.197706216808425,-4.3795538021938425,-7.473032544874513,BPAT
2022-07-06,156.9668395627371,3.1034737091977447,-4.320902938010698,-0.7934103339241574,BPAT
2022-07-07,156.97279899521425,2.8563506284842615,-4.271003741328357,-1.7231458823701473,BPAT
2022-07-08,156.97875842769145,0.6837597995938105,-4.229986124860624,2.595467897575361,BPAT
2022-07-09,156.98471786016864,-5.339454285990726,-4.19796536521282,1.6147017910349462,BPAT
2022-07-10,156.99067729264578,-6.107786609798561,-4.175041946696821,2.4571512638495676,BPAT
2022-07-11,156.99663672512298,1.5957342279133258,-4.161301423880191,10.571930470843881,BPAT
2022-07-12,157.00259615760012,3.197706216808425,-4.156814303037486,12.16251192862893,BPAT
2022-07-13,157.00855559007732,3.1034737091977447,-4.161635942649185,3.464606643374111,BPAT
2022-07-14,157.01451502255446,2.8563506284842615,-4.175806473070802,4.697940822032052,BPAT
2022-07-15,157.02047445503166,0.6837597995938105,-4.199350735471551,4.381116480846089,BPAT
2022-07-16,157.02643388750886,-5.339454285990726,-4.232278240118972,3.3462986386008424,BPAT
2022-07-17,157.032393319986,-6.107786609798561,-4.274583144062394,-0.3270235661250638,BPAT
2022-07-18,157.0383527524632,1.5957342279133258,-4.326244248245051,1.1271572678685118,BPAT
2022-07-19,157.04431218494034,3.197706216808425,-4.387225014051087,7.499206612302345,BPAT
2022-07-20,157.05027161741754,3.1034737091977447,-4.457473599270417,12.273728272655148,BPAT
2022-07-21,157.05623104989473,2.8563506284842615,-4.536922913441042,11.130341235062048,BPAT
2022-07-22,157.06219048237188,0.6837597995938105,-4.625490692505098,6.33554041053938,BPAT
2022-07-23,157.06814991484907,-5.339454285990726,-4.723079592691637,2.4223839638332834,BPAT
2022-07-24,157.0741093473262,-6.107786609798561,-4.8295773035161425,9.081254565988445,BPAT
2022-07-25,157.0800687798034,1.5957342279133258,-4.944856679763596,17.435053672046877,BPAT
2022-07-26,157.0860282122806,3.197706216808425,-5.068775892299228,21.563041463210226,BPAT
2022-07-27,157.09198764475775,3.1034737091977447,-5.201178597528325,22.250717243572808,BPAT
2022-07-28,157.09794707723495,2.8563506284842615,-5.34189412530408,24.494596419584894,BPAT
2022-07-29,157.1039065097121,0.6837597995938105,-5.490737685060199,26.8890713757543,BPAT
2022-07-30,157.1098659421893,-5.339454285990726,-5.6475105899231215,28.057098933724546,BPAT
2022-07-31,157.11582537466643,-6.107786609798561,-5.81200049853695,23.336961733669057,BPAT
2022-08-01,157.12178480714363,1.5957342279133258,-5.983981674312912,17.841462639255923,BPAT
2022-08-02,157.12774423962082,3.197706216808425,-6.1632152617941856,12.058764805364973,BPAT
2022-08-03,157.13370367209797,3.1034737091977447,-6.349449579806276,9.270272198510526,BPAT
2022-08-04,157.13966310457516,2.8563506284842615,-6.542420431042842,0.6304066979834317,BPAT
2022-08-05,157.1456225370523,0.6837597995938105,-6.741851427717137,-1.0705309089290154,BPAT
2022-08-06,157.1515819695295,-5.339454285990726,-6.947454332889749,2.8803266493509625,BPAT
2022-08-07,157.1575414020067,-6.107786609798561,-7.158929417064554,9.228174624856422,BPAT
2022-08-08,157.16350083448384,1.5957342279133258,-7.37596582962607,10.649730767228874,BPAT
2022-08-09,157.16946026696104,3.197706216808425,-7.598241984673856,8.804075500904418,BPAT
2022-08-10,157.17541969943818,3.1034737091977447,-7.825425960791852,6.18653255215591,BPAT
2022-08-11,157.18137913191538,2.8563506284842615,-8.057175914273872,9.409446153874228,BPAT
2022-08-12,157.18733856439258,0.6837597995938105,-8.293140505310149,7.470042141323773,BPAT
2022-08-13,157.19329799686972,-5.339454285990726,-8.532959336624103,4.213115625745104,BPAT
2022-08-14,157.19925742934691,-6.107786609798561,-8.776263404033473,4.749792584485107,BPAT
2022-08-15,157.20521686182406,1.5957342279133258,-9.022675558395349,9.392724468657946,BPAT
2022-08-16,157.21117629430125,3.197706216808425,-9.27181097838097,12.8979284672713,BPAT
2022-08-17,157.21713572677845,3.1034737091977447,-9.523277653512869,18.587668217536702,BPAT
2022-08-18,157.2230951592556,2.8563506284842615,-9.776676876884608,19.504231089144724,BPAT
2022-08-19,157.2290545917328,0.6837597995938105,-10.03160374697116,17.551789355644587,BPAT
2022-08-20,157.23501402420993,-5.339454285990726,-10.287647677927534,12.297087939708291,BPAT
2022-08-21,157.24097345668713,-6.107786609798561,-10.544392917762117,10.88520607087355,BPAT
2022-08-22,157.24693288916427,1.5957342279133258,-10.80141907376213,12.670751956684484,BPAT
2022-08-23,157.25289232164147,3.197706216808425,-11.058301644539302,11.8007031060894,BPAT
2022-08-24,157.25885175411867,3.1034737091977447,-11.31461255805605,15.35128709473966,BPAT
2022-08-25,157.2648111865958,2.8563506284842615,-11.56992071498452,18.832758899904405,BPAT
2022-08-26,157.270770619073,0.6837597995938105,-11.823792536744815,11.570262118078006,BPAT
2022-08-27,157.27673005155015,-5.339454285990726,-12.075792517562476,3.276516752003033,BPAT
2022-08-28,157.28268948402734,-6.107786609798561,-12.325483779880207,0.8435809056514358,BPAT
2022-08-29,157.28864891650454,1.5957342279133258,-12.57242863245478,6.852045488036936,BPAT
2022-08-30,157.29460834898168,3.197706216808425,-12.816189130466437,13.04287456467631,BPAT
2022-08-31,157.30056778145888,3.1034737091977447,-13.056327636965243,16.672286146308636,BPAT
2022-09-01,157.30652721393602,2.8563506284842615,-13.292407384977402,10.358529542557108,BPAT
2022-09-02,157.31248664641322,0.6837597995938105,-13.52399303959279,5.597746593585754,BPAT
2022-09-03,157.31844607889042,-5.339454285990726,-13.750651259355529,2.966659466455866,BPAT
2022-09-04,157.32440551136756,-6.107786609798561,-13.971951256279088,0.9773323547100858,BPAT
2022-09-05,157.33036494384476,1.5957342279133258,-14.187465353809415,-3.593633817948671,BPAT
2022-09-06,157.3363243763219,3.197706216808425,-14.39676954206142,3.1027389489310906,BPAT
2022-09-07,157.3422838087991,3.1034737091977447,-14.599444029656976,6.14168651166014,BPAT
2022-09-08,157.34824324127624,2.8563506284842615,-14.795073791496732,1.6744799217362072,BPAT
2022-09-09,157.35420267375343,0.6837597995938105,-14.98324911180219,-0.12871336154506707,BPAT
2022-09-10,157.36016210623063,-5.339454285990726,-15.163566121770058,-1.4511416984698258,BPAT
2022-09-11,157.36612153870777,-6.107786609798561,-15.335627331186798,-3.732707597722424,BPAT
2022-09-12,157.37208097118497,1.5957342279133258,-15.499042153358474,-3.1917730457398363,BPAT
2022-09-13,157.3780404036621,3.197706216808425,-15.653427422718382,-7.373319197752181,BPAT
2022-09-14,157.3839998361393,3.1034737091977447,-15.798407904483422,-8.011065640853644,BPAT
2022-09-15,157.3899592686165,2.8563506284842615,-15.933616795739507,-6.414693101361252,BPAT
2022-09-16,157.39591870109365,0.6837597995938105,-16.058696217345997,-6.98698228334149,BPAT
2022-09-17,157.40187813357085,-5.339454285990726,-16.173297696059805,-10.010126151520282,BPAT
2022-09-18,157.407837566048,-6.107786609798561,-16.277082636291404,-11.069968319958036,BPAT
2022-09-19,157.41379699852519,1.5957342279133258,-16.36972278091656,-10.644808445521932,BPAT
2022-09-20,157.41975643100238,3.197706216808425,-16.450900660580896,-10.433561987229865,BPAT
2022-09-21,157.42571586347952,3.1034737091977447,-16.520310030947268,-10.834879541730004,BPAT
2022-09-22,157.43167529595672,2.8563506284842615,-16.57765629735041,-6.204369627090557,BPAT
2022-09-23,157.43763472843386,0.6837597995938105,-16.622656926337733,-8.46273760168998,BPAT
2022-09-24,157.44359416091106,-5.339454285990726,-16.65504184359064,-9.666098031329696,BPAT
2022-09-25,157.44955359338826,-6.107786609798561,-16.674553817736566,-8.0872131658531,BPAT
2022-09-26,157.4555130258654,1.5957342279133258,-16.680948829578472,-5.191298424200255,BPAT
2022-09-27,157.4614724583426,3.197706216808425,-16.673996426285658,-5.241182248865329,BPAT
2022-09-28,157.46743189081974,3.1034737091977447,-16.653480060107295,-7.115425539910234,BPAT
2022-09-29,157.47339132329694,2.8563506284842615,-16.619197411188285,-8.768544540592927,BPAT
2022-09-30,157.47935075577408,0.6837597995938105,-16.57096069408569,-11.617149861282229,BPAT
2022-10-01,157.48531018825128,-5.339454285990726,-16.50859694760309,-11.93125895465748,BPAT
2022-10-02,157.49126962072847,-6.107786609798561,-16.431948307579837,-9.173534703350057,BPAT
2022-10-03,157.49722905320561,1.5957342279133258,-16.340872262292194,-8.740091018826774,BPAT
2022-10-04,157.5031884856828,3.197706216808425,-16.235241890143797,-9.828652812347428,BPAT
2022-10-05,157.50914791815995,3.1034737091977447,-16.114946079343696,-8.952675548014042,BPAT
2022-10-06,157.51510735063715,2.8563506284842615,-15.979889729291312,-9.272568249830101,BPAT
2022-10-07,157.52106678311435,0.6837597995938105,-15.829993933409504,-11.919832649298627,BPAT
2022-10-08,157.5270262155915,-5.339454285990726,-15.665196143188302,-11.022375786412482,BPAT
2022-10-09,157.5329856480687,-6.107786609798561,-15.485450313224417,-10.875748725045725,BPAT
2022-10-10,157.53894508054583,1.5957342279133258,-15.290727027063754,-9.821952281395454,BPAT
2022-10-11,157.54490451302303,3.197706216808425,-15.08101360367694,-10.660597126154471,BPAT
2022-10-12,157.55086394550023,3.1034737091977447,-14.856314184420572,-9.655023470277342,BPAT
2022-10-13,157.55682337797737,2.8563506284842615,-14.616649800359992,-10.711524206101672,BPAT
2022-10-14,157.56278281045456,0.6837597995938105,-14.362058419852634,-10.345484190195748,BPAT
2022-10-15,157.5687422429317,-5.339454285990726,-14.092594976313942,-11.35669298062706,BPAT
2022-10-16,157.5747016754089,-6.107786609798561,-13.808331376111783,-10.37458368949855,BPAT
2022-10-17,157.5806611078861,1.5957342279133258,-13.509356486558175,-13.095038849241234,BPAT
2022-10-18,157.58662054036324,3.197706216808425,-13.195776103991003,-11.117550653180672,BPAT
2022-10-19,157.59257997284044,3.1034737091977447,-12.867712901961973,-10.03634078007616,BPAT
2022-10-20,157.59853940531758,2.8563506284842615,-12.525306359570124,-10.084583674231766,BPAT
2022-10-21,157.60449883779478,0.6837597995938105,-12.168712670004094,-4.6325459673844875,BPAT
2022-10-22,157.61045827027192,-5.339454285990726,-11.798104629379871,-3.3128993549013614,BPAT
2022-10-23,157.61641770274912,-6.107786609798561,-11.413671505983075,-2.762959586967497,BPAT
2022-10-24,157.62237713522632,1.5957342279133258,-11.015618890049652,-1.3154924730899893,BPAT
2022-10-25,157.62833656770346,3.197706216808425,-10.604168524240034,-0.05187426027185893,BPAT
2022-10-26,157.63429600018065,3.1034737091977447,-10.179558114986317,1.177788405607913,BPAT
2022-10-27,157.6402554326578,2.8563506284842615,-9.742041124913353,-5.198564936228735,BPAT
2022-10-28,157.646214865135,0.6837597995938105,-9.291886546557844,-8.004088118170955,BPAT
2022-10-29,157.6521742976122,-5.339454285990726,-8.829378657631622,-8.02534135398983,BPAT
2022-10-30,157.65813373008933,-6.107786609798561,-8.35481675809661,-5.6085303621941875,BPAT
2022-10-31,157.66409316256653,1.5957342279133258,-7.868514889341085,-6.832312501138745,BPAT
2022-11-01,157.67005259504367,3.197706216808425,-7.370801535768093,0.7670427239160063,BPAT
2022-11-02,157.67601202752087,3.1034737091977447,-6.862019309127113,7.895533572408482,BPAT
2022-11-03,157.68197145999807,2.8563506284842615,-6.342524615941301,16.32120252745898,BPAT
2022-11-04,157.6879308924752,0.6837597995938105,-5.81268730840204,6.503996616332984,BPAT
2022-11-05,157.6938903249524,-5.339454285990726,-5.272890319122955,-3.369545719838726,BPAT
2022-11-06,157.69984975742955,-6.107786609798561,-4.723529280163656,18.079466132532673,BPAT
2022-11-07,157.70580918990674,1.5957342279133258,-4.165012126753029,17.48246870893294,BPAT
2022-11-08,157.7117686223839,3.197706216808425,-3.5977586861600166,20.028283846967696,BPAT
2022-11-09,157.71772805486108,3.1034737091977447,-3.022200252176809,25.457998488117994,BPAT
2022-11-10,157.72368748733828,2.8563506284842615,-2.4387791456971755,20.15774102987467,BPAT
2022-11-11,157.72964691981542,0.6837597995938105,-1.8479482618892717,20.812541542480005,BPAT
2022-11-12,157.73560635229262,-5.339454285990726,-1.2501706044774128,15.753018538175525,BPAT
2022-11-13,157.74156578476976,-6.107786609798561,-0.6459188076636941,23.050139632692463,BPAT
2022-11-14,157.74752521724696,1.5957342279133258,-0.03567464623421834,20.532415201073917,BPAT
2022-11-15,157.75348464972416,3.197706216808425,0.5800714655902848,19.21473766787716,BPAT
2022-11-16,157.7594440822013,3.1034737091977447,1.2008209859873382,21.945261222613567,BPAT
2022-11-17,157.7654035146785,2.8563506284842615,1.8260677674633268,23.886178089373914,BPAT
2022-11-18,157.77136294715564,0.6837597995938105,2.455298588283954,28.864578664966587,BPAT
2022-11-19,157.77732237963284,-5.339454285990726,3.0879936927963083,32.71613821356158,BPAT
2022-11-20,157.78328181211003,-6.107786609798561,3.723627340022011,31.1578774576665,BPAT
2022-11-21,157.78924124458717,1.5957342279133258,4.361668359892569,14.273356167606948,BPAT
2022-11-22,157.79520067706437,3.197706216808425,5.001580716487853,9.5965123896394,BPAT
2022-11-23,157.8011601095415,3.1034737091977447,5.6428240776301255,2.3745421036306027,BPAT
2022-11-24,157.8071195420187,2.8563506284842615,6.284854390179191,-1.7563245606821454,BPAT
2022-11-25,157.8130789744959,0.6837597995938105,6.927124460366608,1.8670367655436735,BPAT
2022-11-26,157.81903840697305,-5.339454285990726,7.569084538500224,7.966331340517428,BPAT
2022-11-27,157.82499783945025,-6.107786609798561,8.210182907367292,8.508605862981028,BPAT
2022-11-28,157.8309572719274,1.5957342279133258,8.849866473655718,18.02044202650356,BPAT
2022-11-29,157.8369167044046,3.197706216808425,9.487581361714232,28.480795717072766,BPAT
2022-11-30,157.84287613688173,3.1034737091977447,10.122773508965006,18.576876644955462,BPAT
2022-12-01,157.84883556935893,2.8563506284842615,10.754889262282207,26.468924539874592,BPAT
2022-12-02,157.85479500183612,0.6837597995938105,11.383375974648807,31.06606922392126,BPAT
2022-12-03,157.86075443431326,-5.339454285990726,12.007682601401697,23.34101725027577,BPAT
2022-12-04,157.86671386679046,-6.107786609798561,12.627260295377937,34.25281244763016,BPAT
2022-12-05,157.8726732992676,1.5957342279133258,13.241563000273079,26.641029472545938,BPAT
2022-12-06,157.8786327317448,3.197706216808425,13.850048041527335,20.420613009919492,BPAT
2022-12-07,157.884592164222,3.1034737091977447,14.452176714055444,18.597757412524828,BPAT
2022-12-08,157.89055159669914,2.8563506284842615,15.047414866141809,20.307682908674764,BPAT
2022-12-09,157.89651102917634,0.6837597995938105,15.635233478824782,18.453495692405113,BPAT
2022-12-10,157.90247046165348,-5.339454285990726,16.21510924010057,3.592874584236654,BPAT
2022-12-11,157.90842989413068,-6.107786609798561,16.786525113282625,4.59583160238526,BPAT
2022-12-12,157.91438932660787,1.5957342279133258,17.348970898858067,1.7669055466207624,BPAT
2022-12-13,157.92034875908502,3.197706216808425,17.90194378919214,14.679001234914438,BPAT
2022-12-14,157.9263081915622,3.1034737091977447,18.444948915437603,12.624269183802426,BPAT
2022-12-15,157.93226762403935,2.8563506284842615,18.977499886017,22.881881861459362,BPAT
2022-12-16,157.93822705651655,0.6837597995938105,19.499119316053502,25.95389382783611,BPAT
2022-12-17,157.94418648899375,-5.339454285990726,20.009339347138358,24.891928449858653,BPAT
2022-12-18,157.9501459214709,-6.107786609798561,20.507702156832043,20.299938531495627,BPAT
2022-12-19,157.9561053539481,1.5957342279133258,20.99376045731053,26.24539996082808,BPAT
2022-12-20,157.96206478642523,3.197706216808425,21.467077982577834,26.677151014188496,BPAT
2022-12-21,157.96802421890243,3.1034737091977447,21.927229963681796,34.719272108218036,BPAT
2022-12-22,157.97398365137957,2.8563506284842615,22.373803591382345,60.88586212875376,BPAT
2022-12-23,157.97994308385677,0.6837597995938105,22.806398465736187,45.491898650813226,BPAT
2022-12-24,157.98590251633397,-5.339454285990726,23.224627032078423,15.50592473757834,BPAT
2022-12-25,157.9918619488111,-6.107786609798561,23.628115002894667,-7.470190341907227,BPAT
2022-12-26,157.9978213812883,1.5957342279133258,24.016501765097,-19.02605737429863,BPAT
2022-12-27,158.00378081376545,3.197706216808425,24.389440772230845,-15.570927802804732,BPAT
2022-12-28,158.00974024624264,3.1034737091977447,24.746599921159785,-9.660813876600145,BPAT
2022-12-29,158.01569967871984,2.8563506284842615,25.087661912791724,-6.517712219995786,BPAT
2022-12-30,158.02165911119698,0.6837597995938105,25.41232459642942,-10.818743507220205,BPAT
2022-12-31,158.02761854367418,-5.339454285990726,25.720301297347113,-13.158465555030574,BPAT
2023-01-01,158.03357797615132,-6.107786609798561,26.081396355837533,-8.764187722190343,BPAT
2023-01-02,158.03953740862852,1.5957342279133258,26.35086368244214,1.8268646810160192,BPAT
2023-01-03,158.04549684110572,3.197706216808425,26.60282384652977,-2.094026904443865,BPAT
2023-01-04,158.05145627358286,3.1034737091977447,26.837059195503606,0.11101082171578014,BPAT
2023-01-05,158.05741570606006,2.8563506284842615,27.05336898314711,-16.016135317691436,BPAT
2023-01-06,158.0633751385372,0.6837597995938105,27.251569584588136,-16.778704522719153,BPAT
2023-01-07,158.0693345710144,-5.339454285990726,27.431494692210457,-15.500374977234117,BPAT
2023-01-08,158.07529400349154,-6.107786609798561,27.592995492286995,-13.705502885980025,BPAT
2023-01-09,158.08125343596873,1.5957342279133258,27.735940822131834,-12.658928486013906,BPAT
2023-01-10,158.08721286844593,3.197706216808425,27.86021730759051,-15.848136392844822,BPAT
2023-01-11,158.09317230092307,3.1034737091977447,27.965729480711204,-18.132375490832032,BPAT
2023-01-12,158.09913173340027,2.8563506284842615,28.052399877462342,-23.79488223934689,BPAT
2023-01-13,158.1050911658774,0.6837597995938105,28.12016911538558,-28.369020080856814,BPAT
2023-01-14,158.1110505983546,-5.339454285990726,28.168995951096324,-26.27459226346022,BPAT
2023-01-15,158.1170100308318,-6.107786609798561,28.198857317567587,-19.141080738600806,BPAT
2023-01-16,158.12296946330895,1.5957342279133258,28.209748341156377,-20.951452032378654,BPAT
2023-01-17,158.12892889578615,3.197706216808425,28.201682338355624,-18.49631745095016,BPAT
2023-01-18,158.1348883282633,3.1034737091977447,28.174690792278028,-12.053052829739045,BPAT
2023-01-19,158.14084776074048,2.8563506284842615,28.12882330890207,-7.994021698126801,BPAT
2023-01-20,158.14680719321768,0.6837597995938105,28.0641475531338,-2.609714545945252,BPAT
2023-01-21,158.15276662569482,-5.339454285990726,27.980749164761747,6.238938495534143,BPAT
2023-01-22,158.15872605817202,-6.107786609798561,27.87873165440537,-3.0516711027788403,BPAT
2023-01-23,158.16468549064916,1.5957342279133258,27.758216279581326,-4.87963599814384,BPAT
2023-01-24,158.17064492312636,3.197706216808425,27.619341901034346,-6.6646930409691265,BPAT
2023-01-25,158.17660435560356,3.1034737091977447,27.46226481950297,-11.879342884304265,BPAT
2023-01-26,158.1825637880807,2.8563506284842615,27.287158593113055,-10.578073009678008,BPAT
2023-01-27,158.1885232205579,0.6837597995938105,27.09421383561429,-15.251496855765993,BPAT
2023-01-28,158.19448265303504,-5.339454285990726,26.883637995697658,-7.117666362741971,BPAT
2023-01-29,158.20044208551224,-6.107786609798561,26.655655117653403,16.909689406632936,BPAT
2023-01-30,158.20640151798938,1.5957342279133258,26.41050558365108,27.092358670446202,BPAT
2023-01-31,158.21236095046658,3.197706216808425,26.14844583794442,15.776486994780583,BPAT
2023-02-01,158.21832038294377,3.1034737091977447,25.869748093324908,5.280457814533605,BPAT
2023-02-02,158.2242798154209,2.8563506284842615,25.574700020168596,4.78366953592618,BPAT
2023-02-03,158.2302392478981,0.6837597995938105,25.263604418440693,-4.458603465932612,BPAT
2023-02-04,158.23619868037525,-5.339454285990726,24.936778873042698,-15.872523267427198,BPAT
2023-02-05,158.24215811285245,-6.107786609798561,24.594555392905704,-10.748926895959613,BPAT
2023-02-06,158.24811754532965,1.5957342279133258,24.23728003425276,-10.518131807495763,BPAT
2023-02-07,158.2540769778068,3.197706216808425,23.86531250847129,-10.3300957030865,BPAT
2023-02-08,158.260036410284,3.1034737091977447,23.479025775054595,-9.26353589453629,BPAT
2023-02-09,158.26599584276113,2.8563506284842615,23.078805620088577,-13.868152091333997,BPAT
2023-02-10,158.27195527523833,0.6837597995938105,22.665050220776877,-18.172765295608997,BPAT
2023-02-11,158.27791470771552,-5.339454285990726,22.238169696513353,-8.935630118238123,BPAT
2023-02-12,158.28387414019267,-6.107786609798561,21.79858564702685,-4.462673177420953,BPAT
2023-02-13,158.28983357266986,1.5957342279133258,21.346730678137767,-3.77529847872097,BPAT
2023-02-14,158.295793005147,3.197706216808425,20.883047915680486,4.781452862364063,BPAT
2023-02-15,158.3017524376242,3.1034737091977447,20.407990508159287,7.8517833450187595,BPAT
2023-02-16,158.3077118701014,2.8563506284842615,19.922021118718337,3.6409163826960196,BPAT
2023-02-17,158.31367130257854,0.6837597995938105,19.425611407018692,-5.344042509191041,BPAT
2023-02-18,158.31963073505574,-5.339454285990726,18.91924150162683,-3.538417950691837,BPAT
2023-02-19,158.32559016753288,-6.107786609798561,18.40339946353007,-3.0912030212643913,BPAT
2023-02-20,158.33154960001008,1.5957342279133258,17.878580741404587,-9.143864569327974,BPAT
2023-02-21,158.33750903248722,3.197706216808425,17.34528761927076,2.1714971314335685,BPAT
2023-02-22,158.34346846496442,3.1034737091977447,16.804028657179785,24.135029168658036,BPAT
2023-02-23,158.34942789744161,2.8563506284842615,16.25531812558298,37.752903348491174,BPAT
2023-02-24,158.35538732991876,0.6837597995938105,15.699675434042499,35.7651774364449,BPAT
2023-02-25,158.36134676239595,-5.339454285990726,15.137624554948692,28.41048296864608,BPAT
2023-02-26,158.3673061948731,-6.107786609798561,14.569693442914609,20.155786972010873,BPAT
2023-02-27,158.3732656273503,1.5957342279133258,13.996413450523294,17.741586694213083,BPAT
2023-02-28,158.3792250598275,3.197706216808425,13.418318741107317,18.179749982256794,BPAT
2023-03-01,158.38518449230463,3.1034737091977447,12.83594569924312,15.827396099254486,BPAT
2023-03-02,158.39114392478183,2.8563506284842615,12.249832339645454,12.172673107088457,BPAT
2023-03-03,158.39710335725897,0.6837597995938105,11.660517715148433,12.543619127998767,BPAT
2023-03-04,158.40306278973617,-5.339454285990726,11.06854132446066,10.477850171793904,BPAT
2023-03-05,158.40902222221337,-6.107786609798561,10.47444252038199,11.828321867203243,BPAT
2023-03-06,158.4149816546905,1.5957342279133258,9.878759919168358,6.699524198227806,BPAT
2023-03-07,158.4209410871677,3.197706216808425,9.282030811729637,3.060321884294268,BPAT
2023-03-08,158.42690051964485,3.1034737091977447,8.684790577343186,11.93183519381418,BPAT
2023-03-09,158.43285995212204,2.8563506284842615,8.08757210056196,13.699217318831728,BPAT
2023-03-10,158.43881938459919,0.6837597995938105,7.490905191992755,11.223515623814222,BPAT
2023-03-11,158.44477881707638,-5.339454285990726,6.8953160136146385,1.0483594552997033,BPAT
2023-03-12,158.45073824955358,-6.107786609798561,6.301326509302252,3.1007218509427332,BPAT
2023-03-13,158.45669768203072,1.5957342279133258,5.709453841212479,5.953114248843491,BPAT
2023-03-14,158.46265711450792,3.197706216808425,5.120209832685139,7.316426835998556,BPAT
2023-03-15,158.46861654698506,3.1034737091977447,4.534100418301215,3.783809325515932,BPAT
2023-03-16,158.47457597946226,2.8563506284842615,3.9516251017327004,5.472448290320756,BPAT
2023-03-17,158.48053541193946,0.6837597995938105,3.373276422009078,-0.9605716335423153,BPAT
2023-03-18,158.4864948444166,-5.339454285990726,2.7995394288151694,-8.340579987241085,BPAT
2023-03-19,158.4924542768938,-6.107786609798561,2.2308911674240726,-5.670558834519312,BPAT
2023-03-20,158.49841370937094,1.5957342279133258,1.6678001738573816,-2.9939481111416626,BPAT
2023-03-21,158.50437314184813,3.197706216808425,1.110725980852541,-7.342805339509084,BPAT
2023-03-22,158.51033257432533,3.1034737091977447,0.5601186352040424,-6.696924918727092,BPAT
2023-03-23,158.51629200680247,2.8563506284842615,0.016418227031797628,5.771939137681443,BPAT
2023-03-24,158.52225143927967,0.6837597995938105,-0.5199455684847267,19.39293432961128,BPAT
2023-03-25,158.5282108717568,-5.339454285990726,-1.0485539363824934,17.983797350616385,BPAT
2023-03-26,158.534170304234,-6.107786609798561,-1.5689993536929627,14.794615659257516,BPAT
2023-03-27,158.5401297367112,1.5957342279133258,-2.0808860072299344,13.590022042605455,BPAT
2023-03-28,158.54608916918835,3.197706216808425,-2.583830196911803,7.012034810915026,BPAT
2023-03-29,158.55204860166555,3.1034737091977447,-3.0774607241602565,1.0989384132969633,BPAT
2023-03-30,158.5580080341427,2.8563506284842615,-3.561419264935016,3.0330606023080406,BPAT
2023-03-31,158.56396746661989,0.6837597995938105,-4.035360726982833,11.243633460769132,BPAT
2023-04-01,158.56992689909703,-5.339454285990726,-4.498953590897713,15.0544809777914,BPAT
2023-04-02,158.57588633157422,-6.107786609798561,-4.9518802346084785,18.00078051283279,BPAT
2023-04-03,158.58184576405142,1.5957342279133258,-5.393837240929901,16.310257248965172,BPAT
2023-04-04,158.58780519652856,3.197706216808425,-5.82453568783349,11.006024274496525,BPAT
2023-04-05,158.59376462900576,3.1034737091977447,-6.24370142111481,7.41846308291133,BPAT
2023-04-06,158.5997240614829,2.8563506284842615,-6.651075309155111,1.2120006191879042,BPAT
2023-04-07,158.6056834939601,0.6837597995938105,-7.046413479496357,-5.563029814057558,BPAT
2023-04-08,158.6116429264373,-5.339454285990726,-7.429487536970375,-1.617701103476179,BPAT
2023-04-09,158.61760235891444,-6.107786609798561,-7.800084763144907,-3.797730985970958,BPAT
2023-04-10,158.62356179139164,1.5957342279133258,-8.158008296871333,0.04471227756638996,BPAT
2023-04-11,158.62952122386878,3.197706216808425,-8.503077295741628,4.308849855064409,BPAT
2023-04-12,158.63548065634598,3.1034737091977447,-8.835127078284472,6.634172712740764,BPAT
2023-04-13,158.64144008882317,2.8563506284842615,-9.154009246753535,7.61121852944612,BPAT
2023-04-14,158.64739952130031,0.6837597995938105,-9.459591790384,0.3664324694898653,BPAT
2023-04-15,158.6533589537775,-5.339454285990726,-9.751759169016392,0.22385450122959583,BPAT
2023-04-16,158.65931838625465,-6.107786609798561,-10.030412377010423,4.5998806005543145,BPAT
2023-04-17,158.66527781873185,1.5957342279133258,-10.295468987394571,12.93945694074938,BPAT
2023-04-18,158.67123725120905,3.197706216808425,-10.546863176220874,18.806919708203424,BPAT
2023-04-19,158.6771966836862,3.1034737091977447,-10.784545727117713,15.223875334233782,BPAT
2023-04-20,158.6831561161634,2.8563506284842615,-11.008484016056928,22.89497727140926,BPAT
2023-04-21,158.68911554864053,0.6837597995938105,-11.218661976375035,7.164786628140661,BPAT
2023-04-22,158.69507498111773,-5.339454285990726,-11.415080044111749,-4.039540651015244,BPAT
2023-04-23,158.70103441359487,-6.107786609798561,-11.597755083752228,-2.5204927200441034,BPAT
2023-04-24,158.70699384607207,1.5957342279133258,-11.76672029448287,-1.6160077795025245,BPAT
2023-04-25,158.71295327854926,3.197706216808425,-11.922025097093325,-4.043634398264317,BPAT
2023-04-26,158.7189127110264,3.1034737091977447,-12.06373500168053,-6.757651418543645,BPAT
2023-04-27,158.7248721435036,2.8563506284842615,-12.19193145633312,-8.827291315654747,BPAT
2023-04-28,158.73083157598074,0.6837597995938105,-12.306711676997176,-8.44687969857739,BPAT
2023-04-29,158.73679100845794,-5.339454285990726,-12.408188458746457,-10.248148263720736,BPAT
2023-04-30,158.74275044093514,-6.107786609798561,-12.496489968702349,-7.931473862434217,BPAT
2023-05-01,158.74870987341228,1.5957342279133258,-12.571759520870346,-7.11768458045529,BPAT
2023-05-02,158.75466930588948,3.197706216808425,-12.63415533318133,-9.412220189516518,BPAT
2023-05-03,158.76062873836662,3.1034737091977447,-12.683850267046916,-8.985252180517477,BPAT
2023-05-04,158.76658817084382,2.8563506284842615,-12.721031549758742,-2.0049072495693565,BPAT
2023-05-05,158.77254760332102,0.6837597995938105,-12.745900480081904,1.0835930771671372,BPAT
2023-05-06,158.77850703579816,-5.339454285990726,-12.758672117412514,-0.9493806323949059,BPAT
2023-05-07,158.78446646827535,-6.107786609798561,-12.759574954888782,-3.6871049035879935,BPAT
2023-05-08,158.7904259007525,1.5957342279133258,-12.748850576863905,-1.8213095518019315,BPAT
2023-05-09,158.7963853332297,3.197706216808425,-12.726753301167538,-5.505338248870572,BPAT
2023-05-10,158.80234476570683,3.1034737091977447,-12.69354980660048,-5.074268668304114,BPAT
2023-05-11,158.80830419818403,2.8563506284842615,-12.649518746124597,-5.872136080543697,BPAT
2023-05-12,158.81426363066123,0.6837597995938105,-12.59495034622697,-3.1930730840280432,BPAT
2023-05-13,158.82022306313837,-5.339454285990726,-12.530145992953242,1.085377215805579,BPAT
2023-05-14,158.82618249561557,-6.107786609798561,-12.455417805121144,4.388021919304151,BPAT
2023-05-15,158.8321419280927,1.5957342279133258,-12.371088195239947,5.931212039233884,BPAT
2023-05-16,158.8381013605699,3.197706216808425,-12.277489418676222,2.387681841297905,BPAT
2023-05-17,158.8440607930471,3.1034737091977447,-12.174963111619954,5.499428609375116,BPAT
2023-05-18,158.85002022552425,2.8563506284842615,-12.06385981841818,3.9184889644096472,BPAT
2023-05-19,158.85597965800144,0.6837597995938105,-11.944538508855906,3.4757990512606796,BPAT
2023-05-20,158.8619390904786,-5.339454285990726,-11.817366085975621,4.60588128148774,BPAT
2023-05-21,158.86789852295578,-6.107786609798561,-11.682716885037854,0.3996049718806205,BPAT
2023-05-22,158.87385795543298,1.5957342279133258,-11.540972164235663,-1.7566200191106418,BPAT
2023-05-23,158.87981738791012,3.197706216808425,-11.392519587785287,-1.6180040169332415,BPAT
2023-05-24,158.88577682038732,3.1034737091977447,-11.237752702024272,-1.8664978275608064,BPAT
2023-05-25,158.89173625286446,2.8563506284842615,-11.077070405156446,0.5889835238077126,BPAT
2023-05-26,158.89769568534166,0.6837597995938105,-10.910876411290294,0.32542092635483755,BPAT
2023-05-27,158.90365511781886,-5.339454285990726,-10.73957870942413,-5.095622122403967,BPAT
2023-05-28,158.909614550296,-6.107786609798561,-10.563589018036929,-5.543238922460517,BPAT
2023-05-29,158.9155739827732,1.5957342279133258,-10.383322235948981,-8.561985974737524,BPAT
2023-05-30,158.92153341525034,3.197706216808425,-10.199195890120594,-3.7760437419381674,BPAT
2023-05-31,158.92749284772754,3.1034737091977447,-10.011629581060422,-2.6513369758648366,BPAT
2023-06-01,158.93345228020468,2.8563506284842615,-9.821044426517865,-5.614758482171112,BPAT
2023-06-02,158.93941171268187,0.6837597995938105,-9.627862504135399,-5.10830900814031,BPAT
2023-06-03,158.94537114515907,-5.339454285990726,-9.43250629373821,-5.011410565430111,BPAT
2023-06-04,158.9513305776362,-6.107786609798561,-9.235398119938178,-5.595145847899488,BPAT
2023-06-05,158.9572900101134,1.5957342279133258,-9.036959595729092,-3.5410646422976413,BPAT
2023-06-06,158.96324944259055,3.197706216808425,-8.837611067748282,-1.1433445916507026,BPAT
2023-06-07,158.96920887506775,3.1034737091977447,-8.637771063877734,-0.32191152038777204,BPAT
2023-06-08,158.97516830754495,2.8563506284842615,-8.437855743854808,-5.465663192174361,BPAT
2023-06-09,158.9811277400221,0.6837597995938105,-8.238278353558702,-10.330609186057217,BPAT
2023-06-10,158.9870871724993,-5.339454285990726,-8.039448683634337,-10.626184202874214,BPAT
2023-06-11,158.99304660497643,-6.107786609798561,-7.841772533109897,-9.13148746206798,BPAT
2023-06-12,158.99900603745363,1.5957342279133258,-7.645651178658057,-0.7920890867088701,BPAT
2023-06-13,159.00496546993082,3.197706216808425,-7.451480850143945,-6.671190836595258,BPAT
2023-06-14,159.01092490240796,3.1034737091977447,-7.25965221309534,-11.151746398510369,BPAT
2023-06-15,159.01688433488516,2.8563506284842615,-7.070549858721891,-10.236685104647535,BPAT
2023-06-16,159.0228437673623,0.6837597995938105,-6.884551802101141,-7.377051764854997,BPAT
2023-06-17,159.0288031998395,-5.339454285990726,-6.702028989138965,-11.218319924709789,BPAT
2023-06-18,159.0347626323167,-6.107786609798561,-6.523344812901629,-12.496631209616481,BPAT
2023-06-19,159.04072206479384,1.5957342279133258,-6.34885463990501,-9.929601652802148,BPAT
2023-06-20,159.04668149727104,3.197706216808425,-6.1789053469346085,-10.317482367144834,BPAT
2023-06-21,159.05264092974818,3.1034737091977447,-6.013834868957139,-10.070279769988787,BPAT
2023-06-22,159.05860036222538,2.8563506284842615,-5.853971758671133,-9.052979232038496,BPAT
2023-06-23,159.06455979470252,0.6837597995938105,-5.699634758229699,-5.868684836066649,BPAT
2023-06-24,159.07051922717972,-5.339454285990726,-5.5511323836541795,-8.098932557534795,BPAT
2023-06-25,159.0764786596569,-6.107786609798561,-5.4087625224417675,-6.1119295274165495,BPAT
2023-06-26,159.08243809213405,1.5957342279133258,-5.2728120448544855,-4.53436027519291,BPAT
2023-06-27,159.08839752461125,3.197706216808425,-5.143556429360203,-4.648547312059435,BPAT
2023-06-28,159.0943569570884,3.1034737091977447,-5.021259402679416,-2.9425712636067374,BPAT
2023-06-29,159.1003163895656,2.8563506284842615,-4.906172594873857,1.4905055768239777,BPAT
2023-06-30,159.1062758220428,0.6837597995938105,-4.7985352098948475,2.639499588258275,BPAT
2023-07-01,159.11223525451993,-5.339454285990726,-4.698573711990705,0.14079274346147486,BPAT
2023-07-02,159.11819468699713,-6.107786609798561,-4.606501528353343,-3.223906548845207,BPAT
2023-07-03,159.12415411947427,1.5957342279133258,-4.522518768364718,-7.757369579022907,BPAT
2023-07-04,159.13011355195147,3.197706216808425,-4.446811959783739,-9.902007808976151,BPAT
2023-07-05,159.13607298442867,3.1034737091977447,-4.3795538021938425,1.5710071085674713,BPAT
2023-07-06,159.1420324169058,2.8563506284842615,-4.320902938010698,2.613519892620616,BPAT
2023-07-07,159.147991849383,0.6837597995938105,-4.271003741328357,-1.2347479076484262,BPAT
2023-07-08,159.15395128186015,-5.339454285990726,-4.229986124860624,-2.2265108710087986,BPAT
2023-07-09,159.15991071433734,-6.107786609798561,-4.19796536521282,-1.3331587393259667,BPAT
2023-07-10,159.16587014681448,1.5957342279133258,-4.175041946696821,-7.602562428031007,BPAT
2023-07-11,159.17182957929168,3.197706216808425,-4.161301423880191,-5.72023437221992,BPAT
2023-07-12,159.17778901176888,3.1034737091977447,-4.156814303037486,-2.2584484179290882,BPAT
2023-07-13,159.18374844424602,2.8563506284842615,-4.161635942649185,1.2075368699188687,BPAT
2023-07-14,159.18970787672322,0.6837597995938105,-4.175806473070802,5.303338796753792,BPAT
2023-07-15,159.19566730920036,-5.339454285990726,-4.199350735471551,8.907137712261886,BPAT
2023-07-16,159.20162674167756,-6.107786609798561,-4.232278240118972,8.317438108239969,BPAT
2023-07-17,159.20758617415476,1.5957342279133258,-4.274583144062394,-0.30173725800565876,BPAT
2023-07-18,159.2135456066319,3.197706216808425,-4.326244248245051,-2.6140075751952736,BPAT
2023-07-19,159.2195050391091,3.1034737091977447,-4.387225014051087,4.291246265744263,BPAT
2023-07-20,159.22546447158624,2.8563506284842615,-4.457473599270417,5.645658499199925,BPAT
2023-07-21,159.23142390406343,0.6837597995938105,-4.536922913441042,4.959739209783777,BPAT
2023-07-22,159.23738333654063,-5.339454285990726,-4.625490692505098,4.75956164195523,BPAT
2023-07-23,159.24334276901777,-6.107786609798561,-4.723079592691637,4.331523433472398,BPAT
2023-07-24,159.24930220149497,1.5957342279133258,-4.8295773035161425,-0.62945912589214,BPAT
2023-07-25,159.2552616339721,3.197706216808425,-4.944856679763596,-2.5711111710169234,BPAT
2023-07-26,159.2612210664493,3.1034737091977447,-5.068775892299228,-3.394918883347799,BPAT
2023-07-27,159.2671804989265,2.8563506284842615,-5.201178597528325,-1.7243525298824238,BPAT
2023-07-28,159.27313993140365,0.6837597995938105,-5.34189412530408,-0.7950056056934045,BPAT
2023-07-29,159.27909936388085,-5.339454285990726,-5.490737685060199,-0.5529073928298942,BPAT
2023-07-30,159.285058796358,-6.107786609798561,-5.6475105899231215,-1.1127615966363464,BPAT
2023-07-31,159.29101822883518,1.5957342279133258,-5.81200049853695,-0.473751958211551,BPAT
2023-08-01,159.29697766131233,3.197706216808425,-5.983981674312912,1.1722977961921401,BPAT
2023-08-02,159.30293709378952,3.1034737091977447,-6.1632152617941856,2.915804458806889,BPAT
2023-08-03,159.30889652626672,2.8563506284842615,-6.349449579806276,4.382202425055311,BPAT
2023-08-04,159.31485595874386,0.6837597995938105,-6.542420431042842,2.7288046727051665,BPAT
2023-08-05,159.32081539122106,-5.339454285990726,-6.741851427717137,-2.15550967751318,BPAT
2023-08-06,159.3267748236982,-6.107786609798561,-6.947454332889749,-1.7105338810099227,BPAT
2023-08-07,159.3327342561754,1.5957342279133258,-7.158929417064554,-3.367539067024211,BPAT
2023-08-08,159.3386936886526,3.197706216808425,-7.37596582962607,-1.3864340758349272,BPAT
2023-08-09,159.34465312112974,3.1034737091977447,-7.598241984673856,0.07511515434637772,BPAT
2023-08-10,159.35061255360694,2.8563506284842615,-7.825425960791852,1.4184627787007003,BPAT
2023-08-11,159.35657198608408,0.6837597995938105,-8.057175914273872,2.497844128595972,BPAT
2023-08-12,159.36253141856128,-5.339454285990726,-8.293140505310149,5.085063372739597,BPAT
2023-08-13,159.36849085103847,-6.107786609798561,-8.532959336624103,12.893255095384234,BPAT
2023-08-14,159.3744502835156,1.5957342279133258,-8.776263404033473,20.325078892604523,BPAT
2023-08-15,159.3804097159928,3.197706216808425,-9.022675558395349,25.35955962559413,BPAT
2023-08-16,159.38636914846995,3.1034737091977447,-9.27181097838097,25.949968120713237,BPAT
2023-08-17,159.39232858094715,2.8563506284842615,-9.523277653512869,20.71959844408147,BPAT
2023-08-18,159.39828801342435,0.6837597995938105,-9.776676876884608,9.79762906386648,BPAT
2023-08-19,159.4042474459015,-5.339454285990726,-10.03160374697116,-2.317189412939598,BPAT
2023-08-20,159.4102068783787,-6.107786609798561,-10.287647677927534,-6.460772590652596,BPAT
2023-08-21,159.41616631085583,1.5957342279133258,-10.544392917762117,-8.548507621007047,BPAT
2023-08-22,159.42212574333303,3.197706216808425,-10.80141907376213,-10.599412886379298,BPAT
2023-08-23,159.42808517581017,3.1034737091977447,-11.058301644539302,-11.413257240468653,BPAT
2023-08-24,159.43404460828737,2.8563506284842615,-11.31461255805605,-6.659782678715601,BPAT
2023-08-25,159.44000404076456,0.6837597995938105,-11.56992071498452,-2.513843125373853,BPAT
2023-08-26,159.4459634732417,-5.339454285990726,-11.823792536744815,-0.5087166505061873,BPAT
2023-08-27,159.4519229057189,-6.107786609798561,-12.075792517562476,0.7486562216421362,BPAT
2023-08-28,159.45788233819604,1.5957342279133258,-12.325483779880207,-1.2551327862291828,BPAT
2023-08-29,159.46384177067324,3.197706216808425,-12.57242863245478,-2.9591193550268713,BPAT
2023-08-30,159.46980120315044,3.1034737091977447,-12.816189130466437,-0.9010857818817328,BPAT
2023-08-31,159.47576063562758,2.8563506284842615,-13.056327636965243,-8.078783627146606,BPAT
2023-09-01,159.48172006810478,0.6837597995938105,-13.292407384977402,-7.996072482721161,BPAT
2023-09-02,159.48767950058192,-5.339454285990726,-13.52399303959279,-3.734232174998425,BPAT
2023-09-03,159.49363893305912,-6.107786609798561,-13.750651259355529,-6.88420106390501,BPAT
2023-09-04,159.49959836553631,1.5957342279133258,-13.971951256279088,-14.287381337170501,BPAT
2023-09-05,159.50555779801346,3.197706216808425,-14.187465353809415,-10.478798661012462,BPAT
2023-09-06,159.51151723049065,3.1034737091977447,-14.39676954206142,-6.304221397626975,BPAT
2023-09-07,159.5174766629678,2.8563506284842615,-14.599444029656976,-6.074383261795106,BPAT
2023-09-08,159.523436095445,0.6837597995938105,-14.795073791496732,-5.173122103542056,BPAT
2023-09-09,159.52939552792213,-5.339454285990726,-14.98324911180219,-4.239692130129242,BPAT
2023-09-10,159.53535496039933,-6.107786609798561,-15.163566121770058,-3.2970022288307064,BPAT
2023-09-11,159.54131439287653,1.5957342279133258,-15.335627331186798,-3.873421289603016,BPAT
2023-09-12,159.54727382535367,3.197706216808425,-15.499042153358474,-4.092937888803647,BPAT
2023-09-13,159.55323325783087,3.1034737091977447,-15.653427422718382,-3.9032795443102373,BPAT
2023-09-14,159.559192690308,2.8563506284842615,-15.798407904483422,-3.7421354143088763,BPAT
2023-09-15,159.5651521227852,0.6837597995938105,-15.933616795739507,-1.6222951266395,BPAT
2023-09-16,159.5711115552624,-5.339454285990726,-16.058696217345997,-2.6689610519256917,BPAT
2023-09-17,159.57707098773955,-6.107786609798561,-16.173297696059805,-2.818986681881171,BPAT
2023-09-18,159.58303042021674,1.5957342279133258,-16.277082636291404,-6.05668201183866,BPAT
2023-09-19,159.58898985269389,3.197706216808425,-16.36972278091656,-7.9399732885857475,BPAT
2023-09-20,159.59494928517108,3.1034737091977447,-16.450900660580896,-9.820522333787949,BPAT
2023-09-21,159.60090871764828,2.8563506284842615,-16.520310030947268,-8.891949315185286,BPAT
2023-09-22,159.60686815012542,0.6837597995938105,-16.57765629735041,-9.40097165236881,BPAT
2023-09-23,159.61282758260262,-5.339454285990726,-16.622656926337733,-10.600716370274156,BPAT
2023-09-24,159.61878701507976,-6.107786609798561,-16.65504184359064,-8.05095856169055,BPAT
2023-09-25,159.62474644755696,1.5957342279133258,-16.674553817736566,-9.352926857733706,BPAT
2023-09-26,159.63070588003416,3.197706216808425,-16.680948829578472,-11.431463267264036,BPAT
2023-09-27,159.6366653125113,3.1034737091977447,-16.673996426285658,-9.801142595423414,BPAT
2023-09-28,159.6426247449885,2.8563506284842615,-16.653480060107295,-8.582495313365456,BPAT
2023-09-29,159.64858417746564,0.6837597995938105,-16.619197411188285,-7.115146565871186,BPAT
2023-09-30,159.65454360994283,-5.339454285990726,-16.57096069408569,-5.535128629866421,BPAT
2023-10-01,159.66050304241998,-6.107786609798561,-16.50859694760309,-4.181119485018343,BPAT
2023-10-02,159.66646247489717,1.5957342279133258,-16.431948307579837,-3.6422483952306663,BPAT
2023-10-03,159.67242190737437,3.197706216808425,-16.340872262292194,-8.1742558618906,BPAT
2023-10-04,159.6783813398515,3.1034737091977447,-16.235241890143797,-7.522613158905472,BPAT
2023-10-05,159.6843407723287,2.8563506284842615,-16.114946079343696,-9.664745321469269,BPAT
2023-10-06,159.69030020480585,0.6837597995938105,-15.979889729291312,-9.525170275108366,BPAT
2023-10-07,159.69625963728305,-5.339454285990726,-15.829993933409504,-10.350811417882852,BPAT
2023-10-08,159.70221906976025,-6.107786609798561,-15.665196143188302,-11.809236316773365,BPAT
2023-10-09,159.7081785022374,1.5957342279133258,-15.485450313224417,-12.524462416926298,BPAT
2023-10-10,159.71413793471459,3.197706216808425,-15.290727027063754,-7.745117124459227,BPAT
2023-10-11,159.72009736719173,3.1034737091977447,-15.08101360367694,-6.5985574727125424,BPAT
2023-10-12,159.72605679966892,2.8563506284842615,-14.856314184420572,-9.051093243732595,BPAT
2023-10-13,159.73201623214612,0.6837597995938105,-14.616649800359992,-7.489126231379942,BPAT
2023-10-14,159.73797566462326,-5.339454285990726,-14.362058419852634,-9.172462958779903,BPAT
2023-10-15,159.74393509710046,-6.107786609798561,-14.092594976313942,-10.798553510987944,BPAT
2023-10-16,159.7498945295776,1.5957342279133258,-13.808331376111783,-8.89929738137917,BPAT
2023-10-17,159.7558539620548,3.197706216808425,-13.509356486558175,-7.184203692305061,BPAT
2023-10-18,159.76181339453194,3.1034737091977447,-13.195776103991003,-12.131510999738708,BPAT
2023-10-19,159.76777282700914,2.8563506284842615,-12.867712901961973,-11.165410553531416,BPAT
2023-10-20,159.77373225948634,0.6837597995938105,-12.525306359570124,-13.019185699510018,BPAT
2023-10-21,159.77969169196348,-5.339454285990726,-12.168712670004094,-11.019524735968673,BPAT
2023-10-22,159.78565112444068,-6.107786609798561,-11.798104629379871,-11.064759885262248,BPAT
2023-10-23,159.79161055691782,1.5957342279133258,-11.413671505983075,-7.611673278848116,BPAT
2023-10-24,159.79756998939501,3.197706216808425,-11.015618890049652,-3.32565731615378,BPAT
2023-10-25,159.8035294218722,3.1034737091977447,-10.604168524240034,8.97916539317012,BPAT
2023-10-26,159.80948885434935,2.8563506284842615,-10.179558114986317,12.857718632152682,BPAT
2023-10-27,159.81544828682655,0.6837597995938105,-9.742041124913353,16.503833038492985,BPAT
2023-10-28,159.8214077193037,-5.339454285990726,-9.291886546557844,22.73793311324485,BPAT
2023-10-29,159.8273671517809,-6.107786609798561,-8.829378657631622,22.117798115649293,BPAT
2023-10-30,159.8333265842581,1.5957342279133258,-8.35481675809661,17.6097559459252,BPAT
2023-10-31,159.83928601673523,3.197706216808425,-7.868514889341085,13.106522655797448,BPAT
2023-11-01,159.84524544921243,3.1034737091977447,-7.370801535768093,7.9440823773579154,BPAT
2023-11-02,159.85120488168957,2.8563506284842615,-6.862019309127113,-3.8105362010467445,BPAT
2023-11-03,159.85716431416677,0.6837597995938105,-6.342524615941301,-8.669399497819285,BPAT
2023-11-04,159.86312374664396,-5.339454285990726,-5.81268730840204,-10.28898215225118,BPAT
2023-11-05,159.8690831791211,-6.107786609798561,-5.272890319122955,-4.5294062501995995,BPAT
2023-11-06,159.8750426115983,1.5957342279133258,-4.723529280163656,-4.039247559347928,BPAT
2023-11-07,159.88100204407544,3.197706216808425,-4.165012126753029,-3.56569613413086,BPAT
2023-11-08,159.88696147655264,3.1034737091977447,-3.5977586861600166,0.7423235004096114,BPAT
2023-11-09,159.89292090902978,2.8563506284842615,-3.022200252176809,8.730928714662753,BPAT
2023-11-10,159.89888034150698,0.6837597995938105,-2.4387791456971755,2.6821390045963938,BPAT
2023-11-11,159.90483977398418,-5.339454285990726,-1.8479482618892717,-1.4524372261041663,BPAT
2023-11-12,159.91079920646132,-6.107786609798561,-1.2501706044774128,-2.309841992185369,BPAT
2023-11-13,159.91675863893852,1.5957342279133258,-0.6459188076636941,-3.778574059188145,BPAT
2023-11-14,159.92271807141566,3.197706216808425,-0.03567464623421834,3.872250358010092,BPAT
2023-11-15,159.92867750389286,3.1034737091977447,0.5800714655902848,3.9497773213190897,BPAT
2023-11-16,159.93463693637005,2.8563506284842615,1.2008209859873382,4.332191449158358,BPAT
2023-11-17,159.9405963688472,0.6837597995938105,1.8260677674633268,7.303576064095637,BPAT
2023-11-18,159.9465558013244,-5.339454285990726,2.455298588283954,5.569599896382385,BPAT
2023-11-19,159.95251523380153,-6.107786609798561,3.0879936927963083,4.1272776832007025,BPAT
2023-11-20,159.95847466627873,1.5957342279133258,3.723627340022011,9.242163765785932,BPAT
2023-11-21,159.96443409875593,3.197706216808425,4.361668359892569,3.3401913245431274,BPAT
2023-11-22,159.97039353123307,3.1034737091977447,5.001580716487853,-4.744447956918663,BPAT
2023-11-23,159.97635296371027,2.8563506284842615,5.6428240776301255,-3.5025276698246444,BPAT
2023-11-24,159.9823123961874,0.6837597995938105,6.284854390179191,6.623073414039595,BPAT
2023-11-25,159.9882718286646,-5.339454285990726,6.927124460366608,20.672057996959467,BPAT
2023-11-26,159.9942312611418,-6.107786609798561,7.569084538500224,22.538470810156582,BPAT
2023-11-27,160.00019069361895,1.5957342279133258,8.210182907367292,25.2828921711004,BPAT
2023-11-28,160.00615012609614,3.197706216808425,8.849866473655718,27.533277183439736,BPAT
2023-11-29,160.0121095585733,3.1034737091977447,9.487581361714232,30.072835370514724,BPAT
2023-11-30,160.01806899105048,2.8563506284842615,10.122773508965006,23.314806871500252,BPAT
2023-12-01,160.02402842352762,0.6837597995938105,10.754889262282207,14.612322514596315,BPAT
2023-12-02,160.02998785600482,-5.339454285990726,11.383375974648807,2.5700904553370947,BPAT
2023-12-03,160.03594728848202,-6.107786609798561,12.007682601401697,-2.7768432800851315,BPAT
2023-12-04,160.04190672095916,1.5957342279133258,12.627260295377937,-14.108901244250433,BPAT
2023-12-05,160.04786615343636,3.197706216808425,13.241563000273079,-22.84113537051786,BPAT
2023-12-06,160.0538255859135,3.1034737091977447,13.850048041527335,-19.471347336638587,BPAT
2023-12-07,160.0597850183907,2.8563506284842615,14.452176714055444,-8.149312360930423,BPAT
2023-12-08,160.0657444508679,0.6837597995938105,15.047414866141809,2.107080883396492,BPAT
2023-12-09,160.07170388334504,-5.339454285990726,15.635233478824782,15.925516923820908,BPAT
2023-12-10,160.07766331582224,-6.107786609798561,16.21510924010057,-2.284985946124209,BPAT
2023-12-11,160.08362274829938,1.5957342279133258,16.786525113282625,-9.900882089495326,BPAT
2023-12-12,160.08958218077657,3.197706216808425,17.348970898858067,-5.483259296443066,BPAT
2023-12-13,160.09554161325377,3.1034737091977447,17.90194378919214,-2.424959111643659,BPAT
2023-12-14,160.1015010457309,2.8563506284842615,18.444948915437603,-5.716800589652792,BPAT
2023-12-15,160.1074604782081,0.6837597995938105,18.977499886017,-4.401720163818908,BPAT
2023-12-16,160.11341991068525,-5.339454285990726,19.499119316053502,4.84791505925196,BPAT
2023-12-17,160.11937934316245,-6.107786609798561,20.009339347138358,8.546067919497773,BPAT
2023-12-18,160.1253387756396,1.5957342279133258,20.507702156832043,-0.3687751603849563,BPAT
2023-12-19,160.1312982081168,3.197706216808425,20.99376045731053,-10.991764882235742,BPAT
2023-12-20,160.137257640594,3.1034737091977447,21.467077982577834,-12.363809332369556,BPAT
2023-12-21,160.14321707307113,2.8563506284842615,21.927229963681796,-12.065797665237199,BPAT
2023-12-22,160.14917650554833,0.6837597995938105,22.373803591382345,-4.8687398965245166,BPAT
2023-12-23,160.15513593802547,-5.339454285990726,22.806398465736187,6.018919882229056,BPAT
2023-12-24,160.16109537050266,-6.107786609798561,23.224627032078423,8.109064207217443,BPAT
2023-12-25,160.16705480297986,1.5957342279133258,23.628115002894667,-12.447904033787836,BPAT
2023-12-26,160.173014235457,3.197706216808425,24.016501765097,-17.120222217362453,BPAT
2023-12-27,160.1789736679342,3.1034737091977447,24.389440772230845,-17.31388814936281,BPAT
2023-12-28,160.18493310041134,2.8563506284842615,24.746599921159785,-19.76388365005542,BPAT
2023-12-29,160.19089253288854,0.6837597995938105,25.087661912791724,-23.73431424527405,BPAT
2023-12-30,160.19685196536574,-5.339454285990726,25.41232459642942,-21.35472227580442,BPAT
2023-12-31,160.20281139784288,-6.107786609798561,25.720301297347113,-16.00132608539144,BPAT
2024-01-01,160.20877083032008,1.5957342279133258,26.081396355837533,-18.51690141407093,BPAT
2024-01-02,160.21473026279722,3.197706216808425,26.35086368244214,-8.17330016204781,BPAT
2024-01-03,160.22068969527442,3.1034737091977447,26.60282384652977,-8.765987251001917,BPAT
2024-01-04,160.2266491277516,2.8563506284842615,26.837059195503606,-11.290058951739468,BPAT
2024-01-05,160.23260856022875,0.6837597995938105,27.05336898314711,-8.560737342969702,BPAT
2024-01-06,160.23856799270595,-5.339454285990726,27.251569584588136,-3.8876832913033184,BPAT
2024-01-07,160.2445274251831,-6.107786609798561,27.431494692210457,-1.7872355075950281,BPAT
2024-01-08,160.2504868576603,1.5957342279133258,27.592995492286995,1.6557834221393648,BPAT
2024-01-09,160.25644629013743,3.197706216808425,27.735940822131834,-3.2170933290776986,BPAT
2024-01-10,160.26240572261463,3.1034737091977447,27.86021730759051,4.019903260597147,BPAT
2024-01-11,160.26836515509183,2.8563506284842615,27.965729480711204,9.297554735712737,BPAT
2024-01-12,160.27432458756897,0.6837597995938105,28.052399877462342,41.486515735374866,BPAT
2024-01-13,160.28028402004617,-5.339454285990726,28.12016911538558,70.862001150559,BPAT
2024-01-14,160.2862434525233,-6.107786609798561,28.168995951096324,52.543547206178886,BPAT
2024-01-15,160.2922028850005,1.5957342279133258,28.198857317567587,44.321205569518554,BPAT
2024-01-16,160.2981623174777,3.197706216808425,28.209748341156377,41.14638312455753,BPAT
2024-01-17,160.30412174995485,3.1034737091977447,28.201682338355624,22.828722202491747,BPAT
2024-01-18,160.31008118243204,2.8563506284842615,28.174690792278028,19.636877396805687,BPAT
2024-01-19,160.31604061490918,0.6837597995938105,28.12882330890207,13.646376276594907,BPAT
2024-01-20,160.32200004738638,-5.339454285990726,28.0641475531338,6.633306685470558,BPAT
2024-01-21,160.32795947986358,-6.107786609798561,27.980749164761747,-4.5949220348267374,BPAT
2024-01-22,160.33391891234072,1.5957342279133258,27.87873165440537,-16.79938479465943,BPAT
2024-01-23,160.33987834481792,3.197706216808425,27.758216279581326,-20.33280084120767,BPAT
2024-01-24,160.34583777729506,3.1034737091977447,27.619341901034346,-14.086653387527178,BPAT
2024-01-25,160.35179720977226,2.8563506284842615,27.46226481950297,-15.713412657759505,BPAT
2024-01-26,160.35775664224946,0.6837597995938105,27.287158593113055,-13.021675034956303,BPAT
2024-01-27,160.3637160747266,-5.339454285990726,27.09421383561429,-20.71647562435018,BPAT
2024-01-28,160.3696755072038,-6.107786609798561,26.883637995697658,-29.253526893102872,BPAT
2024-01-29,160.37563493968094,1.5957342279133258,26.655655117653403,-30.21402428524766,BPAT
2024-01-30,160.38159437215813,3.197706216808425,26.41050558365108,-28.786806172617617,BPAT
2024-01-31,160.38755380463527,3.1034737091977447,26.14844583794442,-26.991473351777472,BPAT
2024-02-01,160.39351323711247,2.8563506284842615,25.869748093324908,-28.863611958921638,BPAT
2024-02-02,160.39947266958967,0.6837597995938105,25.574700020168596,-22.12093248935207,BPAT
2024-02-03,160.4054321020668,-5.339454285990726,25.263604418440693,-10.874582234516765,BPAT
2024-02-04,160.411391534544,-6.107786609798561,24.936778873042698,-4.695383797788139,BPAT
2024-02-05,160.41735096702115,1.5957342279133258,24.594555392905704,-8.5136405878402,BPAT
2024-02-06,160.42331039949835,3.197706216808425,24.23728003425276,-13.970296650559533,BPAT
2024-02-07,160.42926983197555,3.1034737091977447,23.86531250847129,-11.293056049644548,BPAT
2024-02-08,160.4352292644527,2.8563506284842615,23.479025775054595,-7.463605667991544,BPAT
2024-02-09,160.44118869692988,0.6837597995938105,23.078805620088577,-7.470754116612255,BPAT
2024-02-10,160.44714812940703,-5.339454285990726,22.665050220776877,-8.918744064193191,BPAT
2024-02-11,160.45310756188422,-6.107786609798561,22.238169696513353,-12.043490648599033,BPAT
2024-02-12,160.45906699436142,1.5957342279133258,21.79858564702685,-15.76538686930158,BPAT
2024-02-13,160.46502642683856,3.197706216808425,21.346730678137767,-9.88846332178474,BPAT
2024-02-14,160.47098585931576,3.1034737091977447,20.883047915680486,5.173492515806032,BPAT
2024-02-15,160.4769452917929,2.8563506284842615,20.407990508159287,9.856713571563546,BPAT
2024-02-16,160.4829047242701,0.6837597995938105,19.922021118718337,9.676314357417738,BPAT
2024-02-17,160.48886415674724,-5.339454285990726,19.425611407018692,8.984978722224753,BPAT
2024-02-18,160.49482358922444,-6.107786609798561,18.91924150162683,1.3047215189473036,BPAT
2024-02-19,160.50078302170164,1.5957342279133258,18.40339946353007,-4.21591671314502,BPAT
2024-02-20,160.50674245417878,3.197706216808425,17.878580741404587,-10.245029412391801,BPAT
2024-02-21,160.51270188665598,3.1034737091977447,17.34528761927076,-11.084463215124458,BPAT
2024-02-22,160.51866131913312,2.8563506284842615,16.804028657179785,-15.734040604797201,BPAT
2024-02-23,160.5246207516103,0.6837597995938105,16.25531812558298,-9.925698676787079,BPAT
2024-02-24,160.5305801840875,-5.339454285990726,15.699675434042499,-11.064801332139268,BPAT
2024-02-25,160.53653961656465,-6.107786609798561,15.137624554948692,-6.604377561714813,BPAT
2024-02-26,160.54249904904185,1.5957342279133258,14.569693442914609,7.297073280130235,BPAT
2024-02-27,160.548458481519,3.197706216808425,13.996413450523294,12.825421851149287,BPAT
2024-02-28,160.5544179139962,3.1034737091977447,13.418318741107317,1.6247896356987326,BPAT
2024-02-29,160.5603773464734,2.8563506284842615,12.83594569924312,9.316326325799253,BPAT
2024-03-01,160.56633677895053,0.6837597995938105,12.249832339645454,15.003071081810162,BPAT
2024-03-02,160.57229621142773,-5.339454285990726,11.660517715148433,16.22164035941458,BPAT
2024-03-03,160.57825564390487,-6.107786609798561,11.06854132446066,19.02398964143299,BPAT
2024-03-04,160.58421507638207,1.5957342279133258,10.47444252038199,18.27460817532264,BPAT
2024-03-05,160.59017450885926,3.197706216808425,9.878759919168358,10.804359355163996,BPAT
2024-03-06,160.5961339413364,3.1034737091977447,9.282030811729637,14.617361537736201,BPAT
2024-03-07,160.6020933738136,2.8563506284842615,8.684790577343186,8.229765420358945,BPAT
2024-03-08,160.60805280629074,0.6837597995938105,8.08757210056196,2.2056152935534783,BPAT
2024-03-09,160.61401223876794,-5.339454285990726,7.490905191992755,0.22153685523005606,BPAT
2024-03-10,160.61997167124508,-6.107786609798561,6.8953160136146385,-5.13950107506119,BPAT
2024-03-11,160.62593110372228,1.5957342279133258,6.301326509302252,0.3890081590621435,BPAT
2024-03-12,160.63189053619948,3.197706216808425,5.709453841212479,-3.3310505942203292,BPAT
2024-03-13,160.63784996867662,3.1034737091977447,5.120209832685139,-0.0905335105595384,BPAT
2024-03-14,160.64380940115382,2.8563506284842615,4.534100418301215,-1.3772604479393067,BPAT
2024-03-15,160.64976883363096,0.6837597995938105,3.9516251017327004,-11.318153734957491,BPAT
2024-03-16,160.65572826610816,-5.339454285990726,3.373276422009078,-18.910550402126518,BPAT
2024-03-17,160.66168769858535,-6.107786609798561,2.7995394288151694,-22.069440517601976,BPAT
2024-03-18,160.6676471310625,1.5957342279133258,2.2308911674240726,-22.155272526399898,BPAT
2024-03-19,160.6736065635397,3.197706216808425,1.6678001738573816,-18.522112954205483,BPAT
2024-03-20,160.67956599601683,3.1034737091977447,1.110725980852541,-9.32076568606712,BPAT
2024-03-21,160.68552542849403,2.8563506284842615,0.5601186352040424,-9.561994692182338,BPAT
2024-03-22,160.69148486097123,0.6837597995938105,0.016418227031797628,-7.217662887596816,BPAT
2024-03-23,160.69744429344837,-5.339454285990726,-0.5199455684847267,-2.5770444389729334,BPAT
2024-03-24,160.70340372592557,-6.107786609798561,-1.0485539363824934,-1.5410631797444978,BPAT
2024-03-25,160.7093631584027,1.5957342279133258,-1.5689993536929627,1.4859019673769183,BPAT
2024-03-26,160.7153225908799,3.197706216808425,-2.0808860072299344,-1.8201428004583704,BPAT
2024-03-27,160.7212820233571,3.1034737091977447,-2.583830196911803,1.5200744643569806,BPAT
2024-03-28,160.72724145583425,2.8563506284842615,-3.0774607241602565,4.296868639841733,BPAT
2024-03-29,160.73320088831144,0.6837597995938105,-3.561419264935016,-2.0475414229702267,BPAT
2024-03-30,160.73916032078859,-5.339454285990726,-4.035360726982833,-3.361345307815043,BPAT
2024-03-31,160.74511975326578,-6.107786609798561,-4.498953590897713,-5.417379552569486,BPAT
2024-04-01,160.75107918574292,1.5957342279133258,-4.9518802346084785,-6.253933179047834,BPAT
2024-04-02,160.75703861822012,3.197706216808425,-5.393837240929901,-9.589907594098662,BPAT
2024-04-03,160.76299805069732,3.1034737091977447,-5.82453568783349,-1.079936072061571,BPAT
2024-04-04,160.76895748317446,2.8563506284842615,-6.24370142111481,12.655393309456088,BPAT
2024-04-05,160.77491691565166,0.6837597995938105,-6.651075309155111,9.449398593909649,BPAT
2024-04-06,160.7808763481288,-5.339454285990726,-7.046413479496357,11.975991417358273,BPAT
2024-04-07,160.786835780606,-6.107786609798561,-7.429487536970375,6.115438366162948,BPAT
2024-04-08,160.7927952130832,1.5957342279133258,-7.800084763144907,7.484555322148424,BPAT
2024-04-09,160.79875464556034,3.197706216808425,-8.158008296871333,-0.28645256549739884,BPAT
2024-04-10,160.80471407803753,3.1034737091977447,-8.503077295741628,0.34188950850636957,BPAT
2024-04-11,160.81067351051468,2.8563506284842615,-8.835127078284472,-0.7488970607144836,BPAT
2024-04-12,160.81663294299187,0.6837597995938105,-9.154009246753535,-3.798383495832155,BPAT
2024-04-13,160.82259237546907,-5.339454285990726,-9.459591790384,-3.914546299094326,BPAT
2024-04-14,160.8285518079462,-6.107786609798561,-9.751759169016392,-3.858006029131303,BPAT
2024-04-15,160.8345112404234,1.5957342279133258,-10.030412377010423,2.3821669086737245,BPAT
2024-04-16,160.84047067290055,3.197706216808425,-10.295468987394571,6.532292097685598,BPAT
2024-04-17,160.84643010537775,3.1034737091977447,-10.546863176220874,8.97195936164539,BPAT
2024-04-18,160.8523895378549,2.8563506284842615,-10.784545727117713,4.909805560778523,BPAT
2024-04-19,160.8583489703321,0.6837597995938105,-11.008484016056928,-2.2166247538689845,BPAT
2024-04-20,160.86430840280929,-5.339454285990726,-11.218661976375035,-3.0171921404435125,BPAT
2024-04-21,160.87026783528643,-6.107786609798561,-11.415080044111749,0.39059881862385737,BPAT
2024-04-22,160.87622726776362,1.5957342279133258,-11.597755083752228,-1.1602064119247189,BPAT
2024-04-23,160.88218670024077,3.197706216808425,-11.76672029448287,-6.707172622566333,BPAT
2024-04-24,160.88814613271796,3.1034737091977447,-11.922025097093325,-1.6155947448223742,BPAT
2024-04-25,160.89410556519516,2.8563506284842615,-12.06373500168053,3.487278808001122,BPAT
2024-04-26,160.9000649976723,0.6837597995938105,-12.19193145633312,-0.4768933409330316,BPAT
2024-04-27,160.9060244301495,-5.339454285990726,-12.306711676997176,5.205141532838439,BPAT
2024-04-28,160.91198386262664,-6.107786609798561,-12.408188458746457,6.1329912059183584,BPAT
2024-04-29,160.91794329510384,1.5957342279133258,-12.496489968702349,10.12981244568519,BPAT
2024-04-30,160.92390272758104,3.197706216808425,-12.571759520870346,13.0051505764809,BPAT
2024-05-01,160.92986216005818,3.1034737091977447,-12.63415533318133,8.215819463925413,BPAT
2024-05-02,160.93582159253538,2.8563506284842615,-12.683850267046916,2.0916780460272832,BPAT
2024-05-03,160.94178102501252,0.6837597995938105,-12.721031549758742,0.6094907251523978,BPAT
2024-05-04,160.94774045748972,-5.339454285990726,-12.745900480081904,2.109614308582934,BPAT
2024-05-05,160.9536998899669,-6.107786609798561,-12.758672117412514,8.7377588372442,BPAT
2024-05-06,160.95965932244405,1.5957342279133258,-12.759574954888782,4.415181404531438,BPAT
2024-05-07,160.96561875492125,3.197706216808425,-12.748850576863905,2.1455256051342815,BPAT
2024-05-08,160.9715781873984,3.1034737091977447,-12.726753301167538,-0.8552985954286498,BPAT
2024-05-09,160.9775376198756,2.8563506284842615,-12.69354980660048,-6.33833844175939,BPAT
2024-05-10,160.98349705235273,0.6837597995938105,-12.649518746124597,-6.432738105821954,BPAT
2024-05-11,160.98945648482993,-5.339454285990726,-12.59495034622697,-3.8170518526122237,BPAT
2024-05-12,160.99541591730713,-6.107786609798561,-12.530145992953242,-5.866483314555296,BPAT
2024-05-13,161.00137534978427,1.5957342279133258,-12.455417805121144,-6.79869177257649,BPAT
2024-05-14,161.00733478226147,3.197706216808425,-12.371088195239947,-6.7359528038299175,BPAT
2024-05-15,161.0132942147386,3.1034737091977447,-12.277489418676222,-5.061278505260162,BPAT
2024-05-16,161.0192536472158,2.8563506284842615,-12.174963111619954,-2.732641164080121,BPAT
2024-05-17,161.025213079693,0.6837597995938105,-12.06385981841818,-1.5291130608686103,BPAT
2024-05-18,161.03117251217014,-5.339454285990726,-11.944538508855906,0.09382028267648934,BPAT
2024-05-19,161.03713194464734,-6.107786609798561,-11.817366085975621,-0.24997924887316003,BPAT
2024-05-20,161.04309137712448,1.5957342279133258,-11.682716885037854,-2.3861087199999815,BPAT
2024-05-21,161.04905080960168,3.197706216808425,-11.540972164235663,3.342215137825576,BPAT
2024-05-22,161.05501024207888,3.1034737091977447,-11.392519587785287,0.08903563650869728,BPAT
2024-05-23,161.06096967455602,2.8563506284842615,-11.237752702024272,-4.071567601016028,BPAT
2024-05-24,161.06692910703322,0.6837597995938105,-11.077070405156446,-3.805618501470576,BPAT
2024-05-25,161.07288853951036,-5.339454285990726,-10.910876411290294,-1.7705578422293797,BPAT
2024-05-26,161.07884797198756,-6.107786609798561,-10.73957870942413,-3.2934826527648795,BPAT
2024-05-27,161.08480740446475,1.5957342279133258,-10.563589018036929,-9.778952614341136,BPAT
2024-05-28,161.0907668369419,3.197706216808425,-10.383322235948981,-3.6371508178013414,BPAT
2024-05-29,161.0967262694191,3.1034737091977447,-10.199195890120594,-1.5340040884962036,BPAT
2024-05-30,161.10268570189623,2.8563506284842615,-10.011629581060422,-0.40840674932007914,BPAT
2024-05-31,161.10864513437343,0.6837597995938105,-9.821044426517865,-1.9293605074493883,BPAT
2024-06-01,161.11460456685057,-5.339454285990726,-9.627862504135399,-6.57328777672447,BPAT
2024-06-02,161.12056399932777,-6.107786609798561,-9.43250629373821,-4.127271095791002,BPAT
2024-06-03,161.12652343180497,1.5957342279133258,-9.235398119938178,-5.914859539780082,BPAT
2024-06-04,161.1324828642821,3.197706216808425,-9.036959595729092,-2.90022948536145,BPAT
2024-06-05,161.1384422967593,3.1034737091977447,-8.837611067748282,-1.8293049382087645,BPAT
2024-06-06,161.14440172923645,2.8563506284842615,-8.637771063877734,-2.890981293842998,BPAT
2024-06-07,161.15036116171365,0.6837597995938105,-8.437855743854808,-1.326265217452658,BPAT
2024-06-08,161.15632059419084,-5.339454285990726,-8.238278353558702,-2.4015879546414283,BPAT
2024-06-09,161.162280026668,-6.107786609798561,-8.039448683634337,-3.35804473323509,BPAT
2024-06-10,161.16823945914518,1.5957342279133258,-7.841772533109897,-2.4552011539485648,BPAT
2024-06-11,161.17419889162232,3.197706216808425,-7.645651178658057,-2.6672539297726985,BPAT
2024-06-12,161.18015832409952,3.1034737091977447,-7.451480850143945,-5.434151183153347,BPAT
2024-06-13,161.18611775657672,2.8563506284842615,-7.25965221309534,-4.1038161719656046,BPAT
2024-06-14,161.19207718905386,0.6837597995938105,-7.070549858721891,-4.676287129925811,BPAT
2024-06-15,161.19803662153106,-5.339454285990726,-6.884551802101141,-4.92003053343916,BPAT
2024-06-16,161.2039960540082,-6.107786609798561,-6.702028989138965,-7.20918045507068,BPAT
2024-06-17,161.2099554864854,1.5957342279133258,-6.523344812901629,-4.605344901497119,BPAT
2024-06-18,161.21591491896254,3.197706216808425,-6.34885463990501,-6.915766495865967,BPAT
2024-06-19,161.22187435143974,3.1034737091977447,-6.1789053469346085,-7.023442713702877,BPAT
2024-06-20,161.22783378391694,2.8563506284842615,-6.013834868957139,-1.9673495434440156,BPAT
2024-06-21,161.23379321639408,0.6837597995938105,-5.853971758671133,0.9474187426832259,BPAT
2024-06-22,161.23975264887127,-5.339454285990726,-5.699634758229699,-0.8766636046508438,BPAT
2024-06-23,161.24571208134842,-6.107786609798561,-5.5511323836541795,-4.908793087895674,BPAT
2024-06-24,161.2516715138256,1.5957342279133258,-5.4087625224417675,-5.552643219297181,BPAT
2024-06-25,161.2576309463028,3.197706216808425,-5.2728120448544855,-0.17452511825672445,BPAT
2024-06-26,161.26359037877995,3.1034737091977447,-5.143556429360203,-4.5275076586174805,BPAT
2024-06-27,161.26954981125715,2.8563506284842615,-5.021259402679416,-6.723641037061981,BPAT
2024-06-28,161.2755092437343,0.6837597995938105,-4.906172594873857,-6.10809644845429,BPAT
2024-06-29,161.2814686762115,-5.339454285990726,-4.7985352098948475,-5.064479180325918,BPAT
2024-06-30,161.2874281086887,-6.107786609798561,-4.698573711990705,-2.2210677868994253,BPAT
2024-07-01,161.29338754116583,1.5957342279133258,-4.606501528353343,-0.6336202407258327,BPAT
2024-07-02,161.29934697364303,3.197706216808425,-4.522518768364718,-2.8805344220867255,BPAT
2024-07-03,161.30530640612017,3.1034737091977447,-4.446811959783739,-2.645968155534206,BPAT
2024-07-04,161.31126583859736,2.8563506284842615,-4.3795538021938425,-5.7390626648877685,BPAT
2024-07-05,161.31722527107456,0.6837597995938105,-4.320902938010698,2.4679178673423507,BPAT
2024-07-06,161.3231847035517,-5.339454285990726,-4.271003741328357,9.288273323767385,BPAT
2024-07-07,161.3291441360289,-6.107786609798561,-4.229986124860624,15.058628598630321,BPAT
2024-07-08,161.33510356850604,1.5957342279133258,-4.19796536521282,17.459127568793463,BPAT
2024-07-09,161.34106300098324,3.197706216808425,-4.175041946696821,24.832272728905167,BPAT
2024-07-10,161.34702243346038,3.1034737091977447,-4.161301423880191,20.787805281222035,BPAT
2024-07-11,161.35298186593758,2.8563506284842615,-4.156814303037486,11.991481808615674,BPAT
2024-07-12,161.35894129841478,0.6837597995938105,-4.161635942649185,9.515934844640583,BPAT
2024-07-13,161.36490073089192,-5.339454285990726,-4.175806473070802,14.233360028169614,BPAT
2024-07-14,161.37086016336912,-6.107786609798561,-4.199350735471551,15.403277181901018,BPAT
2024-07-15,161.37681959584626,1.5957342279133258,-4.232278240118972,11.065724416359387,BPAT
2024-07-16,161.38277902832345,3.197706216808425,-4.274583144062394,14.709097898930509,BPAT
2024-07-17,161.38873846080065,3.1034737091977447,-4.326244248245051,10.819032078246664,BPAT
2024-07-18,161.3946978932778,2.8563506284842615,-4.387225014051087,9.664176492289016,BPAT
2024-07-19,161.400657325755,0.6837597995938105,-4.457473599270417,11.178056473921657,BPAT
2024-07-20,161.40661675823213,-5.339454285990726,-4.536922913441042,13.252760441199598,BPAT
2024-07-21,161.41257619070933,-6.107786609798561,-4.625490692505098,6.2767011115943205,BPAT
2024-07-22,161.41853562318653,1.5957342279133258,-4.723079592691637,3.5448097415917914,BPAT
2024-07-23,161.42449505566367,3.197706216808425,-4.8295773035161425,1.630376031044051,BPAT
2024-07-24,161.43045448814087,3.1034737091977447,-4.944856679763596,3.13092848242502,BPAT
2024-07-25,161.436413920618,2.8563506284842615,-5.068775892299228,-4.356988656803054,BPAT
2024-07-26,161.4423733530952,0.6837597995938105,-5.201178597528325,-4.5509545551607005,BPAT
2024-07-27,161.4483327855724,-5.339454285990726,-5.34189412530408,-2.5639843742775668,BPAT
2024-07-28,161.45429221804955,-6.107786609798561,-5.490737685060199,-1.14776792319077,BPAT
2024-07-29,161.46025165052674,1.5957342279133258,-5.6475105899231215,-2.1864752885169594,BPAT
2024-07-30,161.46621108300388,3.197706216808425,-5.81200049853695,-0.16791680127533937,BPAT
2024-07-31,161.47217051548108,3.1034737091977447,-5.983981674312912,4.494337449634088,BPAT
2024-08-01,161.47812994795822,2.8563506284842615,-6.1632152617941856,15.01873468535166,BPAT
2024-08-02,161.48408938043542,0.6837597995938105,-6.349449579806276,20.238600399777027,BPAT
2024-08-03,161.49004881291262,-5.339454285990726,-6.542420431042842,11.43282590412096,BPAT
2024-08-04,161.49600824538976,-6.107786609798561,-6.741851427717137,12.495629792125925,BPAT
2024-08-05,161.50196767786696,1.5957342279133258,-6.947454332889749,9.416752427109486,BPAT
2024-08-06,161.5079271103441,3.197706216808425,-7.158929417064554,6.035296089912009,BPAT
2024-08-07,161.5138865428213,3.1034737091977447,-7.37596582962607,5.674605577607025,BPAT
2024-08-08,161.5198459752985,2.8563506284842615,-7.598241984673856,11.218045380891141,BPAT
2024-08-09,161.52580540777564,0.6837597995938105,-7.825425960791852,10.274860753422416,BPAT
2024-08-10,161.53176484025283,-5.339454285990726,-8.057175914273872,8.536865360011774,BPAT
2024-08-11,161.53772427272997,-6.107786609798561,-8.293140505310149,4.939202842378705,BPAT
2024-08-12,161.54368370520717,1.5957342279133258,-8.532959336624103,0.37854140350364673,BPAT
2024-08-13,161.54964313768437,3.197706216808425,-8.776263404033473,-1.848085950459307,BPAT
2024-08-14,161.5556025701615,3.1034737091977447,-9.022675558395349,0.9675992790360795,BPAT
2024-08-15,161.5615620026387,2.8563506284842615,-9.27181097838097,0.18289834725800347,BPAT
2024-08-16,161.56752143511585,0.6837597995938105,-9.523277653512869,-0.14800358119677526,BPAT
2024-08-17,161.57348086759305,-5.339454285990726,-9.776676876884608,0.45565029528231094,BPAT
2024-08-18,161.5794403000702,-6.107786609798561,-10.03160374697116,0.6329500566995137,BPAT
2024-08-19,161.5853997325474,1.5957342279133258,-10.287647677927534,0.5695137174668048,BPAT
2024-08-20,161.59135916502458,3.197706216808425,-10.544392917762117,-1.257672464070879,BPAT
2024-08-21,161.59731859750173,3.1034737091977447,-10.80141907376213,-1.8203732329373565,BPAT
2024-08-22,161.60327802997892,2.8563506284842615,-11.058301644539302,-3.3753270139238793,BPAT
2024-08-23,161.60923746245606,0.6837597995938105,-11.31461255805605,-4.593384703993877,BPAT
2024-08-24,161.61519689493326,-5.339454285990726,-11.56992071498452,-6.849821893958051,BPAT
2024-08-25,161.62115632741046,-6.107786609798561,-11.823792536744815,-5.496577180867064,BPAT
2024-08-26,161.6271157598876,1.5957342279133258,-12.075792517562476,0.17594252976155644,BPAT
2024-08-27,161.6330751923648,3.197706216808425,-12.325483779880207,-0.6592976292929791,BPAT
2024-08-28,161.63903462484194,3.1034737091977447,-12.57242863245478,-3.433079701584944,BPAT
2024-08-29,161.64499405731914,2.8563506284842615,-12.816189130466437,-0.41015555533695647,BPAT
2024-08-30,161.65095348979634,0.6837597995938105,-13.056327636965243,3.365614347575132,BPAT
2024-08-31,161.65691292227348,-5.339454285990726,-13.292407384977402,6.933948748694661,BPAT
2024-09-01,161.66287235475068,-6.107786609798561,-13.52399303959279,2.8479072946406916,BPAT
2024-09-02,161.66883178722782,1.5957342279133258,-13.750651259355529,-6.346914755785605,BPAT
2024-09-03,161.674791219705,3.197706216808425,-13.971951256279088,-0.36754618023434205,BPAT
2024-09-04,161.6807506521822,3.1034737091977447,-14.187465353809415,5.230240992429458,BPAT
2024-09-05,161.68671008465935,2.8563506284842615,-14.39676954206142,13.129708828917785,BPAT
2024-09-06,161.69266951713655,0.6837597995938105,-14.599444029656976,12.855014712926646,BPAT
2024-09-07,161.6986289496137,-5.339454285990726,-14.795073791496732,7.23989912787377,BPAT
2024-09-08,161.7045883820909,-6.107786609798561,-14.98324911180219,5.5334473395098485,BPAT
2024-09-09,161.71054781456803,1.5957342279133258,-15.163566121770058,6.0782840792886645,BPAT
2024-09-10,161.71650724704523,3.197706216808425,-15.335627331186798,2.318413867333163,BPAT
2024-09-11,161.72246667952243,3.1034737091977447,-15.499042153358474,-4.2208982353616875,BPAT
2024-09-12,161.72842611199957,2.8563506284842615,-15.653427422718382,-4.757349317765488,BPAT
2024-09-13,161.73438554447677,0.6837597995938105,-15.798407904483422,-5.61373743958714,BPAT
2024-09-14,161.7403449769539,-5.339454285990726,-15.933616795739507,-4.824273895223683,BPAT
2024-09-15,161.7463044094311,-6.107786609798561,-16.058696217345997,-6.432821582286579,BPAT
2024-09-16,161.7522638419083,1.5957342279133258,-16.173297696059805,-6.114700373761764,BPAT
2024-09-17,161.75822327438544,3.197706216808425,-16.277082636291404,-5.456846854902466,BPAT
2024-09-18,161.76418270686264,3.1034737091977447,-16.36972278091656,-5.590933635143784,BPAT
2024-09-19,161.77014213933978,2.8563506284842615,-16.450900660580896,-3.8195921072431815,BPAT
2024-09-20,161.77610157181698,0.6837597995938105,-16.520310030947268,-4.5055513404635406,BPAT
2024-09-21,161.78206100429418,-5.339454285990726,-16.57765629735041,-5.145950420953028,BPAT
2024-09-22,161.78802043677132,-6.107786609798561,-16.622656926337733,-3.5775769006350515,BPAT
2024-09-23,161.79397986924852,1.5957342279133258,-16.65504184359064,-0.9836722535711715,BPAT
2024-09-24,161.79993930172566,3.197706216808425,-16.674553817736566,1.3379082992024678,BPAT
2024-09-25,161.80589873420286,3.1034737091977447,-16.680948829578472,-2.5044236138221265,BPAT
2024-09-26,161.81185816668005,2.8563506284842615,-16.673996426285658,-5.755212368878631,BPAT
2024-09-27,161.8178175991572,0.6837597995938105,-16.653480060107295,-5.411097338643714,BPAT
2024-09-28,161.8237770316344,-5.339454285990726,-16.619197411188285,-4.352125334455366,BPAT
2024-09-29,161.82973646411153,-6.107786609798561,-16.57096069408569,-3.5829891602272994,BPAT
2024-09-30,161.83569589658873,1.5957342279133258,-16.50859694760309,-2.912833176898971,BPAT
2024-10-01,161.84165532906587,3.197706216808425,-16.431948307579837,-1.4724132382945072,BPAT
2024-10-02,161.84761476154307,3.1034737091977447,-16.340872262292194,-5.192216208448627,BPAT
2024-10-03,161.85357419402027,2.8563506284842615,-16.235241890143797,-3.4916829323607033,BPAT
2024-10-04,161.8595336264974,0.6837597995938105,-16.114946079343696,-0.5163473467475228,BPAT
2024-10-05,161.8654930589746,-5.339454285990726,-15.979889729291312,-5.676149043692533,BPAT
2024-10-06,161.87145249145175,-6.107786609798561,-15.829993933409504,-6.792671948243736,BPAT
2024-10-07,161.87741192392895,1.5957342279133258,-15.665196143188302,-8.263950008653978,BPAT
2024-10-08,161.88337135640614,3.197706216808425,-15.485450313224417,-9.758627259990135,BPAT
2024-10-09,161.88933078888329,3.1034737091977447,-15.290727027063754,-10.220077471017305,BPAT
2024-10-10,161.89529022136048,2.8563506284842615,-15.08101360367694,-7.291627246167792,BPAT
2024-10-11,161.90124965383762,0.6837597995938105,-14.856314184420572,-5.288695269010873,BPAT
2024-10-12,161.90720908631482,-5.339454285990726,-14.616649800359992,-7.270104999964104,BPAT
2024-10-13,161.91316851879202,-6.107786609798561,-14.362058419852634,-8.666323489140808,BPAT
2024-10-14,161.91912795126916,1.5957342279133258,-14.092594976313942,-9.266267202868562,BPAT
2024-10-15,161.92508738374636,3.197706216808425,-13.808331376111783,-10.576462224442992,BPAT
2024-10-16,161.9310468162235,3.1034737091977447,-13.509356486558175,-10.807164038863107,BPAT
2024-10-17,161.9370062487007,2.8563506284842615,-13.195776103991003,-3.1585807731939894,BPAT
2024-10-18,161.94296568117784,0.6837597995938105,-12.867712901961973,4.027987421190318,BPAT
2024-10-19,161.94892511365504,-5.339454285990726,-12.525306359570124,-5.882164468094203,BPAT
2024-10-20,161.95488454613223,-6.107786609798561,-12.168712670004094,-7.970385266329572,BPAT
2024-10-21,161.96084397860938,1.5957342279133258,-11.798104629379871,-5.667473577142857,BPAT
2024-10-22,161.96680341108657,3.197706216808425,-11.413671505983075,-1.6478381219118887,BPAT
2024-10-23,161.97276284356371,3.1034737091977447,-11.015618890049652,7.065382337288156,BPAT
2024-10-24,161.9787222760409,2.8563506284842615,-10.604168524240034,8.25409561971486,BPAT
2024-10-25,161.9846817085181,0.6837597995938105,-10.179558114986317,5.885116606874419,BPAT
2024-10-26,161.99064114099525,-5.339454285990726,-9.742041124913353,-6.088145730091213,BPAT
2024-10-27,161.99660057347245,-6.107786609798561,-9.291886546557844,-4.2479274171160455,BPAT
2024-10-28,162.0025600059496,1.5957342279133258,-8.829378657631622,-0.8989155762313032,BPAT
2024-10-29,162.0085194384268,3.197706216808425,-8.35481675809661,0.7125911028614098,BPAT
2024-10-30,162.014478870904,3.1034737091977447,-7.868514889341085,9.959562309239402,BPAT
2024-10-31,162.02043830338113,2.8563506284842615,-7.370801535768093,8.437012603902701,BPAT
2024-11-01,162.02639773585832,0.6837597995938105,-6.862019309127113,4.078861773674987,BPAT
2024-11-02,162.03235716833547,-5.339454285990726,-6.342524615941301,2.2316217335965405,BPAT
2024-11-03,162.03831660081266,-6.107786609798561,-5.81268730840204,7.480157317387949,BPAT
2024-11-04,162.04427603328986,1.5957342279133258,-5.272890319122955,3.497880057919815,BPAT
2024-11-05,162.050235465767,3.197706216808425,-4.723529280163656,2.4095875975882564,BPAT
2024-11-06,162.0561948982442,3.1034737091977447,-4.165012126753029,3.323343519311095,BPAT
2024-11-07,162.06215433072134,2.8563506284842615,-3.5977586861600166,3.070253726954377,BPAT
2024-11-08,162.06811376319854,0.6837597995938105,-3.022200252176809,0.007326689384484553,BPAT
2024-11-09,162.07407319567568,-5.339454285990726,-2.4387791456971755,-2.2738397639877803,BPAT
2024-11-10,162.08003262815288,-6.107786609798561,-1.8479482618892717,-5.754297756465036,BPAT
2024-11-11,162.08599206063008,1.5957342279133258,-1.2501706044774128,-4.435555684065946,BPAT
2024-11-12,162.09195149310722,3.197706216808425,-0.6459188076636941,-2.531738902251959,BPAT
2024-11-13,162.09791092558442,3.1034737091977447,-0.03567464623421834,-2.012709988547954,BPAT
2024-11-14,162.10387035806156,2.8563506284842615,0.5800714655902848,-1.8832924521361463,BPAT
2024-11-15,162.10982979053875,0.6837597995938105,1.2008209859873382,4.379589423880077,BPAT
2024-11-16,162.11578922301595,-5.339454285990726,1.8260677674633268,15.273597295511479,BPAT
2024-11-17,162.1217486554931,-6.107786609798561,2.455298588283954,7.422739366021489,BPAT
2024-11-18,162.1277080879703,1.5957342279133258,3.0879936927963083,13.889563991320074,BPAT
2024-11-19,162.13366752044743,3.197706216808425,3.723627340022011,13.228998922722099,BPAT
2024-11-20,162.13962695292463,3.1034737091977447,4.361668359892569,3.4102309779850657,BPAT
2024-11-21,162.14558638540183,2.8563506284842615,5.001580716487853,-0.9825177303739281,BPAT
2024-11-22,162.15154581787897,0.6837597995938105,5.6428240776301255,-5.365129695102922,BPAT
2024-11-23,162.15750525035617,-5.339454285990726,6.284854390179191,-3.846905354544589,BPAT
2024-11-24,162.1634646828333,-6.107786609798561,6.927124460366608,2.8211974665985906,BPAT
2024-11-25,162.1694241153105,1.5957342279133258,7.569084538500224,0.7267571182759696,BPAT
2024-11-26,162.1753835477877,3.197706216808425,8.210182907367292,2.007727328036623,BPAT
2024-11-27,162.18134298026484,3.1034737091977447,8.849866473655718,5.470316836881665,BPAT
2024-11-28,162.18730241274204,2.8563506284842615,9.487581361714232,5.769765597059461,BPAT
2024-11-29,162.19326184521918,0.6837597995938105,10.122773508965006,7.212204846221965,BPAT
2024-11-30,162.19922127769638,-5.339454285990726,10.754889262282207,10.92834374601216,BPAT
2024-12-01,162.20518071017352,-6.107786609798561,11.383375974648807,18.056229924976208,BPAT
2024-12-02,162.21114014265072,1.5957342279133258,12.007682601401697,22.02944302803425,BPAT
2024-12-03,162.21709957512792,3.197706216808425,12.627260295377937,21.907933912685735,BPAT
2024-12-04,162.22305900760506,3.1034737091977447,13.241563000273079,22.557904282924085,BPAT
2024-12-05,162.22901844008226,2.8563506284842615,13.850048041527335,19.024582889906185,BPAT
2024-12-06,162.2349778725594,0.6837597995938105,14.452176714055444,14.449085613791311,BPAT
2024-12-07,162.2409373050366,-5.339454285990726,15.047414866141809,4.989102114812283,BPAT
2024-12-08,162.2468967375138,-6.107786609798561,15.635233478824782,4.380656393460015,BPAT
2024-12-09,162.25285616999093,1.5957342279133258,16.21510924010057,5.272300361995178,BPAT
2024-12-10,162.25881560246813,3.197706216808425,16.786525113282625,19.475953067440855,BPAT
2024-12-11,162.26477503494527,3.1034737091977447,17.348970898858067,15.029780356998913,BPAT
2024-12-12,162.27073446742247,2.8563506284842615,17.90194378919214,14.546971114901112,BPAT
2024-12-13,162.27669389989967,0.6837597995938105,18.444948915437603,10.443597385068927,BPAT
2024-12-14,162.2826533323768,-5.339454285990726,18.977499886017,1.3043010675969242,BPAT
2024-12-15,162.288612764854,-6.107786609798561,19.499119316053502,4.46605452889105,BPAT
2024-12-16,162.29457219733115,1.5957342279133258,20.009339347138358,4.084354227617183,BPAT
2024-12-17,162.30053162980835,3.197706216808425,20.507702156832043,-1.725940003448784,BPAT
2024-12-18,162.3064910622855,3.1034737091977447,20.99376045731053,-16.91072522879378,BPAT
2024-12-19,162.3124504947627,2.8563506284842615,21.467077982577834,-12.68287910582481,BPAT
2024-12-20,162.31840992723988,0.6837597995938105,21.927229963681796,-14.702399690515449,BPAT
2024-12-21,162.32436935971702,-5.339454285990726,22.373803591382345,-10.956718665108696,BPAT
2024-12-22,162.33032879219422,-6.107786609798561,22.806398465736187,-10.172940648131828,BPAT
2024-12-23,162.33628822467136,1.5957342279133258,23.224627032078423,-17.91064948466314,BPAT
2024-12-24,162.34224765714856,3.197706216808425,23.628115002894667,-21.353068876851637,BPAT
2024-12-25,162.34820708962576,3.1034737091977447,24.016501765097,-14.580182563920488,BPAT
2024-12-26,162.3541665221029,2.8563506284842615,24.389440772230845,-16.11195792281805,BPAT
2024-12-27,162.3601259545801,0.6837597995938105,24.746599921159785,-10.845485675333691,BPAT
2024-12-28,162.36608538705724,-5.339454285990726,25.087661912791724,-13.706293013858243,BPAT
2024-12-29,162.37204481953444,-6.107786609798561,25.41232459642942,-10.564582806165305,BPAT
2024-12-30,162.37800425201164,1.5957342279133258,25.720301297347113,-9.488039777272064,BPAT
2024-12-31,162.38396368448878,3.197706216808425,26.01132112721383,-5.289991028511025,BPAT
