period,trend,seasonal_7,seasonal_365,resid,respondent
2019-01-01,992.0894677751297,13.004551780361814,-105.14998548314232,85.48396592765073,ERCO
2019-01-02,992.2243146312567,13.295091847547097,-103.76234105223087,235.39893457342703,ERCO
2019-01-03,992.3591614873836,14.329508039398865,-102.41155946734986,196.48088994056752,ERCO
2019-01-04,992.4940083435106,11.397546752776355,-101.10043640461076,110.34288130832385,ERCO
2019-01-05,992.6288551996377,-26.307952130518068,-99.83167299705947,37.114769927940074,ERCO
2019-01-06,992.7637020557646,-35.767761081219014,-98.60787229757631,-21.22506867696916,ERCO
2019-01-07,992.8985489118916,10.007466702897807,-97.43153587204883,-69.4994797427405,ERCO
2019-01-08,993.0333957680185,13.004551780361814,-96.30506052694591,-53.92288702143446,ERCO
2019-01-09,993.1682426241455,13.295091847547097,-95.23073517525931,-22.259599296433294,ERCO
2019-01-10,993.3030894802724,14.329508039398865,-94.21073784460911,21.365140324937897,ERCO
2019-01-11,993.4379363363994,11.397546752776355,-93.24713283113844,7.966649741962669,ERCO
2019-01-12,993.5727831925265,-26.307952130518068,-92.34186800264547,9.338036940637153,ERCO
2019-01-13,993.7076300486534,-35.767761081219014,-91.49677225421911,102.50490328678472,ERCO
2019-01-14,993.8424769047804,10.007466702897807,-90.71355311946131,135.86160951178329,ERCO
2019-01-15,993.9773237609073,13.004551780361814,-89.99379454018907,99.28691899891999,ERCO
2019-01-16,994.1121706170343,13.295091847547097,-89.33895479731807,14.863692332736719,ERCO
2019-01-17,994.2470174731612,14.329508039398865,-88.75036460543411,-51.59916090712602,ERCO
2019-01-18,994.3818643292882,11.397546752776355,-88.22922537336134,-32.51618570870323,ERCO
2019-01-19,994.5167111854153,-26.307952130518068,-87.77660763283355,82.71584857793641,ERCO
2019-01-20,994.6515580415422,-35.767761081219014,-87.39344963717393,157.14265267685073,ERCO
2019-01-21,994.7864048976692,10.007466702897807,-87.08055613168037,80.37368453111333,ERCO
2019-01-22,994.9212517537961,13.004551780361814,-86.83859729720766,-21.6182062369503,ERCO
2019-01-23,995.0560986099231,13.295091847547097,-86.66810786822718,155.24391741075692,ERCO
2019-01-24,995.19094546605,14.329508039398865,-86.5694864264347,123.68303292098574,ERCO
2019-01-25,995.325792322177,11.397546752776355,-86.54299487076369,78.31165579581034,ERCO
2019-01-26,995.4606391783041,-26.307952130518068,-86.58875806444881,25.47707101666299,ERCO
2019-01-27,995.595486034431,-35.767761081219014,-86.7067636595701,2.8890387063581784,ERCO
2019-01-28,995.730332890558,10.007466702897807,-86.8968620992934,7.475062505837627,ERCO
2019-01-29,995.8651797466849,13.004551780361814,-87.15876679780865,121.18103527076198,ERCO
2019-01-30,996.0000266028119,13.295091847547097,-87.49205449775131,127.21893604739228,ERCO
2019-01-31,996.1348734589388,14.329508039398865,-87.89616580467957,46.79178430634181,ERCO
2019-02-01,996.2697203150658,11.397546752776355,-88.37040589796362,-55.01186116987856,ERCO
2019-02-02,996.4045671711929,-26.307952130518068,-88.9139454172325,-65.67366962344215,ERCO
2019-02-03,996.5394140273198,-35.767761081219014,-89.5258215233089,-71.9068314227917,ERCO
2019-02-04,996.6742608834468,10.007466702897807,-90.20493913235421,-63.566788453990284,ERCO
2019-02-05,996.8091077395737,13.004551780361814,-90.95007232173393,-55.03358719820153,ERCO
2019-02-06,996.9439545957007,13.295091847547097,-91.7598659059078,-36.36418053733996,ERCO
2019-02-07,997.0788014518276,14.329508039398865,-92.63283718044217,1.5955276892157144,ERCO
2019-02-08,997.2136483079546,11.397546752776355,-93.56737783203894,271.87218277130785,ERCO
2019-02-09,997.3484951640817,-26.307952130518068,-94.56175601227471,272.78021297871123,ERCO
2019-02-10,997.4833420202086,-35.767761081219014,-95.61411857254534,154.6115376335557,ERCO
2019-02-11,997.6181888763356,10.007466702897807,-96.72249345751541,23.399837878282142,ERCO
2019-02-12,997.7530357324625,13.004551780361814,-97.88479225418143,-7.468795258642899,ERCO
2019-02-13,997.8878825885895,13.295091847547097,-99.09881289346735,58.861838457330805,ERCO
2019-02-14,998.0227294447164,14.329508039398865,-100.36224250108717,-36.01599498302801,ERCO
2019-02-15,998.1575763008434,11.397546752776355,-101.67266039422822,-48.43046265939154,ERCO
2019-02-16,998.2924231569705,-26.307952130518068,-103.02754122043115,45.434070193978755,ERCO
2019-02-17,998.4272700130974,-35.767761081219014,-104.42425823487102,8.92074930299259,ERCO
2019-02-18,998.5621168692244,10.007466702897807,-105.86008671207473,96.71350313995254,ERCO
2019-02-19,998.6969637253513,13.004551780361814,-107.33220748794793,171.86469198223472,ERCO
2019-02-20,998.8318105814783,13.295091847547097,-108.83771062782404,76.49680819879848,ERCO
2019-02-21,998.9666574376052,14.329508039398865,-110.37359921609753,65.61343373909335,ERCO
2019-02-22,999.1015042937322,11.397546752776355,-111.93679326285242,35.38674221634392,ERCO
2019-02-23,999.2363511498593,-26.307952130518068,-113.52413372275683,-13.998265296584236,ERCO
2019-02-24,999.3711980059862,-35.767761081219014,-115.13238662135592,5.06094969658875,ERCO
2019-02-25,999.5060448621132,10.007466702897807,-116.75824728376462,27.187735718753743,ERCO
2019-02-26,999.6408917182401,13.004551780361814,-118.39834466063735,-19.480098837964533,ERCO
2019-02-27,999.7757385743671,13.295091847547097,-120.04924574617081,-5.1245846757433355,ERCO
2019-02-28,999.910585430494,14.329508039398865,-121.70746008278493,145.75336661289202,ERCO
2019-03-01,1000.045432286621,11.397546752776355,-123.3694443470194,105.71046530762203,ERCO
2019-03-02,1000.1802791427481,-26.307952130518068,-125.03160701108334,83.86527999885334,ERCO
2019-03-03,1000.315125998875,-35.767761081219014,-126.69031307440288,181.604948156747,ERCO
2019-03-04,1000.449972855002,10.007466702897807,-128.3418888594236,408.95944930152393,ERCO
2019-03-05,1000.584819711129,13.004551780361814,-129.98262686584616,337.0642553743554,ERCO
2019-03-06,1000.7196665672559,13.295091847547097,-131.60879067739938,207.2260322625964,ERCO
2019-03-07,1000.8545134233829,14.329508039398865,-133.21661991519096,30.25859845240916,ERCO
2019-03-08,1000.9893602795098,11.397546752776355,-134.80233523161377,-7.492571800672408,ERCO
2019-03-09,1001.1242071356369,-26.307952130518068,-136.36214333873937,17.024888333620652,ERCO
2019-03-10,1001.2590539917638,-35.767761081219014,-137.89224206507998,-23.20505084546471,ERCO
2019-03-11,1001.3939008478908,10.007466702897807,-139.38882543456782,17.262457883779234,ERCO
2019-03-12,1001.5287477040177,13.004551780361814,-140.8480887615691,3.285789277189565,ERCO
2019-03-13,1001.6635945601447,13.295091847547097,-142.26623375572632,-6.153452651965495,ERCO
2019-03-14,1001.7984414162717,14.329508039398865,-143.63947363041075,-25.409475825259733,ERCO
2019-03-15,1001.9332882723986,11.397546752776355,-144.9640382085555,-9.849796816619346,ERCO
2019-03-16,1002.0681351285257,-26.307952130518068,-146.23617901964346,21.268996021635758,ERCO
2019-03-17,1002.2029819846526,-35.767761081219014,-147.45217438162751,7.895953478193974,ERCO
2019-03-18,1002.3378288407796,10.007466702897807,-148.60833446157898,2.4080389179016493,ERCO
2019-03-19,1002.4726756969065,13.004551780361814,-149.7010063088797,-18.6892211683886,ERCO
2019-03-20,1002.6075225530335,13.295091847547097,-150.7265788548035,-23.899035545776997,ERCO
2019-03-21,1002.7423694091605,14.329508039398865,-151.68148787236993,-19.04238957618952,ERCO
2019-03-22,1002.8772162652874,11.397546752776355,-152.56222089039687,-24.73454212766694,ERCO
2019-03-23,1003.0120631214145,-26.307952130518068,-153.36532205572968,-34.12378893516666,ERCO
2019-03-24,1003.1469099775414,-35.767761081219014,-154.08739693768393,7.805248041361551,ERCO
2019-03-25,1003.2817568336684,10.007466702897807,-154.72511726880396,25.6948937322378,ERCO
2019-03-26,1003.4166036897954,13.004551780361814,-155.27522561611147,-14.081929854045711,ERCO
2019-03-27,1003.5514505459223,13.295091847547097,-155.7345399770998,-12.664002416369613,ERCO
2019-03-28,1003.6862974020493,14.329508039398865,-156.09995829481426,-10.716847146633995,ERCO
2019-03-29,1003.8211442581762,11.397546752776355,-156.36846288645353,-2.35122812449913,ERCO
2019-03-30,1003.9559911143033,-26.307952130518068,-156.5371247800255,-4.748914203759682,ERCO
2019-03-31,1004.0908379704302,-35.767761081219014,-156.6031079537001,37.26803106448892,ERCO
2019-04-01,1004.2256848265572,10.007466702897807,-156.5636734726109,53.77352194315597,ERCO
2019-04-02,1004.3605316826842,13.004551780361814,-156.41618351798024,27.420100054934323,ERCO
2019-04-03,1004.4953785388111,13.295091847547097,-156.15810530356453,-15.69636508279359,ERCO
2019-04-04,1004.6302253949381,14.329508039398865,-155.78701487455027,34.87928144021339,ERCO
2019-04-05,1004.765072251065,11.397546752776355,-155.30060078416733,35.97798178032599,ERCO
2019-04-06,1004.8999191071921,-26.307952130518068,-154.69666764342816,31.585700666754065,ERCO
2019-04-07,1005.034765963319,-35.767761081219014,-153.9731395395517,-3.496865342548176,ERCO
2019-04-08,1005.169612819446,10.007466702897807,-153.12806331878286,31.210983796438995,ERCO
2019-04-09,1005.304459675573,13.004551780361814,-152.15961172947738,85.81060027354249,ERCO
2019-04-10,1005.4393065316999,13.295091847547097,-151.06608642148677,119.62168804223961,ERCO
2019-04-11,1005.5741533878269,14.329508039398865,-149.84592079804523,29.520259370819417,ERCO
2019-04-12,1005.7090002439538,11.397546752776355,-148.49768271653392,-13.846864280196314,ERCO
2019-04-13,1005.8438471000809,-26.307952130518068,-147.02007703467598,19.497182065113407,ERCO
2019-04-14,1005.9786939562078,-35.767761081219014,-145.41194799889627,-20.941984876092533,ERCO
2019-04-15,1006.1135408123348,10.007466702897807,-143.67228147176655,-1.3817260434660739,ERCO
2019-04-16,1006.2483876684618,13.004551780361814,-141.80020699564443,22.019267546820856,ERCO
2019-04-17,1006.3832345245887,13.295091847547097,-139.79499968980932,64.01367331767358,ERCO
2019-04-18,1006.5180813807157,14.329508039398865,-137.65608197859234,-15.917507441522162,ERCO
2019-04-19,1006.6529282368426,11.397546752776355,-135.38302514819816,-78.14544984142083,ERCO
2019-04-20,1006.7877750929697,-26.307952130518068,-132.97555073011722,-32.79127223233445,ERCO
2019-04-21,1006.9226219490967,-35.767761081219014,-130.43353170923226,-3.4583291586453697,ERCO
2019-04-22,1007.0574688052236,10.007466702897807,-127.75699355492817,29.93805804680676,ERCO
2019-04-23,1007.1923156613506,13.004551780361814,-124.94611507372602,10.610247632013738,ERCO
2019-04-24,1007.3271625174775,13.295091847547097,-122.0012290821689,-18.903025282855765,ERCO
2019-04-25,1007.4620093736045,14.329508039398865,-118.92282289890268,23.371305485899256,ERCO
2019-04-26,1007.5968562297314,11.397546752776355,-115.711538655107,28.368135672599237,ERCO
2019-04-27,1007.7317030858585,-26.307952130518068,-112.36817342264548,46.82642246730495,ERCO
2019-04-28,1007.8665499419855,-35.767761081219014,-108.89367915952216,62.97089029875576,ERCO
2019-04-29,1008.0013967981124,10.007466702897807,-105.28916247244467,83.76729897143446,ERCO
2019-04-30,1008.1362436542394,13.004551780361814,-101.5558841965121,104.74808876191105,ERCO
2019-05-01,1008.2710905103663,13.295091847547097,-97.69525879226276,106.8010764343494,ERCO
2019-05-02,1008.4059373664933,14.329508039398865,-93.70885356053071,36.78540815463862,ERCO
2019-05-03,1008.5407842226202,11.397546752776355,-89.59838767577834,-10.473943299618213,ERCO
2019-05-04,1008.6756310787473,-26.307952130518068,-85.36573103878672,10.145052090557442,ERCO
2019-05-05,1008.8104779348743,-35.767761081219014,-81.01290294979736,48.64518609614208,ERCO
2019-05-06,1008.9453247910012,10.007466702897807,-76.54207060341577,49.73527910951657,ERCO
2019-05-07,1009.0801716471282,13.004551780361814,-71.95554740679341,59.06782397930374,ERCO
2019-05-08,1009.2150185032551,13.295091847547097,-67.2557911228213,11.224680772019155,ERCO
2019-05-09,1009.3498653593821,14.329508039398865,-62.44540184026717,33.65402844148605,ERCO
2019-05-10,1009.484712215509,11.397546752776355,-57.52711977300345,-109.64413919528192,ERCO
2019-05-11,1009.6195590716361,-26.307952130518068,-52.503822890667806,-120.47978405045046,ERCO
2019-05-12,1009.7544059277631,-35.767761081219014,-47.378524383304324,-93.7581204632396,ERCO
2019-05-13,1009.88925278389,10.007466702897807,-42.15436996272645,-42.39634952406118,ERCO
2019-05-14,1010.024099640017,13.004551780361814,-36.83463500354016,-2.9970164168383917,ERCO
2019-05-15,1010.1589464961439,13.295091847547097,-31.422721526955698,29.470683183264555,ERCO
2019-05-16,1010.2937933522709,14.329508039398865,-25.9221550307021,47.22285363903234,ERCO
2019-05-17,1010.4286402083978,11.397546752776355,-20.336581168543958,73.95439420736977,ERCO
2019-05-18,1010.5634870645249,-26.307952130518068,-14.669762283077944,38.30922734907108,ERCO
2019-05-19,1010.6983339206519,-35.767761081219014,-8.925573795661364,97.1850009562288,ERCO
2019-05-20,1010.8331807767788,10.007466702897807,-3.1080004574974964,139.54435297782084,ERCO
2019-05-21,1010.9680276329058,13.004551780361814,2.7788675339342603,68.86955305279821,ERCO
2019-05-22,1011.1028744890327,13.295091847547097,8.730838548752672,130.1391951146677,ERCO
2019-05-23,1011.2377213451597,14.329508039398865,14.743623664348206,168.89514695109324,ERCO
2019-05-24,1011.3725682012866,11.397546752776355,20.812840926199073,144.71704411973792,ERCO
2019-05-25,1011.5074150574137,-26.307952130518068,26.934019725026815,112.93151734807759,ERCO
2019-05-26,1011.6422619135407,-35.767761081219014,33.10260528535221,85.02289388232634,ERCO
2019-05-27,1011.7771087696676,10.007466702897807,39.31396326037455,57.368461267060184,ERCO
2019-05-28,1011.9119556257946,13.004551780361814,45.56338442797309,96.22410816587058,ERCO
2019-05-29,1012.0468024819215,13.295091847547097,51.84608948250599,72.98201618802568,ERCO
2019-05-30,1012.1816493380485,14.329508039398865,58.1572339169644,35.24260870558828,ERCO
2019-05-31,1012.3164961941754,11.397546752776355,64.49191298993568,22.76404406311258,ERCO
2019-06-01,1012.4513430503025,-26.307952130518068,70.84516677172138,66.17844230849414,ERCO
2019-06-02,1012.5861899064295,-35.767761081219014,77.21198526386438,59.40658591092506,ERCO
2019-06-03,1012.7210367625564,10.007466702897807,83.58731358624496,113.7061829483007,ERCO
2019-06-04,1012.8558836186834,13.004551780361814,89.96605722583033,39.10150737512481,ERCO
2019-06-05,1012.9907304748103,13.295091847547097,96.3430873410785,-15.980909663436023,ERCO
2019-06-06,1013.1255773309373,14.329508039398865,102.71324611593496,20.985668513728797,ERCO
2019-06-07,1013.2604241870642,11.397546752776355,109.07135215729856,29.997676902860803,ERCO
2019-06-08,1013.3952710431913,-26.307952130518068,115.41220592977385,85.79847515755296,ERCO
2019-06-09,1013.5301178993183,-35.767761081219014,121.73059522148836,77.38904796041243,ERCO
2019-06-10,1013.6649647554452,10.007466702897807,128.02130063470543,-26.10373209304862,ERCO
2019-06-11,1013.7998116115722,13.004551780361814,134.27910109493726,-121.72046448687092,ERCO
2019-06-12,1013.9346584676991,13.295091847547097,140.4987793722339,-78.62552968747991,ERCO
2019-06-13,1014.0695053238262,14.329508039398865,146.67512760831045,-39.55514097153559,ERCO
2019-06-14,1014.204352179953,11.397546752776355,152.8029528431589,-1.8218517758882626,ERCO
2019-06-15,1014.3391990360801,-26.307952130518068,158.8770825347957,69.58067055964239,ERCO
2019-06-16,1014.474045892207,-35.767761081219014,164.89237006579336,-56.081654876781386,ERCO
2019-06-17,1014.608892748334,10.007466702897807,170.84370023026685,-95.2230596814984,ERCO
2019-06-18,1014.7437396044611,13.004551780361814,176.72599469499147,13.294713920185814,ERCO
2019-06-19,1014.8785864605879,13.295091847547097,182.53421742837162,85.74910426349356,ERCO
2019-06-20,1015.013433316715,14.329508039398865,188.26338009100186,100.89567855288442,ERCO
2019-06-21,1015.1482801728419,11.397546752776355,193.90854738161073,131.36262569277096,ERCO
2019-06-22,1015.2831270289689,-26.307952130518068,199.46484233222537,70.186982769324,ERCO
2019-06-23,1015.4179738850958,-35.767761081219014,204.92745154645132,74.24733564967187,ERCO
2019-06-24,1015.5528207412228,10.007466702897807,210.29163037482408,-107.32391781894489,ERCO
2019-06-25,1015.6876675973499,13.004551780361814,215.5527080212636,-113.84892739897509,ERCO
2019-06-26,1015.8225144534767,13.295091847547097,220.70609257473643,-80.0526988757606,ERCO
2019-06-27,1015.9573613096038,14.329508039398865,225.7472759603192,-56.92114530932167,ERCO
2019-06-28,1016.0922081657307,11.397546752776355,230.6718388039444,-37.39059372245151,ERCO
2019-06-29,1016.2270550218577,-26.307952130518068,235.47545520521243,-63.93455809655188,ERCO
2019-06-30,1016.3619018779846,-35.767761081219014,240.15389741275393,-143.58603820951953,ERCO
2019-07-01,1016.4967487341116,10.007466702897807,244.7030403967422,-63.091255833751575,ERCO
2019-07-02,1016.6315955902387,13.004551780361814,249.11886631327005,-52.2400136838703,ERCO
2019-07-03,1016.7664424463655,13.295091847547097,253.39746885543306,-93.13800314934565,ERCO
2019-07-04,1016.9012893024926,14.329508039398865,257.5350574860858,-102.47085482797684,ERCO
2019-07-05,1017.0361361586195,11.397546752776355,261.52796154737956,-28.90064445877556,ERCO
2019-07-06,1017.1709830147465,-26.307952130518068,265.37263424232765,-32.12766512655594,ERCO
2019-07-07,1017.3058298708734,-35.767761081219014,269.0656564837941,-21.35072527344846,ERCO
2019-07-08,1017.4406767270004,10.007466702897807,272.60374060645296,-9.50088403635118,ERCO
2019-07-09,1017.5755235831275,13.004551780361814,275.98373393742327,16.57219069908774,ERCO
2019-07-10,1017.7103704392543,13.295091847547097,279.20262222145027,31.83691549174864,ERCO
2019-07-11,1017.8452172953814,14.329508039398865,282.2575328966672,-19.746258231447428,ERCO
2019-07-12,1017.9800641515083,11.397546752776355,285.14573821714873,-23.2673491214332,ERCO
2019-07-13,1018.1149110076353,-26.307952130518068,287.86465821864147,-51.39761709575896,ERCO
2019-07-14,1018.2497578637622,-35.767761081219014,290.41186352403963,-75.03186030658276,ERCO
2019-07-15,1018.3846047198892,10.007466702897807,292.78507798535765,-25.090149408144498,ERCO
2019-07-16,1018.5194515760163,13.004551780361814,294.9821811591438,38.57581548447865,ERCO
2019-07-17,1018.6542984321432,13.295091847547097,297.0012106124676,33.31939910784217,ERCO
2019-07-18,1018.7891452882702,14.329508039398865,298.8403640568133,28.90398261551786,ERCO
2019-07-19,1018.9239921443971,11.397546752776355,300.4980013074092,24.723459795417284,ERCO
2019-07-20,1019.0588390005241,-26.307952130518068,301.97264606572537,23.595467064268405,ERCO
2019-07-21,1019.193685856651,-35.767761081219014,303.26298752307684,-7.409912298508743,ERCO
2019-07-22,1019.328532712778,10.007466702897807,304.36788178347706,-37.05788119915269,ERCO
2019-07-23,1019.4633795689051,13.004551780361814,305.2863531040955,-134.83328445336224,ERCO
2019-07-24,1019.598226425032,13.295091847547097,306.0175949518843,-189.7739132244635,ERCO
2019-07-25,1019.733073281159,14.329508039398865,306.5609708751539,-203.87055219571175,ERCO
2019-07-26,1019.8679201372859,11.397546752776355,306.9160151890885,-169.08148207915087,ERCO
2019-07-27,1020.0027669934129,-26.307952130518068,307.08243347441237,-91.92224833730711,ERCO
2019-07-28,1020.1376138495398,-35.767761081219014,307.06010288863,-45.78195565695091,ERCO
2019-07-29,1020.2724607056668,10.007466702897807,306.84907228948464,-26.590999698049472,ERCO
2019-07-30,1020.4073075617939,13.004551780361814,306.4495621704948,1.4485784873497778,ERCO
2019-07-31,1020.5421544179208,13.295091847547097,305.8619644086468,-4.620210674114787,ERCO
2019-08-01,1020.6770012740478,14.329508039398865,305.08684182453976,-8.66635113798634,ERCO
2019-08-02,1020.8118481301747,11.397546752776355,304.12492755549636,1.0026775615529004,ERCO
2019-08-03,1020.9466949863017,-26.307952130518068,302.9771242423699,-67.66686709815349,ERCO
2019-08-04,1021.0815418424286,-35.767761081219014,301.6445030309941,-68.65228379220343,ERCO
2019-08-05,1021.2163886985556,10.007466702897807,300.1283023894359,10.090842209110633,ERCO
2019-08-06,1021.3512355546827,13.004551780361814,298.42992674242794,47.15928592252794,ERCO
2019-08-07,1021.4860824108096,13.295091847547097,296.5509449245647,83.00088081707872,ERCO
2019-08-08,1021.6209292669366,14.329508039398865,294.49308845406165,78.67947423960322,ERCO
2019-08-09,1021.7557761230635,11.397546752776355,292.25824962907956,91.38542749508065,ERCO
2019-08-10,1021.8906229791905,-26.307952130518068,289.84847944882495,94.4468497025025,ERCO
2019-08-11,1022.0254698353174,-35.767761081219014,287.26598536184054,101.37330588406121,ERCO
2019-08-12,1022.1603166914445,10.007466702897807,284.51312884409714,131.20308776156048,ERCO
2019-08-13,1022.2951635475715,13.004551780361814,281.5924228096981,130.39486186236877,ERCO
2019-08-14,1022.4300104036984,13.295091847547097,278.50652885719956,72.36336889155496,ERCO
2019-08-15,1022.5648572598254,14.329508039398865,275.25825435474053,55.14638034603513,ERCO
2019-08-16,1022.6997041159523,11.397546752776355,271.85054936736367,95.7951997639077,ERCO
2019-08-17,1022.8345509720793,-26.307952130518068,268.28650343008894,115.62089772834975,ERCO
2019-08-18,1022.9693978282062,-35.767761081219014,264.5693421704806,123.34002108253208,ERCO
2019-08-19,1023.1042446843333,10.007466702897807,260.70242378462456,140.55986482814433,ERCO
2019-08-20,1023.2390915404603,13.004551780361814,256.68923537059624,107.65612130858176,ERCO
2019-08-21,1023.3739383965872,13.295091847547097,252.53338912367218,91.51558063219363,ERCO
2019-08-22,1023.5087852527142,14.329508039398865,248.2386183976889,82.67608831019811,ERCO
2019-08-23,1023.6436321088411,11.397546752776355,243.8087736371144,32.92504750126818,ERCO
2019-08-24,1023.7784789649681,-26.307952130518068,239.24781818453974,10.42265498101051,ERCO
2019-08-25,1023.913325821095,-35.767761081219014,234.55982396844956,50.02161129167462,ERCO
2019-08-26,1024.048172677222,10.007466702897807,229.74896707625865,167.49239354362157,ERCO
2019-08-27,1024.1830195333491,13.004551780361814,224.81952321773997,38.70090546854931,ERCO
2019-08-28,1024.317866389476,13.295091847547097,219.7758630840955,27.17417867888139,ERCO
2019-08-29,1024.452713245603,14.329508039398865,214.6224476080346,82.58633110696337,ERCO
2019-08-30,1024.5875601017299,11.397546752776355,209.36382313034437,32.31407001514958,ERCO
2019-08-31,1024.722406957857,-26.307952130518068,204.00461647854047,-28.780071305879346,ERCO
2019-09-01,1024.8572538139838,-35.767761081219014,198.54952996328512,14.558977303950314,ERCO
2019-09-02,1024.9921006701109,10.007466702897807,193.0033362983595,16.564096328631877,ERCO
2019-09-03,1025.1269475262377,13.004551780361814,187.3708734500516,65.58162724334875,ERCO
2019-09-04,1025.2617943823648,13.295091847547097,181.65703942191723,88.01307434817113,ERCO
2019-09-05,1025.3966412384918,14.329508039398865,175.86678698092823,79.445063741181,ERCO
2019-09-06,1025.5314880946187,11.397546752776355,170.0051183310981,102.40984682150702,ERCO
2019-09-07,1025.6663349507457,-26.307952130518068,164.07707974073304,118.89653743903932,ERCO
2019-09-08,1025.8011818068726,-35.767761081219014,158.0877561295004,111.259823144846,ERCO
2019-09-09,1025.9360286629997,10.007466702897807,152.04226562155935,102.5222390125432,ERCO
2019-09-10,1026.0708755191267,13.004551780361814,145.94575407102877,79.34281862948274,ERCO
2019-09-11,1026.2057223752536,13.295091847547097,139.80338956610353,47.77879621109605,ERCO
2019-09-12,1026.3405692313806,14.329508039398865,133.6203569181426,69.3265658110779,ERCO
2019-09-13,1026.4754160875075,11.397546752776355,127.40185214207483,81.58018501764127,ERCO
2019-09-14,1026.6102629436346,-26.307952130518068,121.15307693447534,90.17961225240833,ERCO
2019-09-15,1026.7451097997614,-35.767761081219014,114.87923315565716,105.82741812580048,ERCO
2019-09-16,1026.8799566558885,10.007466702897807,108.58551732212227,110.53505931909149,ERCO
2019-09-17,1027.0148035120155,13.004551780361814,102.27711511570212,62.26652959192097,ERCO
2019-09-18,1027.1496503681424,13.295091847547097,95.95919591568301,84.73406186862758,ERCO
2019-09-19,1027.2844972242694,14.329508039398865,89.6369073601997,33.60808737613206,ERCO
2019-09-20,1027.4193440803963,11.397546752776355,83.3153699431243,91.71673922370292,ERCO
2019-09-21,1027.5541909365234,-26.307952130518068,76.99967165264734,117.35708954134748,ERCO
2019-09-22,1027.6890377926502,-35.767761081219014,70.694862657687,127.19886063088188,ERCO
2019-09-23,1027.8238846487773,10.007466702897807,64.40595004820564,163.9296986001193,ERCO
2019-09-24,1027.9587315049043,13.004551780361814,58.13789263545023,161.7698240792838,ERCO
2019-09-25,1028.0935783610312,13.295091847547097,51.895595818050666,171.45773397337098,ERCO
2019-09-26,1028.2284252171582,14.329508039398865,45.683906519837066,166.4041602236057,ERCO
2019-09-27,1028.363272073285,11.397546752776355,39.507608205151286,147.30157296878724,ERCO
2019-09-28,1028.4981189294122,-26.307952130518068,33.37141597732126,187.51841722378458,ERCO
2019-09-29,1028.632965785539,-35.767761081219014,27.279971765884568,203.7798235297953,ERCO
2019-09-30,1028.767812641666,10.007466702897807,21.2378396080219,208.41388104741418,ERCO
2019-10-01,1028.902659497793,13.004551780361814,15.24950102956059,204.03628769228453,ERCO
2019-10-02,1029.03750635392,13.295091847547097,9.319350530782344,194.95805126775053,ERCO
2019-10-03,1029.172353210047,14.329508039398865,3.4516911821423264,181.68544756841175,ERCO
2019-10-04,1029.307200066174,11.397546752776355,-2.349269665118726,144.77952284616845,ERCO
2019-10-05,1029.442046922301,-26.307952130518068,-8.079424548635984,157.53832975685316,ERCO
2019-10-06,1029.5768937784278,-35.767761081219014,-13.734769940157605,172.60663724294886,ERCO
2019-10-07,1029.7117406345549,10.007466702897807,-19.311410161808126,20.29820282435537,ERCO
2019-10-08,1029.846587490682,13.004551780361814,-24.80556116899359,-33.92057810205006,ERCO
2019-10-09,1029.9814343468088,13.295091847547097,-30.213554195707403,69.63602800135152,ERCO
2019-10-10,1030.1162812029359,14.329508039398865,-35.53183925817629,191.12105001584177,ERCO
2019-10-11,1030.2511280590627,11.397546752776355,-40.75698851294358,-99.99268629889559,ERCO
2019-10-12,1030.3859749151898,-26.307952130518068,-45.88569946566572,-164.01332331900596,ERCO
2019-10-13,1030.5208217713166,-35.767761081219014,-50.914798027077126,-117.50526266302052,ERCO
2019-10-14,1030.6556686274437,10.007466702897807,-55.84124141275391,3.466106082412466,ERCO
2019-10-15,1030.7905154835707,13.004551780361814,-60.66212088350549,123.05405361957298,ERCO
2019-10-16,1030.9253623396976,13.295091847547097,-65.37466432339687,-78.63778986384784,ERCO
2019-10-17,1031.0602091958247,14.329508039398865,-69.97623865261346,-139.00147858260993,ERCO
2019-10-18,1031.1950560519515,11.397546752776355,-74.46435207256583,-82.29525073216212,ERCO
2019-10-19,1031.3299029080786,-26.307952130518068,-78.83665614083412,33.507705363273544,ERCO
2019-10-20,1031.4647497642054,-35.767761081219014,-83.09094767375825,93.81995899077185,ERCO
2019-10-21,1031.5995966203325,10.007466702897807,-87.22517047468014,-3.8048928485500255,ERCO
2019-10-22,1031.7344434764593,13.004551780361814,-91.23741688604903,-91.62157837077211,ERCO
2019-10-23,1031.8692903325864,13.295091847547097,-95.12592916382255,-54.050453016310826,ERCO
2019-10-24,1032.0041371887135,14.329508039398865,-98.88910067278704,-16.79954455532527,ERCO
2019-10-25,1032.1389840448403,11.397546752776355,-102.5254769016545,-75.9470538959622,ERCO
2019-10-26,1032.2738309009674,-26.307952130518068,-106.03375629698944,-88.14812247345981,ERCO
2019-10-27,1032.4086777570942,-35.767761081219014,-109.41279091524606,-76.95112576062911,ERCO
2019-10-28,1032.5435246132213,10.007466702897807,-112.6615868924055,-52.629404423713595,ERCO
2019-10-29,1032.6783714693481,13.004551780361814,-115.77930473091826,-6.683618518791718,ERCO
2019-10-30,1032.8132183254752,13.295091847547097,-118.76525940387914,47.19894923085701,ERCO
2019-10-31,1032.9480651816023,14.329508039398865,-121.61892027657241,81.02334705557155,ERCO
2019-11-01,1033.082912037729,11.397546752776355,-124.33991084574205,54.03245205523649,ERCO
2019-11-02,1033.2177588938562,-26.307952130518068,-126.92800829716187,-12.756798466176178,ERCO
2019-11-03,1033.352605749983,-35.767761081219014,-129.38314288228906,14.370298213525075,ERCO
2019-11-04,1033.48745260611,10.007466702897807,-131.7053971150035,-34.73052219400438,ERCO
2019-11-05,1033.6222994622372,13.004551780361814,-133.8950047896434,-14.585846452955366,ERCO
2019-11-06,1033.757146318364,13.295091847547097,-135.9523498217635,-1.8488883441475537,ERCO
2019-11-07,1033.891993174491,14.329508039398865,-137.87796491324866,6.111463699358751,ERCO
2019-11-08,1034.026840030618,11.397546752776355,-139.67253004362044,42.22014326022611,ERCO
2019-11-09,1034.161686886745,-26.307952130518068,-141.336870789587,2.3621360333602297,ERCO
2019-11-10,1034.2965337428718,-35.767761081219014,-142.87195647508082,-31.786816186572082,ERCO
2019-11-11,1034.4313805989989,10.007466702897807,-144.27889815423242,61.58205085233578,ERCO
2019-11-12,1034.566227455126,13.004551780361814,-145.55894642992666,312.05916719443894,ERCO
2019-11-13,1034.7010743112528,13.295091847547097,-146.71348911077823,280.37332295197837,ERCO
2019-11-14,1034.8359211673799,14.329508039398865,-147.7440487095554,145.32361950277664,ERCO
2019-11-15,1034.9707680235067,11.397546752776355,-148.65227978626655,84.95196500998338,ERCO
2019-11-16,1035.1056148796338,-26.307952130518068,-149.439966139308,64.42930339019244,ERCO
2019-11-17,1035.2404617357606,-35.767761081219014,-150.10901784824904,12.543317193707367,ERCO
2019-11-18,1035.3753085918877,10.007466702897807,-150.66146817200325,-12.348307122782103,ERCO
2019-11-19,1035.5101554480148,13.004551780361814,-151.09947030630894,-23.685236922067475,ERCO
2019-11-20,1035.6450023041416,13.295091847547097,-151.42529400460091,-15.658800147087732,ERCO
2019-11-21,1035.7798491602687,14.329508039398865,-151.64132206652107,7.732964866853763,ERCO
2019-11-22,1035.9146960163955,11.397546752776355,-151.75004669846712,12.515803929295316,ERCO
2019-11-23,1036.0495428725226,-26.307952130518068,-151.75406575072924,25.86947500872475,ERCO
2019-11-24,1036.1843897286494,-35.767761081219014,-151.65607883590943,12.293450188478914,ERCO
2019-11-25,1036.3192365847765,10.007466702897807,-151.4588833334564,-6.380819954217941,ERCO
2019-11-26,1036.4540834409036,13.004551780361814,-151.16537028528143,11.72173506401623,ERCO
2019-11-27,1036.5889302970304,13.295091847547097,-150.778520187548,7.00649804297052,ERCO
2019-11-28,1036.7237771531575,14.329508039398865,-150.30139868384896,-19.551886508707184,ERCO
2019-11-29,1036.8586240092843,11.397546752776355,-149.73715216509873,-10.515018596962022,ERCO
2019-11-30,1036.9934708654114,-26.307952130518068,-149.08900328157694,21.580484546683692,ERCO
2019-12-01,1037.1283177215382,-35.767761081219014,-148.36024637266212,-1.4243102676571198,ERCO
2019-12-02,1037.2631645776653,10.007466702897807,-147.55424281988675,51.85461153932374,ERCO
2019-12-03,1037.3980114337924,13.004551780361814,-146.67441632903734,44.7158531148832,ERCO
2019-12-04,1037.5328582899192,13.295091847547097,-145.72424814709953,10.400298009633275,ERCO
2019-12-05,1037.6677051460463,14.329508039398865,-144.70727221992854,-4.941940965516551,ERCO
2019-12-06,1037.8025520021731,11.397546752776355,-143.62707029658733,-20.25002845836218,ERCO
2019-12-07,1037.9373988583002,-26.307952130518068,-142.48726698635997,5.846820258577964,ERCO
2019-12-08,1038.072245714427,-35.767761081219014,-141.29152477449657,6.017040141288476,ERCO
2019-12-09,1038.207092570554,10.007466702897807,-140.04353900279705,14.857979729345175,ERCO
2019-12-10,1038.3419394266812,13.004551780361814,-138.7470328211755,112.84554161413246,ERCO
2019-12-11,1038.476786282808,13.295091847547097,-137.4057521163794,139.30187398602425,ERCO
2019-12-12,1038.611633138935,14.329508039398865,-136.02346042406523,98.66431924573135,ERCO
2019-12-13,1038.746479995062,11.397546752776355,-134.60393383044317,23.728907082604906,ERCO
2019-12-14,1038.881326851189,-26.307952130518068,-133.1509558697177,10.953581149046727,ERCO
2019-12-15,1039.0161737073158,-35.767761081219014,-131.66831242354976,17.594899797452854,ERCO
2019-12-16,1039.151020563443,10.007466702897807,-130.15978662876216,95.77629936242158,ERCO
2019-12-17,1039.28586741957,13.004551780361814,-128.62915379949524,182.86873459956348,ERCO
2019-12-18,1039.4207142756968,13.295091847547097,-127.08017637000258,177.38737024675856,ERCO
2019-12-19,1039.5555611318239,14.329508039398865,-125.51659886424328,157.58752969302054,ERCO
2019-12-20,1039.6904079879507,11.397546752776355,-123.942142898399,99.52818815767193,ERCO
2019-12-21,1039.8252548440778,-26.307952130518068,-122.36050222239581,56.7401995088361,ERCO
2019-12-22,1039.9601017002046,-35.767761081219014,-120.77533780646347,69.10299718747785,ERCO
2019-12-23,1040.0949485563317,10.007466702897807,-119.19027297870998,47.52585771948054,ERCO
2019-12-24,1040.2297954124585,13.004551780361814,-117.60888861961904,-25.24245857320136,ERCO
2019-12-25,1040.3646422685856,13.295091847547097,-116.03471841931675,-112.47501569681606,ERCO
2019-12-26,1040.4994891247127,14.329508039398865,-114.47124420336384,-93.5877529607476,ERCO
2019-12-27,1040.6343359808395,11.397546752776355,-112.92189133275716,-91.44999140085883,ERCO
2019-12-28,1040.7691828369666,-26.307952130518068,-111.39002418372199,-63.208206522726414,ERCO
2019-12-29,1040.9040296930934,-35.767761081219014,-109.87894171278626,-32.68632689908827,ERCO
2019-12-30,1041.0388765492205,10.007466702897807,-108.39187311251821,27.298529860399867,ERCO
2019-12-31,1041.1737234053476,13.004551780361814,-106.9319735631991,27.32069837748986,ERCO
2020-01-01,1041.3085702614744,13.295091847547097,-105.14998548314232,-28.910676625879205,ERCO
2020-01-02,1041.4434171176015,14.329508039398865,-103.76234105223087,-51.73658410476946,ERCO
2020-01-03,1041.5782639737283,11.397546752776355,-102.41155946734986,-42.79525125915484,ERCO
2020-01-04,1041.7131108298554,-26.307952130518068,-101.10043640461076,-1.0827222947265227,ERCO
2020-01-05,1041.8479576859822,-35.767761081219014,-99.83167299705947,-30.35152360770371,ERCO
2020-01-06,1041.9828045421093,10.007466702897807,-98.60787229757631,-32.584398947430714,ERCO
2020-01-07,1042.1176513982364,13.004551780361814,-97.43153587204883,-22.612667306549383,ERCO
2020-01-08,1042.2524982543632,13.295091847547097,-96.30506052694591,18.324470425035543,ERCO
2020-01-09,1042.3873451104903,14.329508039398865,-95.23073517525931,-66.18411797462977,ERCO
2020-01-10,1042.5221919666171,11.397546752776355,-94.21073784460911,-63.6630008747843,ERCO
2020-01-11,1042.6570388227442,-26.307952130518068,-93.24713283113844,23.601046138912352,ERCO
2020-01-12,1042.791885678871,-35.767761081219014,-92.34186800264547,62.71074340499342,ERCO
2020-01-13,1042.926732534998,10.007466702897807,-91.49677225421911,-11.834426983676849,ERCO
2020-01-14,1043.0615793911252,13.004551780361814,-90.71355311946131,-57.551578052025434,ERCO
2020-01-15,1043.196426247252,13.295091847547097,-89.99379454018907,-49.156723554609925,ERCO
2020-01-16,1043.331273103379,14.329508039398865,-89.33895479731807,-33.60382634545988,ERCO
2020-01-17,1043.466119959506,11.397546752776355,-88.75036460543411,-38.24030210684816,ERCO
2020-01-18,1043.600966815633,-26.307952130518068,-88.22922537336134,-67.21978931175352,ERCO
2020-01-19,1043.7358136717598,-35.767761081219014,-87.77660763283355,5.726555042292716,ERCO
2020-01-20,1043.870660527887,10.007466702897807,-87.39344963717393,17.648322406389184,ERCO
2020-01-21,1044.005507384014,13.004551780361814,-87.08055613168037,41.124496967304594,ERCO
2020-01-22,1044.1403542401408,13.295091847547097,-86.83859729720766,54.08915120951963,ERCO
2020-01-23,1044.275201096268,14.329508039398865,-86.66810786822718,-33.874601267439516,ERCO
2020-01-24,1044.4100479523947,11.397546752776355,-86.5694864264347,-15.48810827873649,ERCO
2020-01-25,1044.5448948085218,-26.307952130518068,-86.54299487076369,-22.363947807239924,ERCO
2020-01-26,1044.6797416646486,-35.767761081219014,-86.58875806444881,-88.5992225189807,ERCO
2020-01-27,1044.8145885207757,10.007466702897807,-86.7067636595701,-66.93829156410334,ERCO
2020-01-28,1044.9494353769028,13.004551780361814,-86.8968620992934,-46.062125057971116,ERCO
2020-01-29,1045.0842822330296,13.295091847547097,-87.15876679780865,34.45539271723203,ERCO
2020-01-30,1045.2191290891567,14.329508039398865,-87.49205449775131,53.361417369195806,ERCO
2020-01-31,1045.3539759452835,11.397546752776355,-87.89616580467957,-2.9403568933804536,ERCO
2020-02-01,1045.4888228014106,-26.307952130518068,-88.37040589796362,-10.320464772928858,ERCO
2020-02-02,1045.6236696575374,-35.767761081219014,-88.9139454172325,-62.04396315908593,ERCO
2020-02-03,1045.7585165136645,10.007466702897807,-89.5258215233089,-96.85816169325335,ERCO
2020-02-04,1045.8933633697916,13.004551780361814,-90.20493913235421,-39.56497601779904,ERCO
2020-02-05,1046.0282102259184,13.295091847547097,-90.95007232173393,146.3627702482686,ERCO
2020-02-06,1046.1630570820455,14.329508039398865,-91.7598659059078,168.6233007844636,ERCO
2020-02-07,1046.2979039381723,11.397546752776355,-92.63283718044217,48.3323864894935,ERCO
2020-02-08,1046.4327507942994,-26.307952130518068,-93.56737783203894,-24.57642083174244,ERCO
2020-02-09,1046.5675976504263,-35.767761081219014,-94.56175601227471,-62.54408055693261,ERCO
2020-02-10,1046.7024445065533,10.007466702897807,-95.61411857254534,3.066207363094236,ERCO
2020-02-11,1046.8372913626804,13.004551780361814,-96.72249345751541,86.11765031447351,ERCO
2020-02-12,1046.9721382188072,13.295091847547097,-97.88479225418143,65.58656218782721,ERCO
2020-02-13,1047.1069850749343,14.329508039398865,-99.09881289346735,92.35931977913424,ERCO
2020-02-14,1047.2418319310611,11.397546752776355,-100.36224250108717,110.80286381724954,ERCO
2020-02-15,1047.3766787871882,-26.307952130518068,-101.67266039422822,18.797933737558083,ERCO
2020-02-16,1047.511525643315,-35.767761081219014,-103.02754122043115,-69.77922334166487,ERCO
2020-02-17,1047.6463724994421,10.007466702897807,-104.42425823487102,-64.44758096746875,ERCO
2020-02-18,1047.7812193555692,13.004551780361814,-105.86008671207473,-37.99068442385624,ERCO
2020-02-19,1047.916066211696,13.295091847547097,-107.33220748794793,21.58604942870477,ERCO
2020-02-20,1048.050913067823,14.329508039398865,-108.83771062782404,97.59828952060207,ERCO
2020-02-21,1048.18575992395,11.397546752776355,-110.37359921609753,111.17829253937111,ERCO
2020-02-22,1048.320606780077,-26.307952130518068,-111.93679326285242,37.09613861329365,ERCO
2020-02-23,1048.4554536362039,-35.767761081219014,-113.52413372275683,-18.173558832227968,ERCO
2020-02-24,1048.590300492331,10.007466702897807,-115.13238662135592,-61.96438057387286,ERCO
2020-02-25,1048.725147348458,13.004551780361814,-116.75824728376462,-15.86345184505501,ERCO
2020-02-26,1048.8599942045848,13.295091847547097,-118.39834466063735,93.86625860850552,ERCO
2020-02-27,1048.994841060712,14.329508039398865,-120.04924574617081,105.25789664606009,ERCO
2020-02-28,1049.1296879168387,11.397546752776355,-121.70746008278493,9.464225413169856,ERCO
2020-02-29,1049.2645347729658,-26.307952130518068,-123.3694443470194,-32.181138295428354,ERCO
2020-03-01,1049.3993816290927,-35.767761081219014,-125.03160701108334,-64.59201353679043,ERCO
2020-03-02,1049.5342284852197,10.007466702897807,-126.69031307440288,-52.31938211371448,ERCO
2020-03-03,1049.6690753413468,13.004551780361814,-128.3418888594236,-37.367738262284774,ERCO
2020-03-04,1049.8039221974736,13.295091847547097,-129.98262686584616,-27.11338717917465,ERCO
2020-03-05,1049.9387690536007,14.329508039398865,-131.60879067739938,-43.4574864156001,ERCO
2020-03-06,1050.0736159097276,11.397546752776355,-133.21661991519096,-49.660542747313,ERCO
2020-03-07,1050.2084627658546,-26.307952130518068,-134.80233523161377,-18.206175403722682,ERCO
2020-03-08,1050.3433096219815,-35.767761081219014,-136.36214333873937,-58.46540520202302,ERCO
2020-03-09,1050.4781564781085,10.007466702897807,-137.89224206507998,-50.846381115926306,ERCO
2020-03-10,1050.6130033342356,13.004551780361814,-139.38882543456782,-23.463729680029473,ERCO
2020-03-11,1050.7478501903624,13.295091847547097,-140.8480887615691,17.25614672365964,ERCO
2020-03-12,1050.8826970464895,14.329508039398865,-142.26623375572632,36.187028669838014,ERCO
2020-03-13,1051.0175439026164,11.397546752776355,-143.63947363041075,14.724382975017988,ERCO
2020-03-14,1051.1523907587434,-26.307952130518068,-144.9640382085555,24.974599580330278,ERCO
2020-03-15,1051.2872376148703,-35.767761081219014,-146.23617901964346,11.5377024859921,ERCO
2020-03-16,1051.4220844709973,10.007466702897807,-147.45217438162751,-15.976376792267502,ERCO
2020-03-17,1051.5569313271244,13.004551780361814,-148.60833446157898,17.587851354093004,ERCO
2020-03-18,1051.6917781832512,13.295091847547097,-149.7010063088797,40.50313627808134,ERCO
2020-03-19,1051.8266250393783,14.329508039398865,-150.7265788548035,69.05644577602652,ERCO
2020-03-20,1051.9614718955052,11.397546752776355,-151.68148787236993,5.317469224088427,ERCO
2020-03-21,1052.0963187516322,-26.307952130518068,-152.56222089039687,-0.8311457307172532,ERCO
2020-03-22,1052.231165607759,-35.767761081219014,-153.36532205572968,-20.639082470810422,ERCO
2020-03-23,1052.3660124638861,10.007466702897807,-154.08739693768393,9.41391777090007,ERCO
2020-03-24,1052.5008593200132,13.004551780361814,-154.72511726880396,58.190706168429074,ERCO
2020-03-25,1052.63570617614,13.295091847547097,-155.27522561611147,77.81142759242437,ERCO
2020-03-26,1052.7705530322671,14.329508039398865,-155.7345399770998,107.99147890543395,ERCO
2020-03-27,1052.905399888394,11.397546752776355,-156.09995829481426,113.32001165364386,ERCO
2020-03-28,1053.040246744521,-26.307952130518068,-156.36846288645353,43.29716827245045,ERCO
2020-03-29,1053.1750936006479,-35.767761081219014,-156.5371247800255,-43.1652077394034,ERCO
2020-03-30,1053.309940456775,10.007466702897807,-156.6031079537001,-11.415299205972588,ERCO
2020-03-31,1053.444787312902,13.004551780361814,-156.5636734726109,-23.021665620652698,ERCO
2020-04-01,1053.5796341690289,13.295091847547097,-156.41618351798024,-51.51054249859567,ERCO
2020-04-02,1053.714481025156,14.329508039398865,-156.15810530356453,-41.084883760990124,ERCO
2020-04-03,1053.8493278812828,11.397546752776355,-155.78701487455027,-11.153859759508805,ERCO
2020-04-04,1053.9841747374098,-26.307952130518068,-155.30060078416733,5.474378177275639,ERCO
2020-04-05,1054.1190215935367,-35.767761081219014,-154.69666764342816,-46.159592868889604,ERCO
2020-04-06,1054.2538684496637,10.007466702897807,-153.9731395395517,-47.032195613009776,ERCO
2020-04-07,1054.3887153057908,13.004551780361814,-153.12806331878286,63.30079623263032,ERCO
2020-04-08,1054.5235621619177,13.295091847547097,-152.15961172947738,126.72395772001255,ERCO
2020-04-09,1054.6584090180447,14.329508039398865,-151.06608642148677,55.36316936404319,ERCO
2020-04-10,1054.7932558741716,11.397546752776355,-149.84592079804523,-64.15788182890265,ERCO
2020-04-11,1054.9281027302986,-26.307952130518068,-148.49768271653392,-44.15346788324655,ERCO
2020-04-12,1055.0629495864255,-35.767761081219014,-147.02007703467598,35.389888529469545,ERCO
2020-04-13,1055.1977964425525,10.007466702897807,-145.41194799889627,-88.37831514655409,ERCO
2020-04-14,1055.3326432986796,13.004551780361814,-143.67228147176655,-81.20391360727479,ERCO
2020-04-15,1055.4674901548065,13.295091847547097,-141.80020699564443,-86.80437500670917,ERCO
2020-04-16,1055.6023370109335,14.329508039398865,-139.79499968980932,-85.6898453605229,ERCO
2020-04-17,1055.7371838670604,11.397546752776355,-137.65608197859234,-69.12764864124438,ERCO
2020-04-18,1055.8720307231874,-26.307952130518068,-135.38302514819816,-67.56005344447124,ERCO
2020-04-19,1056.0068775793143,-35.767761081219014,-132.97555073011722,-28.67156576797811,ERCO
2020-04-20,1056.1417244354413,10.007466702897807,-130.43353170923226,-38.012659429106975,ERCO
2020-04-21,1056.2765712915684,13.004551780361814,-127.75699355492817,7.347870482998019,ERCO
2020-04-22,1056.4114181476953,13.295091847547097,-124.94611507372602,16.47260507848364,ERCO
2020-04-23,1056.5462650038223,14.329508039398865,-122.0012290821689,17.67345603894762,ERCO
2020-04-24,1056.6811118599492,11.397546752776355,-118.92282289890268,26.40716428617702,ERCO
2020-04-25,1056.8159587160762,-26.307952130518068,-115.711538655107,-62.91746793045104,ERCO
2020-04-26,1056.950805572203,-35.767761081219014,-112.36817342264548,-54.96687106833872,ERCO
2020-04-27,1057.0856524283301,10.007466702897807,-108.89367915952216,-22.860439971705773,ERCO
2020-04-28,1057.220499284457,13.004551780361814,-105.28916247244467,64.76611140762589,ERCO
2020-04-29,1057.355346140584,13.295091847547097,-101.5558841965121,-45.95655379161906,ERCO
2020-04-30,1057.4901929967111,14.329508039398865,-97.69525879226276,-72.62944224384717,ERCO
2020-05-01,1057.625039852838,11.397546752776355,-93.70885356053071,-29.469733045083558,ERCO
2020-05-02,1057.759886708965,-26.307952130518068,-89.59838767577834,46.12145309733148,ERCO
2020-05-03,1057.8947335650919,-35.767761081219014,-85.36573103878672,94.40975855491365,ERCO
2020-05-04,1058.029580421219,10.007466702897807,-81.01290294979736,133.31485582568052,ERCO
2020-05-05,1058.1644272773458,13.004551780361814,-76.54207060341577,49.62909154570809,ERCO
2020-05-06,1058.2992741334729,13.295091847547097,-71.95554740679341,-57.14881857422631,ERCO
2020-05-07,1058.4341209896,14.329508039398865,-67.2557911228213,-38.64683790617744,ERCO
2020-05-08,1058.5689678457268,11.397546752776355,-62.44540184026717,-30.69211275823625,ERCO
2020-05-09,1058.7038147018538,-26.307952130518068,-57.52711977300345,-162.12974279833225,ERCO
2020-05-10,1058.8386615579807,-35.767761081219014,-52.503822890667806,-140.01107758609407,ERCO
2020-05-11,1058.9735084141078,10.007466702897807,-47.378524383304324,-92.57845073370117,ERCO
2020-05-12,1059.1083552702348,13.004551780361814,-42.15436996272645,-85.4775370878699,ERCO
2020-05-13,1059.2432021263617,13.295091847547097,-36.83463500354016,-33.45465897036843,ERCO
2020-05-14,1059.3780489824887,14.329508039398865,-31.422721526955698,46.127164505068095,ERCO
2020-05-15,1059.5128958386156,11.397546752776355,-25.9221550307021,6.4527124393102895,ERCO
2020-05-16,1059.6477426947426,-26.307952130518068,-20.336581168543958,-145.46220939568047,ERCO
2020-05-17,1059.7825895508695,-35.767761081219014,-14.669762283077944,-87.25906618657257,ERCO
2020-05-18,1059.9174364069966,10.007466702897807,-8.925573795661364,16.0386706857671,ERCO
2020-05-19,1060.0522832631236,13.004551780361814,-3.1080004574974964,97.96116541401216,ERCO
2020-05-20,1060.1871301192505,13.295091847547097,2.7788675339342603,62.09091049926815,ERCO
2020-05-21,1060.3219769753775,14.329508039398865,8.730838548752672,39.174676436471145,ERCO
2020-05-22,1060.4568238315044,11.397546752776355,14.743623664348206,97.83800575137116,ERCO
2020-05-23,1060.5916706876314,-26.307952130518068,20.812840926199073,75.38844051668752,ERCO
2020-05-24,1060.7265175437583,-35.767761081219014,26.934019725026815,-19.322776187566205,ERCO
2020-05-25,1060.8613643998854,10.007466702897807,33.10260528535221,-208.50843638813535,ERCO
2020-05-26,1060.9962112560124,13.004551780361814,39.31396326037455,-159.64572629674865,ERCO
2020-05-27,1061.1310581121393,13.295091847547097,45.56338442797309,-128.81553438765945,ERCO
2020-05-28,1061.2659049682663,14.329508039398865,51.84608948250599,-111.08950249017096,ERCO
2020-05-29,1061.4007518243932,11.397546752776355,58.1572339169644,-99.36553249413419,ERCO
2020-05-30,1061.5355986805203,-26.307952130518068,64.49191298993568,-103.9595595399378,ERCO
2020-05-31,1061.670445536647,-35.767761081219014,70.84516677172138,-130.57485122714957,ERCO
2020-06-01,1061.8052923927742,10.007466702897807,77.21198526386438,-125.12574435953627,ERCO
2020-06-02,1061.9401392489012,13.004551780361814,83.58731358624496,-48.29900461550801,ERCO
2020-06-03,1062.074986105028,13.295091847547097,89.96605722583033,-6.3221351784054605,ERCO
2020-06-04,1062.2098329611551,14.329508039398865,96.3430873410785,50.07957165836751,ERCO
2020-06-05,1062.344679817282,11.397546752776355,102.71324611593496,63.757527314006666,ERCO
2020-06-06,1062.479526673409,-26.307952130518068,109.07135215729856,78.57407329981038,ERCO
2020-06-07,1062.614373529536,-35.767761081219014,115.41220592977385,72.15618162190913,ERCO
2020-06-08,1062.749220385663,10.007466702897807,121.73059522148836,103.70271768995099,ERCO
2020-06-09,1062.88406724179,13.004551780361814,128.02130063470543,115.02208034314276,ERCO
2020-06-10,1063.0189140979169,13.295091847547097,134.27910109493726,-92.40510704040116,ERCO
2020-06-11,1063.153760954044,14.329508039398865,140.4987793722339,-102.22804836567661,ERCO
2020-06-12,1063.2886078101708,11.397546752776355,146.67512760831045,-108.5302821712578,ERCO
2020-06-13,1063.4234546662979,-26.307952130518068,152.8029528431589,-83.87345537893862,ERCO
2020-06-14,1063.5583015224247,-35.767761081219014,158.8770825347957,-73.60962297600145,ERCO
2020-06-15,1063.6931483785518,10.007466702897807,164.89237006579336,-18.709985147242833,ERCO
2020-06-16,1063.8279952346788,13.004551780361814,170.84370023026685,-15.931247245307304,ERCO
2020-06-17,1063.9628420908057,13.295091847547097,176.72599469499147,-29.139928633344198,ERCO
2020-06-18,1064.0976889469327,14.329508039398865,182.53421742837162,-35.428414414703184,ERCO
2020-06-19,1064.2325358030596,11.397546752776355,188.26338009100186,-52.451462646837854,ERCO
2020-06-20,1064.3673826591867,-26.307952130518068,193.90854738161073,-111.28797791027932,ERCO
2020-06-21,1064.5022295153135,-35.767761081219014,199.46484233222537,-102.43031076631974,ERCO
2020-06-22,1064.6370763714406,10.007466702897807,204.92745154645132,-111.76399462078962,ERCO
2020-06-23,1064.7719232275676,13.004551780361814,210.29163037482408,-181.4671053827533,ERCO
2020-06-24,1064.9067700836945,13.295091847547097,215.5527080212636,-169.78456995250508,ERCO
2020-06-25,1065.0416169398216,14.329508039398865,220.70609257473643,-145.17621755395703,ERCO
2020-06-26,1065.1764637959484,11.397546752776355,225.7472759603192,-159.25228650904387,ERCO
2020-06-27,1065.3113106520755,-26.307952130518068,230.6718388039444,-87.65719732550178,ERCO
2020-06-28,1065.4461575082023,-35.767761081219014,235.47545520521243,-91.47885163219576,ERCO
2020-06-29,1065.5810043643294,10.007466702897807,240.15389741275393,-37.338368479981,ERCO
2020-06-30,1065.7158512204562,13.004551780361814,244.7030403967422,-16.436443397560197,ERCO
2020-07-01,1065.8506980765833,13.295091847547097,249.11886631327005,-0.6676562374004789,ERCO
2020-07-02,1065.9855449327104,14.329508039398865,253.39746885543306,-13.222521827542096,ERCO
2020-07-03,1066.1203917888372,11.397546752776355,257.5350574860858,-61.542996027699246,ERCO
2020-07-04,1066.2552386449643,-26.307952130518068,261.52796154737956,-61.492248061825876,ERCO
2020-07-05,1066.390085501091,-35.767761081219014,265.37263424232765,-65.84195866219966,ERCO
2020-07-06,1066.5249323572182,10.007466702897807,269.0656564837941,-98.64705554391003,ERCO
2020-07-07,1066.6597792133452,13.004551780361814,272.60374060645296,-97.18507160015952,ERCO
2020-07-08,1066.794626069472,13.295091847547097,275.98373393742327,-32.488451854442246,ERCO
2020-07-09,1066.9294729255992,14.329508039398865,279.20262222145027,8.79739681355204,ERCO
2020-07-10,1067.064319781726,11.397546752776355,282.2575328966672,6.766600568830654,ERCO
2020-07-11,1067.199166637853,-26.307952130518068,285.14573821714873,29.77004727551639,ERCO
2020-07-12,1067.33401349398,-35.767761081219014,287.86465821864147,2.3960893685973588,ERCO
2020-07-13,1067.468860350107,10.007466702897807,290.41186352403963,60.04680942295545,ERCO
2020-07-14,1067.603707206234,13.004551780361814,292.78507798535765,30.815663028046856,ERCO
2020-07-15,1067.738554062361,13.295091847547097,294.9821811591438,6.555172930948174,ERCO
2020-07-16,1067.873400918488,14.329508039398865,297.0012106124676,14.58688042964559,ERCO
2020-07-17,1068.0082477746148,11.397546752776355,298.8403640568133,-28.386158584204395,ERCO
2020-07-18,1068.1430946307419,-26.307952130518068,300.4980013074092,-82.05114380763303,ERCO
2020-07-19,1068.2779414868687,-35.767761081219014,301.97264606572537,-69.33882647137511,ERCO
2020-07-20,1068.4127883429958,10.007466702897807,303.26298752307684,-74.20624256897031,ERCO
2020-07-21,1068.5476351991229,13.004551780361814,304.36788178347706,-123.08706876296128,ERCO
2020-07-22,1068.6824820552497,13.295091847547097,305.2863531040955,-86.45592700689235,ERCO
2020-07-23,1068.8173289113768,14.329508039398865,306.0175949518843,-39.387431902659955,ERCO
2020-07-24,1068.9521757675036,11.397546752776355,306.5609708751539,-47.95469339543388,ERCO
2020-07-25,1069.0870226236307,-26.307952130518068,306.9160151890885,-167.34108568220108,ERCO
2020-07-26,1069.2218694797575,-35.767761081219014,307.08243347441237,-197.07854187295084,ERCO
2020-07-27,1069.3567163358846,10.007466702897807,307.06010288863,-153.72828592741234,ERCO
2020-07-28,1069.4915631920117,13.004551780361814,306.84907228948464,-206.61418726185798,ERCO
2020-07-29,1069.6264100481385,13.295091847547097,306.4495621704948,-191.4110640661802,ERCO
2020-07-30,1069.7612569042656,14.329508039398865,305.8619644086468,-74.61172935231116,ERCO
2020-07-31,1069.8961037603924,11.397546752776355,305.08684182453976,-122.77949233770846,ERCO
2020-08-01,1070.0309506165195,-26.307952130518068,304.12492755549636,-204.25492604149736,ERCO
2020-08-02,1070.1657974726463,-35.767761081219014,302.9771242423699,-164.69616063379726,ERCO
2020-08-03,1070.3006443287734,10.007466702897807,301.6445030309941,-138.7136140626651,ERCO
2020-08-04,1070.4354911849005,13.004551780361814,300.1283023894359,-110.01234535469803,ERCO
2020-08-05,1070.5703380410273,13.295091847547097,298.42992674242794,-97.69135663100201,ERCO
2020-08-06,1070.7051848971544,14.329508039398865,296.5509449245647,-47.64963786111798,ERCO
2020-08-07,1070.8400317532812,11.397546752776355,294.49308845406165,-17.16466696011912,ERCO
2020-08-08,1070.9748786094083,-26.307952130518068,292.25824962907956,-25.61917610796945,ERCO
2020-08-09,1071.1097254655351,-35.767761081219014,289.84847944882495,-13.813443833141264,ERCO
2020-08-10,1071.2445723216622,10.007466702897807,287.26598536184054,17.892975613599674,ERCO
2020-08-11,1071.379419177789,13.004551780361814,284.51312884409714,47.02890019775191,ERCO
2020-08-12,1071.514266033916,13.295091847547097,281.5924228096981,72.0002193088385,ERCO
2020-08-13,1071.6491128900432,14.329508039398865,278.50652885719956,76.04485021335836,ERCO
2020-08-14,1071.78395974617,11.397546752776355,275.25825435474053,74.28723914631314,ERCO
2020-08-15,1071.918806602297,-26.307952130518068,271.85054936736367,82.76159616085738,ERCO
2020-08-16,1072.053653458424,-35.767761081219014,268.28650343008894,63.45360419270605,ERCO
2020-08-17,1072.188500314551,10.007466702897807,264.5693421704806,-71.73130918792936,ERCO
2020-08-18,1072.323347170678,13.004551780361814,260.70242378462456,-44.966322735664335,ERCO
2020-08-19,1072.458194026805,13.295091847547097,256.68923537059624,-77.7475212449483,ERCO
2020-08-20,1072.593040882932,14.329508039398865,252.53338912367218,-86.82993804600324,ERCO
2020-08-21,1072.7278877390588,11.397546752776355,248.2386183976889,-67.59005288952426,ERCO
2020-08-22,1072.8627345951859,-26.307952130518068,243.8087736371144,-100.96855610178227,ERCO
2020-08-23,1072.9975814513127,-35.767761081219014,239.24781818453974,-71.90763855463342,ERCO
2020-08-24,1073.1324283074398,10.007466702897807,234.55982396844956,-41.35471897878688,ERCO
2020-08-25,1073.2672751635666,13.004551780361814,229.74896707625865,-17.59779402018694,ERCO
2020-08-26,1073.4021220196937,13.295091847547097,224.81952321773997,-29.22373708498094,ERCO
2020-08-27,1073.5369688758208,14.329508039398865,219.7758630840955,-16.61533999931521,ERCO
2020-08-28,1073.6718157319476,11.397546752776355,214.6224476080346,106.08318990724138,ERCO
2020-08-29,1073.8066625880747,-26.307952130518068,209.36382313034437,123.16246641209909,ERCO
2020-08-30,1073.9415094442015,-35.767761081219014,204.00461647854047,80.22463515847699,ERCO
2020-08-31,1074.0763563003286,10.007466702897807,198.54952996328512,149.95064703348862,ERCO
2020-09-01,1074.2112031564557,13.004551780361814,193.0033362983595,83.89490876482319,ERCO
2020-09-02,1074.3460500125825,13.295091847547097,187.3708734500516,-34.191015310181456,ERCO
2020-09-03,1074.4808968687096,14.329508039398865,181.65703942191723,-48.18744433002553,ERCO
2020-09-04,1074.6157437248364,11.397546752776355,175.86678698092823,-82.80107745854116,ERCO
2020-09-05,1074.7505905809635,-26.307952130518068,170.0051183310981,-101.39975678154337,ERCO
2020-09-06,1074.8854374370903,-35.767761081219014,164.07707974073304,-64.09175609660451,ERCO
2020-09-07,1075.0202842932174,10.007466702897807,158.0877561295004,-44.861507125615844,ERCO
2020-09-08,1075.1551311493445,13.004551780361814,152.04226562155935,-30.144948551265543,ERCO
2020-09-09,1075.2899780054713,13.295091847547097,145.94575407102877,-91.83082392404708,ERCO
2020-09-10,1075.4248248615984,14.329508039398865,139.80338956610353,-250.80772246710058,ERCO
2020-09-11,1075.5596717177252,11.397546752776355,133.6203569181426,-208.93357538864439,ERCO
2020-09-12,1075.6945185738523,-26.307952130518068,127.40185214207483,-81.83741858540907,ERCO
2020-09-13,1075.8293654299791,-35.767761081219014,121.15307693447534,-31.922681283235534,ERCO
2020-09-14,1075.9642122861062,10.007466702897807,114.87923315565716,-29.017912144661068,ERCO
2020-09-15,1076.0990591422333,13.004551780361814,108.58551732212227,1.5448717552826565,ERCO
2020-09-16,1076.2339059983601,13.295091847547097,102.27711511570212,1.1888870383907033,ERCO
2020-09-17,1076.3687528544872,14.329508039398865,95.95919591568301,-33.23845680956879,ERCO
2020-09-18,1076.503599710614,11.397546752776355,89.6369073601997,-74.5090538235902,ERCO
2020-09-19,1076.638446566741,-26.307952130518068,83.3153699431243,-136.71886437934734,ERCO
2020-09-20,1076.773293422868,-35.767761081219014,76.99967165264734,-190.97620399429616,ERCO
2020-09-21,1076.908140278995,10.007466702897807,70.694862657687,-197.20546963957963,ERCO
2020-09-22,1077.042987135122,13.004551780361814,64.40595004820564,-182.6704889636893,ERCO
2020-09-23,1077.177833991249,13.295091847547097,58.13789263545023,-171.93781847424611,ERCO
2020-09-24,1077.312680847376,14.329508039398865,51.895595818050666,-169.28078470482558,ERCO
2020-09-25,1077.4475277035028,11.397546752776355,45.683906519837066,-106.6759809761163,ERCO
2020-09-26,1077.58237455963,-26.307952130518068,39.507608205151286,-37.66103063426294,ERCO
2020-09-27,1077.7172214157567,-35.767761081219014,33.37141597732126,65.45812368814086,ERCO
2020-09-28,1077.8520682718838,10.007466702897807,27.279971765884568,-124.78150674066637,ERCO
2020-09-29,1077.9869151280109,13.004551780361814,21.2378396080219,-198.4523065163944,ERCO
2020-09-30,1078.1217619841377,13.295091847547097,15.24950102956059,-152.35735486124554,ERCO
2020-10-01,1078.2566088402648,14.329508039398865,9.319350530782344,-131.76046741044593,ERCO
2020-10-02,1078.3914556963916,11.397546752776355,3.4516911821423264,-152.44769363131024,ERCO
2020-10-03,1078.5263025525187,-26.307952130518068,-2.349269665118726,-121.45608075688187,ERCO
2020-10-04,1078.6611494086455,-35.767761081219014,-8.079424548635984,-92.94596377879054,ERCO
2020-10-05,1078.7959962647726,10.007466702897807,-13.734769940157605,-76.63469302751287,ERCO
2020-10-06,1078.9308431208997,13.004551780361814,-19.311410161808126,-32.233984739453035,ERCO
2020-10-07,1079.0656899770265,13.295091847547097,-24.80556116899359,-6.1652206555797875,ERCO
2020-10-08,1079.2005368331536,14.329508039398865,-30.213554195707403,15.2175093231549,ERCO
2020-10-09,1079.3353836892804,11.397546752776355,-35.53183925817629,46.12990881611927,ERCO
2020-10-10,1079.4702305454075,-26.307952130518068,-40.75698851294358,59.796710098054064,ERCO
2020-10-11,1079.6050774015343,-35.767761081219014,-45.88569946566572,144.17438314535025,ERCO
2020-10-12,1079.7399242576614,10.007466702897807,-50.914798027077126,87.85340706651778,ERCO
2020-10-13,1079.8747711137883,13.004551780361814,-55.84124141275391,2.920918518603912,ERCO
2020-10-14,1080.0096179699153,13.295091847547097,-60.66212088350549,68.38541106604316,ERCO
2020-10-15,1080.1444648260424,14.329508039398865,-65.37466432339687,56.01369145795593,ERCO
2020-10-16,1080.2793116821692,11.397546752776355,-69.97623865261346,-128.1666197823322,ERCO
2020-10-17,1080.4141585382963,-26.307952130518068,-74.46435207256583,-90.15685433521242,ERCO
2020-10-18,1080.5490053944231,-35.767761081219014,-78.83665614083412,63.85941182762997,ERCO
2020-10-19,1080.6838522505502,10.007466702897807,-83.09094767375825,41.069628720310334,ERCO
2020-10-20,1080.8186991066773,13.004551780361814,-87.22517047468014,93.56391958764118,ERCO
2020-10-21,1080.9535459628041,13.295091847547097,-91.23741688604903,105.89877907569792,ERCO
2020-10-22,1081.0883928189312,14.329508039398865,-95.12592916382255,110.04302830549273,ERCO
2020-10-23,1081.223239675058,11.397546752776355,-98.88910067278704,13.617314244952695,ERCO
2020-10-24,1081.358086531185,-26.307952130518068,-102.5254769016545,-130.9576574990125,ERCO
2020-10-25,1081.492933387312,-35.767761081219014,-106.03375629698944,-67.75941600910357,ERCO
2020-10-26,1081.627780243439,10.007466702897807,-109.41279091524606,8.567543968909263,ERCO
2020-10-27,1081.762627099566,13.004551780361814,-112.6615868924055,30.195408012477742,ERCO
2020-10-28,1081.897473955693,13.295091847547097,-115.77930473091826,9.548738927678187,ERCO
2020-10-29,1082.03232081182,14.329508039398865,-118.76525940387914,-23.85956944733948,ERCO
2020-10-30,1082.1671676679468,11.397546752776355,-121.61892027657241,-68.56979414415082,ERCO
2020-10-31,1082.302014524074,-26.307952130518068,-124.33991084574205,-80.92815154781385,ERCO
2020-11-01,1082.4368613802008,-35.767761081219014,-126.92800829716187,-63.39509200181999,ERCO
2020-11-02,1082.5717082363278,10.007466702897807,-129.38314288228906,-88.84303205693652,ERCO
2020-11-03,1082.706555092455,13.004551780361814,-131.7053971150035,-75.76570975781306,ERCO
2020-11-04,1082.8414019485817,13.295091847547097,-133.8950047896434,-70.61948900648542,ERCO
2020-11-05,1082.9762488047088,14.329508039398865,-135.9523498217635,-62.08940702234406,ERCO
2020-11-06,1083.1110956608356,11.397546752776355,-137.87796491324866,-64.43867750036338,ERCO
2020-11-07,1083.2459425169627,-26.307952130518068,-139.67253004362044,-37.958460342824196,ERCO
2020-11-08,1083.3807893730896,-35.767761081219014,-141.336870789587,-12.47415750228356,ERCO
2020-11-09,1083.5156362292166,10.007466702897807,-142.87195647508082,40.5638535429664,ERCO
2020-11-10,1083.6504830853437,13.004551780361814,-144.27889815423242,22.29586328852713,ERCO
2020-11-11,1083.7853299414705,13.295091847547097,-145.55894642992666,-4.808475359090949,ERCO
2020-11-12,1083.9201767975976,14.329508039398865,-146.71348911077823,-5.2521957262180194,ERCO
2020-11-13,1084.0550236537244,11.397546752776355,-147.7440487095554,-5.5025216969454505,ERCO
2020-11-14,1084.1898705098515,-26.307952130518068,-148.65227978626655,61.63036140693305,ERCO
2020-11-15,1084.3247173659784,-35.767761081219014,-149.439966139308,-44.285990145451365,ERCO
2020-11-16,1084.4595642221054,10.007466702897807,-150.10901784824904,-53.32101307675407,ERCO
2020-11-17,1084.5944110782325,13.004551780361814,-150.66146817200325,-51.79649468659102,ERCO
2020-11-18,1084.7292579343593,13.295091847547097,-151.09947030630894,-42.71287947559745,ERCO
2020-11-19,1084.8641047904864,14.329508039398865,-151.42529400460091,-32.3913188252842,ERCO
2020-11-20,1084.9989516466132,11.397546752776355,-151.64132206652107,-23.743176332868643,ERCO
2020-11-21,1085.1337985027403,-26.307952130518068,-151.75004669846712,-21.872799673755026,ERCO
2020-11-22,1085.2686453588672,-35.767761081219014,-151.75406575072924,-26.18081852691887,ERCO
2020-11-23,1085.4034922149942,10.007466702897807,-151.65607883590943,-45.407880081982626,ERCO
2020-11-24,1085.5383390711213,13.004551780361814,-151.4588833334564,-6.777007518026608,ERCO
2020-11-25,1085.6731859272481,13.295091847547097,-151.16537028528143,-35.881907489513765,ERCO
2020-11-26,1085.8080327833752,14.329508039398865,-150.778520187548,-71.23602063522583,ERCO
2020-11-27,1085.942879639502,11.397546752776355,-150.30139868384896,-71.30002770842952,ERCO
2020-11-28,1086.0777264956291,-26.307952130518068,-149.73715216509873,-46.22762220001243,ERCO
2020-11-29,1086.212573351756,-35.767761081219014,-149.08900328157694,-8.874808988960126,ERCO
2020-11-30,1086.347420207883,10.007466702897807,-148.36024637266212,85.14435946188121,ERCO
2020-12-01,1086.48226706401,13.004551780361814,-147.55424281988675,119.20942397551505,ERCO
2020-12-02,1086.617113920137,13.295091847547097,-146.67441632903734,30.806210561353282,ERCO
2020-12-03,1086.751960776264,14.329508039398865,-145.72424814709953,97.70377933143664,ERCO
2020-12-04,1086.8868076323909,11.397546752776355,-144.70727221992854,80.99991783476139,ERCO
2020-12-05,1087.021654488518,-26.307952130518068,-143.62707029658733,82.60736793858746,ERCO
2020-12-06,1087.1565013446448,-35.767761081219014,-142.48726698635997,10.603526722934134,ERCO
2020-12-07,1087.2913482007718,10.007466702897807,-141.29152477449657,22.168709870827,ERCO
2020-12-08,1087.426195056899,13.004551780361814,-140.04353900279705,-1.5992078344635274,ERCO
2020-12-09,1087.5610419130257,13.295091847547097,-138.7470328211755,-18.277100939397428,ERCO
2020-12-10,1087.6958887691528,14.329508039398865,-137.4057521163794,-40.88164469217202,ERCO
2020-12-11,1087.8307356252797,11.397546752776355,-136.02346042406523,-70.85782195399088,ERCO
2020-12-12,1087.9655824814067,-26.307952130518068,-134.60393383044317,-31.679696520445418,ERCO
2020-12-13,1088.1004293375336,-35.767761081219014,-133.1509558697177,60.13728761340303,ERCO
2020-12-14,1088.2352761936606,10.007466702897807,-131.66831242354976,123.02356952699131,ERCO
2020-12-15,1088.3701230497875,13.004551780361814,-130.15978662876216,127.15511179861267,ERCO
2020-12-16,1088.5049699059145,13.295091847547097,-128.62915379949524,131.4380920460335,ERCO
2020-12-17,1088.6398167620416,14.329508039398865,-127.08017637000258,126.09685156856222,ERCO
2020-12-18,1088.7746636181685,11.397546752776355,-125.51659886424328,43.97238849329847,ERCO
2020-12-19,1088.9095104742955,-26.307952130518068,-123.942142898399,-53.64841544537842,ERCO
2020-12-20,1089.0443573304224,-35.767761081219014,-122.36050222239581,-9.61309402680763,ERCO
2020-12-21,1089.1792041865494,10.007466702897807,-120.77533780646347,-18.9823330829837,ERCO
2020-12-22,1089.3140510426765,13.004551780361814,-119.19027297870998,-46.26532984432822,ERCO
2020-12-23,1089.4488978988034,13.295091847547097,-117.60888861961904,-62.85610112673146,ERCO
2020-12-24,1089.5837447549304,14.329508039398865,-116.03471841931675,39.15646562498762,ERCO
2020-12-25,1089.7185916110573,11.397546752776355,-114.47124420336384,-37.12289416046963,ERCO
2020-12-26,1089.8534384671843,-26.307952130518068,-112.92189133275716,-32.883595003909136,ERCO
2020-12-27,1089.9882853233112,-35.767761081219014,-111.39002418372199,-86.6465000583703,ERCO
2020-12-28,1090.1231321794382,10.007466702897807,-109.87894171278626,-87.40165716954982,ERCO
2020-12-29,1090.2579790355653,13.004551780361814,-108.39187311251821,-108.00065770340882,ERCO
2020-12-30,1090.3928258916922,13.295091847547097,-106.9319735631991,-51.44094417604015,ERCO
2020-12-31,1090.5276727478192,14.329508039398865,-105.50232008558697,85.2771392983691,ERCO
2021-01-01,1090.662519603946,11.397546752776355,-105.14998548314232,67.54091912641991,ERCO
2021-01-02,1090.7973664600731,-26.307952130518068,-103.76234105223087,34.4179267226757,ERCO
2021-01-03,1090.9322133162,-35.767761081219014,-102.41155946734986,-2.3788927676311005,ERCO
2021-01-04,1091.067060172327,10.007466702897807,-101.10043640461076,-49.76209047061411,ERCO
2021-01-05,1091.2019070284541,13.004551780361814,-99.83167299705947,-60.891785811756336,ERCO
2021-01-06,1091.336753884581,13.295091847547097,-98.60787229757631,-76.32297343455173,ERCO
2021-01-07,1091.471600740708,14.329508039398865,-97.43153587204883,-9.380572908057957,ERCO
2021-01-08,1091.6064475968349,11.397546752776355,-96.30506052694591,41.72806617733454,ERCO
2021-01-09,1091.741294452962,-26.307952130518068,-95.23073517525931,95.28239285281529,ERCO
2021-01-10,1091.8761413090888,-35.767761081219014,-94.21073784460911,187.68435761673936,ERCO
2021-01-11,1092.0109881652158,10.007466702897807,-93.24713283113844,196.23867796302477,ERCO
2021-01-12,1092.145835021343,13.004551780361814,-92.34186800264547,166.14448120094085,ERCO
2021-01-13,1092.2806818774698,13.295091847547097,-91.49677225421911,76.16199852920215,ERCO
2021-01-14,1092.4155287335968,14.329508039398865,-90.71355311946131,-0.9294836535342483,ERCO
2021-01-15,1092.5503755897237,11.397546752776355,-89.99379454018907,42.28587219768906,ERCO
2021-01-16,1092.6852224458507,-26.307952130518068,-89.33895479731807,35.31468448198541,ERCO
2021-01-17,1092.8200693019776,-35.767761081219014,-88.75036460543411,-20.77994361532444,ERCO
2021-01-18,1092.9549161581047,10.007466702897807,-88.22922537336134,-40.18015748764117,ERCO
2021-01-19,1093.0897630142317,13.004551780361814,-87.77660763283355,-85.36270716175977,ERCO
2021-01-20,1093.2246098703586,13.295091847547097,-87.39344963717393,-36.8942520807318,ERCO
2021-01-21,1093.3594567264856,14.329508039398865,-87.08055613168037,-76.37540863420406,ERCO
2021-01-22,1093.4943035826125,11.397546752776355,-86.83859729720766,-94.92725303818133,ERCO
2021-01-23,1093.6291504387395,-26.307952130518068,-86.66810786822718,-84.51009043999431,ERCO
2021-01-24,1093.7639972948664,-35.767761081219014,-86.5694864264347,-90.37474978721275,ERCO
2021-01-25,1093.8988441509935,10.007466702897807,-86.54299487076369,-105.23231598312759,ERCO
2021-01-26,1094.0336910071205,13.004551780361814,-86.58875806444881,-81.80648472303324,ERCO
2021-01-27,1094.1685378632474,13.295091847547097,-86.7067636595701,-54.1458660512244,ERCO
2021-01-28,1094.3033847193744,14.329508039398865,-86.8968620992934,30.29796934052024,ERCO
2021-01-29,1094.4382315755013,11.397546752776355,-87.15876679780865,-27.468011530469084,ERCO
2021-01-30,1094.5730784316283,-26.307952130518068,-87.49205449775131,-104.52607180335906,ERCO
2021-01-31,1094.7079252877552,-35.767761081219014,-87.89616580467957,-84.0629984018567,ERCO
2021-02-01,1094.8427721438823,10.007466702897807,-88.37040589796362,-36.15283294881647,ERCO
2021-02-02,1094.9776190000093,13.004551780361814,-88.9139454172325,-50.75322536313843,ERCO
2021-02-03,1095.1124658561362,13.295091847547097,-89.5258215233089,-84.66773618037428,ERCO
2021-02-04,1095.2473127122632,14.329508039398865,-90.20493913235421,-120.5458816193078,ERCO
2021-02-05,1095.38215956839,11.397546752776355,-90.95007232173393,-63.75963399943237,ERCO
2021-02-06,1095.5170064245171,-26.307952130518068,-91.7598659059078,-53.581188388091164,ERCO
2021-02-07,1095.651853280644,-35.767761081219014,-92.63283718044217,-33.918255018982904,ERCO
2021-02-08,1095.786700136771,10.007466702897807,-93.56737783203894,-76.4007890076299,ERCO
2021-02-09,1095.9215469928981,13.004551780361814,-94.56175601227471,28.197657239014802,ERCO
2021-02-10,1096.056393849025,13.295091847547097,-95.61411857254534,147.97463287597316,ERCO
2021-02-11,1096.191240705152,14.329508039398865,-96.72249345751541,322.44374471296464,ERCO
2021-02-12,1096.3260875612789,11.397546752776355,-97.88479225418143,423.8611579401262,ERCO
2021-02-13,1096.460934417406,-26.307952130518068,-99.09881289346735,436.78583060657934,ERCO
2021-02-14,1096.5957812735328,-35.767761081219014,-100.36224250108717,537.8672223087734,ERCO
2021-02-15,1096.7306281296599,10.007466702897807,-101.67266039422822,176.58756556167066,ERCO
2021-02-16,1096.865474985787,13.004551780361814,-103.02754122043115,73.3785144542826,ERCO
2021-02-17,1097.0003218419138,13.295091847547097,-104.42425823487102,83.3338445454101,ERCO
2021-02-18,1097.1351686980408,14.329508039398865,-105.86008671207473,238.81340997463508,ERCO
2021-02-19,1097.2700155541677,11.397546752776355,-107.33220748794793,173.74164518100383,ERCO
2021-02-20,1097.4048624102948,-26.307952130518068,-108.83771062782404,56.859800348047315,ERCO
2021-02-21,1097.5397092664216,-35.767761081219014,-110.37359921609753,-127.51534896910516,ERCO
2021-02-22,1097.6745561225487,10.007466702897807,-111.93679326285242,-160.672229562594,ERCO
2021-02-23,1097.8094029786757,13.004551780361814,-113.52413372275683,-159.94082103628045,ERCO
2021-02-24,1097.9442498348026,13.295091847547097,-115.13238662135592,-175.16495506099386,ERCO
2021-02-25,1098.0790966909296,14.329508039398865,-116.75824728376462,-113.73035744656374,ERCO
2021-02-26,1098.2139435470565,11.397546752776355,-118.39834466063735,-94.31014563919553,ERCO
2021-02-27,1098.3487904031836,-26.307952130518068,-120.04924574617081,-102.43159252649468,ERCO
2021-02-28,1098.4836372593104,-35.767761081219014,-121.70746008278493,-101.25541609530637,ERCO
2021-03-01,1098.6184841154375,10.007466702897807,-123.3694443470194,-77.91150647131576,ERCO
2021-03-02,1098.7533309715645,13.004551780361814,-125.03160701108334,-85.615275740843,ERCO
2021-03-03,1098.8881778276914,13.295091847547097,-126.69031307440288,-84.77795660083552,ERCO
2021-03-04,1099.0230246838184,14.329508039398865,-128.3418888594236,-117.69164386379373,ERCO
2021-03-05,1099.1578715399453,11.397546752776355,-129.98262686584616,-130.6737914268756,ERCO
2021-03-06,1099.2927183960724,-26.307952130518068,-131.60879067739938,-129.39197558815488,ERCO
2021-03-07,1099.4275652521992,-35.767761081219014,-133.21661991519096,-100.77518425578933,ERCO
2021-03-08,1099.5624121083263,10.007466702897807,-134.80233523161377,-97.88054357961039,ERCO
2021-03-09,1099.6972589644533,13.004551780361814,-136.36214333873937,-114.31166740607557,ERCO
2021-03-10,1099.8321058205802,13.295091847547097,-137.89224206507998,-94.12295560304733,ERCO
2021-03-11,1099.9669526767073,14.329508039398865,-139.38882543456782,-75.47563528153819,ERCO
2021-03-12,1100.101799532834,11.397546752776355,-140.8480887615691,-48.19225752404145,ERCO
2021-03-13,1100.2366463889612,-26.307952130518068,-142.26623375572632,-55.312460502716704,ERCO
2021-03-14,1100.371493245088,-35.767761081219014,-143.63947363041075,-133.70025853345828,ERCO
2021-03-15,1100.506340101215,10.007466702897807,-144.9640382085555,-92.40876859555738,ERCO
2021-03-16,1100.6411869573421,13.004551780361814,-146.23617901964346,-53.852559718060434,ERCO
2021-03-17,1100.776033813469,13.295091847547097,-147.45217438162751,-71.57195127938849,ERCO
2021-03-18,1100.910880669596,14.329508039398865,-148.60833446157898,-88.93805424741572,ERCO
2021-03-19,1101.045727525723,11.397546752776355,-149.7010063088797,-88.19326796961957,ERCO
2021-03-20,1101.18057438185,-26.307952130518068,-150.7265788548035,-81.6220433965284,ERCO
2021-03-21,1101.3154212379768,-35.767761081219014,-151.68148787236993,-75.7681722843879,ERCO
2021-03-22,1101.4502680941039,10.007466702897807,-152.56222089039687,-74.26051390660484,ERCO
2021-03-23,1101.585114950231,13.004551780361814,-153.36532205572968,-58.26734467486301,ERCO
2021-03-24,1101.7199618063578,13.295091847547097,-154.08739693768393,-70.44465671622095,ERCO
2021-03-25,1101.8548086624849,14.329508039398865,-154.72511726880396,-77.01219943307967,ERCO
2021-03-26,1101.9896555186117,11.397546752776355,-155.27522561611147,-52.50897665527668,ERCO
2021-03-27,1102.1245023747388,-26.307952130518068,-155.7345399770998,5.024989732879135,ERCO
2021-03-28,1102.2593492308656,-35.767761081219014,-156.09995829481426,-81.46862985483244,ERCO
2021-03-29,1102.3941960869927,10.007466702897807,-156.36846288645353,-74.68519990343702,ERCO
2021-03-30,1102.5290429431197,13.004551780361814,-156.5371247800255,-30.82046994345592,ERCO
2021-03-31,1102.6638897992466,13.295091847547097,-156.6031079537001,-55.75787369309364,ERCO
2021-04-01,1102.7987366553737,14.329508039398865,-156.5636734726109,-93.75357122216144,ERCO
2021-04-02,1102.9335835115005,11.397546752776355,-156.41618351798024,-104.85394674629663,ERCO
2021-04-03,1103.0684303676276,-26.307952130518068,-156.15810530356453,-100.98337293354484,ERCO
2021-04-04,1103.2032772237544,-35.767761081219014,-155.78701487455027,-99.79250126798524,ERCO
2021-04-05,1103.3381240798815,10.007466702897807,-155.30060078416733,-47.28898999861201,ERCO
2021-04-06,1103.4729709360086,13.004551780361814,-154.69666764342816,18.390144927057918,ERCO
2021-04-07,1103.6078177921354,13.295091847547097,-153.9731395395517,21.645229899869378,ERCO
2021-04-08,1103.7426646482625,14.329508039398865,-153.12806331878286,20.939890631121557,ERCO
2021-04-09,1103.8775115043893,11.397546752776355,-152.15961172947738,84.14455347231149,ERCO
2021-04-10,1104.0123583605164,-26.307952130518068,-151.06608642148677,-15.114319808511596,ERCO
2021-04-11,1104.1472052166432,-35.767761081219014,-149.84592079804523,-4.6985233373789015,ERCO
2021-04-12,1104.2820520727703,10.007466702897807,-148.49768271653392,49.906163940865895,ERCO
2021-04-13,1104.4168989288974,13.004551780361814,-147.02007703467598,41.17662632541703,ERCO
2021-04-14,1104.5517457850242,13.295091847547097,-145.41194799889627,16.436110366324897,ERCO
2021-04-15,1104.6865926411513,14.329508039398865,-143.67228147176655,-52.33081920878351,ERCO
2021-04-16,1104.821439497278,11.397546752776355,-141.80020699564443,-51.83277925441007,ERCO
2021-04-17,1104.9562863534052,-26.307952130518068,-139.79499968980932,-89.46833453307772,ERCO
2021-04-18,1105.091133209532,-35.767761081219014,-137.65608197859234,-106.6172901497207,ERCO
2021-04-19,1105.225980065659,10.007466702897807,-135.38302514819816,-101.18342162035867,ERCO
2021-04-20,1105.3608269217862,13.004551780361814,-132.97555073011722,-78.80282797203063,ERCO
2021-04-21,1105.495673777913,13.295091847547097,-130.43353170923226,-87.66123391622784,ERCO
2021-04-22,1105.63052063404,14.329508039398865,-127.75699355492817,-99.60003511851062,ERCO
2021-04-23,1105.765367490167,11.397546752776355,-124.94611507372602,-61.91279916921724,ERCO
2021-04-24,1105.900214346294,-26.307952130518068,-122.0012290821689,-29.53303313360709,ERCO
2021-04-25,1106.0350612024208,-35.767761081219014,-118.92282289890268,-17.713477222299275,ERCO
2021-04-26,1106.169908058548,10.007466702897807,-115.711538655107,14.464163893661407,ERCO
2021-04-27,1106.304754914675,13.004551780361814,-112.36817342264548,19.438866727609025,ERCO
2021-04-28,1106.4396017708018,13.295091847547097,-108.89367915952216,72.28998554117322,ERCO
2021-04-29,1106.5744486269289,14.329508039398865,-105.28916247244467,5.559205806117006,ERCO
2021-04-30,1106.7092954830557,11.397546752776355,-101.5558841965121,-83.19595803931998,ERCO
2021-05-01,1106.8441423391828,-26.307952130518068,-97.69525879226276,-95.24893141640189,ERCO
2021-05-02,1106.9789891953096,-35.767761081219014,-93.70885356053071,7.851625446440153,ERCO
2021-05-03,1107.1138360514367,10.007466702897807,-89.59838767577834,128.12808492144404,ERCO
2021-05-04,1107.2486829075638,13.004551780361814,-85.36573103878672,10.459496350861173,ERCO
2021-05-05,1107.3835297636906,13.295091847547097,-81.01290294979736,-72.84971866144042,ERCO
2021-05-06,1107.5183766198177,14.329508039398865,-76.54207060341577,-41.892814055800955,ERCO
2021-05-07,1107.6532234759445,11.397546752776355,-71.95554740679341,-11.21922282192736,ERCO
2021-05-08,1107.7880703320716,-26.307952130518068,-67.2557911228213,49.768672921267694,ERCO
2021-05-09,1107.9229171881984,-35.767761081219014,-62.44540184026717,90.74024573328757,ERCO
2021-05-10,1108.0577640443255,10.007466702897807,-57.52711977300345,12.85388902578029,ERCO
2021-05-11,1108.1926109004526,13.004551780361814,-52.503822890667806,-40.498339790146474,ERCO
2021-05-12,1108.3274577565794,13.295091847547097,-47.378524383304324,-163.98802522082212,ERCO
2021-05-13,1108.4623046127065,14.329508039398865,-42.15436996272645,-152.6884426893788,ERCO
2021-05-14,1108.5971514688333,11.397546752776355,-36.83463500354016,-100.12706321806934,ERCO
2021-05-15,1108.7319983249604,-26.307952130518068,-31.422721526955698,-85.17532466748662,ERCO
2021-05-16,1108.8668451810872,-35.767761081219014,-25.9221550307021,-98.77192906916616,ERCO
2021-05-17,1109.0016920372143,10.007466702897807,-20.336581168543958,-54.84057757156802,ERCO
2021-05-18,1109.1365388933414,13.004551780361814,-14.669762283077944,-121.36132839062486,ERCO
2021-05-19,1109.2713857494682,13.295091847547097,-8.925573795661364,-165.96290380135372,ERCO
2021-05-20,1109.4062326055953,14.329508039398865,-3.1080004574974964,-115.99074018749684,ERCO
2021-05-21,1109.5410794617221,11.397546752776355,2.7788675339342603,-52.85049374843288,ERCO
2021-05-22,1109.6759263178492,-26.307952130518068,8.730838548752672,-84.69281273608362,ERCO
2021-05-23,1109.810773173976,-35.767761081219014,14.743623664348206,-122.6746357571052,ERCO
2021-05-24,1109.945620030103,10.007466702897807,20.812840926199073,-108.44892765920008,ERCO
2021-05-25,1110.0804668862302,13.004551780361814,26.934019725026815,-64.69803839161864,ERCO
2021-05-26,1110.215313742357,13.295091847547097,33.10260528535221,34.963989124743875,ERCO
2021-05-27,1110.350160598484,14.329508039398865,39.31396326037455,48.28236810174258,ERCO
2021-05-28,1110.485007454611,11.397546752776355,45.56338442797309,-54.22793863536026,ERCO
2021-05-29,1110.619854310738,-26.307952130518068,51.84608948250599,-107.5149916627256,ERCO
2021-05-30,1110.7547011668648,-35.767761081219014,58.1572339169644,-127.6091740026103,ERCO
2021-05-31,1110.889548022992,10.007466702897807,64.49191298993568,-167.27392771582527,ERCO
2021-06-01,1111.024394879119,13.004551780361814,70.84516677172138,-163.39911343120207,ERCO
2021-06-02,1111.1592417352458,13.295091847547097,77.21198526386438,-127.20431884665732,ERCO
2021-06-03,1111.2940885913729,14.329508039398865,83.58731358624496,-186.34891021701685,ERCO
2021-06-04,1111.4289354474997,11.397546752776355,89.96605722583033,-190.77953942610623,ERCO
2021-06-05,1111.5637823036268,-26.307952130518068,96.3430873410785,-132.2849175141871,ERCO
2021-06-06,1111.6986291597536,-35.767761081219014,102.71324611593496,-67.15211419446973,ERCO
2021-06-07,1111.8334760158807,10.007466702897807,109.07135215729856,-39.40629487607703,ERCO
2021-06-08,1111.9683228720078,13.004551780361814,115.41220592977385,19.565919417856776,ERCO
2021-06-09,1112.1031697281346,13.295091847547097,121.73059522148836,58.96114320282982,ERCO
2021-06-10,1112.2380165842617,14.329508039398865,128.02130063470543,64.04217474163397,ERCO
2021-06-11,1112.3728634403885,11.397546752776355,134.27910109493726,68.54048871189775,ERCO
2021-06-12,1112.5077102965156,-26.307952130518068,140.4987793722339,45.70946246176845,ERCO
2021-06-13,1112.6425571526424,-35.767761081219014,146.67512760831045,88.76007632026585,ERCO
2021-06-14,1112.7774040087695,10.007466702897807,152.8029528431589,91.25317644517372,ERCO
2021-06-15,1112.9122508648966,13.004551780361814,158.8770825347957,43.598114819946204,ERCO
2021-06-16,1113.0470977210234,13.295091847547097,164.89237006579336,24.88944036563612,ERCO
2021-06-17,1113.1819445771505,14.329508039398865,170.84370023026685,44.76184715318391,ERCO
2021-06-18,1113.3167914332773,11.397546752776355,176.72599469499147,17.489667118954912,ERCO
2021-06-19,1113.4516382894044,-26.307952130518068,182.53421742837162,3.426096412742254,ERCO
2021-06-20,1113.5864851455312,-35.767761081219014,188.26338009100186,26.44389584468604,ERCO
2021-06-21,1113.7213320016583,10.007466702897807,193.90854738161073,15.487653913833128,ERCO
2021-06-22,1113.8561788577854,13.004551780361814,199.46484233222537,-95.46057297037214,ERCO
2021-06-23,1113.9910257139122,13.295091847547097,204.92745154645132,7.3324308920894055,ERCO
2021-06-24,1114.1258725700393,14.329508039398865,210.29163037482408,54.61698901573777,ERCO
2021-06-25,1114.2607194261661,11.397546752776355,215.5527080212636,49.404025799794,ERCO
2021-06-26,1114.3955662822932,-26.307952130518068,220.70609257473643,9.645293273488278,ERCO
2021-06-27,1114.53041313842,-35.767761081219014,225.7472759603192,-84.73992801752024,ERCO
2021-06-28,1114.6652599945471,10.007466702897807,230.6718388039444,-201.0805655013894,ERCO
2021-06-29,1114.8001068506742,13.004551780361814,235.47545520521243,-191.81711383624815,ERCO
2021-06-30,1114.934953706801,13.295091847547097,240.15389741275393,-126.81894296710198,ERCO
2021-07-01,1115.069800562928,14.329508039398865,244.7030403967422,-67.77634899906911,ERCO
2021-07-02,1115.204647419055,11.397546752776355,249.11886631327005,-107.99506048510125,ERCO
2021-07-03,1115.339494275182,-26.307952130518068,253.39746885543306,-191.2620110000969,ERCO
2021-07-04,1115.4743411313088,-35.767761081219014,257.5350574860858,-202.28763753617568,ERCO
2021-07-05,1115.609187987436,10.007466702897807,261.52796154737956,-215.57061623771324,ERCO
2021-07-06,1115.744034843563,13.004551780361814,265.37263424232765,-190.4202208662523,ERCO
2021-07-07,1115.8788816996898,13.295091847547097,269.0656564837941,-182.97163003103105,ERCO
2021-07-08,1116.013728555817,14.329508039398865,272.60374060645296,-166.18997720166863,ERCO
2021-07-09,1116.1485754119437,11.397546752776355,275.98373393742327,-248.00885610214323,ERCO
2021-07-10,1116.2834222680708,-26.307952130518068,279.20262222145027,-141.97309235900275,ERCO
2021-07-11,1116.4182691241976,-35.767761081219014,282.2575328966672,-142.20204093964594,ERCO
2021-07-12,1116.5531159803247,10.007466702897807,285.14573821714873,-178.86932090037112,ERCO
2021-07-13,1116.6879628364518,13.004551780361814,287.86465821864147,-184.63917283545516,ERCO
2021-07-14,1116.8228096925786,13.295091847547097,290.41186352403963,-184.1207650641652,ERCO
2021-07-15,1116.9576565487057,14.329508039398865,292.78507798535765,-142.23024257346196,ERCO
2021-07-16,1117.0925034048325,11.397546752776355,294.9821811591438,-116.43023131675272,ERCO
2021-07-17,1117.2273502609596,-26.307952130518068,297.0012106124676,-90.46860874290905,ERCO
2021-07-18,1117.3621971170865,-35.767761081219014,298.8403640568133,-97.70680009268062,ERCO
2021-07-19,1117.4970439732135,10.007466702897807,300.4980013074092,-147.12251198352033,ERCO
2021-07-20,1117.6318908293406,13.004551780361814,301.97264606572537,-186.25408867542774,ERCO
2021-07-21,1117.7667376854674,13.295091847547097,303.26298752307684,-195.7578170560912,ERCO
2021-07-22,1117.9015845415945,14.329508039398865,304.36788178347706,-172.30297436447017,ERCO
2021-07-23,1118.0364313977213,11.397546752776355,305.2863531040955,-94.35433125459349,ERCO
2021-07-24,1118.1712782538484,-26.307952130518068,306.0175949518843,-50.60092107521473,ERCO
2021-07-25,1118.3061251099753,-35.767761081219014,306.5609708751539,-56.98533490391014,ERCO
2021-07-26,1118.4409719661023,10.007466702897807,306.9160151890885,-36.08145385808871,ERCO
2021-07-27,1118.5758188222294,13.004551780361814,307.08243347441237,-36.50680407700338,ERCO
2021-07-28,1118.7106656783562,13.295091847547097,307.06010288863,-59.508860414533274,ERCO
2021-07-29,1118.8455125344833,14.329508039398865,306.84907228948464,-48.93809286336682,ERCO
2021-07-30,1118.9803593906101,11.397546752776355,306.4495621704948,-43.87846831388106,ERCO
2021-07-31,1119.1152062467372,-26.307952130518068,305.8619644086468,-20.601218524866,ERCO
2021-08-01,1119.250053102864,-35.767761081219014,305.08684182453976,-74.99313384618472,ERCO
2021-08-02,1119.3848999589911,10.007466702897807,304.12492755549636,-173.48329421738504,ERCO
2021-08-03,1119.5197468151182,13.004551780361814,302.9771242423699,-165.6344228378498,ERCO
2021-08-04,1119.654593671245,13.295091847547097,301.6445030309941,-156.3661885497861,ERCO
2021-08-05,1119.789440527372,14.329508039398865,300.1283023894359,-184.73325095620703,ERCO
2021-08-06,1119.924287383499,11.397546752776355,298.42992674242794,-147.83476087870304,ERCO
2021-08-07,1120.059134239626,-26.307952130518068,296.5509449245647,-78.73012703367272,ERCO
2021-08-08,1120.1939810957529,-35.767761081219014,294.49308845406165,-32.351308468595334,ERCO
2021-08-09,1120.32882795188,10.007466702897807,292.25824962907956,8.952455716142822,ERCO
2021-08-10,1120.463674808007,13.004551780361814,289.84847944882495,3.859293962806305,ERCO
2021-08-11,1120.5985216641338,13.295091847547097,287.26598536184054,-15.98159887352108,ERCO
2021-08-12,1120.733368520261,14.329508039398865,284.51312884409714,-8.519005403756864,ERCO
2021-08-13,1120.8682153763878,11.397546752776355,281.5924228096981,-45.46218493886249,ERCO
2021-08-14,1121.0030622325148,-26.307952130518068,278.50652885719956,-112.19063895919635,ERCO
2021-08-15,1121.137909088642,-35.767761081219014,275.25825435474053,-158.24940236216344,ERCO
2021-08-16,1121.2727559447687,10.007466702897807,271.85054936736367,-121.73977201502998,ERCO
2021-08-17,1121.4076028008958,13.004551780361814,268.28650343008894,-129.3156580113464,ERCO
2021-08-18,1121.5424496570226,13.295091847547097,264.5693421704806,-150.37488367505057,ERCO
2021-08-19,1121.6772965131497,14.329508039398865,260.70242378462456,-27.9292283371733,ERCO
2021-08-20,1121.8121433692766,11.397546752776355,256.68923537059624,-1.252925492649183,ERCO
2021-08-21,1121.9469902254036,-26.307952130518068,252.53338912367218,9.232572781442059,ERCO
2021-08-22,1122.0818370815305,-35.767761081219014,248.2386183976889,19.938305601999673,ERCO
2021-08-23,1122.2166839376575,10.007466702897807,243.8087736371144,20.914075722330153,ERCO
2021-08-24,1122.3515307937844,13.004551780361814,239.24781818453974,41.66809924131417,ERCO
2021-08-25,1122.4863776499114,13.295091847547097,234.55982396844956,49.356706534092154,ERCO
2021-08-26,1122.6212245060385,14.329508039398865,229.74896707625865,31.42230037830427,ERCO
2021-08-27,1122.7560713621654,11.397546752776355,224.81952321773997,-29.93314133268177,ERCO
2021-08-28,1122.8909182182924,-26.307952130518068,219.7758630840955,-43.26882917187004,ERCO
2021-08-29,1123.0257650744195,-35.767761081219014,214.6224476080346,-37.7514516012352,ERCO
2021-08-30,1123.1606119305463,10.007466702897807,209.36382313034437,23.847098236211423,ERCO
2021-08-31,1123.2954587866734,13.004551780361814,204.00461647854047,70.87837295442455,ERCO
2021-09-01,1123.4303056428002,13.295091847547097,198.54952996328512,94.92007254636769,ERCO
2021-09-02,1123.5651524989273,14.329508039398865,193.0033362983595,79.44500316331437,ERCO
2021-09-03,1123.6999993550542,11.397546752776355,187.3708734500516,59.83258044211766,ERCO
2021-09-04,1123.8348462111812,-26.307952130518068,181.65703942191723,72.46206649741976,ERCO
2021-09-05,1123.969693067308,-35.767761081219014,175.86678698092823,43.174281032982435,ERCO
2021-09-06,1124.1045399234351,10.007466702897807,170.0051183310981,-5.813124957430773,ERCO
2021-09-07,1124.239386779562,13.004551780361814,164.07707974073304,-5.527018300656664,ERCO
2021-09-08,1124.374233635689,13.295091847547097,158.0877561295004,-27.331081612736853,ERCO
2021-09-09,1124.5090804918161,14.329508039398865,152.04226562155935,-45.07785415277431,ERCO
2021-09-10,1124.643927347943,11.397546752776355,145.94575407102877,-59.215228171748095,ERCO
2021-09-11,1124.77877420407,-26.307952130518068,139.80338956610353,-86.76521163965526,ERCO
2021-09-12,1124.913621060197,-35.767761081219014,133.6203569181426,-58.1202168971206,ERCO
2021-09-13,1125.048467916324,10.007466702897807,127.40185214207483,-88.17678676129663,ERCO
2021-09-14,1125.183314772451,13.004551780361814,121.15307693447534,-147.60494348728798,ERCO
2021-09-15,1125.3181616285779,13.295091847547097,114.87923315565716,-103.73748663178185,ERCO
2021-09-16,1125.453008484705,14.329508039398865,108.58551732212227,-62.9010338462258,ERCO
2021-09-17,1125.5878553408318,11.397546752776355,102.27711511570212,19.437482790689728,ERCO
2021-09-18,1125.7227021969588,-26.307952130518068,95.95919591568301,41.2740540178761,ERCO
2021-09-19,1125.857549053086,-35.767761081219014,89.6369073601997,68.27330466793364,ERCO
2021-09-20,1125.9923959092127,10.007466702897807,83.3153699431243,149.93176744476523,ERCO
2021-09-21,1126.1272427653398,13.004551780361814,76.99967165264734,90.91453380165126,ERCO
2021-09-22,1126.2620896214667,13.295091847547097,70.694862657687,-145.24504412670058,ERCO
2021-09-23,1126.3969364775937,14.329508039398865,64.40595004820564,-180.90339456519814,ERCO
2021-09-24,1126.5317833337206,11.397546752776355,58.13789263545023,-155.17122272194706,ERCO
2021-09-25,1126.6666301898476,-26.307952130518068,51.895595818050666,-108.78527387738018,ERCO
2021-09-26,1126.8014770459745,-35.767761081219014,45.683906519837066,-70.56662248459247,ERCO
2021-09-27,1126.9363239021015,10.007466702897807,39.507608205151286,-11.057398810150517,ERCO
2021-09-28,1127.0711707582286,13.004551780361814,33.37141597732126,37.51686148408817,ERCO
2021-09-29,1127.2060176143555,13.295091847547097,27.279971765884568,7.630918772212908,ERCO
2021-09-30,1127.3408644704825,14.329508039398865,21.2378396080219,32.19278788209681,ERCO
2021-10-01,1127.4757113266094,11.397546752776355,15.24950102956059,-73.62175910894643,ERCO
2021-10-02,1127.6105581827364,-26.307952130518068,9.319350530782344,-25.181956583000556,ERCO
2021-10-03,1127.7454050388635,-35.767761081219014,3.4516911821423264,1.5186648602134483,ERCO
2021-10-04,1127.8802518949904,10.007466702897807,-2.349269665118726,-20.21644893276948,ERCO
2021-10-05,1128.0150987511174,13.004551780361814,-8.079424548635984,-58.55222598284308,ERCO
2021-10-06,1128.1499456072443,13.295091847547097,-13.734769940157605,-52.52126751463379,ERCO
2021-10-07,1128.2847924633713,14.329508039398865,-19.311410161808126,0.22910965903793112,ERCO
2021-10-08,1128.4196393194982,11.397546752776355,-24.80556116899359,44.73637509671903,ERCO
2021-10-09,1128.5544861756252,-26.307952130518068,-30.213554195707403,53.83002015060015,ERCO
2021-10-10,1128.689333031752,-35.767761081219014,-35.53183925817629,112.94426730764326,ERCO
2021-10-11,1128.8241798878792,10.007466702897807,-40.75698851294358,0.8563419221666209,ERCO
2021-10-12,1128.9590267440062,13.004551780361814,-45.88569946566572,75.00412094129797,ERCO
2021-10-13,1129.093873600133,13.295091847547097,-50.914798027077126,105.008832579397,ERCO
2021-10-14,1129.2287204562601,14.329508039398865,-55.84124141275391,15.194012917095051,ERCO
2021-10-15,1129.363567312387,11.397546752776355,-60.66212088350549,20.418006818342064,ERCO
2021-10-16,1129.498414168514,-26.307952130518068,-65.37466432339687,-167.13679771459908,ERCO
2021-10-17,1129.6332610246411,-35.767761081219014,-69.97623865261346,-179.53826129080846,ERCO
2021-10-18,1129.768107880768,10.007466702897807,-74.46435207256583,-139.28922251109987,ERCO
2021-10-19,1129.902954736895,13.004551780361814,-78.83665614083412,-73.46085037642263,ERCO
2021-10-20,1130.0378015930219,13.295091847547097,-83.09094767375825,0.5090542331893175,ERCO
2021-10-21,1130.172648449149,14.329508039398865,-87.22517047468014,13.864013986132477,ERCO
2021-10-22,1130.3074953052758,11.397546752776355,-91.23741688604903,22.349374827996826,ERCO
2021-10-23,1130.4423421614028,-26.307952130518068,-95.12592916382255,63.651539132937955,ERCO
2021-10-24,1130.5771890175297,-35.767761081219014,-98.88910067278704,87.58467273647648,ERCO
2021-10-25,1130.7120358736568,10.007466702897807,-102.5254769016545,116.71297432510005,ERCO
2021-10-26,1130.8468827297836,13.004551780361814,-106.03375629698944,124.99532178684399,ERCO
2021-10-27,1130.9817295859107,13.295091847547097,-109.41279091524606,-10.28503051821167,ERCO
2021-10-28,1131.1165764420377,14.329508039398865,-112.6615868924055,-121.78349758903119,ERCO
2021-10-29,1131.2514232981646,11.397546752776355,-115.77930473091826,-136.31766532002268,ERCO
2021-10-30,1131.3862701542917,-26.307952130518068,-118.76525940387914,-121.11805861989433,ERCO
2021-10-31,1131.5211170104187,-35.767761081219014,-121.61892027657241,-88.5664356526272,ERCO
2021-11-01,1131.6559638665456,10.007466702897807,-124.33991084574205,-78.0895197237013,ERCO
2021-11-02,1131.7908107226726,13.004551780361814,-126.92800829716187,-69.58635420587257,ERCO
2021-11-03,1131.9256575787995,13.295091847547097,-129.38314288228906,-65.20760654405751,ERCO
2021-11-04,1132.0605044349265,14.329508039398865,-131.7053971150035,-86.84061535932176,ERCO
2021-11-05,1132.1953512910534,11.397546752776355,-133.8950047896434,-86.57289325418628,ERCO
2021-11-06,1132.3301981471805,-26.307952130518068,-135.9523498217635,-86.79589619489889,ERCO
2021-11-07,1132.4650450033073,-35.767761081219014,-137.87796491324866,-49.66831900883983,ERCO
2021-11-08,1132.5998918594344,10.007466702897807,-139.67253004362044,-76.26082851871172,ERCO
2021-11-09,1132.7347387155612,13.004551780361814,-141.336870789587,-79.8494197063361,ERCO
2021-11-10,1132.8695855716883,13.295091847547097,-142.87195647508082,-43.4487209441545,ERCO
2021-11-11,1133.0044324278153,14.329508039398865,-144.27889815423242,-71.35604231298169,ERCO
2021-11-12,1133.1392792839422,11.397546752776355,-145.55894642992666,-64.17987960679193,ERCO
2021-11-13,1133.2741261400693,-26.307952130518068,-146.71348911077823,-61.65368489877278,ERCO
2021-11-14,1133.4089729961963,-35.767761081219014,-147.7440487095554,-61.9621632054218,ERCO
2021-11-15,1133.5438198523232,10.007466702897807,-148.65227978626655,-39.2040067689544,ERCO
2021-11-16,1133.6786667084502,13.004551780361814,-149.439966139308,-9.634252349503868,ERCO
2021-11-17,1133.813513564577,13.295091847547097,-150.10901784824904,8.862412436124828,ERCO
2021-11-18,1133.9483604207041,14.329508039398865,-150.66146817200325,-59.789400288099614,ERCO
2021-11-19,1134.083207276831,11.397546752776355,-151.09947030630894,-40.439283723298445,ERCO
2021-11-20,1134.218054132958,-26.307952130518068,-151.42529400460091,-44.790807997839124,ERCO
2021-11-21,1134.3529009890851,-35.767761081219014,-151.64132206652107,-40.47081784134491,ERCO
2021-11-22,1134.487747845212,10.007466702897807,-151.75004669846712,-65.70016784964264,ERCO
2021-11-23,1134.622594701339,13.004551780361814,-151.75406575072924,-43.26908073097138,ERCO
2021-11-24,1134.7574415574659,13.295091847547097,-151.65607883590943,-47.07345456910366,ERCO
2021-11-25,1134.892288413593,14.329508039398865,-151.4588833334564,-99.45691311953522,ERCO
2021-11-26,1135.0271352697198,11.397546752776355,-151.16537028528143,-62.95531173721474,ERCO
2021-11-27,1135.1619821258469,-26.307952130518068,-150.778520187548,-20.462509807780634,ERCO
2021-11-28,1135.2968289819737,-35.767761081219014,-150.30139868384896,-52.340669216905894,ERCO
2021-11-29,1135.4316758381008,10.007466702897807,-149.73715216509873,-32.34099037589988,ERCO
2021-11-30,1135.5665226942278,13.004551780361814,-149.08900328157694,-51.00707119301262,ERCO
2021-12-01,1135.7013695503547,13.295091847547097,-148.36024637266212,-63.2422150252396,ERCO
2021-12-02,1135.8362164064818,14.329508039398865,-147.55424281988675,-51.66748162599379,ERCO
2021-12-03,1135.9710632626086,11.397546752776355,-146.67441632903734,-36.75919368634777,ERCO
2021-12-04,1136.1059101187357,-26.307952130518068,-145.72424814709953,-25.171709841117945,ERCO
2021-12-05,1136.2407569748627,-35.767761081219014,-144.70727221992854,-5.903723673715035,ERCO
2021-12-06,1136.3756038309896,10.007466702897807,-143.62707029658733,-20.13000023730001,ERCO
2021-12-07,1136.5104506871166,13.004551780361814,-142.48726698635997,-27.859735481118378,ERCO
2021-12-08,1136.6452975432435,13.295091847547097,-141.29152477449657,-33.670864616294125,ERCO
2021-12-09,1136.7801443993706,14.329508039398865,-140.04353900279705,-10.201113435972161,ERCO
2021-12-10,1136.9149912554974,11.397546752776355,-138.7470328211755,38.97449481290164,ERCO
2021-12-11,1137.0498381116245,-26.307952130518068,-137.4057521163794,-32.55113386472692,ERCO
2021-12-12,1137.1846849677513,-35.767761081219014,-136.02346042406523,31.748536537532914,ERCO
2021-12-13,1137.3195318238784,10.007466702897807,-134.60393383044317,-17.99006469633298,ERCO
2021-12-14,1137.4543786800054,13.004551780361814,-133.1509558697177,-28.526974590649502,ERCO
2021-12-15,1137.5892255361323,13.295091847547097,-131.66831242354976,10.925995039870486,ERCO
2021-12-16,1137.7240723922594,14.329508039398865,-130.15978662876216,-1.4407938028958824,ERCO
2021-12-17,1137.8589192483862,11.397546752776355,-128.62915379949524,-10.23731220166735,ERCO
2021-12-18,1137.9937661045133,-26.307952130518068,-127.08017637000258,-26.294637603992555,ERCO
2021-12-19,1138.1286129606403,-35.767761081219014,-125.51659886424328,28.440746984822113,ERCO
2021-12-20,1138.2634598167672,10.007466702897807,-123.942142898399,-2.7817836212659586,ERCO
2021-12-21,1138.3983066728943,13.004551780361814,-122.36050222239581,-7.499356230860144,ERCO
2021-12-22,1138.533153529021,13.295091847547097,-120.77533780646347,-58.97990757010473,ERCO
2021-12-23,1138.6680003851482,14.329508039398865,-119.19027297870998,-94.659235445837,ERCO
2021-12-24,1138.802847241275,11.397546752776355,-117.60888861961904,-102.87650537443244,ERCO
2021-12-25,1138.937694097402,-26.307952130518068,-116.03471841931675,-101.96502354756728,ERCO
2021-12-26,1139.072540953529,-35.767761081219014,-114.47124420336384,-79.51853566894601,ERCO
2021-12-27,1139.207387809656,10.007466702897807,-112.92189133275716,-77.68096317979655,ERCO
2021-12-28,1139.3422346657828,13.004551780361814,-111.39002418372199,-64.76876226242268,ERCO
2021-12-29,1139.47708152191,13.295091847547097,-109.87894171278626,-66.83123165667064,ERCO
2021-12-30,1139.611928378037,14.329508039398865,-108.39187311251821,-82.28856330491749,ERCO
2021-12-31,1139.7467752341638,11.397546752776355,-106.9319735631991,-74.40534842374109,ERCO
2022-01-01,1139.8816220902909,-26.307952130518068,-105.14998548314232,-31.566684476630485,ERCO
2022-01-02,1140.016468946418,-35.767761081219014,-103.76234105223087,156.58663318703213,ERCO
2022-01-03,1140.1513158025448,10.007466702897807,-102.41155946734986,125.75777696190744,ERCO
2022-01-04,1140.2861626586716,13.004551780361814,-101.10043640461076,29.75872196557748,ERCO
2022-01-05,1140.4210095147987,13.295091847547097,-99.83167299705947,-58.184428365286294,ERCO
2022-01-06,1140.5558563709258,14.329508039398865,-98.60787229757631,36.39350788725187,ERCO
2022-01-07,1140.6907032270526,11.397546752776355,-97.43153587204883,147.7602858922196,ERCO
2022-01-08,1140.8255500831797,-26.307952130518068,-96.30506052694591,-15.623537425715654,ERCO
2022-01-09,1140.9603969393067,-35.767761081219014,-95.23073517525931,-47.252900682828454,ERCO
2022-01-10,1141.0952437954336,10.007466702897807,-94.21073784460911,22.049027346277853,ERCO
2022-01-11,1141.2300906515607,13.004551780361814,-93.24713283113844,53.35449039921605,ERCO
2022-01-12,1141.3649375076875,13.295091847547097,-92.34186800264547,-30.347161352589183,ERCO
2022-01-13,1141.4997843638146,14.329508039398865,-91.49677225421911,-64.04052014899423,ERCO
2022-01-14,1141.6346312199414,11.397546752776355,-90.71355311946131,-83.77662485325652,ERCO
2022-01-15,1141.7694780760685,-26.307952130518068,-89.99379454018907,81.00626859463864,ERCO
2022-01-16,1141.9043249321953,-35.767761081219014,-89.33895479731807,91.98439094634159,ERCO
2022-01-17,1142.0391717883224,10.007466702897807,-88.75036460543411,10.411726114213934,ERCO
2022-01-18,1142.1740186444495,13.004551780361814,-88.22922537336134,-70.58534505144985,ERCO
2022-01-19,1142.3088655005763,13.295091847547097,-87.77660763283355,-86.29534971528972,ERCO
2022-01-20,1142.4437123567034,14.329508039398865,-87.39344963717393,247.72622924107168,ERCO
2022-01-21,1142.5785592128302,11.397546752776355,-87.08055613168037,242.1424501660738,ERCO
2022-01-22,1142.7134060689573,-26.307952130518068,-86.83859729720766,171.92814335876824,ERCO
2022-01-23,1142.8482529250844,-35.767761081219014,-86.66810786822718,34.901616024362056,ERCO
2022-01-24,1142.9830997812112,10.007466702897807,-86.5694864264347,-7.580080057674422,ERCO
2022-01-25,1143.1179466373383,13.004551780361814,-86.54299487076369,-19.194503546936403,ERCO
2022-01-26,1143.252793493465,13.295091847547097,-86.58875806444881,49.90487272343671,ERCO
2022-01-27,1143.3876403495922,14.329508039398865,-86.7067636595701,-2.2663847294209063,ERCO
2022-01-28,1143.522487205719,11.397546752776355,-86.8968620992934,27.88382814079796,ERCO
2022-01-29,1143.657334061846,-26.307952130518068,-87.15876679780865,29.114384866480805,ERCO
2022-01-30,1143.7921809179732,-35.767761081219014,-87.49205449775131,-41.587365339002645,ERCO
2022-01-31,1143.9270277741,10.007466702897807,-87.89616580467957,-97.41832867231835,ERCO
2022-02-01,1144.0618746302268,13.004551780361814,-88.37040589796362,-127.06002051262521,ERCO
2022-02-02,1144.196721486354,13.295091847547097,-88.9139454172325,-8.424867916668518,ERCO
2022-02-03,1144.331568342481,14.329508039398865,-89.5258215233089,374.44474514142917,ERCO
2022-02-04,1144.4664151986078,11.397546752776355,-90.20493913235421,434.97997718096985,ERCO
2022-02-05,1144.601262054735,-26.307952130518068,-90.95007232173393,267.8467623975173,ERCO
2022-02-06,1144.7361089108617,-35.767761081219014,-91.7598659059078,136.52051807626515,ERCO
2022-02-07,1144.8709557669888,10.007466702897807,-92.63283718044217,30.58141471055569,ERCO
2022-02-08,1145.0058026231159,13.004551780361814,-93.56737783203894,21.058023428561228,ERCO
2022-02-09,1145.1406494792427,13.295091847547097,-94.56175601227471,-35.740985314515,ERCO
2022-02-10,1145.2754963353698,14.329508039398865,-95.61411857254534,-68.30788580222338,ERCO
2022-02-11,1145.4103431914966,11.397546752776355,-96.72249345751541,-89.49439648675764,ERCO
2022-02-12,1145.5451900476237,-26.307952130518068,-97.88479225418143,4.803554337075866,ERCO
2022-02-13,1145.6800369037505,-35.767761081219014,-99.09881289346735,72.87153707093569,ERCO
2022-02-14,1145.8148837598776,10.007466702897807,-100.36224250108717,-20.560107961688118,ERCO
2022-02-15,1145.9497306160047,13.004551780361814,-101.67266039422822,-74.4156220021382,ERCO
2022-02-16,1146.0845774721315,13.295091847547097,-103.02754122043115,-115.45712809924748,ERCO
2022-02-17,1146.2194243282586,14.329508039398865,-104.42425823487102,-33.75367413278639,ERCO
2022-02-18,1146.3542711843854,11.397546752776355,-105.86008671207473,86.89126877491276,ERCO
2022-02-19,1146.4891180405125,-26.307952130518068,-107.33220748794793,12.930041577953489,ERCO
2022-02-20,1146.6239648966396,-35.767761081219014,-108.83771062782404,-54.310493187596535,ERCO
2022-02-21,1146.7588117527664,10.007466702897807,-110.37359921609753,-78.34267923956668,ERCO
2022-02-22,1146.8936586088935,13.004551780361814,-111.93679326285242,-43.58541712640272,ERCO
2022-02-23,1147.0285054650203,13.295091847547097,-113.52413372275683,233.2075364101895,ERCO
2022-02-24,1147.1633523211474,14.329508039398865,-115.13238662135592,345.6165262608097,ERCO
2022-02-25,1147.2981991772742,11.397546752776355,-116.75824728376462,336.13450135371386,ERCO
2022-02-26,1147.4330460334013,-26.307952130518068,-118.39834466063735,270.5132507577541,ERCO
2022-02-27,1147.5678928895284,-35.767761081219014,-120.04924574617081,132.11111393786166,ERCO
2022-02-28,1147.7027397456552,10.007466702897807,-121.70746008278493,58.49625363423206,ERCO
2022-03-01,1147.837586601782,13.004551780361814,-123.3694443470194,-30.895694035124507,ERCO
2022-03-02,1147.9724334579091,13.295091847547097,-125.03160701108334,-80.74691829437302,ERCO
2022-03-03,1148.1072803140362,14.329508039398865,-126.69031307440288,-95.83347527903197,ERCO
2022-03-04,1148.242127170163,11.397546752776355,-128.3418888594236,-89.0337850635159,ERCO
2022-03-05,1148.37697402629,-26.307952130518068,-129.98262686584616,-57.99639502992602,ERCO
2022-03-06,1148.511820882417,-35.767761081219014,-131.60879067739938,-33.63526912379871,ERCO
2022-03-07,1148.646667738544,10.007466702897807,-133.21661991519096,2.8764854737491987,ERCO
2022-03-08,1148.781514594671,13.004551780361814,-134.80233523161377,91.16526885658095,ERCO
2022-03-09,1148.916361450798,13.295091847547097,-136.36214333873937,54.30269004039451,ERCO
2022-03-10,1149.051208306925,14.329508039398865,-137.89224206507998,-14.77147428124374,ERCO
2022-03-11,1149.1860551630518,11.397546752776355,-139.38882543456782,129.37922351873976,ERCO
2022-03-12,1149.320902019179,-26.307952130518068,-140.8480887615691,150.43813887290833,ERCO
2022-03-13,1149.455748875306,-35.767761081219014,-142.26623375572632,11.794245961639604,ERCO
2022-03-14,1149.5905957314328,10.007466702897807,-143.63947363041075,-42.35058880391989,ERCO
2022-03-15,1149.7254425875599,13.004551780361814,-144.9640382085555,-88.11795615936603,ERCO
2022-03-16,1149.8602894436867,13.295091847547097,-146.23617901964346,-69.27220227159034,ERCO
2022-03-17,1149.9951362998138,14.329508039398865,-147.45217438162751,-75.009469957585,ERCO
2022-03-18,1150.1299831559406,11.397546752776355,-148.60833446157898,-85.24819544713796,ERCO
2022-03-19,1150.2648300120677,-26.307952130518068,-149.7010063088797,-65.40087157266987,ERCO
2022-03-20,1150.3996768681948,-35.767761081219014,-150.7265788548035,-68.42733693217212,ERCO
2022-03-21,1150.5345237243216,10.007466702897807,-151.68148787236993,-42.917502554849534,ERCO
2022-03-22,1150.6693705804485,13.004551780361814,-152.56222089039687,-39.49670147041343,ERCO
2022-03-23,1150.8042174365755,13.295091847547097,-153.36532205572968,-42.567987228392894,ERCO
2022-03-24,1150.9390642927026,14.329508039398865,-154.08739693768393,-48.58317539441748,ERCO
2022-03-25,1151.0739111488294,11.397546752776355,-154.72511726880396,-39.219340632801845,ERCO
2022-03-26,1151.2087580049565,-26.307952130518068,-155.27522561611147,-38.94458025832682,ERCO
2022-03-27,1151.3436048610833,-35.767761081219014,-155.7345399770998,-7.962303802764495,ERCO
2022-03-28,1151.4784517172104,10.007466702897807,-156.09995829481426,7.3730398747060235,ERCO
2022-03-29,1151.6132985733375,13.004551780361814,-156.36846288645353,28.22261253275417,ERCO
2022-03-30,1151.7481454294643,13.295091847547097,-156.5371247800255,-17.340112496985853,ERCO
2022-03-31,1151.8829922855914,14.329508039398865,-156.6031079537001,-72.72339237129017,ERCO
2022-04-01,1152.0178391417182,11.397546752776355,-156.5636734726109,-58.57171242188372,ERCO
2022-04-02,1152.1526859978453,-26.307952130518068,-156.41618351798024,-30.49655034934699,ERCO
2022-04-03,1152.2875328539722,-35.767761081219014,-156.15810530356453,10.97533353081144,ERCO
2022-04-04,1152.4223797100992,10.007466702897807,-155.78701487455027,-6.627831538446799,ERCO
2022-04-05,1152.5572265662263,13.004551780361814,-155.30060078416733,99.33582243757928,ERCO
2022-04-06,1152.6920734223531,13.295091847547097,-154.69666764342816,4.838502373527831,ERCO
2022-04-07,1152.8269202784802,14.329508039398865,-153.9731395395517,-92.19228877832711,ERCO
2022-04-08,1152.961767134607,11.397546752776355,-153.12806331878286,-96.64525056860066,ERCO
2022-04-09,1153.096613990734,-26.307952130518068,-152.15961172947738,-34.553050130738825,ERCO
2022-04-10,1153.2314608468612,-35.767761081219014,-151.06608642148677,7.801386655844567,ERCO
2022-04-11,1153.366307702988,10.007466702897807,-149.84592079804523,77.17814639215942,ERCO
2022-04-12,1153.501154559115,13.004551780361814,-148.49768271653392,97.3049763770573,ERCO
2022-04-13,1153.636001415242,13.295091847547097,-147.02007703467598,82.99598377188704,ERCO
2022-04-14,1153.770848271369,14.329508039398865,-145.41194799889627,-30.449408311871593,ERCO
2022-04-15,1153.9056951274958,11.397546752776355,-143.67228147176655,-3.0509604085057163,ERCO
2022-04-16,1154.040541983623,-26.307952130518068,-141.80020699564443,56.0516171425395,ERCO
2022-04-17,1154.17538883975,-35.767761081219014,-139.79499968980932,26.140371931278537,ERCO
2022-04-18,1154.3102356958768,10.007466702897807,-137.65608197859234,-16.759620420182273,ERCO
2022-04-19,1154.4450825520037,13.004551780361814,-135.38302514819816,-62.52760918416743,ERCO
2022-04-20,1154.5799294081307,13.295091847547097,-132.97555073011722,53.52852947443944,ERCO
2022-04-21,1154.7147762642578,14.329508039398865,-130.43353170923226,103.97024740557549,ERCO
2022-04-22,1154.8496231203846,11.397546752776355,-127.75699355492817,100.9288236817672,ERCO
2022-04-23,1154.9844699765117,-26.307952130518068,-124.94611507372602,70.15159722773251,ERCO
2022-04-24,1155.1193168326386,-35.767761081219014,-122.0012290821689,62.41467333074934,ERCO
2022-04-25,1155.2541636887656,10.007466702897807,-118.92282289890268,-33.8488074927609,ERCO
2022-04-26,1155.3890105448927,13.004551780361814,-115.711538655107,-100.93802367014712,ERCO
2022-04-27,1155.5238574010195,13.295091847547097,-112.36817342264548,-49.843775825921284,ERCO
2022-04-28,1155.6587042571466,14.329508039398865,-108.89367915952216,16.84146686297663,ERCO
2022-04-29,1155.7935511132735,11.397546752776355,-105.28916247244467,63.53306460639487,ERCO
2022-04-30,1155.9283979694005,-26.307952130518068,-101.5558841965121,79.68643835762964,ERCO
2022-05-01,1156.0632448255276,-35.767761081219014,-97.69525879226276,71.67177504795427,ERCO
2022-05-02,1156.1980916816544,10.007466702897807,-93.70885356053071,112.04229517597855,ERCO
2022-05-03,1156.3329385377815,13.004551780361814,-89.59838767577834,47.22989735763531,ERCO
2022-05-04,1156.4677853939083,13.295091847547097,-85.36573103878672,86.87985379733118,ERCO
2022-05-05,1156.6026322500354,14.329508039398865,-81.01290294979736,67.63976266036298,ERCO
2022-05-06,1156.7374791061623,11.397546752776355,-76.54207060341577,75.59604474447701,ERCO
2022-05-07,1156.8723259622893,-26.307952130518068,-71.95554740679341,184.92917357502233,ERCO
2022-05-08,1157.0071728184164,-35.767761081219014,-67.2557911228213,248.94337938562398,ERCO
2022-05-09,1157.1420196745432,10.007466702897807,-62.44540184026717,274.1779154628259,ERCO
2022-05-10,1157.27686653067,13.004551780361814,-57.52711977300345,241.8047014619715,ERCO
2022-05-11,1157.4117133867971,13.295091847547097,-52.503822890667806,195.20901765632334,ERCO
2022-05-12,1157.5465602429242,14.329508039398865,-47.378524383304324,163.5724561009813,ERCO
2022-05-13,1157.681407099051,11.397546752776355,-42.15436996272645,137.6694161108992,ERCO
2022-05-14,1157.8162539551781,-26.307952130518068,-36.83463500354016,158.6593331788804,ERCO
2022-05-15,1157.9511008113052,-35.767761081219014,-31.422721526955698,186.15038179686962,ERCO
2022-05-16,1158.085947667432,10.007466702897807,-25.9221550307021,176.0787406603722,ERCO
2022-05-17,1158.220794523559,13.004551780361814,-20.336581168543958,191.76123486462348,ERCO
2022-05-18,1158.355641379686,13.295091847547097,-14.669762283077944,192.17102905584488,ERCO
2022-05-19,1158.490488235813,14.329508039398865,-8.925573795661364,198.73957752044976,ERCO
2022-05-20,1158.6253350919399,11.397546752776355,-3.1080004574974964,214.628118612781,ERCO
2022-05-21,1158.760181948067,-26.307952130518068,2.7788675339342603,184.6739026485168,ERCO
2022-05-22,1158.8950288041938,-35.767761081219014,8.730838548752672,-75.29710627172744,ERCO
2022-05-23,1159.0298756603208,10.007466702897807,14.743623664348206,-73.8809660275665,ERCO
2022-05-24,1159.164722516448,13.004551780361814,20.812840926199073,-96.64111522300868,ERCO
2022-05-25,1159.2995693725748,13.295091847547097,26.934019725026815,-163.20468094514877,ERCO
2022-05-26,1159.4344162287018,14.329508039398865,33.10260528535221,-73.17652955345261,ERCO
2022-05-27,1159.5692630848287,11.397546752776355,39.31396326037455,33.08622690202037,ERCO
2022-05-28,1159.7041099409557,-26.307952130518068,45.56338442797309,84.96545776158928,ERCO
2022-05-29,1159.8389567970828,-35.767761081219014,51.84608948250599,112.30471480163055,ERCO
2022-05-30,1159.9738036532096,10.007466702897807,58.1572339169644,92.49849572692801,ERCO
2022-05-31,1160.1086505093367,13.004551780361814,64.49191298993568,162.818884720366,ERCO
2022-06-01,1160.2434973654636,13.295091847547097,70.84516677172138,108.88124401526807,ERCO
2022-06-02,1160.3783442215906,14.329508039398865,77.21198526386438,2.2291624751460404,ERCO
2022-06-03,1160.5131910777175,11.397546752776355,83.58731358624496,-36.81705141673888,ERCO
2022-06-04,1160.6480379338445,-26.307952130518068,89.96605722583033,-23.585143029156598,ERCO
2022-06-05,1160.7828847899716,-35.767761081219014,96.3430873410785,64.77578895016904,ERCO
2022-06-06,1160.9177316460984,10.007466702897807,102.71324611593496,129.5705555350687,ERCO
2022-06-07,1161.0525785022253,13.004551780361814,109.07135215729856,138.41751756011422,ERCO
2022-06-08,1161.1874253583524,13.295091847547097,115.41220592977385,100.06627686432671,ERCO
2022-06-09,1161.3222722144794,14.329508039398865,121.73059522148836,96.31162452463332,ERCO
2022-06-10,1161.4571190706063,11.397546752776355,128.02130063470543,127.4640335419117,ERCO
2022-06-11,1161.5919659267333,-26.307952130518068,134.27910109493726,184.37688510884755,ERCO
2022-06-12,1161.7268127828602,-35.767761081219014,140.4987793722339,196.637168926125,ERCO
2022-06-13,1161.8616596389872,10.007466702897807,146.67512760831045,171.3727460498044,ERCO
2022-06-14,1161.9965064951143,13.004551780361814,152.8029528431589,132.33898888136514,ERCO
2022-06-15,1162.1313533512412,13.295091847547097,158.8770825347957,117.3554722664162,ERCO
2022-06-16,1162.2662002073682,14.329508039398865,164.89237006579336,125.6639216874396,ERCO
2022-06-17,1162.401047063495,11.397546752776355,170.84370023026685,100.20270595346187,ERCO
2022-06-18,1162.5358939196221,-26.307952130518068,176.72599469499147,84.70406351590441,ERCO
2022-06-19,1162.670740775749,-35.767761081219014,182.53421742837162,100.36480287709833,ERCO
2022-06-20,1162.805587631876,10.007466702897807,188.26338009100186,114.49056557422432,ERCO
2022-06-21,1162.9404344880031,13.004551780361814,193.90854738161073,120.70746635002456,ERCO
2022-06-22,1163.07528134413,13.295091847547097,199.46484233222537,93.74478447609772,ERCO
2022-06-23,1163.210128200257,14.329508039398865,204.92745154645132,111.65591221389286,ERCO
2022-06-24,1163.3449750563839,11.397546752776355,210.29163037482408,118.65484781601549,ERCO
2022-06-25,1163.479821912511,-26.307952130518068,215.5527080212636,96.7634221967437,ERCO
2022-06-26,1163.614668768638,-35.767761081219014,220.70609257473643,81.77599973784436,ERCO
2022-06-27,1163.7495156247649,10.007466702897807,225.7472759603192,-10.54825828798198,ERCO
2022-06-28,1163.884362480892,13.004551780361814,230.6718388039444,-97.7867530651979,ERCO
2022-06-29,1164.0192093370188,13.295091847547097,235.47545520521243,-84.14575638977817,ERCO
2022-06-30,1164.1540561931458,14.329508039398865,240.15389741275393,-58.60546164529865,ERCO
2022-07-01,1164.2889030492727,11.397546752776355,244.7030403967422,-36.94249019879135,ERCO
2022-07-02,1164.4237499053997,-26.307952130518068,249.11886631327005,10.26733591184825,ERCO
2022-07-03,1164.5585967615268,-35.767761081219014,253.39746885543306,24.45469546425943,ERCO
2022-07-04,1164.6934436176537,10.007466702897807,257.5350574860858,-5.133967806637202,ERCO
2022-07-05,1164.8282904737807,13.004551780361814,261.52796154737956,56.20719619847773,ERCO
2022-07-06,1164.9631373299076,13.295091847547097,265.37263424232765,60.10513658021796,ERCO
2022-07-07,1165.0979841860346,14.329508039398865,269.0656564837941,63.781851290772465,ERCO
2022-07-08,1165.2328310421615,11.397546752776355,272.60374060645296,81.6988815986092,ERCO
2022-07-09,1165.3676778982885,-26.307952130518068,275.98373393742327,95.23854029480617,ERCO
2022-07-10,1165.5025247544154,-35.767761081219014,279.20262222145027,93.44061410535346,ERCO
2022-07-11,1165.6373716105425,10.007466702897807,282.2575328966672,92.49762878989281,ERCO
2022-07-12,1165.7722184666695,13.004551780361814,285.14573821714873,73.4264915358201,ERCO
2022-07-13,1165.9070653227964,13.295091847547097,287.86465821864147,58.97718461101499,ERCO
2022-07-14,1166.0419121789234,14.329508039398865,290.41186352403963,-38.42028374236179,ERCO
2022-07-15,1166.1767590350503,11.397546752776355,292.78507798535765,-99.09138377318413,ERCO
2022-07-16,1166.3116058911774,-26.307952130518068,294.9821811591438,-24.98383491980303,ERCO
2022-07-17,1166.4464527473044,-35.767761081219014,297.0012106124676,14.388097721447139,ERCO
2022-07-18,1166.5812996034313,10.007466702897807,298.8403640568133,52.81286963685784,ERCO
2022-07-19,1166.7161464595583,13.004551780361814,300.4980013074092,88.22230045267088,ERCO
2022-07-20,1166.8509933156852,13.295091847547097,301.97264606572537,93.60426877104214,ERCO
2022-07-21,1166.9858401718122,14.329508039398865,303.26298752307684,49.27166426571216,ERCO
2022-07-22,1167.120687027939,11.397546752776355,304.36788178347706,-19.48311556419253,ERCO
2022-07-23,1167.2555338840662,-26.307952130518068,305.2863531040955,-6.971934857643646,ERCO
2022-07-24,1167.3903807401932,-35.767761081219014,306.0175949518843,29.24378538914152,ERCO
2022-07-25,1167.52522759632,10.007466702897807,306.5609708751539,47.50133482562819,ERCO
2022-07-26,1167.660074452447,13.004551780361814,306.9160151890885,38.28335857810271,ERCO
2022-07-27,1167.794921308574,13.295091847547097,307.08243347441237,26.896553369466574,ERCO
2022-07-28,1167.929768164701,14.329508039398865,307.06010288863,14.507620907270166,ERCO
2022-07-29,1168.064615020828,11.397546752776355,306.84907228948464,10.386765936910933,ERCO
2022-07-30,1168.199461876955,-26.307952130518068,306.4495621704948,3.893928083068431,ERCO
2022-07-31,1168.3343087330818,-35.767761081219014,305.8619644086468,14.681487939490353,ERCO
2022-08-01,1168.4691555892089,10.007466702897807,305.08684182453976,11.147535883353612,ERCO
2022-08-02,1168.604002445336,13.004551780361814,304.12492755549636,53.483518218806466,ERCO
2022-08-03,1168.7388493014628,13.295091847547097,302.9771242423699,67.81993460862009,ERCO
2022-08-04,1168.8736961575898,14.329508039398865,301.6445030309941,53.382292772017536,ERCO
2022-08-05,1169.0085430137167,11.397546752776355,300.1283023894359,1.3376078440710444,ERCO
2022-08-06,1169.1433898698438,-26.307952130518068,298.42992674242794,-50.49636448175329,ERCO
2022-08-07,1169.2782367259706,-35.767761081219014,296.5509449245647,-13.702420569316473,ERCO
2022-08-08,1169.4130835820977,10.007466702897807,294.49308845406165,13.305361260943073,ERCO
2022-08-09,1169.5479304382247,13.004551780361814,292.25824962907956,-16.71073184766601,ERCO
2022-08-10,1169.6827772943516,13.295091847547097,289.84847944882495,-51.8543485907237,ERCO
2022-08-11,1169.8176241504787,14.329508039398865,287.26598536184054,-62.121117551717816,ERCO
2022-08-12,1169.9524710066055,11.397546752776355,284.51312884409714,-39.91214660347896,ERCO
2022-08-13,1170.0873178627326,-26.307952130518068,281.5924228096981,-28.330788541912852,ERCO
2022-08-14,1170.2221647188596,-35.767761081219014,278.50652885719956,-57.02593249484016,ERCO
2022-08-15,1170.3570115749865,10.007466702897807,275.25825435474053,-21.189732632624782,ERCO
2022-08-16,1170.4918584311135,13.004551780361814,271.85054936736367,4.940040421161257,ERCO
2022-08-17,1170.6267052872404,13.295091847547097,268.28650343008894,38.241699435123564,ERCO
2022-08-18,1170.7615521433675,14.329508039398865,264.5693421704806,-100.57340235324705,ERCO
2022-08-19,1170.8963989994943,11.397546752776355,260.70242378462456,-163.79136953689544,ERCO
2022-08-20,1171.0312458556214,-26.307952130518068,256.68923537059624,-101.29252909569959,ERCO
2022-08-21,1171.1660927117484,-35.767761081219014,252.53338912367218,-113.28672075420172,ERCO
2022-08-22,1171.3009395678753,10.007466702897807,248.2386183976889,-144.70702466846205,ERCO
2022-08-23,1171.4357864240023,13.004551780361814,243.8087736371144,-169.01111184147817,ERCO
2022-08-24,1171.5706332801292,13.295091847547097,239.24781818453974,-144.98654331221587,ERCO
2022-08-25,1171.7054801362563,14.329508039398865,234.55982396844956,-106.08381214410451,ERCO
2022-08-26,1171.840326992383,11.397546752776355,229.74896707625865,-70.67584082141798,ERCO
2022-08-27,1171.9751738485102,-26.307952130518068,224.81952321773997,-27.177744935732107,ERCO
2022-08-28,1172.110020704637,-35.767761081219014,219.7758630840955,22.844877292486444,ERCO
2022-08-29,1172.244867560764,10.007466702897807,214.6224476080346,-26.674781871696496,ERCO
2022-08-30,1172.3797144168911,13.004551780361814,209.36382313034437,-131.65808932759705,ERCO
2022-08-31,1172.514561273018,13.295091847547097,204.00461647854047,-114.95626959910555,ERCO
2022-09-01,1172.649408129145,14.329508039398865,198.54952996328512,-133.88444613182878,ERCO
2022-09-02,1172.784254985272,11.397546752776355,193.0033362983595,-134.1041380364079,ERCO
2022-09-03,1172.919101841399,-26.307952130518068,187.3708734500516,-130.5690231609326,ERCO
2022-09-04,1173.053948697526,-35.767761081219014,181.65703942191723,-191.17222703822404,ERCO
2022-09-05,1173.1887955536529,10.007466702897807,175.86678698092823,-178.37604923747904,ERCO
2022-09-06,1173.32364240978,13.004551780361814,170.0051183310981,-76.63631252123969,ERCO
2022-09-07,1173.4584892659068,13.295091847547097,164.07707974073304,-56.40166085418696,ERCO
2022-09-08,1173.5933361220339,14.329508039398865,158.0877561295004,-69.55160029093327,ERCO
2022-09-09,1173.7281829781607,11.397546752776355,152.04226562155935,-75.53699535249643,ERCO
2022-09-10,1173.8630298342878,-26.307952130518068,145.94575407102877,-61.95983177479843,ERCO
2022-09-11,1173.9978766904148,-35.767761081219014,139.80338956610353,-80.757505175299,ERCO
2022-09-12,1174.1327235465417,10.007466702897807,133.6203569181426,-90.05354716758211,ERCO
2022-09-13,1174.2675704026685,13.004551780361814,127.40185214207483,-67.8179743251053,ERCO
2022-09-14,1174.4024172587956,13.295091847547097,121.15307693447534,-75.68158604081782,ERCO
2022-09-15,1174.5372641149227,14.329508039398865,114.87923315565716,-75.35500530997842,ERCO
2022-09-16,1174.6721109710495,11.397546752776355,108.58551732212227,2.5808249540518773,ERCO
2022-09-17,1174.8069578271766,-26.307952130518068,102.27711511570212,64.7928791876393,ERCO
2022-09-18,1174.9418046833036,-35.767761081219014,95.95919591568301,85.82276048223252,ERCO
2022-09-19,1175.0766515394305,10.007466702897807,89.6369073601997,96.46097439747223,ERCO
2022-09-20,1175.2114983955576,13.004551780361814,83.3153699431243,111.77757988095641,ERCO
2022-09-21,1175.3463452516844,13.295091847547097,76.99967165264734,94.8048912481213,ERCO
2022-09-22,1175.4811921078115,14.329508039398865,70.694862657687,76.55343719510279,ERCO
2022-09-23,1175.6160389639383,11.397546752776355,64.40595004820564,87.18446423507976,ERCO
2022-09-24,1175.7508858200654,-26.307952130518068,58.13789263545023,92.54517367500262,ERCO
2022-09-25,1175.8857326761922,-35.767761081219014,51.895595818050666,91.6214325869762,ERCO
2022-09-26,1176.0205795323193,10.007466702897807,45.683906519837066,-0.8899527550543098,ERCO
2022-09-27,1176.1554263884464,13.004551780361814,39.507608205151286,-97.8035863739592,ERCO
2022-09-28,1176.2902732445732,13.295091847547097,33.37141597732126,-87.18078106944154,ERCO
2022-09-29,1176.4251201007003,14.329508039398865,27.279971765884568,-110.33459990598362,ERCO
2022-09-30,1176.559966956827,11.397546752776355,21.2378396080219,-141.43935331762532,ERCO
2022-10-01,1176.6948138129542,-26.307952130518068,15.24950102956059,-152.18436271199676,ERCO
2022-10-02,1176.8296606690812,-35.767761081219014,9.319350530782344,-146.3332501186444,ERCO
2022-10-03,1176.964507525208,10.007466702897807,3.4516911821423264,-128.93566541024825,ERCO
2022-10-04,1177.0993543813352,13.004551780361814,-2.349269665118726,-108.76863649657798,ERCO
2022-10-05,1177.234201237462,13.295091847547097,-8.079424548635984,-81.04686853637304,ERCO
2022-10-06,1177.369048093589,14.329508039398865,-13.734769940157605,-55.488786192830275,ERCO
2022-10-07,1177.503894949716,11.397546752776355,-19.311410161808126,-79.57103154068409,ERCO
2022-10-08,1177.638741805843,-26.307952130518068,-24.80556116899359,-85.6722285063313,ERCO
2022-10-09,1177.77358866197,-35.767761081219014,-30.213554195707403,-79.15727338504348,ERCO
2022-10-10,1177.908435518097,10.007466702897807,-35.53183925817629,-46.28706296281848,ERCO
2022-10-11,1178.0432823742237,13.004551780361814,-40.75698851294358,-26.89184564164225,ERCO
2022-10-12,1178.1781292303508,13.295091847547097,-45.88569946566572,90.37647838776775,ERCO
2022-10-13,1178.3129760864779,14.329508039398865,-50.914798027077126,-0.6416860987997097,ERCO
2022-10-14,1178.4478229426047,11.397546752776355,-55.84124141275391,-25.63812828262735,ERCO
2022-10-15,1178.5826697987318,-26.307952130518068,-60.66212088350549,88.72940321529177,ERCO
2022-10-16,1178.7175166548586,-35.767761081219014,-65.37466432339687,41.26490874975707,ERCO
2022-10-17,1178.8523635109857,10.007466702897807,-69.97623865261346,-115.8125915612701,ERCO
2022-10-18,1178.9872103671128,13.004551780361814,-74.46435207256583,-201.03241007490863,ERCO
2022-10-19,1179.1220572232396,13.295091847547097,-78.83665614083412,-188.09349292995273,ERCO
2022-10-20,1179.2569040793667,14.329508039398865,-83.09094767375825,-142.74746444500715,ERCO
2022-10-21,1179.3917509354935,11.397546752776355,-87.22517047468014,-77.58912721358979,ERCO
2022-10-22,1179.5265977916206,-26.307952130518068,-91.23741688604903,-8.791228775053469,ERCO
2022-10-23,1179.6614446477477,-35.767761081219014,-95.12592916382255,49.40724559729415,ERCO
2022-10-24,1179.7962915038745,10.007466702897807,-98.88910067278704,25.655342466014872,ERCO
2022-10-25,1179.9311383600016,13.004551780361814,-102.5254769016545,-142.2812132387088,ERCO
2022-10-26,1180.0659852161284,13.295091847547097,-106.03375629698944,-138.3073207666862,ERCO
2022-10-27,1180.2008320722555,14.329508039398865,-109.41279091524606,-119.15154919640815,ERCO
2022-10-28,1180.3356789283823,11.397546752776355,-112.6615868924055,-113.52263878875328,ERCO
2022-10-29,1180.4705257845094,-26.307952130518068,-115.77930473091826,-149.16526892307309,ERCO
2022-10-30,1180.6053726406365,-35.767761081219014,-118.76525940387914,-124.6813521555381,ERCO
2022-10-31,1180.7402194967633,10.007466702897807,-121.61892027657241,-115.4277659230886,ERCO
2022-11-01,1180.8750663528904,13.004551780361814,-124.33991084574205,-112.76670728751003,ERCO
2022-11-02,1181.0099132090172,13.295091847547097,-126.92800829716187,-76.13299675940254,ERCO
2022-11-03,1181.1447600651443,14.329508039398865,-129.38314288228906,12.129874777745954,ERCO
2022-11-04,1181.2796069212711,11.397546752776355,-131.7053971150035,46.24624344095605,ERCO
2022-11-05,1181.4144537773982,-26.307952130518068,-133.8950047896434,-88.06149685723665,ERCO
2022-11-06,1181.5493006335253,-35.767761081219014,-135.9523498217635,18.126810269457337,ERCO
2022-11-07,1181.684147489652,10.007466702897807,-137.87796491324866,44.910350720698716,ERCO
2022-11-08,1181.8189943457792,13.004551780361814,-139.67253004362044,41.95698391747942,ERCO
2022-11-09,1181.953841201906,13.295091847547097,-141.336870789587,42.54593774013392,ERCO
2022-11-10,1182.088688058033,14.329508039398865,-142.87195647508082,5.591760377648825,ERCO
2022-11-11,1182.22353491416,11.397546752776355,-144.27889815423242,-28.861183512703747,ERCO
2022-11-12,1182.358381770287,-26.307952130518068,-145.55894642992666,-29.258483209842325,ERCO
2022-11-13,1182.4932286264138,-35.767761081219014,-146.71348911077823,10.073021565583531,ERCO
2022-11-14,1182.628075482541,10.007466702897807,-147.7440487095554,23.3635065241167,ERCO
2022-11-15,1182.762922338668,13.004551780361814,-148.65227978626655,52.30880566723681,ERCO
2022-11-16,1182.8977691947948,13.295091847547097,-149.439966139308,51.93910509696616,ERCO
2022-11-17,1183.032616050922,14.329508039398865,-150.10901784824904,27.286893757928283,ERCO
2022-11-18,1183.1674629070487,11.397546752776355,-150.66146817200325,40.02945851217805,ERCO
2022-11-19,1183.3023097631758,-26.307952130518068,-151.09947030630894,152.6861126736511,ERCO
2022-11-20,1183.4371566193029,-35.767761081219014,-151.42529400460091,143.56989846651732,ERCO
2022-11-21,1183.5720034754297,10.007466702897807,-151.64132206652107,109.35785188819364,ERCO
2022-11-22,1183.7068503315568,13.004551780361814,-151.75004669846712,34.50464458654869,ERCO
2022-11-23,1183.8416971876836,13.295091847547097,-151.75406575072924,-34.266723284501495,ERCO
2022-11-24,1183.9765440438107,14.329508039398865,-151.65607883590943,-115.97397324730002,ERCO
2022-11-25,1184.1113908999375,11.397546752776355,-151.4588833334564,-106.18105431925744,ERCO
2022-11-26,1184.2462377560646,-26.307952130518068,-151.16537028528143,-58.96991534026506,ERCO
2022-11-27,1184.3810846121917,-35.767761081219014,-150.778520187548,-39.53680334342448,ERCO
2022-11-28,1184.5159314683185,10.007466702897807,-150.30139868384896,-26.394999487367386,ERCO
2022-11-29,1184.6507783244454,13.004551780361814,-149.73715216509873,-23.036177939708523,ERCO
2022-11-30,1184.7856251805724,13.295091847547097,-149.08900328157694,-0.27471374654260217,ERCO
2022-12-01,1184.9204720366995,14.329508039398865,-148.36024637266212,55.907266296563876,ERCO
2022-12-02,1185.0553188928263,11.397546752776355,-147.55424281988675,-28.326622825716072,ERCO
2022-12-03,1185.1901657489534,-26.307952130518068,-146.67441632903734,-32.948797289398044,ERCO
2022-12-04,1185.3250126050805,-35.767761081219014,-145.72424814709953,-32.94700337676181,ERCO
2022-12-05,1185.4598594612073,10.007466702897807,-144.70727221992854,-32.11805394417638,ERCO
2022-12-06,1185.5947063173344,13.004551780361814,-143.62707029658733,-36.954187801108674,ERCO
2022-12-07,1185.7295531734612,13.295091847547097,-142.48726698635997,-31.1153780346483,ERCO
2022-12-08,1185.8644000295883,14.329508039398865,-141.29152477449657,-15.680383294490412,ERCO
2022-12-09,1185.9992468857151,11.397546752776355,-140.04353900279705,-31.21825463569462,ERCO
2022-12-10,1186.1340937418422,-26.307952130518068,-138.7470328211755,-34.13910879014861,ERCO
2022-12-11,1186.2689405979693,-35.767761081219014,-137.4057521163794,-56.70842740037074,ERCO
2022-12-12,1186.4037874540961,10.007466702897807,-136.02346042406523,-47.03879373292864,ERCO
2022-12-13,1186.5386343102232,13.004551780361814,-134.60393383044317,-30.34425226014173,ERCO
2022-12-14,1186.67348116635,13.295091847547097,-133.1509558697177,-73.7786171441794,ERCO
2022-12-15,1186.808328022477,14.329508039398865,-131.66831242354976,-14.911523638326116,ERCO
2022-12-16,1186.943174878604,11.397546752776355,-130.15978662876216,35.379064997381874,ERCO
2022-12-17,1187.078021734731,-26.307952130518068,-128.62915379949524,50.057084195282414,ERCO
2022-12-18,1187.212868590858,-35.767761081219014,-127.08017637000258,93.99806886036367,ERCO
2022-12-19,1187.347715446985,10.007466702897807,-125.51659886424328,56.73141671436042,ERCO
2022-12-20,1187.482562303112,13.004551780361814,-123.942142898399,39.709028814925205,ERCO
2022-12-21,1187.6174091592388,13.295091847547097,-122.36050222239581,102.19100121560973,ERCO
2022-12-22,1187.752256015366,14.329508039398865,-120.77533780646347,308.3545737516988,ERCO
2022-12-23,1187.8871028714927,11.397546752776355,-119.19027297870998,574.5336233544408,ERCO
2022-12-24,1188.0219497276198,-26.307952130518068,-117.60888861961904,368.70489102251713,ERCO
2022-12-25,1188.1567965837469,-35.767761081219014,-116.03471841931675,197.41768291678886,ERCO
2022-12-26,1188.2916434398737,10.007466702897807,-114.47124420336384,66.41513406059244,ERCO
2022-12-27,1188.4264902960008,13.004551780361814,-112.92189133275716,97.07284925639465,ERCO
2022-12-28,1188.5613371521276,13.295091847547097,-111.39002418372199,-35.26640481595268,ERCO
2022-12-29,1188.6961840082547,14.329508039398865,-109.87894171278626,-159.80675033486716,ERCO
2022-12-30,1188.8310308643815,11.397546752776355,-108.39187311251821,-155.4327045046398,ERCO
2022-12-31,1188.9658777205086,-26.307952130518068,-106.9319735631991,-122.56095202679148,ERCO
2023-01-01,1189.1007245766355,-35.767761081219014,-105.14998548314232,-147.7629780122744,ERCO
2023-01-02,1189.2355714327625,10.007466702897807,-103.76234105223087,-123.53669708342954,ERCO
2023-01-03,1189.3704182888896,13.004551780361814,-102.41155946734986,-136.2674106019016,ERCO
2023-01-04,1189.5052651450164,13.295091847547097,-101.10043640461076,-117.71992058795286,ERCO
2023-01-05,1189.6401120011435,14.329508039398865,-99.83167299705947,-91.86394704348288,ERCO
2023-01-06,1189.7749588572703,11.397546752776355,-98.60787229757631,-88.56563331247048,ERCO
2023-01-07,1189.9098057133974,-26.307952130518068,-97.43153587204883,-129.9093177108307,ERCO
2023-01-08,1190.0446525695245,-35.767761081219014,-96.30506052694591,-127.62483096135952,ERCO
2023-01-09,1190.1794994256513,10.007466702897807,-95.23073517525931,-112.37023095328982,ERCO
2023-01-10,1190.3143462817784,13.004551780361814,-94.21073784460911,-126.03216021753087,ERCO
2023-01-11,1190.4491931379052,13.295091847547097,-93.24713283113844,-106.42715215431383,ERCO
2023-01-12,1190.5840399940323,14.329508039398865,-92.34186800264547,-113.31068003078576,ERCO
2023-01-13,1190.7188868501592,11.397546752776355,-91.49677225421911,-55.22966134871626,ERCO
2023-01-14,1190.8537337062862,-26.307952130518068,-90.71355311946131,-30.44522845630695,ERCO
2023-01-15,1190.9885805624133,-35.767761081219014,-89.99379454018907,-95.85302494100506,ERCO
2023-01-16,1191.1234274185401,10.007466702897807,-89.33895479731807,-141.53293932411975,ERCO
2023-01-17,1191.258274274667,13.004551780361814,-88.75036460543411,-130.85946144959485,ERCO
2023-01-18,1191.393121130794,13.295091847547097,-88.22922537336134,-130.14398760497988,ERCO
2023-01-19,1191.527967986921,14.329508039398865,-87.77660763283355,-138.68986839348634,ERCO
2023-01-20,1191.662814843048,11.397546752776355,-87.39344963717393,-88.88991195865037,ERCO
2023-01-21,1191.797661699175,-26.307952130518068,-87.08055613168037,-86.72815343697653,ERCO
2023-01-22,1191.932508555302,-35.767761081219014,-86.83859729720766,-56.46715017687518,ERCO
2023-01-23,1192.067355411429,10.007466702897807,-86.66810786822718,-2.529714246099502,ERCO
2023-01-24,1192.202202267556,13.004551780361814,-86.5694864264347,11.760732378516877,ERCO
2023-01-25,1192.3370491236828,13.295091847547097,-86.54299487076369,54.10685389953369,ERCO
2023-01-26,1192.47189597981,14.329508039398865,-86.58875806444881,34.94735404524022,ERCO
2023-01-27,1192.6067428359368,11.397546752776355,-86.7067636595701,21.6084740708568,ERCO
2023-01-28,1192.7415896920638,-26.307952130518068,-86.8968620992934,-78.19877546225234,ERCO
2023-01-29,1192.8764365481907,-35.767761081219014,-87.15876679780865,-43.68490866916295,ERCO
2023-01-30,1193.0112834043177,10.007466702897807,-87.49205449775131,232.89730439053574,ERCO
2023-01-31,1193.1461302604448,13.004551780361814,-87.89616580467957,360.60448376387285,ERCO
2023-02-01,1193.2809771165716,13.295091847547097,-88.37040589796362,326.9473369338448,ERCO
2023-02-02,1193.4158239726987,14.329508039398865,-88.9139454172325,244.12361340513485,ERCO
2023-02-03,1193.5506708288256,11.397546752776355,-89.5258215233089,98.9336039417069,ERCO
2023-02-04,1193.6855176849526,-26.307952130518068,-90.20493913235421,20.483373577919792,ERCO
2023-02-05,1193.8203645410797,-35.767761081219014,-90.95007232173393,-88.89953113812658,ERCO
2023-02-06,1193.9552113972065,10.007466702897807,-91.7598659059078,-137.00981219419646,ERCO
2023-02-07,1194.0900582533336,13.004551780361814,-92.63283718044217,-114.97977285325305,ERCO
2023-02-08,1194.2249051094605,13.295091847547097,-93.56737783203894,-43.2156191249685,ERCO
2023-02-09,1194.3597519655875,14.329508039398865,-94.56175601227471,-42.83450399271169,ERCO
2023-02-10,1194.4945988217144,11.397546752776355,-95.61411857254534,0.4799729980545635,ERCO
2023-02-11,1194.6294456778414,-26.307952130518068,-96.72249345751541,49.80699991019219,ERCO
2023-02-12,1194.7642925339685,-35.767761081219014,-97.88479225418143,-5.640739198567871,ERCO
2023-02-13,1194.8991393900953,10.007466702897807,-99.09881289346735,-71.61179319952589,ERCO
2023-02-14,1195.0339862462224,13.004551780361814,-100.36224250108717,-120.47029552549691,ERCO
2023-02-15,1195.1688331023493,13.295091847547097,-101.67266039422822,-95.70026455566801,ERCO
2023-02-16,1195.3036799584763,14.329508039398865,-103.02754122043115,-27.26364677744391,ERCO
2023-02-17,1195.4385268146032,11.397546752776355,-104.42425823487102,90.6181846674915,ERCO
2023-02-18,1195.5733736707302,-26.307952130518068,-105.86008671207473,80.36266517186255,ERCO
2023-02-19,1195.708220526857,-35.767761081219014,-107.33220748794793,-53.95325195769033,ERCO
2023-02-20,1195.8430673829841,10.007466702897807,-108.83771062782404,-87.7258234580579,ERCO
2023-02-21,1195.9779142391112,13.004551780361814,-110.37359921609753,-55.102866803375264,ERCO
2023-02-22,1196.112761095238,13.295091847547097,-111.93679326285242,-40.30505967993281,ERCO
2023-02-23,1196.2476079513651,14.329508039398865,-113.52413372275683,-52.64298226800679,ERCO
2023-02-24,1196.382454807492,11.397546752776355,-115.13238662135592,-16.85261493891244,ERCO
2023-02-25,1196.517301663619,-26.307952130518068,-116.75824728376462,1.5088977506638912,ERCO
2023-02-26,1196.652148519746,-35.767761081219014,-118.39834466063735,-27.849042777889508,ERCO
2023-02-27,1196.786995375873,10.007466702897807,-120.04924574617081,-53.312216332599974,ERCO
2023-02-28,1196.921842232,13.004551780361814,-121.70746008278493,-35.877933929576784,ERCO
2023-03-01,1197.0566890881269,13.295091847547097,-123.3694443470194,-20.15333658865461,ERCO
2023-03-02,1197.191535944254,14.329508039398865,-125.03160701108334,-30.76843697256959,ERCO
2023-03-03,1197.3263828003808,11.397546752776355,-126.69031307440288,-116.1496164787543,ERCO
2023-03-04,1197.4612296565078,-26.307952130518068,-128.3418888594236,-90.24338866656603,ERCO
2023-03-05,1197.596076512635,-35.767761081219014,-129.98262686584616,-73.04468856556957,ERCO
2023-03-06,1197.7309233687618,10.007466702897807,-131.60879067739938,-30.55059939426019,ERCO
2023-03-07,1197.8657702248888,13.004551780361814,-133.21661991519096,-17.373702090059624,ERCO
2023-03-08,1198.0006170810157,13.295091847547097,-134.80233523161377,-16.08537369694909,ERCO
2023-03-09,1198.1354639371427,14.329508039398865,-136.36214333873937,-13.67082863780206,ERCO
2023-03-10,1198.2703107932696,11.397546752776355,-137.89224206507998,-35.58161548096609,ERCO
2023-03-11,1198.4051576493966,-26.307952130518068,-139.38882543456782,26.036619915689243,ERCO
2023-03-12,1198.5400045055237,-35.767761081219014,-140.8480887615691,-67.53015466273541,ERCO
2023-03-13,1198.6748513616506,10.007466702897807,-142.26623375572632,-91.06908430882208,ERCO
2023-03-14,1198.8096982177776,13.004551780361814,-143.63947363041075,-77.03777636772861,ERCO
2023-03-15,1198.9445450739045,13.295091847547097,-144.9640382085555,-66.22559871289604,ERCO
2023-03-16,1199.0793919300315,14.329508039398865,-146.23617901964346,-40.21172094978692,ERCO
2023-03-17,1199.2142387861584,11.397546752776355,-147.45217438162751,-29.12261115730712,ERCO
2023-03-18,1199.3490856422854,-26.307952130518068,-148.60833446157898,9.328200949811617,ERCO
2023-03-19,1199.4839324984123,-35.767761081219014,-149.7010063088797,28.455834891686436,ERCO
2023-03-20,1199.6187793545394,10.007466702897807,-150.7265788548035,64.45333279736633,ERCO
2023-03-21,1199.7536262106664,13.004551780361814,-151.68148787236993,-18.56769011865822,ERCO
2023-03-22,1199.8884730667933,13.295091847547097,-152.56222089039687,-0.12834402394355493,ERCO
2023-03-23,1200.0233199229203,14.329508039398865,-153.36532205572968,44.307494093410696,ERCO
2023-03-24,1200.1581667790472,11.397546752776355,-154.08739693768393,26.083683405860256,ERCO
2023-03-25,1200.2930136351742,-26.307952130518068,-154.72511726880396,-26.74294423585218,ERCO
2023-03-26,1200.4278604913013,-35.767761081219014,-155.27522561611147,-33.00387379397068,ERCO
2023-03-27,1200.5627073474282,10.007466702897807,-155.7345399770998,-25.78863407322615,ERCO
2023-03-28,1200.6975542035552,13.004551780361814,-156.09995829481426,-51.430147689102796,ERCO
2023-03-29,1200.832401059682,13.295091847547097,-156.36846288645353,-78.3190300207757,ERCO
2023-03-30,1200.9672479158091,14.329508039398865,-156.5371247800255,-25.45663117518211,ERCO
2023-03-31,1201.102094771936,11.397546752776355,-156.6031079537001,54.14346642898772,ERCO
2023-04-01,1201.236941628063,-26.307952130518068,-156.5636734726109,0.164683975065941,ERCO
2023-04-02,1201.3717884841901,-35.767761081219014,-156.41618351798024,33.12315611500924,ERCO
2023-04-03,1201.506635340317,10.007466702897807,-156.15810530356453,143.1730032603498,ERCO
2023-04-04,1201.641482196444,13.004551780361814,-155.78701487455027,130.5589808977445,ERCO
2023-04-05,1201.7763290525709,13.295091847547097,-155.30060078416733,-0.9528201159507717,ERCO
2023-04-06,1201.911175908698,14.329508039398865,-154.69666764342816,-72.17601630466845,ERCO
2023-04-07,1202.0460227648248,11.397546752776355,-153.9731395395517,-82.00542997804939,ERCO
2023-04-08,1202.1808696209519,-26.307952130518068,-153.12806331878286,-89.39085417165097,ERCO
2023-04-09,1202.315716477079,-35.767761081219014,-152.15961172947738,-86.05134366638254,ERCO
2023-04-10,1202.4505633332058,10.007466702897807,-151.06608642148677,-73.84194361461687,ERCO
2023-04-11,1202.5854101893328,13.004551780361814,-149.84592079804523,-51.47104117164929,ERCO
2023-04-12,1202.7202570454597,13.295091847547097,-148.49768271653392,-43.50266617647276,ERCO
2023-04-13,1202.8551039015867,14.329508039398865,-147.02007703467598,-29.208534906309524,ERCO
2023-04-14,1202.9899507577136,11.397546752776355,-145.41194799889627,-5.342549511593688,ERCO
2023-04-15,1203.1247976138407,-26.307952130518068,-143.67228147176655,77.42443598844397,ERCO
2023-04-16,1203.2596444699677,-35.767761081219014,-141.80020699564443,-73.81667639310422,ERCO
2023-04-17,1203.3944913260946,10.007466702897807,-139.79499968980932,-65.06695833918297,ERCO
2023-04-18,1203.5293381822216,13.004551780361814,-137.65608197859234,-34.004807983990986,ERCO
2023-04-19,1203.6641850383485,13.295091847547097,-135.38302514819816,41.97374826230248,ERCO
2023-04-20,1203.7990318944755,14.329508039398865,-132.97555073011722,45.76801079624306,ERCO
2023-04-21,1203.9338787506024,11.397546752776355,-130.43353170923226,-37.595893794146605,ERCO
2023-04-22,1204.0687256067295,-26.307952130518068,-127.75699355492817,-62.59477992128325,ERCO
2023-04-23,1204.2035724628565,-35.767761081219014,-124.94611507372602,-118.05169630791136,ERCO
2023-04-24,1204.3384193189834,10.007466702897807,-122.0012290821689,-126.30065693971244,ERCO
2023-04-25,1204.4732661751104,13.004551780361814,-118.92282289890268,-86.6089950565696,ERCO
2023-04-26,1204.6081130312373,13.295091847547097,-115.711538655107,-25.188666223677274,ERCO
2023-04-27,1204.7429598873643,14.329508039398865,-112.36817342264548,-69.80929450411782,ERCO
2023-04-28,1204.8778067434912,11.397546752776355,-108.89367915952216,-58.532674336745686,ERCO
2023-04-29,1205.0126535996183,-26.307952130518068,-105.28916247244467,-139.79253899665537,ERCO
2023-04-30,1205.1475004557453,-35.767761081219014,-101.5558841965121,-71.12985517801417,ERCO
2023-05-01,1205.2823473118722,10.007466702897807,-97.69525879226276,-60.809555222507015,ERCO
2023-05-02,1205.4171941679992,13.004551780361814,-93.70885356053071,-36.40289238782998,ERCO
2023-05-03,1205.552041024126,13.295091847547097,-89.59838767577834,-12.360745195894879,ERCO
2023-05-04,1205.6868878802532,14.329508039398865,-85.36573103878672,-1.2916648808654827,ERCO
2023-05-05,1205.82173473638,11.397546752776355,-81.01290294979736,160.39862146064092,ERCO
2023-05-06,1205.956581592507,-26.307952130518068,-76.54207060341577,124.5234411414267,ERCO
2023-05-07,1206.091428448634,-35.767761081219014,-71.95554740679341,47.36388003937873,ERCO
2023-05-08,1206.226275304761,10.007466702897807,-67.2557911228213,91.63004911516259,ERCO
2023-05-09,1206.361122160888,13.004551780361814,-62.44540184026717,3.7647278990173163,ERCO
2023-05-10,1206.4959690170149,13.295091847547097,-57.52711977300345,-35.24494109155853,ERCO
2023-05-11,1206.630815873142,14.329508039398865,-52.503822890667806,74.18649897812679,ERCO
2023-05-12,1206.7656627292688,11.397546752776355,-47.378524383304324,125.38131490125897,ERCO
2023-05-13,1206.9005095853959,-26.307952130518068,-42.15436996272645,-24.825187492151144,ERCO
2023-05-14,1207.035356441523,-35.767761081219014,-36.83463500354016,-56.24896035676352,ERCO
2023-05-15,1207.1702032976498,10.007466702897807,-31.422721526955698,-7.10794847359216,ERCO
2023-05-16,1207.3050501537768,13.004551780361814,-25.9221550307021,-48.407446903436266,ERCO
2023-05-17,1207.4398970099037,13.295091847547097,-20.336581168543958,-26.091407688906884,ERCO
2023-05-18,1207.5747438660308,14.329508039398865,-14.669762283077944,22.679510377648285,ERCO
2023-05-19,1207.7095907221576,11.397546752776355,-8.925573795661364,71.86243632072751,ERCO
2023-05-20,1207.8444375782847,-26.307952130518068,-3.1080004574974964,-46.63848499026926,ERCO
2023-05-21,1207.9792844344117,-35.767761081219014,2.7788675339342603,-127.92739088712688,ERCO
2023-05-22,1208.1141312905386,10.007466702897807,8.730838548752672,-52.39443654218894,ERCO
2023-05-23,1208.2489781466654,13.004551780361814,14.743623664348206,0.8378464086247277,ERCO
2023-05-24,1208.3838250027925,13.295091847547097,20.812840926199073,-17.284757776538527,ERCO
2023-05-25,1208.5186718589196,14.329508039398865,26.934019725026815,-27.11519962334546,ERCO
2023-05-26,1208.6535187150464,11.397546752776355,33.10260528535221,-28.014670753175096,ERCO
2023-05-27,1208.7883655711735,-26.307952130518068,39.31396326037455,-44.82337670102993,ERCO
2023-05-28,1208.9232124273005,-35.767761081219014,45.56338442797309,-70.77283577405456,ERCO
2023-05-29,1209.0580592834274,10.007466702897807,51.84608948250599,-84.81161546883095,ERCO
2023-05-30,1209.1929061395545,13.004551780361814,58.1572339169644,-36.86969183688052,ERCO
2023-05-31,1209.3277529956813,13.295091847547097,64.49191298993568,-2.9527578331640143,ERCO
2023-06-01,1209.4625998518084,14.329508039398865,70.84516677172138,1.4887253370714006,ERCO
2023-06-02,1209.5974467079352,11.397546752776355,77.21198526386438,16.339021275424102,ERCO
2023-06-03,1209.7322935640623,-26.307952130518068,83.58731358624496,-12.98365501978924,ERCO
2023-06-04,1209.8671404201893,-35.767761081219014,89.96605722583033,-106.01543656480044,ERCO
2023-06-05,1210.0019872763162,10.007466702897807,96.3430873410785,-118.70854132029262,ERCO
2023-06-06,1210.1368341324433,13.004551780361814,102.71324611593496,-104.88963202873992,ERCO
2023-06-07,1210.27168098857,13.295091847547097,109.07135215729856,-52.17712499341587,ERCO
2023-06-08,1210.4065278446972,14.329508039398865,115.41220592977385,-58.15524181386991,ERCO
2023-06-09,1210.541374700824,11.397546752776355,121.73059522148836,28.358483324911276,ERCO
2023-06-10,1210.676221556951,-26.307952130518068,128.02130063470543,74.42142993886137,ERCO
2023-06-11,1210.8110684130781,-35.767761081219014,134.27910109493726,70.20359157320377,ERCO
2023-06-12,1210.945915269205,10.007466702897807,140.4987793722339,42.53883865566331,ERCO
2023-06-13,1211.080762125332,13.004551780361814,146.67512760831045,1.3355584859957617,ERCO
2023-06-14,1211.215608981459,13.295091847547097,152.8029528431589,52.70834632783499,ERCO
2023-06-15,1211.350455837586,14.329508039398865,158.8770825347957,124.9739535882195,ERCO
2023-06-16,1211.4853026937128,11.397546752776355,164.89237006579336,103.1557804877175,ERCO
2023-06-17,1211.6201495498399,-26.307952130518068,170.84370023026685,107.24610235041155,ERCO
2023-06-18,1211.754996405967,-35.767761081219014,176.72599469499147,111.97476998026082,ERCO
2023-06-19,1211.8898432620938,10.007466702897807,182.53421742837162,155.61247260663686,ERCO
2023-06-20,1212.0246901182209,13.004551780361814,188.26338009100186,180.03437801041582,ERCO
2023-06-21,1212.1595369743477,13.295091847547097,193.90854738161073,127.15682379649434,ERCO
2023-06-22,1212.2943838304748,14.329508039398865,199.46484233222537,19.056265797901233,ERCO
2023-06-23,1212.4292306866016,11.397546752776355,204.92745154645132,58.63277101417066,ERCO
2023-06-24,1212.5640775427287,-26.307952130518068,210.29163037482408,106.2972442129651,ERCO
2023-06-25,1212.6989243988555,-35.767761081219014,215.5527080212636,155.79012866109974,ERCO
2023-06-26,1212.8337712549826,10.007466702897807,220.70609257473643,158.75166946738295,ERCO
2023-06-27,1212.9686181111097,13.004551780361814,225.7472759603192,162.10555414820965,ERCO
2023-06-28,1213.1034649672365,13.295091847547097,230.6718388039444,140.53360438127197,ERCO
2023-06-29,1213.2383118233636,14.329508039398865,235.47545520521243,127.69172493202518,ERCO
2023-06-30,1213.3731586794904,11.397546752776355,240.15389741275393,88.00039715497928,ERCO
2023-07-01,1213.5080055356175,-26.307952130518068,244.7030403967422,-2.2940938018416546,ERCO
2023-07-02,1213.6428523917446,-35.767761081219014,249.11886631327005,-52.90395762379535,ERCO
2023-07-03,1213.7776992478714,10.007466702897807,253.39746885543306,-7.639634806202139,ERCO
2023-07-04,1213.9125461039985,13.004551780361814,257.5350574860858,-56.956155370445686,ERCO
2023-07-05,1214.0473929601253,13.295091847547097,261.52796154737956,24.845553644947813,ERCO
2023-07-06,1214.1822398162524,14.329508039398865,265.37263424232765,-69.46438209797861,ERCO
2023-07-07,1214.3170866723792,11.397546752776355,269.0656564837941,-79.27428990894964,ERCO
2023-07-08,1214.4519335285063,-26.307952130518068,272.60374060645296,-5.916722004441226,ERCO
2023-07-09,1214.5867803846334,-35.767761081219014,275.98373393742327,4.204246759162743,ERCO
2023-07-10,1214.7216272407602,10.007466702897807,279.20262222145027,49.90628383489184,ERCO
2023-07-11,1214.8564740968873,13.004551780361814,282.2575328966672,59.02344122608406,ERCO
2023-07-12,1214.991320953014,13.295091847547097,285.14573821714873,109.35984898229003,ERCO
2023-07-13,1215.1261678091412,14.329508039398865,287.86465821864147,117.79166593281843,ERCO
2023-07-14,1215.261014665268,11.397546752776355,290.41186352403963,103.12457505791576,ERCO
2023-07-15,1215.395861521395,-26.307952130518068,292.78507798535765,81.9690126237656,ERCO
2023-07-16,1215.5307083775222,-35.767761081219014,294.9821811591438,4.538871544553331,ERCO
2023-07-17,1215.665555233649,10.007466702897807,297.0012106124676,63.35476745098572,ERCO
2023-07-18,1215.800402089776,13.004551780361814,298.8403640568133,112.97668207304923,ERCO
2023-07-19,1215.935248945903,13.295091847547097,300.4980013074092,113.71165789914085,ERCO
2023-07-20,1216.07009580203,14.329508039398865,301.97264606572537,90.45075009284596,ERCO
2023-07-21,1216.2049426581568,11.397546752776355,303.26298752307684,55.03552306598999,ERCO
2023-07-22,1216.339789514284,-26.307952130518068,304.36788178347706,22.621280832757066,ERCO
2023-07-23,1216.474636370411,-35.767761081219014,305.2863531040955,-21.877228393287396,ERCO
2023-07-24,1216.6094832265378,10.007466702897807,306.0175949518843,18.666455118680005,ERCO
2023-07-25,1216.7443300826649,13.004551780361814,306.5609708751539,51.10514726181964,ERCO
2023-07-26,1216.8791769387917,13.295091847547097,306.9160151890885,49.61571602457252,ERCO
2023-07-27,1217.0140237949188,14.329508039398865,307.08243347441237,37.560034691270175,ERCO
2023-07-28,1217.1488706510456,11.397546752776355,307.06010288863,22.988479707548095,ERCO
2023-07-29,1217.2837175071727,-26.307952130518068,306.84907228948464,28.23316233386049,ERCO
2023-07-30,1217.4185643632998,-35.767761081219014,306.4495621704948,55.92263454742465,ERCO
2023-07-31,1217.5534112194266,10.007466702897807,305.8619644086468,104.12015766902869,ERCO
2023-08-01,1217.6882580755537,13.004551780361814,305.08684182453976,128.75134831954483,ERCO
2023-08-02,1217.8231049316805,13.295091847547097,304.12492755549636,126.89787566527639,ERCO
2023-08-03,1217.9579517878076,14.329508039398865,302.9771242423699,133.0934159304236,ERCO
2023-08-04,1218.0927986439344,11.397546752776355,301.6445030309941,145.63515157229517,ERCO
2023-08-05,1218.2276455000615,-26.307952130518068,300.1283023894359,164.9010042410207,ERCO
2023-08-06,1218.3624923561886,-35.767761081219014,298.42992674242794,141.75634198260286,ERCO
2023-08-07,1218.4973392123154,10.007466702897807,296.5509449245647,158.1682491602221,ERCO
2023-08-08,1218.6321860684425,13.004551780361814,294.49308845406165,142.33417369713425,ERCO
2023-08-09,1218.7670329245693,13.295091847547097,292.25824962907956,162.94762559880428,ERCO
2023-08-10,1218.9018797806964,14.329508039398865,289.84847944882495,181.73213273107967,ERCO
2023-08-11,1219.0367266368232,11.397546752776355,287.26598536184054,195.2247412485599,ERCO
2023-08-12,1219.1715734929503,-26.307952130518068,284.51312884409714,202.5492497934706,ERCO
2023-08-13,1219.3064203490774,-35.767761081219014,281.5924228096981,194.34291792244335,ERCO
2023-08-14,1219.4412672052042,10.007466702897807,278.50652885719956,165.5187372346984,ERCO
2023-08-15,1219.5761140613313,13.004551780361814,275.25825435474053,62.26207980356685,ERCO
2023-08-16,1219.7109609174581,13.295091847547097,271.85054936736367,18.625397867631136,ERCO
2023-08-17,1219.8458077735852,14.329508039398865,268.28650343008894,101.27718075692701,ERCO
2023-08-18,1219.980654629712,11.397546752776355,264.5693421704806,168.9394564470308,ERCO
2023-08-19,1220.115501485839,-26.307952130518068,260.70242378462456,183.48602686005438,ERCO
2023-08-20,1220.2503483419662,-35.767761081219014,256.68923537059624,205.00117736865673,ERCO
2023-08-21,1220.385195198093,10.007466702897807,252.53338912367218,199.2399489753368,ERCO
2023-08-22,1220.52004205422,13.004551780361814,248.2386183976889,136.5027877677294,ERCO
2023-08-23,1220.654888910347,13.295091847547097,243.8087736371144,148.30024560499146,ERCO
2023-08-24,1220.789735766474,14.329508039398865,239.24781818453974,169.36693800958756,ERCO
2023-08-25,1220.9245826226008,11.397546752776355,234.55982396844956,191.05804665617325,ERCO
2023-08-26,1221.059429478728,-26.307952130518068,229.74896707625865,188.51255557553168,ERCO
2023-08-27,1221.194276334855,-35.767761081219014,224.81952321773997,158.0919615286241,ERCO
2023-08-28,1221.3291231909818,10.007466702897807,219.7758630840955,71.1245470220249,ERCO
2023-08-29,1221.463970047109,13.004551780361814,214.6224476080346,41.88103056449495,ERCO
2023-08-30,1221.5988169032357,13.295091847547097,209.36382313034437,26.34426811887306,ERCO
2023-08-31,1221.7336637593628,14.329508039398865,204.00461647854047,45.21121172269795,ERCO
2023-09-01,1221.8685106154896,11.397546752776355,198.54952996328512,60.78241266844884,ERCO
2023-09-02,1222.0033574716167,-26.307952130518068,193.0033362983595,50.95025836054174,ERCO
2023-09-03,1222.1382043277438,-35.767761081219014,187.3708734500516,84.98168330342355,ERCO
2023-09-04,1222.2730511838706,10.007466702897807,181.65703942191723,126.32344269131454,ERCO
2023-09-05,1222.4078980399977,13.004551780361814,175.86678698092823,222.31176319871224,ERCO
2023-09-06,1222.5427448961245,13.295091847547097,170.0051183310981,220.15204492523026,ERCO
2023-09-07,1222.6775917522516,14.329508039398865,164.07707974073304,248.52082046761643,ERCO
2023-09-08,1222.8124386083784,11.397546752776355,158.0877561295004,257.48125850934457,ERCO
2023-09-09,1222.9472854645055,-26.307952130518068,152.04226562155935,155.9064010444531,ERCO
2023-09-10,1223.0821323206326,-35.767761081219014,145.94575407102877,69.25287468955776,ERCO
2023-09-11,1223.2169791767594,10.007466702897807,139.80338956610353,9.707164554239398,ERCO
2023-09-12,1223.3518260328865,13.004551780361814,133.6203569181426,-8.096734731390825,ERCO
2023-09-13,1223.4866728890133,13.295091847547097,127.40185214207483,-26.671616878635405,ERCO
2023-09-14,1223.6215197451404,14.329508039398865,121.15307693447534,-58.56610471901445,ERCO
2023-09-15,1223.7563666012672,11.397546752776355,114.87923315565716,-52.20914650970053,ERCO
2023-09-16,1223.8912134573943,-26.307952130518068,108.58551732212227,-68.08677864899846,ERCO
2023-09-17,1224.0260603135214,-35.767761081219014,102.27711511570212,-16.36741434800456,ERCO
2023-09-18,1224.1609071696482,10.007466702897807,95.95919591568301,11.242430211770852,ERCO
2023-09-19,1224.2957540257753,13.004551780361814,89.6369073601997,46.269786833663375,ERCO
2023-09-20,1224.4306008819021,13.295091847547097,83.3153699431243,93.74293732742649,ERCO
2023-09-21,1224.5654477380292,14.329508039398865,76.99967165264734,141.9333725699246,ERCO
2023-09-22,1224.700294594156,11.397546752776355,70.694862657687,189.53629599538067,ERCO
2023-09-23,1224.8351414502831,-26.307952130518068,64.40595004820564,242.73686063202945,ERCO
2023-09-24,1224.9699883064102,-35.767761081219014,58.13789263545023,254.7538801393589,ERCO
2023-09-25,1225.104835162537,10.007466702897807,51.895595818050666,152.97810231651465,ERCO
2023-09-26,1225.239682018664,13.004551780361814,45.683906519837066,116.27785968113699,ERCO
2023-09-27,1225.374528874791,13.295091847547097,39.507608205151286,131.4527710725108,ERCO
2023-09-28,1225.509375730918,14.329508039398865,33.37141597732126,157.44270025236187,ERCO
2023-09-29,1225.6442225870449,11.397546752776355,27.279971765884568,173.71625889429424,ERCO
2023-09-30,1225.779069443172,-26.307952130518068,21.2378396080219,162.48204307932406,ERCO
2023-10-01,1225.913916299299,-35.767761081219014,15.24950102956059,112.55934375235938,ERCO
2023-10-02,1226.0487631554258,10.007466702897807,9.319350530782344,99.71941961089419,ERCO
2023-10-03,1226.183610011553,13.004551780361814,3.4516911821423264,82.30214702594299,ERCO
2023-10-04,1226.3184568676797,13.295091847547097,-2.349269665118726,172.5127209498919,ERCO
2023-10-05,1226.4533037238068,14.329508039398865,-8.079424548635984,-11.837387214569844,ERCO
2023-10-06,1226.5881505799337,11.397546752776355,-13.734769940157605,-41.37292739255258,ERCO
2023-10-07,1226.7229974360607,-26.307952130518068,-19.311410161808126,-162.41963514373447,ERCO
2023-10-08,1226.8578442921878,-35.767761081219014,-24.80556116899359,-180.19352204197492,ERCO
2023-10-09,1226.9926911483146,10.007466702897807,-30.213554195707403,-103.56360365550518,ERCO
2023-10-10,1227.1275380044417,13.004551780361814,-35.53183925817629,-68.24025052662705,ERCO
2023-10-11,1227.2623848605685,13.295091847547097,-40.75698851294358,-99.25948819517225,ERCO
2023-10-12,1227.3972317166956,14.329508039398865,-45.88569946566572,-51.872040290428686,ERCO
2023-10-13,1227.5320785728225,11.397546752776355,-50.914798027077126,22.061172701478426,ERCO
2023-10-14,1227.6669254289495,-26.307952130518068,-55.84124141275391,-140.68273188567764,ERCO
2023-10-15,1227.8017722850766,-35.767761081219014,-60.66212088350549,-176.07589032035185,ERCO
2023-10-16,1227.9366191412034,10.007466702897807,-65.37466432339687,-180.07442152070428,ERCO
2023-10-17,1228.0714659973305,13.004551780361814,-69.97623865261346,-157.5727791250788,ERCO
2023-10-18,1228.2063128534573,13.295091847547097,-74.46435207256583,-112.8390526284386,ERCO
2023-10-19,1228.3411597095844,14.329508039398865,-78.83665614083412,-60.129011608149085,ERCO
2023-10-20,1228.4760065657113,11.397546752776355,-83.09094767375825,-19.84660564472938,ERCO
2023-10-21,1228.6108534218383,-26.307952130518068,-87.22517047468014,5.977269183360022,ERCO
2023-10-22,1228.7457002779654,-35.767761081219014,-91.23741688604903,52.526477689302965,ERCO
2023-10-23,1228.8805471340922,10.007466702897807,-95.12592916382255,78.28991532683244,ERCO
2023-10-24,1229.0153939902193,13.004551780361814,-98.88910067278704,65.27315490220599,ERCO
2023-10-25,1229.1502408463462,13.295091847547097,-102.5254769016545,75.74114420776141,ERCO
2023-10-26,1229.2850877024732,14.329508039398865,-106.03375629698944,79.69516055511758,ERCO
2023-10-27,1229.4199345586,11.397546752776355,-109.41279091524606,121.85030960386962,ERCO
2023-10-28,1229.5547814147271,-26.307952130518068,-112.6615868924055,56.37875760819634,ERCO
2023-10-29,1229.689628270854,-35.767761081219014,-115.77930473091826,31.902437541283234,ERCO
2023-10-30,1229.824475126981,10.007466702897807,-118.76525940387914,-3.4826824259994282,ERCO
2023-10-31,1229.959321983108,13.004551780361814,-121.61892027657241,-21.90595348689726,ERCO
2023-11-01,1230.094168839235,13.295091847547097,-124.33991084574205,-21.956349841040037,ERCO
2023-11-02,1230.229015695362,14.329508039398865,-126.92800829716187,-38.016515437598855,ERCO
2023-11-03,1230.3638625514889,11.397546752776355,-129.38314288228906,-73.23926642197625,ERCO
2023-11-04,1230.498709407616,-26.307952130518068,-131.7053971150035,-72.50436016209437,ERCO
2023-11-05,1230.633556263743,-35.767761081219014,-133.8950047896434,-4.882790392880452,ERCO
2023-11-06,1230.7684031198698,10.007466702897807,-135.9523498217635,-4.0945200010041845,ERCO
2023-11-07,1230.903249975997,13.004551780361814,-137.87796491324866,35.172163156890065,ERCO
2023-11-08,1231.0380968321238,13.295091847547097,-139.67253004362044,56.84334136394932,ERCO
2023-11-09,1231.1729436882508,14.329508039398865,-141.336870789587,-11.560580938062685,ERCO
2023-11-10,1231.3077905443777,11.397546752776355,-142.87195647508082,-72.57538082207338,ERCO
2023-11-11,1231.4426374005047,-26.307952130518068,-144.27889815423242,-77.29678711575411,ERCO
2023-11-12,1231.5774842566318,-35.767761081219014,-145.55894642992666,-70.0987767454858,ERCO
2023-11-13,1231.7123311127586,10.007466702897807,-146.71348911077823,-78.85230870487817,ERCO
2023-11-14,1231.8471779688857,13.004551780361814,-147.7440487095554,-83.74768103969211,ERCO
2023-11-15,1231.9820248250126,13.295091847547097,-148.65227978626655,-80.52183688629327,ERCO
2023-11-16,1232.1168716811396,14.329508039398865,-149.439966139308,-70.11641358123029,ERCO
2023-11-17,1232.2517185372665,11.397546752776355,-150.10901784824904,-55.42224744179384,ERCO
2023-11-18,1232.3865653933935,-26.307952130518068,-150.66146817200325,-57.2241450908723,ERCO
2023-11-19,1232.5214122495206,-35.767761081219014,-151.09947030630894,-53.063180861992464,ERCO
2023-11-20,1232.6562591056475,10.007466702897807,-151.42529400460091,-25.22843180394443,ERCO
2023-11-21,1232.7911059617745,13.004551780361814,-151.64132206652107,-43.71633567561503,ERCO
2023-11-22,1232.9259528179014,13.295091847547097,-151.75004669846712,-5.5479979669812565,ERCO
2023-11-23,1233.0607996740284,14.329508039398865,-151.75406575072924,-58.580241962697755,ERCO
2023-11-24,1233.1956465301553,11.397546752776355,-151.65607883590943,-92.81511444702244,ERCO
2023-11-25,1233.3304933862823,-26.307952130518068,-151.4588833334564,-50.36265792230779,ERCO
2023-11-26,1233.4653402424094,-35.767761081219014,-151.16537028528143,-0.16720887590872735,ERCO
2023-11-27,1233.6001870985363,10.007466702897807,-150.778520187548,72.34686638611402,ERCO
2023-11-28,1233.7350339546633,13.004551780361814,-150.30139868384896,7.509812948823992,ERCO
2023-11-29,1233.8698808107902,13.295091847547097,-149.73715216509873,9.659179506761348,ERCO
2023-11-30,1234.0047276669172,14.329508039398865,-149.08900328157694,-46.67523242473908,ERCO
2023-12-01,1234.139574523044,11.397546752776355,-148.36024637266212,-60.7078749031582,ERCO
2023-12-02,1234.2744213791711,-26.307952130518068,-147.55424281988675,-32.31422642876623,ERCO
2023-12-03,1234.4092682352982,-35.767761081219014,-146.67441632903734,-35.89709082504157,ERCO
2023-12-04,1234.544115091425,10.007466702897807,-145.72424814709953,-43.66133364722327,ERCO
2023-12-05,1234.6789619475521,13.004551780361814,-144.70727221992854,-33.48324150798544,ERCO
2023-12-06,1234.813808803679,13.295091847547097,-143.62707029658733,-37.324830354638834,ERCO
2023-12-07,1234.948655659806,14.329508039398865,-142.48726698635997,-30.06389671284478,ERCO
2023-12-08,1235.0835025159329,11.397546752776355,-141.29152477449657,-48.35352449421271,ERCO
2023-12-09,1235.21834937206,-26.307952130518068,-140.04353900279705,-28.048858238744742,ERCO
2023-12-10,1235.353196228187,-35.767761081219014,-138.7470328211755,22.17259767420751,ERCO
2023-12-11,1235.4880430843139,10.007466702897807,-137.4057521163794,55.14824232916794,ERCO
2023-12-12,1235.622889940441,13.004551780361814,-136.02346042406523,-2.6519812967374037,ERCO
2023-12-13,1235.7577367965678,13.295091847547097,-134.60393383044317,-13.264894813671617,ERCO
2023-12-14,1235.8925836526948,14.329508039398865,-133.1509558697177,-28.744135822376165,ERCO
2023-12-15,1236.0274305088217,11.397546752776355,-131.66831242354976,-49.8116648380485,ERCO
2023-12-16,1236.1622773649487,-26.307952130518068,-130.15978662876216,-22.219538605668504,ERCO
2023-12-17,1236.2971242210758,-35.767761081219014,-128.62915379949524,1.282790659638522,ERCO
2023-12-18,1236.4319710772027,10.007466702897807,-127.08017637000258,-21.323261410097757,ERCO
2023-12-19,1236.5668179333297,13.004551780361814,-125.51659886424328,7.968229150551679,ERCO
2023-12-20,1236.7016647894566,13.295091847547097,-123.942142898399,-44.85461373860471,ERCO
2023-12-21,1236.8365116455836,14.329508039398865,-122.36050222239581,-80.24651746258678,ERCO
2023-12-22,1236.9713585017105,11.397546752776355,-120.77533780646347,-104.38856744802331,ERCO
2023-12-23,1237.1062053578376,-26.307952130518068,-119.19027297870998,-86.8759802486095,ERCO
2023-12-24,1237.2410522139646,-35.767761081219014,-117.60888861961904,-96.79840251312635,ERCO
2023-12-25,1237.3758990700915,10.007466702897807,-116.03471841931675,-95.26264735367249,ERCO
2023-12-26,1237.5107459262185,13.004551780361814,-114.47124420336384,-4.79105350321629,ERCO
2023-12-27,1237.6455927823454,13.295091847547097,-112.92189133275716,-4.866793297135246,ERCO
2023-12-28,1237.7804396384724,14.329508039398865,-111.39002418372199,22.14707650585069,ERCO
2023-12-29,1237.9152864945993,11.397546752776355,-109.87894171278626,40.848108465410405,ERCO
2023-12-30,1238.0501333507264,-26.307952130518068,-108.39187311251821,14.61569189230977,ERCO
2023-12-31,1238.1849802068534,-35.767761081219014,-106.9319735631991,-37.833245562435195,ERCO
2024-01-01,1238.3198270629803,10.007466702897807,-105.14998548314232,-54.715308282735805,ERCO
2024-01-02,1238.4546739191073,13.004551780361814,-103.76234105223087,69.49611535276154,ERCO
2024-01-03,1238.5895207752342,13.295091847547097,-102.41155946734986,19.996946844568583,ERCO
2024-01-04,1238.7243676313612,14.329508039398865,-101.10043640461076,14.955560733850689,ERCO
2024-01-05,1238.859214487488,11.397546752776355,-99.83167299705947,-25.297088243205053,ERCO
2024-01-06,1238.9940613436152,-26.307952130518068,-98.60787229757631,15.865763084479113,ERCO
2024-01-07,1239.1289081997422,-35.767761081219014,-97.43153587204883,20.042388753525756,ERCO
2024-01-08,1239.263755055869,10.007466702897807,-96.30506052694591,-16.524161231820926,ERCO
2024-01-09,1239.3986019119961,13.004551780361814,-95.23073517525931,96.30758148290147,ERCO
2024-01-10,1239.533448768123,13.295091847547097,-94.21073784460911,54.94819722893908,ERCO
2024-01-11,1239.66829562425,14.329508039398865,-93.24713283113844,-49.86067083251032,ERCO
2024-01-12,1239.803142480377,11.397546752776355,-92.34186800264547,18.24117876949208,ERCO
2024-01-13,1239.937989336504,-26.307952130518068,-91.49677225421911,115.90373504823333,ERCO
2024-01-14,1240.072836192631,-35.767761081219014,-90.71355311946131,411.0994780080496,ERCO
2024-01-15,1240.2076830487579,10.007466702897807,-89.99379454018907,579.5766447885335,ERCO
2024-01-16,1240.342529904885,13.004551780361814,-89.33895479731807,551.5028731120715,ERCO
2024-01-17,1240.4773767610118,13.295091847547097,-88.75036460543411,402.63989599687534,ERCO
2024-01-18,1240.6122236171389,14.329508039398865,-88.22922537336134,54.025493716823576,ERCO
2024-01-19,1240.7470704732657,11.397546752776355,-87.77660763283355,179.80999040679148,ERCO
2024-01-20,1240.8819173293928,-26.307952130518068,-87.39344963717393,347.84848443829924,ERCO
2024-01-21,1241.0167641855198,-35.767761081219014,-87.08055613168037,303.66355302737975,ERCO
2024-01-22,1241.1516110416467,10.007466702897807,-86.83859729720766,129.0165195526631,ERCO
2024-01-23,1241.2864578977737,13.004551780361814,-86.66810786822718,-15.465901809908473,ERCO
2024-01-24,1241.4213047539006,13.295091847547097,-86.5694864264347,-55.169910175013,ERCO
2024-01-25,1241.5561516100277,14.329508039398865,-86.54299487076369,-89.41166477866273,ERCO
2024-01-26,1241.6909984661545,11.397546752776355,-86.58875806444881,-72.17378715448194,ERCO
2024-01-27,1241.8258453222816,-26.307952130518068,-86.7067636595701,-43.68512953219329,ERCO
2024-01-28,1241.9606921784086,-35.767761081219014,-86.8968620992934,-14.935068997895996,ERCO
2024-01-29,1242.0955390345355,10.007466702897807,-87.15876679780865,-67.44523893962469,ERCO
2024-01-30,1242.2303858906625,13.004551780361814,-87.49205449775131,-111.66588317327296,ERCO
2024-01-31,1242.3652327467894,13.295091847547097,-87.89616580467957,-127.4031587896568,ERCO
2024-02-01,1242.5000796029165,14.329508039398865,-88.37040589796362,-144.6201817443515,ERCO
2024-02-02,1242.6349264590433,11.397546752776355,-88.9139454172325,-148.72252779458722,ERCO
2024-02-03,1242.7697733151704,-26.307952130518068,-89.5258215233089,-145.00599966134348,ERCO
2024-02-04,1242.9046201712974,-35.767761081219014,-90.20493913235421,-115.19991995772398,ERCO
2024-02-05,1243.0394670274243,10.007466702897807,-90.95007232173393,-109.50486140858811,ERCO
2024-02-06,1243.1743138835513,13.004551780361814,-91.7598659059078,-104.7919997580052,ERCO
2024-02-07,1243.3091607396782,13.295091847547097,-92.63283718044217,-115.71641540678297,ERCO
2024-02-08,1243.4440075958053,14.329508039398865,-93.56737783203894,-135.5121378031654,ERCO
2024-02-09,1243.578854451932,11.397546752776355,-94.56175601227471,-120.76664519243377,ERCO
2024-02-10,1243.7137013080592,-26.307952130518068,-95.61411857254534,-114.69963060499583,ERCO
2024-02-11,1243.8485481641862,-35.767761081219014,-96.72249345751541,-63.00329362545153,ERCO
2024-02-12,1243.983395020313,10.007466702897807,-97.88479225418143,-28.823069469029633,ERCO
2024-02-13,1244.1182418764402,13.004551780361814,-99.09881289346735,-41.90698076333456,ERCO
2024-02-14,1244.253088732567,13.295091847547097,-100.36224250108717,-85.76993807902704,ERCO
2024-02-15,1244.387935588694,14.329508039398865,-101.67266039422822,-136.7167832338646,ERCO
2024-02-16,1244.522782444821,11.397546752776355,-103.02754122043115,-128.3647879771661,ERCO
2024-02-17,1244.657629300948,-26.307952130518068,-104.42425823487102,59.76558106444122,ERCO
2024-02-18,1244.792476157075,-35.767761081219014,-105.86008671207473,63.92337163621892,ERCO
2024-02-19,1244.9273230132019,10.007466702897807,-107.33220748794793,-13.446582228151783,ERCO
2024-02-20,1245.062169869329,13.004551780361814,-108.83771062782404,-82.8810110218667,ERCO
2024-02-21,1245.1970167254558,13.295091847547097,-110.37359921609753,-110.21450935690541,ERCO
2024-02-22,1245.3318635815829,14.329508039398865,-111.93679326285242,-96.14657835812909,ERCO
2024-02-23,1245.4667104377097,11.397546752776355,-113.52413372275683,-134.32412346772924,ERCO
2024-02-24,1245.6015572938368,-26.307952130518068,-115.13238662135592,-109.87721854196286,ERCO
2024-02-25,1245.7364041499638,-35.767761081219014,-116.75824728376462,-86.71739578497989,ERCO
2024-02-26,1245.8712510060907,10.007466702897807,-118.39834466063735,-34.76637304835117,ERCO
2024-02-27,1246.0060978622178,13.004551780361814,-120.04924574617081,-14.971403896408674,ERCO
2024-02-28,1246.1409447183446,13.295091847547097,-121.70746008278493,-55.17357648310667,ERCO
2024-02-29,1246.2757915744717,14.329508039398865,-123.3694443470194,6.625144733149227,ERCO
2024-03-01,1246.4106384305985,11.397546752776355,-125.03160701108334,-54.01757817229168,ERCO
2024-03-02,1246.5454852867256,-26.307952130518068,-126.69031307440288,-75.29322008180463,ERCO
2024-03-03,1246.6803321428526,-35.767761081219014,-128.3418888594236,-50.79068220220984,ERCO
2024-03-04,1246.8151789989795,10.007466702897807,-129.98262686584616,-16.420018836031204,ERCO
2024-03-05,1246.9500258551066,13.004551780361814,-131.60879067739938,-14.420786958068902,ERCO
2024-03-06,1247.0848727112334,13.295091847547097,-133.21661991519096,-47.25434464358955,ERCO
2024-03-07,1247.2197195673605,14.329508039398865,-134.80233523161377,-55.896892375145626,ERCO
2024-03-08,1247.3545664234873,11.397546752776355,-136.36214333873937,-31.249969837524304,ERCO
2024-03-09,1247.4894132796144,-26.307952130518068,-137.89224206507998,-78.66621908401635,ERCO
2024-03-10,1247.6242601357415,-35.767761081219014,-139.38882543456782,-131.2726736199544,ERCO
2024-03-11,1247.7591069918683,10.007466702897807,-140.8480887615691,-102.98348493319713,ERCO
2024-03-12,1247.8939538479954,13.004551780361814,-142.26623375572632,-82.22727187263081,ERCO
2024-03-13,1248.0288007041222,13.295091847547097,-143.63947363041075,-15.420418921258715,ERCO
2024-03-14,1248.1636475602493,14.329508039398865,-144.9640382085555,15.350882608907568,ERCO
2024-03-15,1248.2984944163761,11.397546752776355,-146.23617901964346,-21.957862149509083,ERCO
2024-03-16,1248.4333412725032,-26.307952130518068,-147.45217438162751,-63.5672147603575,ERCO
2024-03-17,1248.5681881286303,-35.767761081219014,-148.60833446157898,-61.46509258583217,ERCO
2024-03-18,1248.703034984757,10.007466702897807,-149.7010063088797,-80.3084953787752,ERCO
2024-03-19,1248.8378818408842,13.004551780361814,-150.7265788548035,-70.91385476644246,ERCO
2024-03-20,1248.972728697011,13.295091847547097,-151.68148787236993,-87.48933267218831,ERCO
2024-03-21,1249.107575553138,14.329508039398865,-152.56222089039687,-79.23386270213996,ERCO
2024-03-22,1249.242422409265,11.397546752776355,-153.36532205572968,-54.97464710631152,ERCO
2024-03-23,1249.377269265392,-26.307952130518068,-154.08739693768393,-72.63692019718997,ERCO
2024-03-24,1249.512116121519,-35.767761081219014,-154.72511726880396,-63.30723777149592,ERCO
2024-03-25,1249.646962977646,10.007466702897807,-155.27522561611147,-47.033204064432084,ERCO
2024-03-26,1249.7818098337727,13.004551780361814,-155.7345399770998,-74.6228216370348,ERCO
2024-03-27,1249.9166566898998,13.295091847547097,-156.09995829481426,-69.15379024263257,ERCO
2024-03-28,1250.0515035460269,14.329508039398865,-156.36846288645353,-64.24654869897222,ERCO
2024-03-29,1250.1863504021537,11.397546752776355,-156.5371247800255,-69.72977237490454,ERCO
2024-03-30,1250.3211972582808,-26.307952130518068,-156.6031079537001,-37.11613717406249,ERCO
2024-03-31,1250.4560441144079,-35.767761081219014,-156.5636734726109,-10.6016095605778,ERCO
2024-04-01,1250.5908909705347,10.007466702897807,-156.41618351798024,48.706825844547666,ERCO
2024-04-02,1250.7257378266618,13.004551780361814,-156.15810530356453,-31.978184303458875,ERCO
2024-04-03,1250.8605846827886,13.295091847547097,-155.78701487455027,-82.02266165578544,ERCO
2024-04-04,1250.9954315389157,14.329508039398865,-155.30060078416733,-44.0903387941471,ERCO
2024-04-05,1251.1302783950425,11.397546752776355,-154.69666764342816,-7.712157504390916,ERCO
2024-04-06,1251.2651252511696,-26.307952130518068,-153.9731395395517,-10.748033581099662,ERCO
2024-04-07,1251.3999721072967,-35.767761081219014,-153.12806331878286,15.61385229270536,ERCO
2024-04-08,1251.5348189634235,10.007466702897807,-152.15961172947738,20.332326063155733,ERCO
2024-04-09,1251.6696658195506,13.004551780361814,-151.06608642148677,26.877868821574566,ERCO
2024-04-10,1251.8045126756774,13.295091847547097,-149.84592079804523,-61.831683725179346,ERCO
2024-04-11,1251.9393595318045,14.329508039398865,-148.49768271653392,-75.84918485466937,ERCO
2024-04-12,1252.0742063879313,11.397546752776355,-147.02007703467598,-59.972676106031486,ERCO
2024-04-13,1252.2090532440584,-26.307952130518068,-145.41194799889627,-25.785153114644118,ERCO
2024-04-14,1252.3439001001855,-35.767761081219014,-143.67228147176655,27.76014245280021,ERCO
2024-04-15,1252.4787469563123,10.007466702897807,-141.80020699564443,49.06899333643423,ERCO
2024-04-16,1252.6135938124391,13.004551780361814,-139.79499968980932,60.89685409700837,ERCO
2024-04-17,1252.7484406685662,13.295091847547097,-137.65608197859234,91.25554946247894,ERCO
2024-04-18,1252.8832875246933,14.329508039398865,-135.38302514819816,119.61722958410587,ERCO
2024-04-19,1253.0181343808201,11.397546752776355,-132.97555073011722,7.91286959652075,ERCO
2024-04-20,1253.1529812369472,-26.307952130518068,-130.43353170923226,-19.88949739719692,ERCO
2024-04-21,1253.2878280930743,-35.767761081219014,-127.75699355492817,-110.197073456927,ERCO
2024-04-22,1253.422674949201,10.007466702897807,-124.94611507372602,-109.85302657837269,ERCO
2024-04-23,1253.5575218053282,13.004551780361814,-122.0012290821689,-74.0488445035212,ERCO
2024-04-24,1253.692368661455,13.295091847547097,-118.92282289890268,16.074362389900216,ERCO
2024-04-25,1253.827215517582,14.329508039398865,-115.711538655107,32.9898150981262,ERCO
2024-04-26,1253.962062373709,11.397546752776355,-112.36817342264548,45.76456429616019,ERCO
2024-04-27,1254.096909229836,-26.307952130518068,-108.89367915952216,84.73272206020397,ERCO
2024-04-28,1254.231756085963,-35.767761081219014,-105.28916247244467,23.638167467700896,ERCO
2024-04-29,1254.36660294209,10.007466702897807,-101.5558841965121,71.71481455152434,ERCO
2024-04-30,1254.501449798217,13.004551780361814,-97.69525879226276,92.32925721368429,ERCO
2024-05-01,1254.6362966543438,13.295091847547097,-93.70885356053071,62.44846505863984,ERCO
2024-05-02,1254.771143510471,14.329508039398865,-89.59838767577834,28.898736125908727,ERCO
2024-05-03,1254.9059903665977,11.397546752776355,-85.36573103878672,26.224193919412528,ERCO
2024-05-04,1255.0408372227248,-26.307952130518068,-81.01290294979736,17.672017857590617,ERCO
2024-05-05,1255.1756840788519,-35.767761081219014,-76.54207060341577,-10.357852394217161,ERCO
2024-05-06,1255.3105309349787,10.007466702897807,-71.95554740679341,83.24154976891714,ERCO
2024-05-07,1255.4453777911058,13.004551780361814,-67.2557911228213,152.9518615513539,ERCO
2024-05-08,1255.5802246472326,13.295091847547097,-62.44540184026717,181.2240853454873,ERCO
2024-05-09,1255.7150715033597,14.329508039398865,-57.52711977300345,136.31254023024485,ERCO
2024-05-10,1255.8499183594865,11.397546752776355,-52.503822890667806,19.830357778404732,ERCO
2024-05-11,1255.9847652156136,-26.307952130518068,-47.378524383304324,-50.046288701791354,ERCO
2024-05-12,1256.1196120717407,-35.767761081219014,-42.15436996272645,-68.79048102779507,ERCO
2024-05-13,1256.2544589278675,10.007466702897807,-36.83463500354016,-27.675290627225195,ERCO
2024-05-14,1256.3893057839944,13.004551780361814,-31.422721526955698,-8.531136037400529,ERCO
2024-05-15,1256.5241526401214,13.295091847547097,-25.9221550307021,55.26491054303369,ERCO
2024-05-16,1256.6589994962485,14.329508039398865,-20.336581168543958,-70.99792636710322,ERCO
2024-05-17,1256.7938463523753,11.397546752776355,-14.669762283077944,-141.02063082207383,ERCO
2024-05-18,1256.9286932085024,-26.307952130518068,-8.925573795661364,29.37183271767708,ERCO
2024-05-19,1257.0635400646295,-35.767761081219014,-3.1080004574974964,115.66122147408691,ERCO
2024-05-20,1257.1983869207563,10.007466702897807,2.7788675339342603,129.2502788424115,ERCO
2024-05-21,1257.3332337768834,13.004551780361814,8.730838548752672,158.68137589400249,ERCO
2024-05-22,1257.4680806330102,13.295091847547097,14.743623664348206,125.94320385509468,ERCO
2024-05-23,1257.6029274891373,14.329508039398865,20.812840926199073,116.99472354526483,ERCO
2024-05-24,1257.7377743452641,11.397546752776355,26.934019725026815,157.3506591769326,ERCO
2024-05-25,1257.8726212013912,-26.307952130518068,33.10260528535221,164.71372564377475,ERCO
2024-05-26,1258.0074680575183,-35.767761081219014,39.31396326037455,185.69732976332625,ERCO
2024-05-27,1258.1423149136451,10.007466702897807,45.56338442797309,173.52683395548388,ERCO
2024-05-28,1258.2771617697722,13.004551780361814,51.84608948250599,17.708196967360436,ERCO
2024-05-29,1258.412008625899,13.295091847547097,58.1572339169644,0.2996656095892831,ERCO
2024-05-30,1258.546855482026,14.329508039398865,64.49191298993568,23.82572348863937,ERCO
2024-05-31,1258.681702338153,11.397546752776355,70.84516677172138,-68.4234158626507,ERCO
2024-06-01,1258.81654919428,-26.307952130518068,77.21198526386438,-22.84758232762624,ERCO
2024-06-02,1258.951396050407,-35.767761081219014,83.58731358624496,50.823051444567,ERCO
2024-06-03,1259.086242906534,10.007466702897807,89.96605722583033,84.33823316473786,ERCO
2024-06-04,1259.221089762661,13.004551780361814,96.3430873410785,132.59727111589882,ERCO
2024-06-05,1259.3559366187878,13.295091847547097,102.71324611593496,33.81072541772983,ERCO
2024-06-06,1259.490783474915,14.329508039398865,109.07135215729856,65.99435632838754,ERCO
2024-06-07,1259.6256303310417,11.397546752776355,115.41220592977385,111.66261698640801,ERCO
2024-06-08,1259.7604771871688,-26.307952130518068,121.73059522148836,129.79987972186086,ERCO
2024-06-09,1259.895324043296,-35.767761081219014,128.02130063470543,106.2051364032177,ERCO
2024-06-10,1260.0301708994227,10.007466702897807,134.27910109493726,27.340261302742192,ERCO
2024-06-11,1260.1650177555498,13.004551780361814,140.4987793722339,-29.989348908145075,ERCO
2024-06-12,1260.2998646116766,13.295091847547097,146.67512760831045,-1.0450840675343898,ERCO
2024-06-13,1260.4347114678037,14.329508039398865,152.8029528431589,62.40282764963854,ERCO
2024-06-14,1260.5695583239306,11.397546752776355,158.8770825347957,77.34281238849735,ERCO
2024-06-15,1260.7044051800576,-26.307952130518068,164.89237006579336,70.38217688466716,ERCO
2024-06-16,1260.8392520361847,-35.767761081219014,170.84370023026685,90.35780881476762,ERCO
2024-06-17,1260.9740988923115,10.007466702897807,176.72599469499147,105.06443970979922,ERCO
2024-06-18,1261.1089457484386,13.004551780361814,182.53421742837162,41.78028504282838,ERCO
2024-06-19,1261.2437926045654,13.295091847547097,188.26338009100186,-110.57026454311449,ERCO
2024-06-20,1261.3786394606925,14.329508039398865,193.90854738161073,-29.810694881702148,ERCO
2024-06-21,1261.5134863168194,11.397546752776355,199.46484233222537,11.717124598179225,ERCO
2024-06-22,1261.6483331729464,-26.307952130518068,204.92745154645132,34.35016741112031,ERCO
2024-06-23,1261.7831800290735,-35.767761081219014,210.29163037482408,56.33395067732158,ERCO
2024-06-24,1261.9180268852003,10.007466702897807,215.5527080212636,97.09079839063838,ERCO
2024-06-25,1262.0528737413274,13.004551780361814,220.70609257473643,123.2484819035742,ERCO
2024-06-26,1262.1877205974542,13.295091847547097,225.7472759603192,125.83491159467962,ERCO
2024-06-27,1262.3225674535813,14.329508039398865,230.6718388039444,113.27808570307548,ERCO
2024-06-28,1262.4574143097082,11.397546752776355,235.47545520521243,130.50258373230326,ERCO
2024-06-29,1262.5922611658352,-26.307952130518068,240.15389741275393,145.38079355192895,ERCO
2024-06-30,1262.7271080219623,-35.767761081219014,244.7030403967422,119.3486126625146,ERCO
2024-07-01,1262.8619548780891,10.007466702897807,249.11886631327005,113.58771210574332,ERCO
2024-07-02,1262.996801734216,13.004551780361814,253.39746885543306,112.43417762998911,ERCO
2024-07-03,1263.131648590343,13.295091847547097,257.5350574860858,89.63720207602432,ERCO
2024-07-04,1263.2664954464701,14.329508039398865,261.52796154737956,58.637034966751344,ERCO
2024-07-05,1263.401342302597,11.397546752776355,265.37263424232765,-30.724523297700898,ERCO
2024-07-06,1263.536189158724,-26.307952130518068,269.0656564837941,-79.77889351199997,ERCO
2024-07-07,1263.671036014851,-35.767761081219014,272.60374060645296,-103.08601554008465,ERCO
2024-07-08,1263.805882870978,10.007466702897807,275.98373393742327,-357.43708351129885,ERCO
2024-07-09,1263.940729727105,13.004551780361814,279.20262222145027,-274.20590372891684,ERCO
2024-07-10,1264.0755765832319,13.295091847547097,282.2575328966672,-195.51820132744615,ERCO
2024-07-11,1264.210423439359,14.329508039398865,285.14573821714873,-175.15166969590632,ERCO
2024-07-12,1264.3452702954858,11.397546752776355,287.86465821864147,-189.64147526690385,ERCO
2024-07-13,1264.4801171516128,-26.307952130518068,290.41186352403963,-179.67802854513457,ERCO
2024-07-14,1264.61496400774,-35.767761081219014,292.78507798535765,-108.67328091187824,ERCO
2024-07-15,1264.7498108638667,10.007466702897807,294.9821811591438,-30.091458725908296,ERCO
2024-07-16,1264.8846577199938,13.004551780361814,297.0012106124676,0.9865798871769584,ERCO
2024-07-17,1265.0195045761207,13.295091847547097,298.8403640568133,-62.054960480480986,ERCO
2024-07-18,1265.1543514322477,14.329508039398865,300.4980013074092,-154.35586077905577,ERCO
2024-07-19,1265.2891982883746,11.397546752776355,301.97264606572537,-131.7273911068762,ERCO
2024-07-20,1265.4240451445016,-26.307952130518068,303.26298752307684,-114.71908053706034,ERCO
2024-07-21,1265.5588920006287,-35.767761081219014,304.36788178347706,-155.4840127028865,ERCO
2024-07-22,1265.6937388567555,10.007466702897807,305.2863531040955,-201.99955866374899,ERCO
2024-07-23,1265.8285857128826,13.004551780361814,306.0175949518843,-246.92073244512858,ERCO
2024-07-24,1265.9634325690095,13.295091847547097,306.5609708751539,-211.36449529171045,ERCO
2024-07-25,1266.0982794251365,14.329508039398865,306.9160151890885,-222.03880265362386,ERCO
2024-07-26,1266.2331262812634,11.397546752776355,307.08243347441237,-251.08310650845215,ERCO
2024-07-27,1266.3679731373904,-26.307952130518068,307.06010288863,-218.66812389550228,ERCO
2024-07-28,1266.5028199935175,-35.767761081219014,306.84907228948464,-146.38313120178304,ERCO
2024-07-29,1266.6376668496443,10.007466702897807,306.4495621704948,-15.666695723036582,ERCO
2024-07-30,1266.7725137057712,13.004551780361814,305.8619644086468,9.072970105220065,ERCO
2024-07-31,1266.9073605618983,13.295091847547097,305.08684182453976,17.99470576601516,ERCO
2024-08-01,1267.0422074180253,14.329508039398865,304.12492755549636,-12.403643012920156,ERCO
2024-08-02,1267.1770542741522,11.397546752776355,302.9771242423699,20.414274730701436,ERCO
2024-08-03,1267.3119011302792,-26.307952130518068,301.6445030309941,28.106547969244957,ERCO
2024-08-04,1267.4467479864063,-35.767761081219014,300.1283023894359,-16.14928929462303,ERCO
2024-08-05,1267.5815948425331,10.007466702897807,298.42992674242794,-8.402988287858534,ERCO
2024-08-06,1267.7164416986602,13.004551780361814,296.5509449245647,16.825061596413434,ERCO
2024-08-07,1267.851288554787,13.295091847547097,294.49308845406165,69.9685311436042,ERCO
2024-08-08,1267.9861354109141,14.329508039398865,292.25824962907956,89.74310692060772,ERCO
2024-08-09,1268.120982267041,11.397546752776355,289.84847944882495,35.58899153135758,ERCO
2024-08-10,1268.255829123168,-26.307952130518068,287.26598536184054,19.092137645509638,ERCO
2024-08-11,1268.390675979295,-35.767761081219014,284.51312884409714,61.80695625782687,ERCO
2024-08-12,1268.525522835422,10.007466702897807,281.5924228096981,87.31458765198204,ERCO
2024-08-13,1268.660369691549,13.004551780361814,278.50652885719956,100.27954967088999,ERCO
2024-08-14,1268.7952165476759,13.295091847547097,275.25825435474053,106.60643725003638,ERCO
2024-08-15,1268.930063403803,14.329508039398865,271.85054936736367,118.03687918943456,ERCO
2024-08-16,1269.0649102599298,11.397546752776355,268.28650343008894,137.32803955720487,ERCO
2024-08-17,1269.1997571160568,-26.307952130518068,264.5693421704806,139.76185284398048,ERCO
2024-08-18,1269.334603972184,-35.767761081219014,260.70242378462456,148.0737333244108,ERCO
2024-08-19,1269.4694508283108,10.007466702897807,256.68923537059624,150.39884709819535,ERCO
2024-08-20,1269.6042976844376,13.004551780361814,252.53338912367218,154.76676141152848,ERCO
2024-08-21,1269.7391445405647,13.295091847547097,248.2386183976889,156.66714521419954,ERCO
2024-08-22,1269.8739913966917,14.329508039398865,243.8087736371144,173.07372692679496,ERCO
2024-08-23,1270.0088382528186,11.397546752776355,239.24781818453974,170.73679680986538,ERCO
2024-08-24,1270.1436851089456,-26.307952130518068,234.55982396844956,99.42844305312315,ERCO
2024-08-25,1270.2785319650727,-35.767761081219014,229.74896707625865,82.9162620398879,ERCO
2024-08-26,1270.4133788211996,10.007466702897807,224.81952321773997,15.124631258162708,ERCO
2024-08-27,1270.5482256773266,13.004551780361814,219.7758630840955,-15.395640541783905,ERCO
2024-08-28,1270.6830725334535,13.295091847547097,214.6224476080346,-5.517611989035231,ERCO
2024-08-29,1270.8179193895805,14.329508039398865,209.36382313034437,-27.81225055932373,ERCO
2024-08-30,1270.9527662457074,11.397546752776355,204.00461647854047,-31.73592947702423,ERCO
2024-08-31,1271.0876131018344,-26.307952130518068,198.54952996328512,-9.933190934601498,ERCO
2024-09-01,1271.2224599579615,-35.767761081219014,193.0033362983595,-34.96603517510198,ERCO
2024-09-02,1271.3573068140884,10.007466702897807,187.3708734500516,-97.61564696703817,ERCO
2024-09-03,1271.4921536702154,13.004551780361814,181.65703942191723,-126.27974487249412,ERCO
2024-09-04,1271.6270005263423,13.295091847547097,175.86678698092823,-135.84587935481773,ERCO
2024-09-05,1271.7618473824693,14.329508039398865,170.0051183310981,-98.6864737529661,ERCO
2024-09-06,1271.8966942385962,11.397546752776355,164.07707974073304,-91.76032073210558,ERCO
2024-09-07,1272.0315410947233,-26.307952130518068,158.0877561295004,-134.9163450937058,ERCO
2024-09-08,1272.1663879508503,-35.767761081219014,152.04226562155935,-191.74889249119042,ERCO
2024-09-09,1272.3012348069772,10.007466702897807,145.94575407102877,-181.92245558090372,ERCO
2024-09-10,1272.4360816631042,13.004551780361814,139.80338956610353,-126.42702300956944,ERCO
2024-09-11,1272.570928519231,13.295091847547097,133.6203569181426,-89.40337728492068,ERCO
2024-09-12,1272.7057753753581,14.329508039398865,127.40185214207483,-64.82913555683194,ERCO
2024-09-13,1272.840622231485,11.397546752776355,121.15307693447534,20.22775408126313,ERCO
2024-09-14,1272.975469087612,-26.307952130518068,114.87923315565716,100.60824988724903,ERCO
2024-09-15,1273.1103159437391,-35.767761081219014,108.58551732212227,85.86792781535792,ERCO
2024-09-16,1273.245162799866,10.007466702897807,102.27711511570212,66.40725538153401,ERCO
2024-09-17,1273.3800096559928,13.004551780361814,95.95919591568301,71.75924264796231,ERCO
2024-09-18,1273.5148565121199,13.295091847547097,89.6369073601997,127.98914428013336,ERCO
2024-09-19,1273.649703368247,14.329508039398865,83.3153699431243,184.05641864922995,ERCO
2024-09-20,1273.7845502243738,11.397546752776355,76.99967165264734,185.52923137020252,ERCO
2024-09-21,1273.9193970805009,-26.307952130518068,70.694862657687,178.26169239233036,ERCO
2024-09-22,1274.054243936628,-35.767761081219014,64.40595004820564,151.15656709638574,ERCO
2024-09-23,1274.1890907927548,10.007466702897807,58.13789263545023,56.870549868897115,ERCO
2024-09-24,1274.3239376488818,13.004551780361814,51.895595818050666,82.15791475270589,ERCO
2024-09-25,1274.4587845050087,13.295091847547097,45.683906519837066,42.71821712760698,ERCO
2024-09-26,1274.5936313611357,14.329508039398865,39.507608205151286,-41.10474760568559,ERCO
2024-09-27,1274.7284782172626,11.397546752776355,33.37141597732126,-45.952440947360174,ERCO
2024-09-28,1274.8633250733897,-26.307952130518068,27.279971765884568,-14.162344708756109,ERCO
2024-09-29,1274.9981719295167,-35.767761081219014,21.2378396080219,5.155749543680486,ERCO
2024-09-30,1275.1330187856436,10.007466702897807,15.24950102956059,52.486013481898,ERCO
2024-10-01,1275.2678656417706,13.004551780361814,9.319350530782344,62.95423204708527,ERCO
2024-10-02,1275.4027124978975,13.295091847547097,3.4516911821423264,58.157504472413166,ERCO
2024-10-03,1275.5375593540246,14.329508039398865,-2.349269665118726,93.96120227169536,ERCO
2024-10-04,1275.6724062101514,11.397546752776355,-8.079424548635984,80.57747158570805,ERCO
2024-10-05,1275.8072530662785,-26.307952130518068,-13.734769940157605,83.59646900439725,ERCO
2024-10-06,1275.9420999224055,-35.767761081219014,-19.311410161808126,120.71607132062172,ERCO
2024-10-07,1276.0769467785324,10.007466702897807,-24.80556116899359,97.30914768756338,ERCO
2024-10-08,1276.2117936346594,13.004551780361814,-30.213554195707403,37.86520878068609,ERCO
2024-10-09,1276.3466404907863,13.295091847547097,-35.53183925817629,2.101106919843005,ERCO
2024-10-10,1276.4814873469134,14.329508039398865,-40.75698851294358,38.61099312663123,ERCO
2024-10-11,1276.6163342030402,11.397546752776355,-45.88569946566572,53.256818509849154,ERCO
2024-10-12,1276.7511810591673,-26.307952130518068,-50.914798027077126,90.75956909842807,ERCO
2024-10-13,1276.8860279152943,-35.767761081219014,-55.84124141275391,123.4229745786788,ERCO
2024-10-14,1277.0208747714212,10.007466702897807,-60.66212088350549,83.72677940918652,ERCO
2024-10-15,1277.1557216275482,13.004551780361814,-65.37466432339687,81.791390915487,ERCO
2024-10-16,1277.290568483675,13.295091847547097,-69.97623865261346,-108.40742167860867,ERCO
2024-10-17,1277.4254153398022,14.329508039398865,-74.46435207256583,-139.60157130663515,ERCO
2024-10-18,1277.560262195929,11.397546752776355,-78.83665614083412,-99.2051528078714,ERCO
2024-10-19,1277.695109052056,-26.307952130518068,-83.09094767375825,-49.62520924777982,ERCO
2024-10-20,1277.8299559081831,-35.767761081219014,-87.22517047468014,-20.898024352283755,ERCO
2024-10-21,1277.96480276431,10.007466702897807,-91.23741688604903,8.241147418841365,ERCO
2024-10-22,1278.099649620437,13.004551780361814,-95.12592916382255,60.01572776302373,ERCO
2024-10-23,1278.234496476564,13.295091847547097,-98.88910067278704,110.59151234867613,ERCO
2024-10-24,1278.369343332691,14.329508039398865,-102.5254769016545,120.44362552956477,ERCO
2024-10-25,1278.5041901888178,11.397546752776355,-106.03375629698944,126.39601935539508,ERCO
2024-10-26,1278.6390370449449,-26.307952130518068,-109.41279091524606,108.78570600081935,ERCO
2024-10-27,1278.773883901072,-35.767761081219014,-112.6615868924055,112.04146407255257,ERCO
2024-10-28,1278.9087307571988,10.007466702897807,-115.77930473091826,142.4511072708217,ERCO
2024-10-29,1279.0435776133259,13.004551780361814,-118.76525940387914,177.61413001019173,ERCO
2024-10-30,1279.1784244694527,13.295091847547097,-121.61892027657241,196.33940395957256,ERCO
2024-10-31,1279.3132713255798,14.329508039398865,-124.33991084574205,99.0461314807635,ERCO
2024-11-01,1279.4481181817066,11.397546752776355,-126.92800829716187,19.339343362678846,ERCO
2024-11-02,1279.5829650378337,-26.307952130518068,-129.38314288228906,66.5891299749735,ERCO
2024-11-03,1279.7178118939607,-35.767761081219014,-131.7053971150035,175.47034630226176,ERCO
2024-11-04,1279.8526587500876,10.007466702897807,-133.8950047896434,143.85187933665793,ERCO
2024-11-05,1279.9875056062144,13.004551780361814,-135.9523498217635,-18.507707564813018,ERCO
2024-11-06,1280.1223524623415,13.295091847547097,-137.87796491324866,-31.768479396640032,ERCO
2024-11-07,1280.2571993184686,14.329508039398865,-139.67253004362044,53.821822685753204,ERCO
2024-11-08,1280.3920461745954,11.397546752776355,-141.336870789587,61.958277862215255,ERCO
2024-11-09,1280.5268930307225,-26.307952130518068,-142.87195647508082,-17.77198442512349,ERCO
2024-11-10,1280.6617398868495,-35.767761081219014,-144.27889815423242,4.62591934860211,ERCO
2024-11-11,1280.7965867429764,10.007466702897807,-145.55894642992666,7.680892984052434,ERCO
2024-11-12,1280.9314335991035,13.004551780361814,-146.71348911077823,-13.267496268686955,ERCO
2024-11-13,1281.0662804552303,13.295091847547097,-147.7440487095554,-3.9093235932218704,ERCO
2024-11-14,1281.2011273113574,14.329508039398865,-148.65227978626655,-72.32935556448956,ERCO
2024-11-15,1281.3359741674842,11.397546752776355,-149.439966139308,-76.06055478095254,ERCO
2024-11-16,1281.4708210236113,-26.307952130518068,-150.10901784824904,-36.57985104484419,ERCO
2024-11-17,1281.6056678797383,-35.767761081219014,-150.66146817200325,35.46256137348405,ERCO
2024-11-18,1281.7405147358652,10.007466702897807,-151.09947030630894,29.50148886754596,ERCO
2024-11-19,1281.8753615919923,13.004551780361814,-151.42529400460091,-60.029619367753185,ERCO
2024-11-20,1282.010208448119,13.295091847547097,-151.64132206652107,-92.53997822914494,ERCO
2024-11-21,1282.1450553042462,14.329508039398865,-151.75004669846712,-61.24151664517785,ERCO
2024-11-22,1282.279902160373,11.397546752776355,-151.75406575072924,-57.34838316242008,ERCO
2024-11-23,1282.4147490165,-26.307952130518068,-151.65607883590943,-34.00071805007269,ERCO
2024-11-24,1282.5495958726272,-35.767761081219014,-151.4588833334564,-12.672951457951513,ERCO
2024-11-25,1282.684442728754,10.007466702897807,-151.16537028528143,-6.276539146370396,ERCO
2024-11-26,1282.819289584881,13.004551780361814,-150.778520187548,-42.658321177694916,ERCO
2024-11-27,1282.954136441008,13.295091847547097,-150.30139868384896,-28.29882960470627,ERCO
2024-11-28,1283.088983297135,14.329508039398865,-149.73715216509873,-87.8443391714352,ERCO
2024-11-29,1283.2238301532618,11.397546752776355,-149.08900328157694,-52.460373624461454,ERCO
2024-11-30,1283.3586770093889,-26.307952130518068,-148.36024637266212,-6.458478506208849,ERCO
2024-12-01,1283.493523865516,-35.767761081219014,-147.55424281988675,-16.732519964409903,ERCO
2024-12-02,1283.6283707216428,10.007466702897807,-146.67441632903734,-15.75042109550327,ERCO
2024-12-03,1283.7632175777699,13.004551780361814,-145.72424814709953,-19.945521211031974,ERCO
2024-12-04,1283.8980644338967,13.295091847547097,-144.70727221992854,-24.84688406151531,ERCO
2024-12-05,1284.0329112900238,14.329508039398865,-143.62707029658733,-29.724349032835335,ERCO
2024-12-06,1284.1677581461506,11.397546752776355,-142.48726698635997,63.09296208743285,ERCO
2024-12-07,1284.3026050022777,-26.307952130518068,-141.29152477449657,82.87987190273702,ERCO
2024-12-08,1284.4374518584048,-35.767761081219014,-140.04353900279705,26.49984822561146,ERCO
2024-12-09,1284.5722987145316,10.007466702897807,-138.7470328211755,-30.033732596253913,ERCO
2024-12-10,1284.7071455706587,13.004551780361814,-137.4057521163794,16.535054765358836,ERCO
2024-12-11,1284.8419924267855,13.295091847547097,-136.02346042406523,78.93537614973252,ERCO
2024-12-12,1284.9768392829126,14.329508039398865,-134.60393383044317,58.36158650813195,ERCO
2024-12-13,1285.1116861390394,11.397546752776355,-133.1509558697177,-20.379277022098222,ERCO
2024-12-14,1285.2465329951665,-26.307952130518068,-131.66831242354976,-41.34226844109867,ERCO
2024-12-15,1285.3813798512936,-35.767761081219014,-130.15978662876216,-3.0668321413122612,ERCO
2024-12-16,1285.5162267074204,10.007466702897807,-128.62915379949524,-14.906539610822847,ERCO
2024-12-17,1285.6510735635475,13.004551780361814,-127.08017637000258,-34.771448973906445,ERCO
2024-12-18,1285.7859204196743,13.295091847547097,-125.51659886424328,-56.23341340297816,ERCO
2024-12-19,1285.9207672758014,14.329508039398865,-123.942142898399,-28.116132416801065,ERCO
2024-12-20,1286.0556141319282,11.397546752776355,-122.36050222239581,-32.13065866230886,ERCO
2024-12-21,1286.1904609880553,-26.307952130518068,-120.77533780646347,16.739828948926288,ERCO
2024-12-22,1286.3253078441824,-35.767761081219014,-119.19027297870998,-9.233273784253242,ERCO
2024-12-23,1286.4601547003092,10.007466702897807,-117.60888861961904,-79.18573278358804,ERCO
2024-12-24,1286.595001556436,13.004551780361814,-116.03471841931675,-115.99883491748119,ERCO
2024-12-25,1286.7298484125631,13.295091847547097,-114.47124420336384,-166.7636960567463,ERCO
2024-12-26,1286.8646952686902,14.329508039398865,-112.92189133275716,-110.96731197533177,ERCO
2024-12-27,1286.999542124817,11.397546752776355,-111.39002418372199,-93.16406469387152,ERCO
2024-12-28,1287.134388980944,-26.307952130518068,-109.87894171278626,-71.85149513763986,ERCO
2024-12-29,1287.2692358370712,-35.767761081219014,-108.39187311251821,-103.28160164333394,ERCO
2024-12-30,1287.404082693198,10.007466702897807,-106.9319735631991,-89.55357583289674,ERCO
2024-12-31,1287.538929549325,13.004551780361814,-105.50232008558697,-119.83816124409987,ERCO
