period,trend,seasonal_7,seasonal_365,resid,respondent
2019-01-01,2147.852154584385,58.113029591379174,167.2598715129654,-501.46305568872936,PJM
2019-01-02,2147.8810308148363,62.64299791443917,172.9482199743774,-185.65424870365268,PJM
2019-01-03,2147.9099070452876,49.80191787357056,178.37550100801144,-145.92632592686914,PJM
2019-01-04,2147.938783275739,19.985619013100308,183.53437500805728,-106.08077729689603,PJM
2019-01-05,2147.96765950619,-100.15316914023728,188.41783700086796,-213.0693273668203,PJM
2019-01-06,2147.996535736641,-128.08489925408875,193.01922520192736,-217.2878616844796,PJM
2019-01-07,2148.025411967092,37.09962244003018,197.332229161532,-96.17226356865467,PJM
2019-01-08,2148.0542881975434,58.113029591379174,201.35089748946905,-243.19421527839177,PJM
2019-01-09,2148.0831644279947,62.64299791443917,205.0696451494716,-77.81180749190526,PJM
2019-01-10,2148.112040658446,49.80191787357056,208.48326031474414,146.98878115323987,PJM
2019-01-11,2148.140916888897,19.985619013100308,211.5869107763711,127.94655332163165,PJM
2019-01-12,2148.1697931193485,-100.15316914023728,214.37614989695302,116.36822612393598,PJM
2019-01-13,2148.1986693497997,-128.08489925408875,216.846922102354,96.6423078019352,PJM
2019-01-14,2148.2275455802505,37.09962244003018,218.99556790499346,105.27626407472599,PJM
2019-01-15,2148.256421810702,58.113029591379174,220.81882845267018,117.75972014524905,PJM
2019-01-16,2148.285298041153,62.64299791443917,222.31384959747018,59.90985444693797,PJM
2019-01-17,2148.3141742716043,49.80191787357056,223.47818547988086,38.57372237494428,PJM
2019-01-18,2148.3430505020556,19.985619013100308,224.30980162380715,-17.9424711389629,PJM
2019-01-19,2148.371926732507,-100.15316914023728,224.80707753876823,-9.456835131037224,PJM
2019-01-20,2148.400802962958,-128.08489925408875,224.96880882613675,115.06328746499412,PJM
2019-01-21,2148.4296791934094,37.09962244003018,224.79420878687267,524.4364895796884,PJM
2019-01-22,2148.45855542386,58.113029591379174,224.28290952879388,348.9075054559671,PJM
2019-01-23,2148.4874316543114,62.64299791443917,223.43496257202204,-12.501392140773078,PJM
2019-01-24,2148.5163078847627,49.80191787357056,222.2508389518362,-60.17206471016971,PJM
2019-01-25,2148.545184115214,19.985619013100308,220.7314288187635,132.337768052922,PJM
2019-01-26,2148.574060345665,-100.15316914023728,218.87804053633528,175.59806825823716,PJM
2019-01-27,2148.6029365761165,-128.08489925408875,216.69239927752898,89.58856340044304,PJM
2019-01-28,2148.6318128065677,37.09962244003018,214.1766451215174,93.39891963188438,PJM
2019-01-29,2148.660689037019,58.113029591379174,211.33333065293408,210.15995071866791,PJM
2019-01-30,2148.6895652674702,62.64299791443917,208.16541806645895,490.51101875163204,PJM
2019-01-31,2148.718441497921,49.80191787357056,204.67627578011314,654.7093648483951,PJM
2019-02-01,2148.7473177283723,19.985619013100308,200.86967456123634,492.7403886972911,PJM
2019-02-02,2148.7761939588236,-100.15316914023728,196.7497831696987,254.93319201171516,PJM
2019-02-03,2148.805070189275,-128.08489925408875,192.32116352347174,-61.58633445865735,PJM
2019-02-04,2148.833946419726,37.09962244003018,187.588765392252,-196.1013342520082,PJM
2019-02-05,2148.8628226501773,58.113029591379174,182.5579206253887,-272.5757728669446,PJM
2019-02-06,2148.8916988806286,62.64299791443917,177.23433692092337,-255.61803371599126,PJM
2019-02-07,2148.92057511108,49.80191787357056,171.62409114309125,-242.85758412774112,PJM
2019-02-08,2148.9494513415307,19.985619013100308,165.73362219617246,-67.28769255080351,PJM
2019-02-09,2148.978327571982,-100.15316914023728,159.56972346310891,161.57711810514638,PJM
2019-02-10,2149.007203802433,-128.08489925408875,153.13953481781613,175.5761606338392,PJM
2019-02-11,2149.0360800328845,37.09962244003018,146.45053422063148,90.64076330645366,PJM
2019-02-12,2149.0649562633357,58.113029591379174,139.51052890683093,73.03148523845402,PJM
2019-02-13,2149.093832493787,62.64299791443917,132.3276461786308,58.01452341314325,PJM
2019-02-14,2149.1227087242382,49.80191787357056,124.91032381156614,-8.77395040937472,PJM
2019-02-15,2149.1515849546895,19.985619013100308,117.2673000865905,-123.8445040543802,PJM
2019-02-16,2149.1804611851408,-100.15316914023728,109.40760345968974,-10.149895504593133,PJM
2019-02-17,2149.2093374155916,-128.08489925408875,101.34054188123442,95.71801995726264,PJM
2019-02-18,2149.238213646043,37.09962244003018,93.07569177770864,52.141472136218454,PJM
2019-02-19,2149.267089876494,58.113029591379174,84.62288670885826,136.10599382326836,PJM
2019-02-20,2149.2959661069453,62.64299791443917,75.99220571368596,182.91983026492926,PJM
2019-02-21,2149.3248423373966,49.80191787357056,67.19396135908968,-19.79272157005653,PJM
2019-02-22,2149.353718567848,19.985619013100308,58.23868750529857,-13.517025086246122,PJM
2019-02-23,2149.382594798299,-100.15316914023728,49.137126802593514,39.7174475393449,PJM
2019-02-24,2149.4114710287504,-128.08489925408875,39.90021793412217,1.4162102912168848,PJM
2019-02-25,2149.440347259201,37.09962244003018,30.539082619921274,123.06294768084717,PJM
2019-02-26,2149.4692234896524,58.113029591379174,21.06501239753979,122.27273452142845,PJM
2019-02-27,2149.4980997201037,62.64299791443917,11.489455194928226,132.71544717052893,PJM
2019-02-28,2149.526975950555,49.80191787357056,1.824001711504195,93.56710446437046,PJM
2019-03-01,2149.5558521810062,19.985619013100308,-7.9196283764681255,206.03215718236197,PJM
2019-03-02,2149.5847284114575,-100.15316914023728,-17.729600369831985,146.83204109861208,PJM
2019-03-03,2149.6136046419088,-128.08489925408875,-27.59397864328848,194.04327325546888,PJM
2019-03-04,2149.64248087236,37.09962244003018,-37.50074086823004,323.88663755584,PJM
2019-03-05,2149.671357102811,58.113029591379174,-47.43779234479598,439.3354056506055,PJM
2019-03-06,2149.700233333262,62.64299791443917,-57.392980426155674,497.4477491784546,PJM
2019-03-07,2149.7291095637133,49.80191787357056,-67.35410901791732,404.63008158063303,PJM
2019-03-08,2149.7579857941646,19.985619013100308,-77.30895313546131,324.3963483281964,PJM
2019-03-09,2149.786862024616,-100.15316914023728,-87.2452735019402,196.29758061756206,PJM
2019-03-10,2149.815738255067,-128.08489925408875,-97.15083116962144,7.009992168643066,PJM
2019-03-11,2149.8446144855184,37.09962244003018,-107.01340214723271,21.901165221684096,PJM
2019-03-12,2149.8734907159696,58.113029591379174,-116.82079201595388,84.16927170860527,PJM
2019-03-13,2149.902366946421,62.64299791443917,-126.56085051671018,74.81248565585065,PJM
2019-03-14,2149.9312431768717,49.80191787357056,-136.22148609146132,-61.05667495898115,PJM
2019-03-15,2149.960119407323,19.985619013100308,-145.7906803612216,-57.20105805920184,PJM
2019-03-16,2149.988995637774,-100.15316914023728,-155.2565025236315,12.92667602609481,PJM
2019-03-17,2150.0178718682255,-128.08489925408875,-164.60712365298548,106.82315103884844,PJM
2019-03-18,2150.0467480986767,37.09962244003018,-173.83083088573943,162.99346034703262,PJM
2019-03-19,2150.075624329128,58.113029591379174,-182.91604147465253,159.243387554146,PJM
2019-03-20,2150.1045005595793,62.64299791443917,-191.85131669487376,137.1038182208556,PJM
2019-03-21,2150.1333767900305,49.80191787357056,-200.62537558545466,146.83008092185355,PJM
2019-03-22,2150.1622530204813,19.985619013100308,-209.22710850996575,178.56523647638346,PJM
2019-03-23,2150.1911292509326,-100.15316914023728,-217.64559052010247,173.1516304094073,PJM
2019-03-24,2150.220005481384,-128.08489925408875,-225.87009450640323,93.62998827910815,PJM
2019-03-25,2150.248881711835,37.09962244003018,-233.89010412044635,68.74859996858117,PJM
2019-03-26,2150.2777579422864,58.113029591379174,-241.69532645316798,143.0895389195025,PJM
2019-03-27,2150.3066341727376,62.64299791443917,-249.27570445422404,152.87807236704748,PJM
2019-03-28,2150.335510403189,49.80191787357056,-256.62142907762785,89.36100080086817,PJM
2019-03-29,2150.36438663364,19.985619013100308,-263.72295113921695,12.882945492476665,PJM
2019-03-30,2150.3932628640914,-100.15316914023728,-270.5709928718405,-6.175100852013429,PJM
2019-03-31,2150.422139094542,-128.08489925408875,-277.1565591645166,100.98131932406295,PJM
2019-04-01,2150.4510153249935,37.09962244003018,-283.4709484721816,236.50031070715772,PJM
2019-04-02,2150.4798915554447,58.113029591379174,-289.5057633830382,222.15684223621452,PJM
2019-04-03,2150.508767785896,62.64299791443917,-295.2529208309189,104.78315513058374,PJM
2019-04-04,2150.5376440163473,49.80191787357056,-300.7046619404948,60.89710005057714,PJM
2019-04-05,2150.5665202467985,19.985619013100308,-305.8535614935949,128.34242223369597,PJM
2019-04-06,2150.59539647725,-100.15316914023728,-310.69253700534927,21.559309668337164,PJM
2019-04-07,2150.624272707701,-128.08489925408875,-315.2148573993274,-13.47651605428473,PJM
2019-04-08,2150.653148938152,37.09962244003018,-319.4141512713176,13.674379893135665,PJM
2019-04-09,2150.682025168603,58.113029591379174,-323.2844147318798,1.0563599718973364,PJM
2019-04-10,2150.7109013990544,62.64299791443917,-326.8200188182981,-1.3678804951955499,PJM
2019-04-11,2150.7397776295056,49.80191787357056,-330.01571646707305,50.605020963996594,PJM
2019-04-12,2150.768653859957,19.985619013100308,-332.86664903860685,43.74137616554958,PJM
2019-04-13,2150.797530090408,-100.15316914023728,-335.36835238626577,8.390991436094964,PJM
2019-04-14,2150.8264063208594,-128.08489925408875,-337.51676246254556,61.576255395775206,PJM
2019-04-15,2150.8552825513107,37.09962244003018,-339.3082204556047,71.93231546426432,PJM
2019-04-16,2150.8841587817615,58.113029591379174,-340.73947744999316,55.127289076852776,PJM
2019-04-17,2150.9130350122127,62.64299791443917,-341.8076986059603,5.398665679308351,PJM
2019-04-18,2150.941911242664,49.80191787357056,-342.51046685229744,31.884637736062587,PJM
2019-04-19,2150.9707874731153,19.985619013100308,-342.84578608824415,0.6873796020286136,PJM
2019-04-20,2150.9996637035665,-100.15316914023728,-342.81208389056843,24.552589327239275,PJM
2019-04-21,2151.0285399340178,-128.08489925408875,-342.4082137225133,-52.71042695741585,PJM
2019-04-22,2151.057416164469,37.09962244003018,-341.63345664189376,-9.24858196260493,PJM
2019-04-23,2151.0862923949203,58.113029591379174,-340.4875225062178,23.598200519918464,PJM
2019-04-24,2151.1151686253716,62.64299791443917,-338.9705506733005,2.587384133490332,PJM
2019-04-25,2151.1440448558224,49.80191787357056,-337.08311019643685,16.644147467043922,PJM
2019-04-26,2151.1729210862736,19.985619013100308,-334.82619951379434,22.374659414420194,PJM
2019-04-27,2151.201797316725,-100.15316914023728,-332.20124563228705,-6.44638254420056,PJM
2019-04-28,2151.230673547176,-128.08489925408875,-329.2101028067881,7.431328513701146,PJM
2019-04-29,2151.2595497776274,37.09962244003018,-325.85505071613517,18.831878498477863,PJM
2019-04-30,2151.2884260080787,58.113029591379174,-322.1387921379779,36.86033653852064,PJM
2019-05-01,2151.31730223853,62.64299791443917,-318.0644501251091,49.29114997214015,PJM
2019-05-02,2151.346178468981,49.80191787357056,-313.635564686511,109.86746834395944,PJM
2019-05-03,2151.375054699432,19.985619013100308,-308.8560889769314,79.77641526439902,PJM
2019-05-04,2151.4039309298832,-100.15316914023728,-303.7303849993907,35.650623209744936,PJM
2019-05-05,2151.4328071603345,-128.08489925408875,-298.2632188255895,-19.386689080656197,PJM
2019-05-06,2151.4616833907858,37.09962244003018,-292.45975533976355,-30.05255049105267,PJM
2019-05-07,2151.490559621237,58.113029591379174,-286.3255525120908,2.356963299474728,PJM
2019-05-08,2151.5194358516883,62.64299791443917,-279.8665552083166,15.809121442189507,PJM
2019-05-09,2151.5483120821395,49.80191787357056,-273.08908854280605,33.67285858709624,PJM
2019-05-10,2151.577188312591,19.985619013100308,-265.99985078277786,35.08904345708697,PJM
2019-05-11,2151.606064543042,-100.15316914023728,-258.6059058120019,-69.89298959080247,PJM
2019-05-12,2151.634940773493,-128.08489925408875,-250.91467516276418,-80.76636635664022,PJM
2019-05-13,2151.663817003944,37.09962244003018,-242.93392962541338,-53.578509818561315,PJM
2019-05-14,2151.6926932343954,58.113029591379174,-234.6717804453037,-90.83394238047094,PJM
2019-05-15,2151.7215694648467,62.64299791443917,-226.13667011743715,-108.94589726184881,PJM
2019-05-16,2151.750445695298,49.80191787357056,-217.33736278958241,-64.6970007792861,PJM
2019-05-17,2151.779321925749,19.985619013100308,-208.28293428511313,0.5379933462636473,PJM
2019-05-18,2151.8081981562004,-100.15316914023728,-198.98276175725596,62.02573274129327,PJM
2019-05-19,2151.8370743866517,-128.08489925408875,-189.44651298687623,144.11033785431368,PJM
2019-05-20,2151.8659506171025,37.09962244003018,-179.68413533635277,180.12056227921994,PJM
2019-05-21,2151.8948268475538,58.113029591379174,-169.70584437249573,-83.40201206643724,PJM
2019-05-22,2151.923703078005,62.64299791443917,-159.52211217185857,-83.251588820586,PJM
2019-05-23,2151.9525793084563,49.80191787357056,-149.14365532216567,49.59515814013912,PJM
2019-05-24,2151.9814555389075,19.985619013100308,-138.58142263394097,89.15034808193354,PJM
2019-05-25,2152.010331769359,-100.15316914023728,-127.84658257676604,52.46741994764466,PJM
2019-05-26,2152.03920799981,-128.08489925408875,-116.95051045491884,108.11820170919805,PJM
2019-05-27,2152.0680842302613,37.09962244003018,-105.90477533745684,-89.45993133283423,PJM
2019-05-28,2152.096960460712,58.113029591379174,-94.72112675809515,142.81613670600382,PJM
2019-05-29,2152.1258366911634,62.64299791443917,-83.41148120050633,196.00964659490364,PJM
2019-05-30,2152.1547129216146,49.80191787357056,-71.98790838492289,126.37027758973773,PJM
2019-05-31,2152.183589152066,19.985619013100308,-60.46261737215559,104.09840920698934,PJM
2019-06-01,2152.212465382517,-100.15316914023728,-48.847942501361246,40.77364625908126,PJM
2019-06-02,2152.2413416129684,-128.08489925408875,-37.156329178085,-34.63911318079454,PJM
2019-06-03,2152.2702178434197,37.09962244003018,-25.400319529290954,-213.38452075415898,PJM
2019-06-04,2152.299094073871,58.113029591379174,-13.592537942235936,-226.65758572301343,PJM
2019-06-05,2152.327970304322,62.64299791443917,-1.74567650419786,-37.30529171456283,PJM
2019-06-06,2152.356846534773,49.80191787357056,10.127519639825948,122.73171595183067,PJM
2019-06-07,2152.3857227652243,19.985619013100308,22.01426699423419,-0.03660877255833839,PJM
2019-06-08,2152.4145989956755,-100.15316914023728,33.90175846744867,-99.96718832288707,PJM
2019-06-09,2152.443475226127,-128.08489925408875,45.77717815670951,-156.49575412874742,PJM
2019-06-10,2152.472351456578,37.09962244003018,57.627716145643035,-149.31269004225123,PJM
2019-06-11,2152.5012276870293,58.113029591379174,69.44058329720212,-216.05184057561019,PJM
2019-06-12,2152.5301039174806,62.64299791443917,81.20302602457679,-295.50612785649673,PJM
2019-06-13,2152.558980147932,49.80191787357056,92.90234102270534,-328.8792390442072,PJM
2019-06-14,2152.5878563783826,19.985619013100308,104.52588994305097,-371.6343653345341,PJM
2019-06-15,2152.616732608834,-100.15316914023728,116.06111399438862,-334.0636774629854,PJM
2019-06-16,2152.645608839285,-128.08489925408875,127.49554845241938,-178.80625803761586,PJM
2019-06-17,2152.6744850697364,37.09962244003018,138.81683706115533,-46.14694457092219,PJM
2019-06-18,2152.7033613001877,58.113029591379174,150.01274630911882,-52.02613720068575,PJM
2019-06-19,2152.732237530639,62.64299791443917,161.07117956357666,-39.81641500865453,PJM
2019-06-20,2152.76111376109,49.80191787357056,171.98019104617217,-48.563222680832496,PJM
2019-06-21,2152.7899899915415,19.985619013100308,182.72799963352026,-181.06860863816155,PJM
2019-06-22,2152.8188662219923,-100.15316914023728,193.30300246652914,-277.0556995482839,PJM
2019-06-23,2152.8477424524435,-128.08489925408875,203.69378835244277,-225.98063155079717,PJM
2019-06-24,2152.876618682895,37.09962244003018,213.88915094383557,-34.93239206676071,PJM
2019-06-25,2152.905494913346,58.113029591379174,223.87810167906133,57.42937381621323,PJM
2019-06-26,2152.9343711437973,62.64299791443917,233.6498824689333,133.55074847283004,PJM
2019-06-27,2152.9632473742486,49.80191787357056,243.1939781147169,222.14585663746448,PJM
2019-06-28,2152.9921236047,19.985619013100308,252.5001284428282,243.11412893937222,PJM
2019-06-29,2153.020999835151,-100.15316914023728,261.5583401419701,227.0828291631169,PJM
2019-06-30,2153.0498760656023,-128.08489925408875,270.3588982887834,102.2951248997033,PJM
2019-07-01,2153.078752296053,37.09962244003018,278.89237754846476,30.73724771545176,PJM
2019-07-02,2153.1076285265044,58.113029591379174,287.14965303717906,190.7216888449375,PJM
2019-07-03,2153.1365047569557,62.64299791443917,295.1219108335005,158.63958649510505,PJM
2019-07-04,2153.165380987407,49.80191787357056,302.80065812652265,-12.369956987499336,PJM
2019-07-05,2153.194257217858,19.985619013100308,310.1777329887128,136.45739078032875,PJM
2019-07-06,2153.2231334483095,-100.15316914023728,317.2453137620254,184.39272192990256,PJM
2019-07-07,2153.2520096787607,-128.08489925408875,323.99592804624723,34.69296152908146,PJM
2019-07-08,2153.280885909212,37.09962244003018,330.42246127901564,-71.9479696282574,PJM
2019-07-09,2153.309762139663,58.113029591379174,336.5181648974304,12.380043371527336,PJM
2019-07-10,2153.338638370114,62.64299791443917,342.27666407168016,216.0396996437662,PJM
2019-07-11,2153.3675146005653,49.80191787357056,347.69196500160194,131.141602524262,PJM
2019-07-12,2153.3963908310166,19.985619013100308,352.7584617676122,65.22552838827141,PJM
2019-07-13,2153.425267061468,-100.15316914023728,357.47094272797267,97.14995935079696,PJM
2019-07-14,2153.454143291919,-128.08489925408875,361.8245964548913,158.7711595072783,PJM
2019-07-15,2153.4830195223703,37.09962244003018,365.8150172024985,153.588340835101,PJM
2019-07-16,2153.5118957528216,58.113029591379174,369.43820990029513,202.03786475550487,PJM
2019-07-17,2153.540771983273,62.64299791443917,372.69059466622855,298.04963543605936,PJM
2019-07-18,2153.5696482137237,49.80191787357056,375.5690108341179,256.22442307858773,PJM
2019-07-19,2153.598524444175,19.985619013100308,378.0707204907236,473.2271360520008,PJM
2019-07-20,2153.627400674626,-100.15316914023728,380.193411518336,571.9043569472751,PJM
2019-07-21,2153.6562769050774,-128.08489925408875,381.9352001393394,440.0514222096717,PJM
2019-07-22,2153.6851531355287,37.09962244003018,383.2946329597978,82.66459146464331,PJM
2019-07-23,2153.71402936598,58.113029591379174,384.2706885096977,-284.2257474670564,PJM
2019-07-24,2153.7429055964312,62.64299791443917,384.8627782780787,-272.18768178894834,PJM
2019-07-25,2153.7717818268825,49.80191787357056,385.0707472418783,-189.8724469423305,PJM
2019-07-26,2153.8006580573333,19.985619013100308,384.8948738879144,-96.47215095834827,PJM
2019-07-27,2153.8295342877846,-100.15316914023728,384.3358697280267,-8.665234875573788,PJM
2019-07-28,2153.858410518236,-128.08489925408875,383.39487830799806,115.23461042785448,PJM
2019-07-29,2153.887286748687,37.09962244003018,382.0734737114717,204.0576170998106,PJM
2019-07-30,2153.9161629791383,58.113029591379174,380.3736585606785,153.05814886880398,PJM
2019-07-31,2153.9450392095896,62.64299791443917,378.29786151637904,-3.1248986404075367,PJM
2019-08-01,2153.973915440041,49.80191787357056,375.84893428001965,-16.607767593630797,PJM
2019-08-02,2154.002791670492,19.985619013100308,373.0301481016868,-36.942558785278834,PJM
2019-08-03,2154.031667900943,-100.15316914023728,369.84518979802635,-18.13968855873236,PJM
2019-08-04,2154.060544131394,-128.08489925408875,366.2981572848747,33.587197837819986,PJM
2019-08-05,2154.0894203618454,37.09962244003018,362.3935546299195,65.93140256820516,PJM
2019-08-06,2154.1182965922967,58.113029591379174,358.1362866312741,49.29138718505055,PJM
2019-08-07,2154.147172822748,62.64299791443917,353.53165292840947,13.286176334403535,PJM
2019-08-08,2154.176049053199,49.80191787357056,348.5853416524383,33.74469142079215,PJM
2019-08-09,2154.2049252836505,19.985619013100308,343.3034226232902,-30.37196692004136,PJM
2019-08-10,2154.2338015141017,-100.15316914023728,337.69234010184874,-203.1889724757134,PJM
2019-08-11,2154.262677744553,-128.08489925408875,331.7589051056501,-212.2116835961142,PJM
2019-08-12,2154.291553975004,37.09962244003018,325.5102872972533,-29.01746371228728,PJM
2019-08-13,2154.320430205455,58.113029591379174,318.9540064548987,27.178533748266545,PJM
2019-08-14,2154.3493064359063,62.64299791443917,312.0979235355611,54.32777211409348,PJM
2019-08-15,2154.3781826663576,49.80191787357056,304.95023134098847,17.979668119083726,PJM
2019-08-16,2154.407058896809,19.985619013100308,297.51944479778007,58.06087729231058,PJM
2019-08-17,2154.43593512726,-100.15316914023728,289.8143908630178,113.50784314995963,PJM
2019-08-18,2154.4648113577114,-128.08489925408875,281.8441980673986,203.34988982897903,PJM
2019-08-19,2154.4936875881626,37.09962244003018,273.6182857082545,306.4424042635528,PJM
2019-08-20,2154.5225638186134,58.113029591379174,265.14635270524195,268.349053884765,PJM
2019-08-21,2154.5514400490647,62.64299791443917,256.4383661319,227.3231959045961,PJM
2019-08-22,2154.580316279516,49.80191787357056,247.50454943664025,189.76521641027375,PJM
2019-08-23,2154.609192509967,19.985619013100308,238.35537036710858,-163.44418189017642,PJM
2019-08-24,2154.6380687404185,-100.15316914023728,229.0015286121997,-346.71042821238075,PJM
2019-08-25,2154.6669449708697,-128.08489925408875,219.45394317634953,-342.2369888931303,PJM
2019-08-26,2154.695821201321,37.09962244003018,209.7237395010289,-311.84118314238003,PJM
2019-08-27,2154.7246974317723,58.113029591379174,199.82223634867086,-216.14396337182188,PJM
2019-08-28,2154.7535736622235,62.64299791443917,189.7609324645466,-139.590504041209,PJM
2019-08-29,2154.7824498926743,49.80191787357056,179.55149303234813,-130.55486079859293,PJM
2019-08-30,2154.8113261231256,19.985619013100308,169.20573593949786,-58.01968107572338,PJM
2019-08-31,2154.840202353577,-100.15316914023728,158.73561786841697,-134.74265108175632,PJM
2019-09-01,2154.869078584028,-128.08489925408875,148.15322023018854,-189.5963995601278,PJM
2019-09-02,2154.8979548144794,37.09962244003018,137.47073495724806,-183.39931221175766,PJM
2019-09-03,2154.9268310449306,58.113029591379174,126.70045017187431,37.95268919181626,PJM
2019-09-04,2154.955707275382,62.64299791443917,115.85473574743128,148.71355906274812,PJM
2019-09-05,2154.984583505833,49.80191787357056,104.94602877940537,-84.53353015880884,PJM
2019-09-06,2155.013459736284,19.985619013100308,93.98681898340591,-204.75189773278998,PJM
2019-09-07,2155.042335966735,-100.15316914023728,82.9896340373828,-206.98880086388067,PJM
2019-09-08,2155.0712121971865,-128.08489925408875,71.96702488536073,-174.56933782845863,PJM
2019-09-09,2155.1000884276377,37.09962244003018,60.93155102005608,-44.84426188772386,PJM
2019-09-10,2155.128964658089,58.113029591379174,49.895765761746446,158.33523998878536,PJM
2019-09-11,2155.1578408885402,62.64299791443917,38.87220155078424,392.6579596462366,PJM
2019-09-12,2155.1867171189915,49.80191787357056,27.873355271105595,393.3690097363324,PJM
2019-09-13,2155.2155933494428,19.985619013100308,16.911673622064825,118.86111401539301,PJM
2019-09-14,2155.2444695798936,-100.15316914023728,5.999538555863808,-8.370838995520444,PJM
2019-09-15,2155.273345810345,-128.08489925408875,-4.850747202246339,55.91130064598974,PJM
2019-09-16,2155.302222040796,37.09962244003018,-15.626974533901887,162.7381300530751,PJM
2019-09-17,2155.3310982712474,58.113029591379174,-26.3170421907283,73.77691432810207,PJM
2019-09-18,2155.3599745016986,62.64299791443917,-36.90897092379595,-54.926001492341584,PJM
2019-09-19,2155.38885073215,49.80191787357056,-47.390917462746785,-95.44485114297368,PJM
2019-09-20,2155.417726962601,19.985619013100308,-57.751188328119554,-9.934157647581742,PJM
2019-09-21,2155.4466031930524,-100.15316914023728,-67.97825346057809,87.95681940776285,PJM
2019-09-22,2155.4754794235037,-128.08489925408875,-78.06075965097644,228.86717948156183,PJM
2019-09-23,2155.5043556539545,37.09962244003018,-87.98754375543136,252.90456566144712,PJM
2019-09-24,2155.5332318844057,58.113029591379174,-97.74764567982018,34.557384204035316,PJM
2019-09-25,2155.562108114857,62.64299791443917,-107.33032111841257,-29.31078491088374,PJM
2019-09-26,2155.5909843453082,49.80191787357056,-116.72505403162333,42.60315181274427,PJM
2019-09-27,2155.6198605757595,19.985619013100308,-125.92156884818397,3.9750892593242497,PJM
2019-09-28,2155.6487368062108,-100.15316914023728,-134.90984237737527,146.66227471140223,PJM
2019-09-29,2155.677613036662,-128.08489925408875,-143.68011541728148,163.2034016347086,PJM
2019-09-30,2155.7064892671133,37.09962244003018,-152.222904045414,175.285792338271,PJM
2019-10-01,2155.735365497564,58.113029591379174,-160.5290105784116,358.08961548946854,PJM
2019-10-02,2155.7642417280153,62.64299791443917,-168.5895341879255,443.0182945454708,PJM
2019-10-03,2155.7931179584666,49.80191787357056,-176.39588116020758,254.21384532817024,PJM
2019-10-04,2155.821994188918,19.985619013100308,-183.93977478733285,-30.09383841468525,PJM
2019-10-05,2155.850870419369,-100.15316914023728,-191.2132648784409,-179.4984364006907,PJM
2019-10-06,2155.8797466498204,-128.08489925408875,-198.20873687981873,-112.10611051591286,PJM
2019-10-07,2155.9086228802717,37.09962244003018,-204.9189205931133,-29.023324727188538,PJM
2019-10-08,2155.937499110723,58.113029591379174,-211.33689848145121,-113.18863022065057,PJM
2019-10-09,2155.9663753411737,62.64299791443917,-217.4561135537116,-122.82525970190113,PJM
2019-10-10,2155.995251571625,49.80191787357056,-223.27037681772075,-81.76079262747476,PJM
2019-10-11,2156.0241278020762,19.985619013100308,-228.7738742936311,-80.2258725215454,PJM
2019-10-12,2156.0530040325275,-100.15316914023728,-233.96117357927852,-142.26866131301153,PJM
2019-10-13,2156.0818802629788,-128.08489925408875,-238.82722995984216,-122.8007510490479,PJM
2019-10-14,2156.11075649343,37.09962244003018,-243.36739205466537,-97.1089868787949,PJM
2019-10-15,2156.1396327238813,58.113029591379174,-247.57740699465768,-91.73125532060271,PJM
2019-10-16,2156.1685089543325,62.64299791443917,-251.45342512423883,-66.50608174453237,PJM
2019-10-17,2156.197385184784,49.80191787357056,-254.9920042223645,-41.242298835989686,PJM
2019-10-18,2156.2262614152346,19.985619013100308,-258.19011323773384,-38.82576719060103,PJM
2019-10-19,2156.255137645686,-100.15316914023728,-261.04513553385743,-57.65983297159096,PJM
2019-10-20,2156.284013876137,-128.08489925408875,-263.5548716402491,-54.50624298179946,PJM
2019-10-21,2156.3128901065884,37.09962244003018,-265.7175415065858,-66.29597104003255,PJM
2019-10-22,2156.3417663370396,58.113029591379174,-267.5317862572698,-51.55400967114906,PJM
2019-10-23,2156.370642567491,62.64299791443917,-268.9966694444247,-76.04797103750525,PJM
2019-10-24,2156.399518797942,49.80191787357056,-270.111677797942,-34.579758873570654,PJM
2019-10-25,2156.4283950283934,19.985619013100308,-270.8767214718017,-29.23129256969196,PJM
2019-10-26,2156.4572712588442,-100.15316914023728,-271.2921337864785,-44.180968332128714,PJM
2019-10-27,2156.4861474892955,-128.08489925408875,-271.35867046784807,-32.92557776735907,PJM
2019-10-28,2156.5150237197468,37.09962244003018,-271.07750838360255,-52.78813777617415,PJM
2019-10-29,2156.543899950198,58.113029591379174,-270.45024377877917,-44.51968576279796,PJM
2019-10-30,2156.5727761806493,62.64299791443917,-269.4788900126012,-14.787884082487153,PJM
2019-10-31,2156.6016524111005,49.80191787357056,-268.16587479942,68.36630451474912,PJM
2019-11-01,2156.630528641552,19.985619013100308,-266.51403695713554,70.83388930248361,PJM
2019-11-02,2156.659404872003,-100.15316914023728,-264.5266226670551,106.31238693528962,PJM
2019-11-03,2156.6882811024543,-128.08489925408875,-262.2072812497298,166.64189940136475,PJM
2019-11-04,2156.717157332905,37.09962244003018,-259.5600604618816,91.37328068894658,PJM
2019-11-05,2156.7460335633564,58.113029591379174,-256.58940132010116,52.98633816536585,PJM
2019-11-06,2156.7749097938076,62.64299791443917,-253.30013245755626,58.70922474930944,PJM
2019-11-07,2156.803786024259,49.80191787357056,-249.69746402050512,116.15876012267586,PJM
2019-11-08,2156.83266225471,19.985619013100308,-245.78698111195422,251.80869984414426,PJM
2019-11-09,2156.8615384851614,-100.15316914023728,-241.57463679033455,288.42526744541055,PJM
2019-11-10,2156.8904147156127,-128.08489925408875,-237.06674463159865,131.07722917007482,PJM
2019-11-11,2156.919290946064,37.09962244003018,-232.26997086366003,77.95905747756615,PJM
2019-11-12,2156.9481671765147,58.113029591379174,-227.1913260825972,304.7291293147034,PJM
2019-11-13,2156.977043406966,62.64299791443917,-221.83815656054662,484.7841152391411,PJM
2019-11-14,2157.0059196374173,49.80191787357056,-216.21813515568556,397.2632976446978,PJM
2019-11-15,2157.0347958678685,19.985619013100308,-210.33925183518596,280.41783695421736,PJM
2019-11-16,2157.06367209832,-100.15316914023728,-204.209803822467,244.45430086438478,PJM
2019-11-17,2157.092548328771,-128.08489925408875,-197.8383853805277,253.8567363058453,PJM
2019-11-18,2157.1214245592223,37.09962244003018,-191.23387724357303,183.10383024432053,PJM
2019-11-19,2157.1503007896736,58.113029591379174,-184.4054357095495,113.66710532849697,PJM
2019-11-20,2157.1791770201244,62.64299791443917,-177.36248140662954,94.54530647206593,PJM
2019-11-21,2157.2080532505756,49.80191787357056,-170.11468774704716,96.90871662290101,PJM
2019-11-22,2157.236929481027,19.985619013100308,-162.67196908207282,77.24542058794577,PJM
2019-11-23,2157.265805711478,-100.15316914023728,-155.04446857226657,182.15383200102588,PJM
2019-11-24,2157.2946819419294,-128.08489925408875,-147.24254578747633,129.4867630996357,PJM
2019-11-25,2157.3235581723807,37.09962244003018,-139.27676405137805,62.83458343896791,PJM
2019-11-26,2157.352434402832,58.113029591379174,-131.1578775456592,1.2234135514486297,PJM
2019-11-27,2157.381310633283,62.64299791443917,-122.89681818920644,-58.35649035851543,PJM
2019-11-28,2157.4101868637345,49.80191787357056,-114.50468230797237,-185.57042242933198,PJM
2019-11-29,2157.4390630941853,19.985619013100308,-105.992717111383,-107.48296499590242,PJM
2019-11-30,2157.4679393246365,-100.15316914023728,-97.37230699142917,19.869536807029817,PJM
2019-12-01,2157.496815555088,-128.08489925408875,-88.6549596607679,79.2770433597691,PJM
2019-12-02,2157.525691785539,37.09962244003018,-79.85229214634694,149.78197792077754,PJM
2019-12-03,2157.5545680159903,58.113029591379174,-70.97601665526031,164.25341904789093,PJM
2019-12-04,2157.5834442464416,62.64299791443917,-62.03792632965576,138.8244841687756,PJM
2019-12-05,2157.612320476893,49.80191787357056,-53.04988090769247,110.92464255723007,PJM
2019-12-06,2157.641196707344,19.985619013100308,-44.02379230760975,111.24297658716523,PJM
2019-12-07,2157.670072937795,-100.15316914023728,-34.97161015210085,114.69870635454345,PJM
2019-12-08,2157.698949168246,-128.08489925408875,-25.905307250219195,134.74525733606197,PJM
2019-12-09,2157.7278253986974,37.09962244003018,-16.836865054126577,-6.556582784601233,PJM
2019-12-10,2157.7567016291487,58.113029591379174,-7.77825910799713,-11.460472112530624,PJM
2019-12-11,2157.7855778596,62.64299791443917,1.258555493593235,192.93286873236775,PJM
2019-12-12,2157.814454090051,49.80191787357056,10.261658620458263,291.8689694159202,PJM
2019-12-13,2157.8433303205024,19.985619013100308,19.219179577504462,138.55787108889308,PJM
2019-12-14,2157.8722065509537,-100.15316914023728,28.119311514094747,-6.82234892481074,PJM
2019-12-15,2157.901082781405,-128.08489925408875,36.95032575492658,29.77849071775745,PJM
2019-12-16,2157.9299590118558,37.09962244003018,45.70058603534292,114.20583251277094,PJM
2019-12-17,2157.958835242307,58.113029591379174,54.35856262413776,109.59157254217644,PJM
2019-12-18,2157.9877114727583,62.64299791443917,62.9128463170197,221.6184442957824,PJM
2019-12-19,2158.0165877032096,49.80191787357056,71.35216228409031,347.4033321391298,PJM
2019-12-20,2158.045463933661,19.985619013100308,79.66538375482219,238.161533298417,PJM
2019-12-21,2158.074340164112,-100.15316914023728,87.84154552425761,154.39028345186762,PJM
2019-12-22,2158.1032163945633,-128.08489925408875,95.8698572643349,59.764825595190814,PJM
2019-12-23,2158.1320926250146,37.09962244003018,103.73971662448267,-118.90543168952718,PJM
2019-12-24,2158.1609688554654,58.113029591379174,111.44072210589903,-305.1577205527435,PJM
2019-12-25,2158.1898450859167,62.64299791443917,118.96268569415057,-407.4095286945071,PJM
2019-12-26,2158.218721316368,49.80191787357056,126.29564523507956,-297.7352844250179,PJM
2019-12-27,2158.247597546819,19.985619013100308,133.42987653924638,-308.074093099166,PJM
2019-12-28,2158.2764737772704,-100.15316914023728,140.355905200511,-294.8152098375442,PJM
2019-12-29,2158.3053500077217,-128.08489925408875,147.0645181146577,-288.09796886829054,PJM
2019-12-30,2158.334226238173,37.09962244003018,153.5467746843489,-342.84062336255215,PJM
2019-12-31,2158.363102468624,58.113029591379174,159.79401769705757,-293.68614975706123,PJM
2020-01-01,2158.391978699075,62.64299791443917,167.2598715129654,-380.36384812647975,PJM
2020-01-02,2158.4208549295263,49.80191787357056,172.9482199743774,-191.75199277747424,PJM
2020-01-03,2158.4497311599775,19.985619013100308,178.37550100801144,-285.0058511810894,PJM
2020-01-04,2158.478607390429,-100.15316914023728,183.53437500805728,-272.0988132582488,PJM
2020-01-05,2158.50748362088,-128.08489925408875,188.41783700086796,-126.19142136765913,PJM
2020-01-06,2158.5363598513313,37.09962244003018,193.01922520192736,-159.81520749328865,PJM
2020-01-07,2158.5652360817826,58.113029591379174,197.332229161532,-88.36749483469339,PJM
2020-01-08,2158.594112312234,62.64299791443917,201.35089748946905,-45.100007716142045,PJM
2020-01-09,2158.622988542685,49.80191787357056,205.0696451494716,-6.845551565726964,PJM
2020-01-10,2158.651864773136,19.985619013100308,208.48326031474414,-219.6997441009803,PJM
2020-01-11,2158.680741003587,-100.15316914023728,211.5869107763711,-393.3014826397207,PJM
2020-01-12,2158.7096172340384,-128.08489925408875,214.37614989695302,-405.44586787690264,PJM
2020-01-13,2158.7384934644897,37.09962244003018,216.846922102354,-293.3750380068741,PJM
2020-01-14,2158.767369694941,58.113029591379174,218.99556790499346,-271.156967191313,PJM
2020-01-15,2158.796245925392,62.64299791443917,220.81882845267018,-330.7330722925012,PJM
2020-01-16,2158.8251221558435,49.80191787357056,222.31384959747018,-243.9148896268839,PJM
2020-01-17,2158.8539983862947,19.985619013100308,223.47818547988086,17.54419712072422,PJM
2020-01-18,2158.8828746167455,-100.15316914023728,224.30980162380715,41.04049289968452,PJM
2020-01-19,2158.911750847197,-128.08489925408875,224.80707753876823,-0.5449291318764153,PJM
2020-01-20,2158.940627077648,37.09962244003018,224.96880882613675,126.94694165618512,PJM
2020-01-21,2158.9695033080993,58.113029591379174,224.79420878687267,134.974258313649,PJM
2020-01-22,2158.9983795385506,62.64299791443917,224.28290952879388,64.59571301821643,PJM
2020-01-23,2159.027255769002,49.80191787357056,223.43496257202204,-15.98513621459415,PJM
2020-01-24,2159.056131999453,19.985619013100308,222.2508389518362,-170.27458996438963,PJM
2020-01-25,2159.0850082299044,-100.15316914023728,220.7314288187635,-214.01626790843056,PJM
2020-01-26,2159.1138844603556,-128.08489925408875,218.87804053633528,-151.91102574260185,PJM
2020-01-27,2159.1427606908064,37.09962244003018,216.69239927752898,-126.44878240836624,PJM
2020-01-28,2159.1716369212577,58.113029591379174,214.1766451215174,-124.7743116341544,PJM
2020-01-29,2159.200513151709,62.64299791443917,211.33333065293408,-104.53684171908253,PJM
2020-01-30,2159.22938938216,49.80191787357056,208.16541806645895,-33.58572532218932,PJM
2020-01-31,2159.2582656126115,19.985619013100308,204.67627578011314,-82.53816040582478,PJM
2020-02-01,2159.2871418430627,-100.15316914023728,200.86967456123634,-138.4856472640613,PJM
2020-02-02,2159.316018073514,-128.08489925408875,196.7497831696987,-208.41790198912395,PJM
2020-02-03,2159.3448943039652,37.09962244003018,192.32116352347174,-338.49468026746626,PJM
2020-02-04,2159.373770534416,58.113029591379174,187.588765392252,-358.15556551804684,PJM
2020-02-05,2159.4026467648673,62.64299791443917,182.5579206253887,-215.4295653046952,PJM
2020-02-06,2159.4315229953186,49.80191787357056,177.23433692092337,-126.00577778981278,PJM
2020-02-07,2159.46039922577,19.985619013100308,171.62409114309125,-97.82910938196119,PJM
2020-02-08,2159.489275456221,-100.15316914023728,165.73362219617246,-35.11672851215599,PJM
2020-02-09,2159.5181516866724,-128.08489925408875,159.56972346310891,-76.41897589569271,PJM
2020-02-10,2159.5470279171236,37.09962244003018,153.13953481781613,-144.3571851749698,PJM
2020-02-11,2159.575904147575,58.113029591379174,146.45053422063148,-202.5604679595849,PJM
2020-02-12,2159.6047803780257,62.64299791443917,139.51052890683093,-128.5613071992957,PJM
2020-02-13,2159.633656608477,49.80191787357056,132.3276461786308,-80.69222066067869,PJM
2020-02-14,2159.662532838928,19.985619013100308,124.91032381156614,109.29752433640533,PJM
2020-02-15,2159.6914090693795,-100.15316914023728,117.2673000865905,197.6454599842673,PJM
2020-02-16,2159.7202852998307,-128.08489925408875,109.40760345968974,-36.95598950543172,PJM
2020-02-17,2159.749161530282,37.09962244003018,101.34054188123442,-132.64832585154636,PJM
2020-02-18,2159.7780377607332,58.113029591379174,93.07569177770864,-160.0057591298205,PJM
2020-02-19,2159.8069139911845,62.64299791443917,84.62288670885826,-126.71879861448224,PJM
2020-02-20,2159.8357902216358,49.80191787357056,75.99220571368596,116.05808619110803,PJM
2020-02-21,2159.8646664520866,19.985619013100308,67.19396135908968,184.42575317572346,PJM
2020-02-22,2159.893542682538,-100.15316914023728,58.23868750529857,45.95393895240113,PJM
2020-02-23,2159.922418912989,-128.08489925408875,49.137126802593514,-58.40264646149376,PJM
2020-02-24,2159.9512951434403,37.09962244003018,39.90021793412217,-99.86613551759228,PJM
2020-02-25,2159.9801713738916,58.113029591379174,30.539082619921274,-133.92528358519166,PJM
2020-02-26,2160.009047604343,62.64299791443917,21.06501239753979,-99.36205791632165,PJM
2020-02-27,2160.037923834794,49.80191787357056,11.489455194928226,92.70770309670706,PJM
2020-02-28,2160.0668000652454,19.985619013100308,1.824001711504195,149.44157921015085,PJM
2020-02-29,2160.095676295696,-100.15316914023728,-7.9196283764681255,184.3031212210094,PJM
2020-03-01,2160.1245525261475,-128.08489925408875,-17.729600369831985,83.59294709777305,PJM
2020-03-02,2160.1534287565987,37.09962244003018,-27.59397864328848,-76.75407255333994,PJM
2020-03-03,2160.18230498705,58.113029591379174,-37.50074086823004,-150.15759371019954,PJM
2020-03-04,2160.2111812175012,62.64299791443917,-47.43779234479598,-137.29438678714428,PJM
2020-03-05,2160.2400574479525,49.80191787357056,-57.392980426155674,-74.34399489536736,PJM
2020-03-06,2160.2689336784038,19.985619013100308,-67.35410901791732,83.74855632641356,PJM
2020-03-07,2160.297809908855,-100.15316914023728,-77.30895313546131,48.3753123668439,PJM
2020-03-08,2160.326686139306,-128.08489925408875,-87.2452735019402,-0.7065133832768424,PJM
2020-03-09,2160.355562369757,37.09962244003018,-97.15083116962144,-128.199353640166,PJM
2020-03-10,2160.3844386002083,58.113029591379174,-107.01340214723271,-160.24506604435464,PJM
2020-03-11,2160.4133148306596,62.64299791443917,-116.82079201595388,-120.50252072914486,PJM
2020-03-12,2160.442191061111,49.80191787357056,-126.56085051671018,-90.68025841797112,PJM
2020-03-13,2160.471067291562,19.985619013100308,-136.22148609146132,-132.32320021320083,PJM
2020-03-14,2160.4999435220134,-100.15316914023728,-145.7906803612216,-42.00609402055443,PJM
2020-03-15,2160.5288197524646,-128.08489925408875,-155.2565025236315,15.986582025255757,PJM
2020-03-16,2160.557695982916,37.09962244003018,-164.60712365298548,53.268805230039334,PJM
2020-03-17,2160.5865722133667,58.113029591379174,-173.83083088573943,-17.896770919006713,PJM
2020-03-18,2160.615448443818,62.64299791443917,-182.91604147465253,-42.22040488360426,PJM
2020-03-19,2160.6443246742692,49.80191787357056,-191.85131669487376,-70.43392585296601,PJM
2020-03-20,2160.6732009047205,19.985619013100308,-200.62537558545466,-107.8044443323663,PJM
2020-03-21,2160.7020771351717,-100.15316914023728,-209.22710850996575,-33.80079948496882,PJM
2020-03-22,2160.730953365623,-128.08489925408875,-217.64559052010247,52.027536408568494,PJM
2020-03-23,2160.7598295960743,37.09962244003018,-225.87009450640323,62.21464247029894,PJM
2020-03-24,2160.7887058265255,58.113029591379174,-233.89010412044635,-32.449631297458154,PJM
2020-03-25,2160.8175820569763,62.64299791443917,-241.69532645316798,-25.25025351824752,PJM
2020-03-26,2160.8464582874276,49.80191787357056,-249.27570445422404,-90.7586717067743,PJM
2020-03-27,2160.875334517879,19.985619013100308,-256.62142907762785,-141.30252445335168,PJM
2020-03-28,2160.90421074833,-100.15316914023728,-263.72295113921695,-73.41509046887586,PJM
2020-03-29,2160.9330869787814,-128.08489925408875,-270.5709928718405,-73.96219485285224,PJM
2020-03-30,2160.9619632092326,37.09962244003018,-277.1565591645166,-126.72702648474592,PJM
2020-03-31,2160.990839439684,58.113029591379174,-283.4709484721816,-36.70592055888142,PJM
2020-04-01,2161.019715670135,62.64299791443917,-289.5057633830382,-29.611950201535592,PJM
2020-04-02,2161.0485919005864,49.80191787357056,-295.2529208309189,-71.2725889432379,PJM
2020-04-03,2161.077468131037,19.985619013100308,-300.7046619404948,-89.68642520364256,PJM
2020-04-04,2161.1063443614885,-100.15316914023728,-305.8535614935949,-88.81861372765661,PJM
2020-04-05,2161.1352205919397,-128.08489925408875,-310.69253700534927,-101.04178433250149,PJM
2020-04-06,2161.164096822391,37.09962244003018,-315.2148573993274,-167.59086186309378,PJM
2020-04-07,2161.1929730528423,58.113029591379174,-319.4141512713176,-165.84385137290337,PJM
2020-04-08,2161.2218492832935,62.64299791443917,-323.2844147318798,-187.30943246585298,PJM
2020-04-09,2161.250725513745,49.80191787357056,-326.8200188182981,-17.270624569017173,PJM
2020-04-10,2161.279601744196,19.985619013100308,-330.01571646707305,-54.683504290223254,PJM
2020-04-11,2161.308477974647,-100.15316914023728,-332.86664903860685,-36.08365979580276,PJM
2020-04-12,2161.337354205098,-128.08489925408875,-335.36835238626577,-94.05710256474367,PJM
2020-04-13,2161.3662304355494,37.09962244003018,-337.51676246254556,-120.10309041303367,PJM
2020-04-14,2161.3951066660006,58.113029591379174,-339.3082204556047,-78.99391580177485,PJM
2020-04-15,2161.423982896452,62.64299791443917,-340.73947744999316,-8.791503360897423,PJM
2020-04-16,2161.452859126903,49.80191787357056,-341.8076986059603,11.32492160548668,PJM
2020-04-17,2161.4817353573544,19.985619013100308,-342.51046685229744,46.42611248184289,PJM
2020-04-18,2161.5106115878057,-100.15316914023728,-342.84578608824415,9.861343640676068,PJM
2020-04-19,2161.5394878182565,-128.08489925408875,-342.81208389056843,-17.590504673599526,PJM
2020-04-20,2161.5683640487077,37.09962244003018,-342.4082137225133,-127.32777276622483,PJM
2020-04-21,2161.597240279159,58.113029591379174,-341.63345664189376,-106.39381322864438,PJM
2020-04-22,2161.6261165096103,62.64299791443917,-340.4875225062178,-59.94959191783141,PJM
2020-04-23,2161.6549927400615,49.80191787357056,-338.9705506733005,-81.6503599403311,PJM
2020-04-24,2161.683868970513,19.985619013100308,-337.08311019643685,-98.68837778717625,PJM
2020-04-25,2161.712745200964,-100.15316914023728,-334.82619951379434,-107.26937654693256,PJM
2020-04-26,2161.7416214314153,-128.08489925408875,-332.20124563228705,-46.73247654503939,PJM
2020-04-27,2161.7704976618666,37.09962244003018,-329.2101028067881,-78.97601729510802,PJM
2020-04-28,2161.7993738923174,58.113029591379174,-325.85505071613517,-133.90435276756148,PJM
2020-04-29,2161.8282501227686,62.64299791443917,-322.1387921379779,-167.74145589922978,PJM
2020-04-30,2161.85712635322,49.80191787357056,-318.0644501251091,-133.9355941016811,PJM
2020-05-01,2161.886002583671,19.985619013100308,-313.635564686511,-157.2260569102607,PJM
2020-05-02,2161.9148788141224,-100.15316914023728,-308.8560889769314,-174.92462069695353,PJM
2020-05-03,2161.9437550445737,-128.08489925408875,-303.7303849993907,-144.95347079109388,PJM
2020-05-04,2161.972631275025,37.09962244003018,-298.2632188255895,-202.10903488946542,PJM
2020-05-05,2162.001507505476,58.113029591379174,-292.45975533976355,-186.90878175709167,PJM
2020-05-06,2162.030383735927,62.64299791443917,-286.3255525120908,-150.50482913827545,PJM
2020-05-07,2162.0592599663782,49.80191787357056,-279.8665552083166,-183.70062263163186,PJM
2020-05-08,2162.0881361968295,19.985619013100308,-273.08908854280605,-134.5686666671238,PJM
2020-05-09,2162.1170124272808,-100.15316914023728,-265.99985078277786,-33.56599250426575,PJM
2020-05-10,2162.145888657732,-128.08489925408875,-258.6059058120019,-114.98808359164104,PJM
2020-05-11,2162.1747648881833,37.09962244003018,-250.91467516276418,-144.0767121654494,PJM
2020-05-12,2162.2036411186346,58.113029591379174,-242.93392962541338,-181.51974108460035,PJM
2020-05-13,2162.232517349086,62.64299791443917,-234.6717804453037,-225.49673481822106,PJM
2020-05-14,2162.261393579537,49.80191787357056,-226.13667011743715,-226.64264133567008,PJM
2020-05-15,2162.290269809988,19.985619013100308,-217.33736278958241,-136.28552603350613,PJM
2020-05-16,2162.319146040439,-100.15316914023728,-208.28293428511313,-120.94304261508887,PJM
2020-05-17,2162.3480222708904,-128.08489925408875,-198.98276175725596,-173.88936125954547,PJM
2020-05-18,2162.3768985013417,37.09962244003018,-189.44651298687623,-240.2050079544954,PJM
2020-05-19,2162.405774731793,58.113029591379174,-179.68413533635277,-295.9696689868192,PJM
2020-05-20,2162.434650962244,62.64299791443917,-169.70584437249573,-310.52980450418727,PJM
2020-05-21,2162.4635271926954,49.80191787357056,-159.52211217185857,-299.0703328944071,PJM
2020-05-22,2162.4924034231467,19.985619013100308,-149.14365532216567,-266.55536711408126,PJM
2020-05-23,2162.5212796535975,-100.15316914023728,-138.58142263394097,-188.26068787941904,PJM
2020-05-24,2162.5501558840488,-128.08489925408875,-127.84658257676604,-177.6196740531941,PJM
2020-05-25,2162.5790321145,37.09962244003018,-116.95051045491884,-244.38414409961115,PJM
2020-05-26,2162.6079083449513,58.113029591379174,-105.90477533745684,3.6588374011262204,PJM
2020-05-27,2162.6367845754025,62.64299791443917,-94.72112675809515,23.92334426825346,PJM
2020-05-28,2162.665660805854,49.80191787357056,-83.41148120050633,30.103902521081636,PJM
2020-05-29,2162.694537036305,19.985619013100308,-71.98790838492289,20.586752335517758,PJM
2020-05-30,2162.7234132667563,-100.15316914023728,-60.46261737215559,-154.01962675436312,PJM
2020-05-31,2162.752289497207,-128.08489925408875,-48.847942501361246,-347.5784477417574,PJM
2020-06-01,2162.7811657276584,37.09962244003018,-37.156329178085,-389.9124589896037,PJM
2020-06-02,2162.8100419581097,58.113029591379174,-25.400319529290954,-198.6097520201979,PJM
2020-06-03,2162.838918188561,62.64299791443917,-13.592537942235936,44.30562183923621,PJM
2020-06-04,2162.867794419012,49.80191787357056,-1.74567650419786,151.57696421161563,PJM
2020-06-05,2162.8966706494634,19.985619013100308,10.127519639825948,150.8931906976104,PJM
2020-06-06,2162.9255468799147,-100.15316914023728,22.01426699423419,146.2133552660889,PJM
2020-06-07,2162.954423110366,-128.08489925408875,33.90175846744867,-129.18128232372624,PJM
2020-06-08,2162.983299340817,37.09962244003018,45.77717815670951,-119.56609993755683,PJM
2020-06-09,2163.012175571268,58.113029591379174,57.627716145643035,125.62707869170981,PJM
2020-06-10,2163.0410518017193,62.64299791443917,69.44058329720212,303.06336698663927,PJM
2020-06-11,2163.0699280321705,49.80191787357056,81.20302602457679,40.648128069682116,PJM
2020-06-12,2163.098804262622,19.985619013100308,92.90234102270534,-96.96676429842728,PJM
2020-06-13,2163.127680493073,-100.15316914023728,104.52588994305097,-365.0824012958867,PJM
2020-06-14,2163.1565567235243,-128.08489925408875,116.06111399438862,-453.0207714638241,PJM
2020-06-15,2163.1854329539756,37.09962244003018,127.49554845241938,-426.25360384642454,PJM
2020-06-16,2163.214309184427,58.113029591379174,138.81683706115533,-364.6331758369611,PJM
2020-06-17,2163.2431854148776,62.64299791443917,150.01274630911882,-316.2429296384357,PJM
2020-06-18,2163.272061645329,49.80191787357056,161.07117956357666,-201.61915908247647,PJM
2020-06-19,2163.30093787578,19.985619013100308,171.98019104617217,-94.30874793505245,PJM
2020-06-20,2163.3298141062314,-100.15316914023728,182.72799963352026,-73.02164459951427,PJM
2020-06-21,2163.3586903366827,-128.08489925408875,193.30300246652914,-40.43979354912244,PJM
2020-06-22,2163.387566567134,37.09962244003018,203.69378835244277,30.95702264039346,PJM
2020-06-23,2163.416442797585,58.113029591379174,213.88915094383557,-33.27162333279966,PJM
2020-06-24,2163.4453190280365,62.64299791443917,223.87810167906133,-147.5684186215367,PJM
2020-06-25,2163.4741952584877,49.80191787357056,233.6498824689333,-189.15099560099088,PJM
2020-06-26,2163.5030714889385,19.985619013100308,243.1939781147169,-136.5456686167554,PJM
2020-06-27,2163.53194771939,-100.15316914023728,252.5001284428282,-54.74490702198045,PJM
2020-06-28,2163.560823949841,-128.08489925408875,261.5583401419701,23.65873516227839,PJM
2020-06-29,2163.5897001802923,37.09962244003018,270.3588982887834,76.51077909089418,PJM
2020-06-30,2163.6185764107436,58.113029591379174,278.89237754846476,10.992016449412858,PJM
2020-07-01,2163.647452641195,62.64299791443917,287.14965303717906,-16.614103592812626,PJM
2020-07-02,2163.676328871646,49.80191787357056,295.1219108335005,40.15184242128316,PJM
2020-07-03,2163.7052051020974,19.985619013100308,302.80065812652265,67.75651775828055,PJM
2020-07-04,2163.734081332548,-100.15316914023728,310.1777329887128,84.01735481897595,PJM
2020-07-05,2163.7629575629994,-128.08489925408875,317.2453137620254,142.5646279290636,PJM
2020-07-06,2163.7918337934507,37.09962244003018,323.99592804624723,214.38661572027195,PJM
2020-07-07,2163.820710023902,58.113029591379174,330.42246127901564,158.67379910570344,PJM
2020-07-08,2163.849586254353,62.64299791443917,336.5181648974304,194.15925093377746,PJM
2020-07-09,2163.8784624848045,49.80191787357056,342.27666407168016,281.07195556994475,PJM
2020-07-10,2163.9073387152557,19.985619013100308,347.69196500160194,127.86307727004169,PJM
2020-07-11,2163.936214945707,-100.15316914023728,352.7584617676122,25.17249242691878,PJM
2020-07-12,2163.965091176158,-128.08489925408875,357.47094272797267,-78.89713465004161,PJM
2020-07-13,2163.993967406609,37.09962244003018,361.8245964548913,24.723813698468803,PJM
2020-07-14,2164.0228436370603,58.113029591379174,365.8150172024985,-71.74789043093824,PJM
2020-07-15,2164.0517198675116,62.64299791443917,369.43820990029513,-1.832927682245554,PJM
2020-07-16,2164.080596097963,49.80191787357056,372.69059466622855,-6.516108637762045,PJM
2020-07-17,2164.109472328414,19.985619013100308,375.5690108341179,126.23989782436774,PJM
2020-07-18,2164.1383485588653,-100.15316914023728,378.0707204907236,233.34110009064807,PJM
2020-07-19,2164.1672247893166,-128.08489925408875,380.193411518336,287.8712629464362,PJM
2020-07-20,2164.196101019768,37.09962244003018,381.9352001393394,313.0560764008628,PJM
2020-07-21,2164.2249772502187,58.113029591379174,383.2946329597978,208.0353601986044,PJM
2020-07-22,2164.25385348067,62.64299791443917,384.2706885096977,134.60746009519335,PJM
2020-07-23,2164.282729711121,49.80191787357056,384.8627782780787,66.62657413722991,PJM
2020-07-24,2164.3116059415725,19.985619013100308,385.0707472418783,23.89302780344906,PJM
2020-07-25,2164.3404821720237,-100.15316914023728,384.8948738879144,95.79281308029931,PJM
2020-07-26,2164.369358402475,-128.08489925408875,384.3358697280267,252.70367112358736,PJM
2020-07-27,2164.3982346329262,37.09962244003018,383.39487830799806,285.01026461904576,PJM
2020-07-28,2164.4271108633775,58.113029591379174,382.0734737114717,288.570385833772,PJM
2020-07-29,2164.4559870938283,62.64299791443917,380.3736585606785,202.35435643105438,PJM
2020-07-30,2164.4848633242796,49.80191787357056,378.29786151637904,110.77935728577086,PJM
2020-07-31,2164.513739554731,19.985619013100308,375.84893428001965,-67.06629284785049,PJM
2020-08-01,2164.542615785182,-100.15316914023728,373.0301481016868,-85.0185947466316,PJM
2020-08-02,2164.5714920156333,-128.08489925408875,369.84518979802635,0.9412174404292273,PJM
2020-08-03,2164.6003682460846,37.09962244003018,366.2981572848747,-131.4831479709892,PJM
2020-08-04,2164.629244476536,58.113029591379174,362.3935546299195,-300.59582869783435,PJM
2020-08-05,2164.658120706987,62.64299791443917,358.1362866312741,-273.2284052527002,PJM
2020-08-06,2164.686996937438,49.80191787357056,353.53165292840947,-246.01156773941784,PJM
2020-08-07,2164.715873167889,19.985619013100308,348.5853416524383,-183.675833833428,PJM
2020-08-08,2164.7447493983404,-100.15316914023728,343.3034226232902,-120.16400288139357,PJM
2020-08-09,2164.7736256287917,-128.08489925408875,337.69234010184874,57.920933523448184,PJM
2020-08-10,2164.802501859243,37.09962244003018,331.7589051056501,206.03897059507653,PJM
2020-08-11,2164.831378089694,58.113029591379174,325.5102872972533,167.58630502167352,PJM
2020-08-12,2164.8602543201455,62.64299791443917,318.9540064548987,141.68674131051603,PJM
2020-08-13,2164.8891305505967,49.80191787357056,312.0979235355611,107.73302804027207,PJM
2020-08-14,2164.918006781048,19.985619013100308,304.95023134098847,99.4091428648635,PJM
2020-08-15,2164.946883011499,-100.15316914023728,297.51944479778007,-98.28115866904136,PJM
2020-08-16,2164.97575924195,-128.08489925408875,289.8143908630178,-235.89625085087937,PJM
2020-08-17,2165.0046354724013,37.09962244003018,281.8441980673986,-166.0074559798304,PJM
2020-08-18,2165.0335117028526,58.113029591379174,273.6182857082545,-177.57482700248602,PJM
2020-08-19,2165.062387933304,62.64299791443917,265.14635270524195,-228.2597385529848,PJM
2020-08-20,2165.091264163755,49.80191787357056,256.4383661319,-195.47554816922548,PJM
2020-08-21,2165.1201403942064,19.985619013100308,247.50454943664025,-63.351308843946754,PJM
2020-08-22,2165.1490166246576,-100.15316914023728,238.35537036710858,62.184782148471186,PJM
2020-08-23,2165.1778928551084,-128.08489925408875,229.0015286121997,124.36947778678041,PJM
2020-08-24,2165.2067690855597,37.09962244003018,219.45394317634953,294.4746652980607,PJM
2020-08-25,2165.235645316011,58.113029591379174,209.7237395010289,321.4325855915813,PJM
2020-08-26,2165.264521546462,62.64299791443917,199.82223634867086,144.78624419042762,PJM
2020-08-27,2165.2933977769135,49.80191787357056,189.7609324645466,357.51675188496984,PJM
2020-08-28,2165.3222740073647,19.985619013100308,179.55149303234813,313.85561394718707,PJM
2020-08-29,2165.351150237816,-100.15316914023728,169.20573593949786,111.00728296292391,PJM
2020-08-30,2165.3800264682673,-128.08489925408875,158.73561786841697,-141.55774508259492,PJM
2020-08-31,2165.4089026987185,37.09962244003018,148.15322023018854,-164.48974536893684,PJM
2020-09-01,2165.4377789291693,58.113029591379174,137.47073495724806,-39.65154347779662,PJM
2020-09-02,2165.4666551596206,62.64299791443917,126.70045017187431,149.37389675406575,PJM
2020-09-03,2165.495531390072,49.80191787357056,115.85473574743128,203.87881498892648,PJM
2020-09-04,2165.524407620523,19.985619013100308,104.94602877940537,81.315944586971,PJM
2020-09-05,2165.5532838509744,-100.15316914023728,93.98681898340591,-186.00893369414257,PJM
2020-09-06,2165.5821600814256,-128.08489925408875,82.9896340373828,-188.43989486471946,PJM
2020-09-07,2165.611036311877,37.09962244003018,71.96702488536073,-244.02168363726742,PJM
2020-09-08,2165.639912542328,58.113029591379174,60.93155102005608,22.50050684623693,PJM
2020-09-09,2165.668788772779,62.64299791443917,49.895765761746446,83.15844755103535,PJM
2020-09-10,2165.69766500323,49.80191787357056,38.87220155078424,148.20621557241475,PJM
2020-09-11,2165.7265412336815,19.985619013100308,27.873355271105595,14.381484482112683,PJM
2020-09-12,2165.7554174641327,-100.15316914023728,16.911673622064825,-97.85892194595976,PJM
2020-09-13,2165.784293694584,-128.08489925408875,5.999538555863808,-57.23493299635902,PJM
2020-09-14,2165.8131699250353,37.09962244003018,-4.850747202246339,-120.33504516281937,PJM
2020-09-15,2165.8420461554865,58.113029591379174,-15.626974533901887,-321.9331012129637,PJM
2020-09-16,2165.870922385938,62.64299791443917,-26.3170421907283,-281.87487810964853,PJM
2020-09-17,2165.8997986163886,49.80191787357056,-36.90897092379595,-216.98774556616286,PJM
2020-09-18,2165.92867484684,19.985619013100308,-47.390917462746785,-261.39537639719333,PJM
2020-09-19,2165.957551077291,-100.15316914023728,-57.751188328119554,-358.7671936089341,PJM
2020-09-20,2165.9864273077424,-128.08489925408875,-67.97825346057809,-341.52627459307587,PJM
2020-09-21,2166.0153035381936,37.09962244003018,-78.06075965097644,-309.5571663272474,PJM
2020-09-22,2166.044179768645,58.113029591379174,-87.98754375543136,-279.9716656045923,PJM
2020-09-23,2166.073055999096,62.64299791443917,-97.74764567982018,-225.09840823371496,PJM
2020-09-24,2166.1019322295474,49.80191787357056,-107.33032111841257,-175.8505289847053,PJM
2020-09-25,2166.1308084599987,19.985619013100308,-116.72505403162333,-138.1933734414754,PJM
2020-09-26,2166.1596846904495,-100.15316914023728,-125.92156884818397,-106.2489467020282,PJM
2020-09-27,2166.1885609209007,-128.08489925408875,-134.90984237737527,-48.38581928943677,PJM
2020-09-28,2166.217437151352,37.09962244003018,-143.68011541728148,-9.036944174100881,PJM
2020-09-29,2166.2463133818032,58.113029591379174,-152.222904045414,-81.27543892776816,PJM
2020-09-30,2166.2751896122545,62.64299791443917,-160.5290105784116,-202.47917694828197,PJM
2020-10-01,2166.3040658427058,49.80191787357056,-168.5895341879255,-191.0644495283509,PJM
2020-10-02,2166.332942073157,19.985619013100308,-176.39588116020758,-197.5816799260499,PJM
2020-10-03,2166.3618183036083,-100.15316914023728,-183.93977478733285,-203.33487437603776,PJM
2020-10-04,2166.390694534059,-128.08489925408875,-191.2132648784409,-189.34153040152955,PJM
2020-10-05,2166.4195707645104,37.09962244003018,-198.20873687981873,-169.09245632472198,PJM
2020-10-06,2166.4484469949616,58.113029591379174,-204.9189205931133,-157.81155599322778,PJM
2020-10-07,2166.477323225413,62.64299791443917,-211.33689848145121,-130.097422658401,PJM
2020-10-08,2166.506199455864,49.80191787357056,-217.4561135537116,-155.5860037757227,PJM
2020-10-09,2166.5350756863154,19.985619013100308,-223.27037681772075,-128.84531788169465,PJM
2020-10-10,2166.5639519167667,-100.15316914023728,-228.7738742936311,-101.33190848289769,PJM
2020-10-11,2166.592828147218,-128.08489925408875,-233.96117357927852,-99.24875531385032,PJM
2020-10-12,2166.621704377669,37.09962244003018,-238.82722995984216,-80.84409685785681,PJM
2020-10-13,2166.65058060812,58.113029591379174,-243.36739205466537,-124.94121814483401,PJM
2020-10-14,2166.6794568385712,62.64299791443917,-247.57740699465768,-126.72104775835305,PJM
2020-10-15,2166.7083330690225,49.80191787357056,-251.45342512423883,-100.60382581835415,PJM
2020-10-16,2166.7372092994738,19.985619013100308,-254.9920042223645,-79.88482409020958,PJM
2020-10-17,2166.766085529925,-100.15316914023728,-258.19011323773384,-73.65980315195361,PJM
2020-10-18,2166.7949617603763,-128.08489925408875,-261.04513553385743,-66.86392697242968,PJM
2020-10-19,2166.8238379908275,37.09962244003018,-263.5548716402491,-66.66958879060849,PJM
2020-10-20,2166.852714221279,58.113029591379174,-265.7175415065858,-60.962202306071504,PJM
2020-10-21,2166.8815904517296,62.64299791443917,-267.5317862572698,-38.34880210889901,PJM
2020-10-22,2166.910466682181,49.80191787357056,-268.9966694444247,2.684284888673119,PJM
2020-10-23,2166.939342912632,19.985619013100308,-270.111677797942,-1.0932841277904117,PJM
2020-10-24,2166.9682191430834,-100.15316914023728,-270.8767214718017,-48.26832853104429,PJM
2020-10-25,2166.9970953735346,-128.08489925408875,-271.2921337864785,-26.41706233296736,PJM
2020-10-26,2167.025971603986,37.09962244003018,-271.35867046784807,-4.263923576168054,PJM
2020-10-27,2167.054847834437,58.113029591379174,-271.07750838360255,-30.7013690422134,PJM
2020-10-28,2167.0837240648884,62.64299791443917,-270.45024377877917,-31.967478200548157,PJM
2020-10-29,2167.1126002953392,49.80191787357056,-269.4788900126012,13.812371843691153,PJM
2020-10-30,2167.1414765257905,19.985619013100308,-268.16587479942,41.63277926052933,PJM
2020-10-31,2167.1703527562418,-100.15316914023728,-266.51403695713554,66.53785334113104,PJM
2020-11-01,2167.199228986693,-128.08489925408875,-264.5266226670551,139.748292934451,PJM
2020-11-02,2167.2281052171443,37.09962244003018,-262.2072812497298,149.11155359255554,PJM
2020-11-03,2167.2569814475955,58.113029591379174,-259.5600604618816,53.1730494229073,PJM
2020-11-04,2167.285857678047,62.64299791443917,-256.58940132010116,-17.04845427238456,PJM
2020-11-05,2167.314733908498,49.80191787357056,-253.30013245755626,-65.26151932451194,PJM
2020-11-06,2167.3436101389493,19.985619013100308,-249.69746402050512,-77.60276513154417,PJM
2020-11-07,2167.3724863694,-100.15316914023728,-245.78698111195422,-93.82333611720856,PJM
2020-11-08,2167.4013625998514,-128.08489925408875,-241.57463679033455,-105.73782655542846,PJM
2020-11-09,2167.4302388303026,37.09962244003018,-237.06674463159865,-93.42611663873436,PJM
2020-11-10,2167.459115060754,58.113029591379174,-232.26997086366003,-91.06217378847305,PJM
2020-11-11,2167.487991291205,62.64299791443917,-227.1913260825972,-83.35166312304705,PJM
2020-11-12,2167.5168675216564,49.80191787357056,-221.83815656054662,-47.766628834680205,PJM
2020-11-13,2167.5457437521077,19.985619013100308,-216.21813515568556,-23.304227609522286,PJM
2020-11-14,2167.574619982559,-100.15316914023728,-210.33925183518596,20.118800992864635,PJM
2020-11-15,2167.6034962130097,-128.08489925408875,-204.209803822467,-22.659793136454255,PJM
2020-11-16,2167.632372443461,37.09962244003018,-197.8383853805277,-30.045609502963543,PJM
2020-11-17,2167.6612486739123,58.113029591379174,-191.23387724357303,88.22159897828169,PJM
2020-11-18,2167.6901249043635,62.64299791443917,-184.4054357095495,158.2453128907464,PJM
2020-11-19,2167.719001134815,49.80191787357056,-177.36248140662954,122.98256239824445,PJM
2020-11-20,2167.747877365266,19.985619013100308,-170.11468774704716,-50.90680863131911,PJM
2020-11-21,2167.7767535957173,-100.15316914023728,-162.67196908207282,-73.1026153734067,PJM
2020-11-22,2167.8056298261686,-128.08489925408875,-155.04446857226657,-50.869261999813034,PJM
2020-11-23,2167.8345060566194,37.09962244003018,-147.24254578747633,-55.18758270917351,PJM
2020-11-24,2167.8633822870706,58.113029591379174,-139.27676405137805,16.66035217292847,PJM
2020-11-25,2167.892258517522,62.64299791443917,-131.1578775456592,-72.7293788863019,PJM
2020-11-26,2167.921134747973,49.80191787357056,-122.89681818920644,-343.9992344323366,PJM
2020-11-27,2167.9500109784244,19.985619013100308,-114.50468230797237,-314.7059476835525,PJM
2020-11-28,2167.9788872088757,-100.15316914023728,-105.992717111383,-158.91500095725542,PJM
2020-11-29,2168.007763439327,-128.08489925408875,-97.37230699142917,-63.47655719380873,PJM
2020-11-30,2168.036639669778,37.09962244003018,-88.6549596607679,-29.24330244904013,PJM
2020-12-01,2168.0655159002295,58.113029591379174,-79.85229214634694,97.97274665473833,PJM
2020-12-02,2168.0943921306803,62.64299791443917,-70.97601665526031,127.94062661014095,PJM
2020-12-03,2168.1232683611315,49.80191787357056,-62.03792632965576,105.44074009495398,PJM
2020-12-04,2168.152144591583,19.985619013100308,-53.04988090769247,7.18911730300988,PJM
2020-12-05,2168.181020822034,-100.15316914023728,-44.02379230760975,38.92794062581265,PJM
2020-12-06,2168.2098970524853,-128.08489925408875,-34.97161015210085,104.12761235370454,PJM
2020-12-07,2168.2387732829366,37.09962244003018,-25.905307250219195,176.63191152725267,PJM
2020-12-08,2168.267649513388,58.113029591379174,-16.836865054126577,161.61318594935983,PJM
2020-12-09,2168.296525743839,62.64299791443917,-7.77825910799713,119.94073544971889,PJM
2020-12-10,2168.32540197429,49.80191787357056,1.258555493593235,3.316124658546869,PJM
2020-12-11,2168.354278204741,19.985619013100308,10.261658620458263,-70.19355583829974,PJM
2020-12-12,2168.3831544351924,-100.15316914023728,19.219179577504462,-127.8351648724597,PJM
2020-12-13,2168.4120306656437,-128.08489925408875,28.119311514094747,-156.65544292565005,PJM
2020-12-14,2168.440906896095,37.09962244003018,36.95032575492658,27.082144908948067,PJM
2020-12-15,2168.469783126546,58.113029591379174,45.70058603534292,120.9036012467318,PJM
2020-12-16,2168.4986593569975,62.64299791443917,54.35856262413776,213.21378010442595,PJM
2020-12-17,2168.5275355874487,49.80191787357056,62.9128463170197,160.06370022196143,PJM
2020-12-18,2168.5564118179,19.985619013100308,71.35216228409031,189.5338068849096,PJM
2020-12-19,2168.585288048351,-100.15316914023728,79.66538375482219,208.1644973370644,PJM
2020-12-20,2168.614164278802,-128.08489925408875,87.84154552425761,87.16118945102926,PJM
2020-12-21,2168.6430405092533,37.09962244003018,95.8698572643349,-8.880520213618183,PJM
2020-12-22,2168.6719167397046,58.113029591379174,103.73971662448267,-76.95966295556627,PJM
2020-12-23,2168.700792970156,62.64299791443917,111.44072210589903,-96.53351299049336,PJM
2020-12-24,2168.729669200607,49.80191787357056,118.96268569415057,-272.42527276832834,PJM
2020-12-25,2168.7585454310583,19.985619013100308,126.29564523507956,-128.1258096792376,PJM
2020-12-26,2168.7874216615096,-100.15316914023728,133.42987653924638,170.23487093948143,PJM
2020-12-27,2168.8162978919604,-128.08489925408875,140.355905200511,75.3046961616169,PJM
2020-12-28,2168.8451741224117,37.09962244003018,147.0645181146577,-109.23431467709952,PJM
2020-12-29,2168.874050352863,58.113029591379174,153.5467746843489,-72.4108546285911,PJM
2020-12-30,2168.902926583314,62.64299791443917,159.79401769705757,-104.88494219481117,PJM
2020-12-31,2168.9318028137654,49.80191787357056,165.79788386300606,-250.64360455034148,PJM
2021-01-01,2168.9606790442167,19.985619013100308,167.2598715129654,-212.68516957028214,PJM
2021-01-02,2168.989555274668,-100.15316914023728,172.9482199743774,-240.02760610880796,PJM
2021-01-03,2169.018431505119,-128.08489925408875,178.37550100801144,-140.91103325904123,PJM
2021-01-04,2169.04730773557,37.09962244003018,183.53437500805728,-104.28930518365769,PJM
2021-01-05,2169.0761839660213,58.113029591379174,188.41783700086796,-98.91105055826802,PJM
2021-01-06,2169.1050601964726,62.64299791443917,193.01922520192736,-90.27128331283893,PJM
2021-01-07,2169.133936426924,49.80191787357056,197.332229161532,-76.11408346202643,PJM
2021-01-08,2169.162812657375,19.985619013100308,201.35089748946905,4.970670840055391,PJM
2021-01-09,2169.1916888878263,-100.15316914023728,205.0696451494716,-19.883164897060396,PJM
2021-01-10,2169.2205651182776,-128.08489925408875,208.48326031474414,-56.57992617893251,PJM
2021-01-11,2169.249441348729,37.09962244003018,211.5869107763711,27.87302543487067,PJM
2021-01-12,2169.27831757918,58.113029591379174,214.37614989695302,-48.24149706751223,PJM
2021-01-13,2169.307193809631,62.64299791443917,216.846922102354,-108.0701138264244,PJM
2021-01-14,2169.336070040082,49.80191787357056,218.99556790499346,-173.72055581864606,PJM
2021-01-15,2169.3649462705334,19.985619013100308,220.81882845267018,-159.74039373630376,PJM
2021-01-16,2169.3938225009847,-100.15316914023728,222.31384959747018,-134.86550295821735,PJM
2021-01-17,2169.422698731436,-128.08489925408875,223.47818547988086,-123.85698495722818,PJM
2021-01-18,2169.451574961887,37.09962244003018,224.30980162380715,-130.29799902572404,PJM
2021-01-19,2169.4804511923385,58.113029591379174,224.80707753876823,-114.91055832248549,PJM
2021-01-20,2169.5093274227897,62.64299791443917,224.96880882613675,-86.81213416336504,PJM
2021-01-21,2169.5382036532405,49.80191787357056,224.79420878687267,-90.43733031368356,PJM
2021-01-22,2169.567079883692,19.985619013100308,224.28290952879388,-111.2856084255859,PJM
2021-01-23,2169.595956114143,-100.15316914023728,223.43496257202204,38.072250454071764,PJM
2021-01-24,2169.6248323445943,-128.08489925408875,222.2508389518362,60.4972279576582,PJM
2021-01-25,2169.6537085750456,37.09962244003018,220.7314288187635,-21.201759833839333,PJM
2021-01-26,2169.682584805497,58.113029591379174,218.87804053633528,-72.7626549332108,PJM
2021-01-27,2169.711461035948,62.64299791443917,216.69239927752898,-85.16685822791624,PJM
2021-01-28,2169.7403372663994,49.80191787357056,214.1766451215174,114.5990997385129,PJM
2021-01-29,2169.7692134968506,19.985619013100308,211.33333065293408,214.38383683711527,PJM
2021-01-30,2169.7980897273014,-100.15316914023728,208.16541806645895,140.69966134647711,PJM
2021-01-31,2169.8269659577527,-128.08489925408875,204.67627578011314,121.53265751622257,PJM
2021-02-01,2169.855842188204,37.09962244003018,200.86967456123634,114.19886081052982,PJM
2021-02-02,2169.884718418655,58.113029591379174,196.7497831696987,88.01146882026705,PJM
2021-02-03,2169.9135946491065,62.64299791443917,192.32116352347174,72.7302439129835,PJM
2021-02-04,2169.9424708795577,49.80191787357056,187.588765392252,45.88084585462002,PJM
2021-02-05,2169.971347110009,19.985619013100308,182.5579206253887,-35.1988867484979,PJM
2021-02-06,2170.0002233404603,-100.15316914023728,177.23433692092337,3.916608878853822,PJM
2021-02-07,2170.029099570911,-128.08489925408875,171.62409114309125,116.99570854008607,PJM
2021-02-08,2170.0579758013623,37.09962244003018,165.73362219617246,186.74777956243543,PJM
2021-02-09,2170.0868520318136,58.113029591379174,159.56972346310891,86.99739491369837,PJM
2021-02-10,2170.115728262265,62.64299791443917,153.13953481781613,108.63173900548009,PJM
2021-02-11,2170.144604492716,49.80191787357056,146.45053422063148,183.98694341308192,PJM
2021-02-12,2170.1734807231674,19.985619013100308,139.51052890683093,245.56537135690178,PJM
2021-02-13,2170.2023569536186,-100.15316914023728,132.3276461786308,257.8561660079881,PJM
2021-02-14,2170.23123318407,-128.08489925408875,124.91032381156614,241.4073422584529,PJM
2021-02-15,2170.2601094145207,37.09962244003018,117.2673000865905,199.65196805885853,PJM
2021-02-16,2170.288985644972,58.113029591379174,109.40760345968974,103.52638130395871,PJM
2021-02-17,2170.317861875423,62.64299791443917,101.34054188123442,238.1435983289034,PJM
2021-02-18,2170.3467381058745,49.80191787357056,93.07569177770864,277.36065224284675,PJM
2021-02-19,2170.3756143363257,19.985619013100308,84.62288670885826,280.95587994171547,PJM
2021-02-20,2170.404490566777,-100.15316914023728,75.99220571368596,307.6924728597746,PJM
2021-02-21,2170.4333667972282,-128.08489925408875,67.19396135908968,264.82357109777104,PJM
2021-02-22,2170.4622430276795,37.09962244003018,58.23868750529857,175.64844702699202,PJM
2021-02-23,2170.4911192581308,58.113029591379174,49.137126802593514,-1.899275652102915,PJM
2021-02-24,2170.5199954885816,62.64299791443917,39.90021793412217,-124.83021133714283,PJM
2021-02-25,2170.548871719033,49.80191787357056,30.539082619921274,-134.4588722125245,PJM
2021-02-26,2170.577747949484,19.985619013100308,21.06501239753979,-2.1293793601244033,PJM
2021-02-27,2170.6066241799354,-100.15316914023728,11.489455194928226,-71.75691023462628,PJM
2021-02-28,2170.6355004103866,-128.08489925408875,1.824001711504195,-89.59460286780177,PJM
2021-03-01,2170.664376640838,37.09962244003018,-7.9196283764681255,-48.10937070439968,PJM
2021-03-02,2170.693252871289,58.113029591379174,-17.729600369831985,104.18431790716386,PJM
2021-03-03,2170.7221291017404,62.64299791443917,-27.59397864328848,-20.193148372890846,PJM
2021-03-04,2170.751005332191,49.80191787357056,-37.50074086823004,0.4328176624680964,PJM
2021-03-05,2170.7798815626425,19.985619013100308,-47.43779234479598,152.5762917690531,PJM
2021-03-06,2170.8087577930937,-100.15316914023728,-57.392980426155674,135.10239177329913,PJM
2021-03-07,2170.837634023545,-128.08489925408875,-67.35410901791732,122.92637424846112,PJM
2021-03-08,2170.8665102539962,37.09962244003018,-77.30895313546131,70.1128204414349,PJM
2021-03-09,2170.8953864844475,58.113029591379174,-87.2452735019402,-110.89414257388603,PJM
2021-03-10,2170.9242627148988,62.64299791443917,-97.15083116962144,-176.2644294597162,PJM
2021-03-11,2170.95313894535,49.80191787357056,-107.01340214723271,-215.23965467168773,PJM
2021-03-12,2170.9820151758013,19.985619013100308,-116.82079201595388,-208.5288421729474,PJM
2021-03-13,2171.010891406252,-100.15316914023728,-126.56085051671018,-124.6058717493047,PJM
2021-03-14,2171.0397676367033,-128.08489925408875,-136.22148609146132,-131.65738229115323,PJM
2021-03-15,2171.0686438671546,37.09962244003018,-145.7906803612216,129.7164140540367,PJM
2021-03-16,2171.097520097606,58.113029591379174,-155.2565025236315,108.75495283464625,PJM
2021-03-17,2171.126396328057,62.64299791443917,-164.60712365298548,13.17672941048886,PJM
2021-03-18,2171.1552725585084,49.80191787357056,-173.83083088573943,35.78864045366049,PJM
2021-03-19,2171.1841487889596,19.985619013100308,-182.91604147465253,96.7872736725933,PJM
2021-03-20,2171.213025019411,-100.15316914023728,-191.85131669487376,82.43346081570053,PJM
2021-03-21,2171.2419012498617,-128.08489925408875,-200.62537558545466,-3.7036264103185204,PJM
2021-03-22,2171.270777480313,37.09962244003018,-209.22710850996575,-61.27829141037773,PJM
2021-03-23,2171.2996537107642,58.113029591379174,-217.64559052010247,-91.79109278204055,PJM
2021-03-24,2171.3285299412155,62.64299791443917,-225.87009450640323,-97.0274333492514,PJM
2021-03-25,2171.3574061716668,49.80191787357056,-233.89010412044635,-98.82021992479099,PJM
2021-03-26,2171.386282402118,19.985619013100308,-241.69532645316798,-82.12457496205025,PJM
2021-03-27,2171.4151586325693,-100.15316914023728,-249.27570445422404,-109.63428503810769,PJM
2021-03-28,2171.4440348630205,-128.08489925408875,-256.62142907762785,-53.05770653130389,PJM
2021-03-29,2171.4729110934713,37.09962244003018,-263.72295113921695,-9.465582394284866,PJM
2021-03-30,2171.5017873239226,58.113029591379174,-270.5709928718405,-42.5738240434614,PJM
2021-03-31,2171.530663554374,62.64299791443917,-277.1565591645166,-56.75910230429645,PJM
2021-04-01,2171.559539784825,49.80191787357056,-283.4709484721816,126.672490813786,PJM
2021-04-02,2171.5884160152764,19.985619013100308,-289.5057633830382,190.95872835466184,PJM
2021-04-03,2171.6172922457276,-100.15316914023728,-295.2529208309189,121.6497977254287,PJM
2021-04-04,2171.646168476179,-128.08489925408875,-300.7046619404948,-47.14160728159527,PJM
2021-04-05,2171.67504470663,37.09962244003018,-305.8535614935949,-72.55010565306497,PJM
2021-04-06,2171.7039209370814,58.113029591379174,-310.69253700534927,-64.44241352311087,PJM
2021-04-07,2171.732797167532,62.64299791443917,-315.2148573993274,-41.81093768264418,PJM
2021-04-08,2171.7616733979835,49.80191787357056,-319.4141512713176,-61.245440000236385,PJM
2021-04-09,2171.7905496284347,19.985619013100308,-323.2844147318798,-42.15875390965539,PJM
2021-04-10,2171.819425858886,-100.15316914023728,-326.8200188182981,-41.63923790035051,PJM
2021-04-11,2171.8483020893373,-128.08489925408875,-330.01571646707305,-21.90968636817547,PJM
2021-04-12,2171.8771783197885,37.09962244003018,-332.86664903860685,-27.79715172121155,PJM
2021-04-13,2171.90605455024,58.113029591379174,-335.36835238626577,-53.66373175535273,PJM
2021-04-14,2171.934930780691,62.64299791443917,-337.51676246254556,-51.31116623258413,PJM
2021-04-15,2171.963807011142,49.80191787357056,-339.3082204556047,-0.19350442910786114,PJM
2021-04-16,2171.992683241593,19.985619013100308,-340.73947744999316,54.865175195300026,PJM
2021-04-17,2172.0215594720444,-100.15316914023728,-341.8076986059603,25.884308274153227,PJM
2021-04-18,2172.0504357024956,-128.08489925408875,-342.51046685229744,-12.014069596109493,PJM
2021-04-19,2172.079311932947,37.09962244003018,-342.84578608824415,-16.103148284732924,PJM
2021-04-20,2172.108188163398,58.113029591379174,-342.81208389056843,-7.770133864208674,PJM
2021-04-21,2172.1370643938494,62.64299791443917,-342.4082137225133,47.936151414224696,PJM
2021-04-22,2172.1659406243007,49.80191787357056,-341.63345664189376,159.6265981440231,PJM
2021-04-23,2172.1948168547515,19.985619013100308,-340.4875225062178,85.41808663836605,PJM
2021-04-24,2172.2236930852027,-100.15316914023728,-338.9705506733005,26.295026728335415,PJM
2021-04-25,2172.252569315654,-128.08489925408875,-337.08311019643685,-15.827559865128478,PJM
2021-04-26,2172.2814455461053,37.09962244003018,-334.82619951379434,-19.46486847234155,PJM
2021-04-27,2172.3103217765565,58.113029591379174,-332.20124563228705,6.551894264351176,PJM
2021-04-28,2172.339198007008,62.64299791443917,-329.2101028067881,69.56390688534157,PJM
2021-04-29,2172.368074237459,49.80191787357056,-325.85505071613517,99.59705860510599,PJM
2021-04-30,2172.3969504679103,19.985619013100308,-322.1387921379779,-43.71577734303219,PJM
2021-05-01,2172.4258266983616,-100.15316914023728,-318.0644501251091,-66.83020743301495,PJM
2021-05-02,2172.4547029288124,-128.08489925408875,-313.635564686511,-2.2032389882131156,PJM
2021-05-03,2172.4835791592636,37.09962244003018,-308.8560889769314,12.7158873776375,PJM
2021-05-04,2172.512455389715,58.113029591379174,-303.7303849993907,55.57590001829681,PJM
2021-05-05,2172.541331620166,62.64299791443917,-298.2632188255895,-21.336110709015884,PJM
2021-05-06,2172.5702078506174,49.80191787357056,-292.45975533976355,-97.4473703844244,PJM
2021-05-07,2172.5990840810687,19.985619013100308,-286.3255525120908,-82.50915058207806,PJM
2021-05-08,2172.62796031152,-100.15316914023728,-279.8665552083166,-74.53223596296561,PJM
2021-05-09,2172.656836541971,-128.08489925408875,-273.08908854280605,-49.31184874507608,PJM
2021-05-10,2172.685712772422,37.09962244003018,-265.99985078277786,-86.39848442967468,PJM
2021-05-11,2172.7145890028733,58.113029591379174,-258.6059058120019,-124.99071278225051,PJM
2021-05-12,2172.7434652333245,62.64299791443917,-250.91467516276418,-138.67878798499964,PJM
2021-05-13,2172.772341463776,49.80191787357056,-242.93392962541338,-126.73132971193309,PJM
2021-05-14,2172.801217694227,19.985619013100308,-234.6717804453037,-129.97905626202373,PJM
2021-05-15,2172.8300939246783,-100.15316914023728,-226.13667011743715,-145.91525466700364,PJM
2021-05-16,2172.8589701551296,-128.08489925408875,-217.33736278958241,-165.71670811145827,PJM
2021-05-17,2172.887846385581,37.09962244003018,-208.28293428511313,-140.33753454049793,PJM
2021-05-18,2172.916722616032,58.113029591379174,-198.98276175725596,-79.7109904501549,PJM
2021-05-19,2172.945598846483,62.64299791443917,-189.44651298687623,51.479916225954184,PJM
2021-05-20,2172.974475076934,49.80191787357056,-179.68413533635277,142.43474238584804,PJM
2021-05-21,2173.0033513073854,19.985619013100308,-169.70584437249573,154.50987405201022,PJM
2021-05-22,2173.0322275378367,-100.15316914023728,-159.52211217185857,219.88905377425908,PJM
2021-05-23,2173.061103768288,-128.08489925408875,-149.14365532216567,349.1324508079665,PJM
2021-05-24,2173.089979998739,37.09962244003018,-138.58142263394097,133.04382019517197,PJM
2021-05-25,2173.1188562291904,58.113029591379174,-127.84658257676604,148.72869675619677,PJM
2021-05-26,2173.1477324596417,62.64299791443917,-116.95051045491884,242.98378008083864,PJM
2021-05-27,2173.1766086900925,49.80191787357056,-105.90477533745684,99.68824877379393,PJM
2021-05-28,2173.2054849205438,19.985619013100308,-94.72112675809515,-113.55197717554915,PJM
2021-05-29,2173.234361150995,-100.15316914023728,-83.41148120050633,-281.6917108102516,PJM
2021-05-30,2173.2632373814463,-128.08489925408875,-71.98790838492289,-317.13842974243494,PJM
2021-05-31,2173.2921136118975,37.09962244003018,-60.46261737215559,-495.19111867977176,PJM
2021-06-01,2173.320989842349,58.113029591379174,-48.847942501361246,-267.8360769323667,PJM
2021-06-02,2173.3498660728,62.64299791443917,-37.156329178085,-190.7915348091542,PJM
2021-06-03,2173.3787423032513,49.80191787357056,-25.400319529290954,-83.9533406475307,PJM
2021-06-04,2173.407618533702,19.985619013100308,-13.592537942235936,71.90130039543374,PJM
2021-06-05,2173.4364947641534,-100.15316914023728,-1.74567650419786,240.96535088028213,PJM
2021-06-06,2173.4653709946047,-128.08489925408875,10.127519639825948,362.8390086196582,PJM
2021-06-07,2173.494247225056,37.09962244003018,22.01426699423419,426.5088633406799,PJM
2021-06-08,2173.523123455507,58.113029591379174,33.90175846744867,403.3280884856649,PJM
2021-06-09,2173.5519996859584,62.64299791443917,45.77717815670951,322.16882424289315,PJM
2021-06-10,2173.5808759164097,49.80191787357056,57.627716145643035,255.5194900643769,PJM
2021-06-11,2173.609752146861,19.985619013100308,69.44058329720212,64.68204554283648,PJM
2021-06-12,2173.638628377312,-100.15316914023728,81.20302602457679,15.052514738348236,PJM
2021-06-13,2173.667504607763,-128.08489925408875,92.90234102270534,27.477053623620577,PJM
2021-06-14,2173.6963808382143,37.09962244003018,104.52588994305097,29.107106778704292,PJM
2021-06-15,2173.7252570686655,58.113029591379174,116.06111399438862,-112.81540065443323,PJM
2021-06-16,2173.754133299117,62.64299791443917,127.49554845241938,-247.13867966597536,PJM
2021-06-17,2173.783009529568,49.80191787357056,138.81683706115533,-218.057764464294,PJM
2021-06-18,2173.8118857600193,19.985619013100308,150.01274630911882,-59.3052510822381,PJM
2021-06-19,2173.8407619904706,-100.15316914023728,161.07117956357666,53.95622758619038,PJM
2021-06-20,2173.869638220922,-128.08489925408875,171.98019104617217,140.71306998699538,PJM
2021-06-21,2173.8985144513726,37.09962244003018,182.72799963352026,177.761863475077,PJM
2021-06-22,2173.927390681824,58.113029591379174,193.30300246652914,-299.4114227397322,PJM
2021-06-23,2173.956266912275,62.64299791443917,203.69378835244277,-420.9480531791571,PJM
2021-06-24,2173.9851431427264,49.80191787357056,213.88915094383557,-307.6122119601323,PJM
2021-06-25,2174.0140193731777,19.985619013100308,223.87810167906133,-178.8377400653394,PJM
2021-06-26,2174.042895603629,-100.15316914023728,233.6498824689333,51.790391067675046,PJM
2021-06-27,2174.07177183408,-128.08489925408875,243.1939781147169,212.87114930529196,PJM
2021-06-28,2174.1006480645315,37.09962244003018,252.5001284428282,354.8486010526108,PJM
2021-06-29,2174.1295242949827,58.113029591379174,261.5583401419701,441.96210597166873,PJM
2021-06-30,2174.1584005254335,62.64299791443917,270.3588982887834,349.90770327134396,PJM
2021-07-01,2174.187276755885,49.80191787357056,278.89237754846476,10.461427822080168,PJM
2021-07-02,2174.216152986336,19.985619013100308,287.14965303717906,-285.8154250366151,PJM
2021-07-03,2174.2450292167873,-100.15316914023728,295.1219108335005,-412.2347709100502,PJM
2021-07-04,2174.2739054472386,-128.08489925408875,302.80065812652265,-243.4236643196723,PJM
2021-07-05,2174.30278167769,37.09962244003018,310.1777329887128,-74.10413710643252,PJM
2021-07-06,2174.331657908141,58.113029591379174,317.2453137620254,287.94699873845457,PJM
2021-07-07,2174.3605341385924,62.64299791443917,323.99592804624723,289.8195399007218,PJM
2021-07-08,2174.389410369043,49.80191787357056,330.42246127901564,-1.95378952162946,PJM
2021-07-09,2174.4182865994944,19.985619013100308,336.5181648974304,-94.19507051002529,PJM
2021-07-10,2174.4471628299457,-100.15316914023728,342.27666407168016,-217.02565776138863,PJM
2021-07-11,2174.476039060397,-128.08489925408875,347.69196500160194,-142.24110480791023,PJM
2021-07-12,2174.504915290848,37.09962244003018,352.7584617676122,64.24400050150962,PJM
2021-07-13,2174.5337915212995,58.113029591379174,357.47094272797267,55.6302361593489,PJM
2021-07-14,2174.5626677517507,62.64299791443917,361.8245964548913,109.98273787891867,PJM
2021-07-15,2174.591543982202,49.80191787357056,365.8150172024985,158.47652094172918,PJM
2021-07-16,2174.620420212653,19.985619013100308,369.43820990029513,164.64775087395174,PJM
2021-07-17,2174.649296443104,-100.15316914023728,372.69059466622855,69.93627803090476,PJM
2021-07-18,2174.6781726735553,-128.08489925408875,375.5690108341179,-122.55228425358428,PJM
2021-07-19,2174.7070489040066,37.09962244003018,378.0707204907236,-90.73239183476062,PJM
2021-07-20,2174.735925134458,58.113029591379174,380.193411518336,7.8026337558271734,PJM
2021-07-21,2174.764801364909,62.64299791443917,381.9352001393394,-105.58899941868776,PJM
2021-07-22,2174.7936775953604,49.80191787357056,383.2946329597978,-241.53122842872835,PJM
2021-07-23,2174.8225538258116,19.985619013100308,384.2706885096977,-175.25286134860926,PJM
2021-07-24,2174.851430056263,-100.15316914023728,384.8627782780787,-93.69203919410347,PJM
2021-07-25,2174.8803062867137,-128.08489925408875,385.0707472418783,61.89684572549686,PJM
2021-07-26,2174.909182517165,37.09962244003018,384.8948738879144,159.75332115489073,PJM
2021-07-27,2174.938058747616,58.113029591379174,384.3358697280267,117.68304193297809,PJM
2021-07-28,2174.9669349780675,62.64299791443917,383.39487830799806,108.31318879949549,PJM
2021-07-29,2174.9958112085187,49.80191787357056,382.0734737114717,46.51479720643874,PJM
2021-07-30,2175.02468743897,19.985619013100308,380.3736585606785,-58.440965012748165,PJM
2021-07-31,2175.0535636694212,-100.15316914023728,378.29786151637904,-323.7142560455627,PJM
2021-08-01,2175.0824398998725,-128.08489925408875,375.84893428001965,-358.4424749258028,PJM
2021-08-02,2175.1113161303233,37.09962244003018,373.0301481016868,-375.9470866720403,PJM
2021-08-03,2175.1401923607746,58.113029591379174,369.84518979802635,-381.01841175018035,PJM
2021-08-04,2175.169068591226,62.64299791443917,366.2981572848747,-342.41822379053974,PJM
2021-08-05,2175.197944821677,49.80191787357056,362.3935546299195,-195.64441732516707,PJM
2021-08-06,2175.2268210521283,19.985619013100308,358.1362866312741,-30.844726696502676,PJM
2021-08-07,2175.2556972825796,-100.15316914023728,353.53165292840947,-86.53618107075181,PJM
2021-08-08,2175.284573513031,-128.08489925408875,348.5853416524383,-41.75301591138032,PJM
2021-08-09,2175.313449743482,37.09962244003018,343.3034226232902,67.82350519319743,PJM
2021-08-10,2175.3423259739334,58.113029591379174,337.69234010184874,178.20130433283884,PJM
2021-08-11,2175.371202204384,62.64299791443917,331.7589051056501,221.1448947755266,PJM
2021-08-12,2175.4000784348355,49.80191787357056,325.5102872972533,355.3797163943409,PJM
2021-08-13,2175.4289546652867,19.985619013100308,318.9540064548987,323.64741986671424,PJM
2021-08-14,2175.457830895738,-100.15316914023728,312.0979235355611,115.63041470893813,PJM
2021-08-15,2175.4867071261892,-128.08489925408875,304.95023134098847,-155.31503921308877,PJM
2021-08-16,2175.5155833566405,37.09962244003018,297.51944479778007,-100.59565059445049,PJM
2021-08-17,2175.5444595870918,58.113029591379174,289.8143908630178,18.166119958511445,PJM
2021-08-18,2175.573335817543,62.64299791443917,281.8441980673986,164.20346820061968,PJM
2021-08-19,2175.602212047994,49.80191787357056,273.6182857082545,238.05458437018115,PJM
2021-08-20,2175.631088278445,19.985619013100308,265.14635270524195,159.5429400032126,PJM
2021-08-21,2175.6599645088963,-100.15316914023728,256.4383661319,147.76183849944073,PJM
2021-08-22,2175.6888407393476,-128.08489925408875,247.50454943664025,117.0625090781009,PJM
2021-08-23,2175.717716969799,37.09962244003018,238.35537036710858,272.40629022306257,PJM
2021-08-24,2175.74659320025,58.113029591379174,229.0015286121997,419.67984859617127,PJM
2021-08-25,2175.7754694307014,62.64299791443917,219.45394317634953,397.5755894785102,PJM
2021-08-26,2175.8043456611526,49.80191787357056,209.7237395010289,440.63899696424824,PJM
2021-08-27,2175.8332218916034,19.985619013100308,199.82223634867086,480.0559227466256,PJM
2021-08-28,2175.8620981220547,-100.15316914023728,189.7609324645466,376.01613855363576,PJM
2021-08-29,2175.890974352506,-128.08489925408875,179.55149303234813,262.37943186923485,PJM
2021-08-30,2175.919850582957,37.09962244003018,169.20573593949786,308.2907910375152,PJM
2021-08-31,2175.9487268134085,58.113029591379174,158.73561786841697,155.18062572679582,PJM
2021-09-01,2175.9776030438597,62.64299791443917,148.15322023018854,-9.321821188486865,PJM
2021-09-02,2176.006479274311,49.80191787357056,137.47073495724806,-214.7071321051294,PJM
2021-09-03,2176.0353555047623,19.985619013100308,126.70045017187431,-279.00642468973706,PJM
2021-09-04,2176.0642317352135,-100.15316914023728,115.85473574743128,-239.35979834240698,PJM
2021-09-05,2176.0931079656643,-128.08489925408875,104.94602877940537,-178.25523749098102,PJM
2021-09-06,2176.1219841961156,37.09962244003018,93.98681898340591,-219.1284256195513,PJM
2021-09-07,2176.150860426567,58.113029591379174,82.9896340373828,-21.529524055328693,PJM
2021-09-08,2176.179736657018,62.64299791443917,71.96702488536073,65.12424054318217,PJM
2021-09-09,2176.2086128874694,49.80191787357056,60.93155102005608,-101.25408178109592,PJM
2021-09-10,2176.2374891179206,19.985619013100308,49.895765761746446,-195.3828738927673,PJM
2021-09-11,2176.266365348372,-100.15316914023728,38.87220155078424,-138.32339775891865,PJM
2021-09-12,2176.295241578823,-128.08489925408875,27.873355271105595,102.1183024041602,PJM
2021-09-13,2176.324117809274,37.09962244003018,16.911673622064825,300.0715861286312,PJM
2021-09-14,2176.352994039725,58.113029591379174,5.999538555863808,348.6974378130317,PJM
2021-09-15,2176.3818702701765,62.64299791443917,-4.850747202246339,240.47387901763068,PJM
2021-09-16,2176.4107465006277,49.80191787357056,-15.626974533901887,135.3023101597032,PJM
2021-09-17,2176.439622731079,19.985619013100308,-26.3170421907283,231.72480044654912,PJM
2021-09-18,2176.4684989615303,-100.15316914023728,-36.90897092379595,266.4976411025034,PJM
2021-09-19,2176.4973751919815,-128.08489925408875,-47.390917462746785,186.80344152485418,PJM
2021-09-20,2176.526251422433,37.09962244003018,-57.751188328119554,116.33531446565712,PJM
2021-09-21,2176.5551276528836,58.113029591379174,-67.97825346057809,36.67609621631482,PJM
2021-09-22,2176.584003883335,62.64299791443917,-78.06075965097644,55.23675785320165,PJM
2021-09-23,2176.612880113786,49.80191787357056,-87.98754375543136,-59.40625423192523,PJM
2021-09-24,2176.6417563442374,19.985619013100308,-97.74764567982018,-174.52572967751735,PJM
2021-09-25,2176.6706325746886,-100.15316914023728,-107.33032111841257,-201.0761423160386,PJM
2021-09-26,2176.69950880514,-128.08489925408875,-116.72505403162333,-181.38355551942777,PJM
2021-09-27,2176.728385035591,37.09962244003018,-125.92156884818397,-49.89443862743724,PJM
2021-09-28,2176.7572612660424,58.113029591379174,-134.90984237737527,1.0085515199543806,PJM
2021-09-29,2176.7861374964937,62.64299791443917,-143.68011541728148,-92.85501999365101,PJM
2021-09-30,2176.8150137269445,49.80191787357056,-152.222904045414,-112.09802755510123,PJM
2021-10-01,2176.8438899573957,19.985619013100308,-160.5290105784116,-103.65049839208427,PJM
2021-10-02,2176.872766187847,-100.15316914023728,-168.5895341879255,-67.5130628596844,PJM
2021-10-03,2176.9016424182983,-128.08489925408875,-176.39588116020758,42.912137995998364,PJM
2021-10-04,2176.9305186487495,37.09962244003018,-183.93977478733285,119.43263369855345,PJM
2021-10-05,2176.9593948792008,58.113029591379174,-191.2132648784409,70.7808404078612,PJM
2021-10-06,2176.988271109652,62.64299791443917,-198.20873687981873,50.90546785572769,PJM
2021-10-07,2177.0171473401033,49.80191787357056,-204.9189205931133,69.2358553794395,PJM
2021-10-08,2177.046023570554,19.985619013100308,-211.33689848145121,79.64325589779673,PJM
2021-10-09,2177.0748998010054,-100.15316914023728,-217.4561135537116,45.6333828929437,PJM
2021-10-10,2177.1037760314566,-128.08489925408875,-223.27037681772075,72.29050004035298,PJM
2021-10-11,2177.132652261908,37.09962244003018,-228.7738742936311,68.55559959169341,PJM
2021-10-12,2177.161528492359,58.113029591379174,-233.96117357927852,27.322615495540504,PJM
2021-10-13,2177.1904047228104,62.64299791443917,-238.82722995984216,15.055827322592677,PJM
2021-10-14,2177.2192809532617,49.80191787357056,-243.36739205466537,88.81719322783329,PJM
2021-10-15,2177.248157183713,19.985619013100308,-247.57740699465768,118.4256307978444,PJM
2021-10-16,2177.277033414164,-100.15316914023728,-251.45342512423883,3.9615608503127078,PJM
2021-10-17,2177.305909644615,-128.08489925408875,-254.9920042223645,-118.77800616816194,PJM
2021-10-18,2177.3347858750662,37.09962244003018,-258.19011323773384,-99.06329507736245,PJM
2021-10-19,2177.3636621055175,58.113029591379174,-261.04513553385743,-85.80855616303893,PJM
2021-10-20,2177.3925383359688,62.64299791443917,-263.5548716402491,-82.048664610159,PJM
2021-10-21,2177.42141456642,49.80191787357056,-265.7175415065858,-62.9797909334045,PJM
2021-10-22,2177.4502907968713,19.985619013100308,-267.5317862572698,-66.17912355270164,PJM
2021-10-23,2177.4791670273225,-100.15316914023728,-268.9966694444247,-76.19232844266048,PJM
2021-10-24,2177.508043257774,-128.08489925408875,-270.111677797942,-50.23246620574287,PJM
2021-10-25,2177.5369194882246,37.09962244003018,-270.8767214718017,-26.367820456453273,PJM
2021-10-26,2177.565795718676,58.113029591379174,-271.2921337864785,-48.53269152357666,PJM
2021-10-27,2177.594671949127,62.64299791443917,-271.35867046784807,-38.59299939571838,PJM
2021-10-28,2177.6235481795784,49.80191787357056,-271.07750838360255,-46.75495766954623,PJM
2021-10-29,2177.6524244100297,19.985619013100308,-270.45024377877917,-22.646799644350722,PJM
2021-10-30,2177.681300640481,-100.15316914023728,-269.4788900126012,-58.44924148764244,PJM
2021-10-31,2177.710176870932,-128.08489925408875,-268.16587479942,-71.16740281742318,PJM
2021-11-01,2177.7390531013834,37.09962244003018,-266.51403695713554,-47.647638584277956,PJM
2021-11-02,2177.7679293318342,58.113029591379174,-264.5266226670551,36.23766374384195,PJM
2021-11-03,2177.7968055622855,62.64299791443917,-262.2072812497298,104.04647777300511,PJM
2021-11-04,2177.8256817927368,49.80191787357056,-259.5600604618816,154.0124607955745,PJM
2021-11-05,2177.854558023188,19.985619013100308,-256.58940132010116,169.25822428381298,PJM
2021-11-06,2177.8834342536393,-100.15316914023728,-253.30013245755626,150.64386734415461,PJM
2021-11-07,2177.9123104840905,-128.08489925408875,-249.69746402050512,165.78205279050349,PJM
2021-11-08,2177.941186714542,37.09962244003018,-245.78698111195422,27.733171957382865,PJM
2021-11-09,2177.970062944993,58.113029591379174,-241.57463679033455,-32.279455746037684,PJM
2021-11-10,2177.9989391754443,62.64299791443917,-237.06674463159865,-75.40219245828462,PJM
2021-11-11,2178.027815405895,49.80191787357056,-232.26997086366003,-48.43376241580586,PJM
2021-11-12,2178.0566916363464,19.985619013100308,-227.1913260825972,-26.060984566849584,PJM
2021-11-13,2178.0855678667976,-100.15316914023728,-221.83815656054662,89.64875783398611,PJM
2021-11-14,2178.114444097249,-128.08489925408875,-216.21813515568556,177.0895903125254,PJM
2021-11-15,2178.1433203277,37.09962244003018,-210.33925183518596,176.53330906745555,PJM
2021-11-16,2178.1721965581514,58.113029591379174,-204.209803822467,116.97557767293642,PJM
2021-11-17,2178.2010727886027,62.64299791443917,-197.8383853805277,20.882314677485965,PJM
2021-11-18,2178.229949019054,49.80191787357056,-191.23387724357303,-5.697989649051351,PJM
2021-11-19,2178.2588252495048,19.985619013100308,-184.4054357095495,142.92699144694416,PJM
2021-11-20,2178.287701479956,-100.15316914023728,-177.36248140662954,197.89794906691077,PJM
2021-11-21,2178.3165777104073,-128.08489925408875,-170.11468774704716,114.49200929072845,PJM
2021-11-22,2178.3454539408585,37.09962244003018,-162.67196908207282,100.22689270118462,PJM
2021-11-23,2178.37433017131,58.113029591379174,-155.04446857226657,233.10110880957745,PJM
2021-11-24,2178.403206401761,62.64299791443917,-147.24254578747633,161.6363414712764,PJM
2021-11-25,2178.4320826322123,49.80191787357056,-139.27676405137805,-135.06223645440423,PJM
2021-11-26,2178.4609588626636,19.985619013100308,-131.1578775456592,-26.47670033010445,PJM
2021-11-27,2178.489835093115,-100.15316914023728,-122.89681818920644,152.2151522363297,PJM
2021-11-28,2178.5187113235656,-128.08489925408875,-114.50468230797237,103.69587023849544,PJM
2021-11-29,2178.547587554017,37.09962244003018,-105.992717111383,164.0435071173356,PJM
2021-11-30,2178.576463784468,58.113029591379174,-97.37230699142917,134.48281361558202,PJM
2021-12-01,2178.6053400149194,62.64299791443917,-88.6549596607679,61.1796217314095,PJM
2021-12-02,2178.6342162453707,49.80191787357056,-79.85229214634694,-84.10184197259423,PJM
2021-12-03,2178.663092475822,19.985619013100308,-70.97601665526031,-54.43569483366173,PJM
2021-12-04,2178.691968706273,-100.15316914023728,-62.03792632965576,-12.28087323637942,PJM
2021-12-05,2178.7208449367245,-128.08489925408875,-53.04988090769247,20.917935225057136,PJM
2021-12-06,2178.7497211671753,37.09962244003018,-44.02379230760975,-46.28755129959609,PJM
2021-12-07,2178.7785973976265,58.113029591379174,-34.97161015210085,161.21498316309544,PJM
2021-12-08,2178.807473628078,62.64299791443917,-25.905307250219195,176.6528357077018,PJM
2021-12-09,2178.836349858529,49.80191787357056,-16.836865054126577,196.66359732202682,PJM
2021-12-10,2178.8652260889803,19.985619013100308,-7.77825910799713,-0.14058599408372174,PJM
2021-12-11,2178.8941023194316,-100.15316914023728,1.258555493593235,-117.72148867278725,PJM
2021-12-12,2178.922978549883,-128.08489925408875,10.261658620458263,-20.27773791625191,PJM
2021-12-13,2178.951854780334,37.09962244003018,19.219179577504462,28.724343202131422,PJM
2021-12-14,2178.980731010785,58.113029591379174,28.119311514094747,-29.859072116259085,PJM
2021-12-15,2179.009607241236,62.64299791443917,36.95032575492658,-111.02993091060216,PJM
2021-12-16,2179.0384834716874,49.80191787357056,45.70058603534292,-209.3109873806011,PJM
2021-12-17,2179.0673597021387,19.985619013100308,54.35856262413776,-191.23354133937664,PJM
2021-12-18,2179.09623593259,-100.15316914023728,62.9128463170197,-129.2419131093725,PJM
2021-12-19,2179.125112163041,-128.08489925408875,71.35216228409031,-20.231375193042368,PJM
2021-12-20,2179.1539883934925,37.09962244003018,79.66538375482219,107.31100541165551,PJM
2021-12-21,2179.1828646239437,58.113029591379174,87.84154552425761,89.86656026041965,PJM
2021-12-22,2179.211740854395,62.64299791443917,95.8698572643349,-3.4615960331689166,PJM
2021-12-23,2179.240617084846,49.80191787357056,103.73971662448267,6.332748417100902,PJM
2021-12-24,2179.269493315297,19.985619013100308,111.44072210589903,-312.4808344342962,PJM
2021-12-25,2179.2983695457483,-100.15316914023728,118.96268569415057,-413.43688609966216,PJM
2021-12-26,2179.3272457761996,-128.08489925408875,126.29564523507956,-365.8409917571905,PJM
2021-12-27,2179.356122006651,37.09962244003018,133.42987653924638,-234.7396209859271,PJM
2021-12-28,2179.384998237102,58.113029591379174,140.355905200511,-266.83693302899246,PJM
2021-12-29,2179.4138744675533,62.64299791443917,147.0645181146577,-343.19839049664984,PJM
2021-12-30,2179.4427506980046,49.80191787357056,153.5467746843489,-364.5544432559236,PJM
2021-12-31,2179.4716269284554,19.985619013100308,159.79401769705757,-471.82826363861363,PJM
2022-01-01,2179.5005031589067,-100.15316914023728,167.2598715129654,-436.805205531635,PJM
2022-01-02,2179.529379389358,-128.08489925408875,172.9482199743774,-311.91070010964677,PJM
2022-01-03,2179.558255619809,37.09962244003018,178.37550100801144,-6.357379067850616,PJM
2022-01-04,2179.5871318502604,58.113029591379174,183.53437500805728,69.79446355030359,PJM
2022-01-05,2179.6160080807117,62.64299791443917,188.41783700086796,5.472157003981465,PJM
2022-01-06,2179.644884311163,49.80191787357056,193.01922520192736,59.39597261333938,PJM
2022-01-07,2179.6737605416142,19.985619013100308,197.332229161532,231.68439128375348,PJM
2022-01-08,2179.702636772065,-100.15316914023728,201.35089748946905,248.05063487870302,PJM
2022-01-09,2179.7315130025163,-128.08489925408875,205.0696451494716,49.71074110210111,PJM
2022-01-10,2179.7603892329676,37.09962244003018,208.48326031474414,110.72772801225801,PJM
2022-01-11,2179.789265463419,58.113029591379174,211.5869107763711,256.7367941688317,PJM
2022-01-12,2179.81814169387,62.64299791443917,214.37614989695302,64.40271049473768,PJM
2022-01-13,2179.8470179243213,49.80191787357056,216.846922102354,-82.59585790024539,PJM
2022-01-14,2179.8758941547726,19.985619013100308,218.99556790499346,-54.3280810728661,PJM
2022-01-15,2179.904770385224,-100.15316914023728,220.81882845267018,206.18357030234347,PJM
2022-01-16,2179.933646615675,-128.08489925408875,222.31384959747018,301.274403040944,PJM
2022-01-17,2179.962522846126,37.09962244003018,223.47818547988086,68.1676692339629,PJM
2022-01-18,2179.991399076577,58.113029591379174,224.30980162380715,64.72876970823654,PJM
2022-01-19,2180.0202753070284,62.64299791443917,224.80707753876823,-29.10135076023562,PJM
2022-01-20,2180.0491515374797,49.80191787357056,224.96880882613675,69.76712176281308,PJM
2022-01-21,2180.078027767931,19.985619013100308,224.79420878687267,349.8461444320965,PJM
2022-01-22,2180.106903998382,-100.15316914023728,224.28290952879388,345.4913556130614,PJM
2022-01-23,2180.1357802288335,-128.08489925408875,223.43496257202204,204.65715645323326,PJM
2022-01-24,2180.1646564592847,37.09962244003018,222.2508389518362,108.28088214884883,PJM
2022-01-25,2180.1935326897355,58.113029591379174,220.7314288187635,58.28300890012133,PJM
2022-01-26,2180.222408920187,62.64299791443917,218.87804053633528,251.07355262903866,PJM
2022-01-27,2180.251285150638,49.80191787357056,216.69239927752898,291.03239769826223,PJM
2022-01-28,2180.2801613810893,19.985619013100308,214.1766451215174,167.8915744842925,PJM
2022-01-29,2180.3090376115406,-100.15316914023728,211.33333065293408,378.3658008757625,PJM
2022-01-30,2180.337913841992,-128.08489925408875,208.16541806645895,348.03056734563825,PJM
2022-01-31,2180.366790072443,37.09962244003018,204.67627578011314,203.64331170741343,PJM
2022-02-01,2180.3956663028944,58.113029591379174,200.86967456123634,81.40762954449065,PJM
2022-02-02,2180.4245425333456,62.64299791443917,196.7497831696987,0.8056763825165945,PJM
2022-02-03,2180.4534187637964,49.80191787357056,192.32116352347174,-80.04350016083845,PJM
2022-02-04,2180.4822949942477,19.985619013100308,187.588765392252,-42.04367939960002,PJM
2022-02-05,2180.511171224699,-100.15316914023728,182.5579206253887,205.6800772901497,PJM
2022-02-06,2180.54004745515,-128.08489925408875,177.23433692092337,224.9625148780151,PJM
2022-02-07,2180.5689236856015,37.09962244003018,171.62409114309125,115.42536273127735,PJM
2022-02-08,2180.5977999160527,58.113029591379174,165.73362219617246,53.92054829639574,PJM
2022-02-09,2180.626676146504,62.64299791443917,159.56972346310891,-53.43039752405184,PJM
2022-02-10,2180.6555523769553,49.80191787357056,153.13953481781613,-124.81100506834173,PJM
2022-02-11,2180.684428607406,19.985619013100308,146.45053422063148,-133.11358184113806,PJM
2022-02-12,2180.7133048378573,-100.15316914023728,139.51052890683093,-159.07866460445075,PJM
2022-02-13,2180.7421810683086,-128.08489925408875,132.3276461786308,114.64007200714923,PJM
2022-02-14,2180.77105729876,37.09962244003018,124.91032381156614,286.2939964496436,PJM
2022-02-15,2180.799933529211,58.113029591379174,117.2673000865905,235.61073679281935,PJM
2022-02-16,2180.8288097596624,62.64299791443917,109.40760345968974,-21.536411133791262,PJM
2022-02-17,2180.8576859901136,49.80191787357056,101.34054188123442,-194.5741457449185,PJM
2022-02-18,2180.886562220565,19.985619013100308,93.07569177770864,-49.372873011373485,PJM
2022-02-19,2180.9154384510157,-100.15316914023728,84.62288670885826,190.7888439803628,PJM
2022-02-20,2180.944314681467,-128.08489925408875,75.99220571368596,151.56737885893517,PJM
2022-02-21,2180.973190911918,37.09962244003018,67.19396135908968,-120.9117747110381,PJM
2022-02-22,2181.0020671423695,58.113029591379174,58.23868750529857,-197.93378423904687,PJM
2022-02-23,2181.0309433728207,62.64299791443917,49.137126802593514,-172.21206808985335,PJM
2022-02-24,2181.059819603272,49.80191787357056,39.90021793412217,99.10904458903588,PJM
2022-02-25,2181.0886958337232,19.985619013100308,30.539082619921274,112.88160253325532,PJM
2022-02-26,2181.1175720641745,-100.15316914023728,21.06501239753979,153.7495846785232,PJM
2022-02-27,2181.1464482946258,-128.08489925408875,11.489455194928226,70.07399576453508,PJM
2022-02-28,2181.1753245250766,37.09962244003018,1.824001711504195,11.713051323388754,PJM
2022-03-01,2181.204200755528,58.113029591379174,-7.9196283764681255,-31.574601970438835,PJM
2022-03-02,2181.233076985979,62.64299791443917,-17.729600369831985,-156.3114745305861,PJM
2022-03-03,2181.2619532164304,49.80191787357056,-27.59397864328848,-78.96789244671254,PJM
2022-03-04,2181.2908294468816,19.985619013100308,-37.50074086823004,72.39729240824772,PJM
2022-03-05,2181.319705677333,-100.15316914023728,-47.43779234479598,-49.2467441922995,PJM
2022-03-06,2181.348581907784,-128.08489925408875,-57.392980426155674,-168.36870222753942,PJM
2022-03-07,2181.3774581382354,37.09962244003018,-67.35410901791732,-156.0609715603482,PJM
2022-03-08,2181.406334368686,58.113029591379174,-77.30895313546131,-65.77041082460437,PJM
2022-03-09,2181.4352105991375,62.64299791443917,-87.2452735019402,78.52206498836358,PJM
2022-03-10,2181.4640868295887,49.80191787357056,-97.15083116962144,78.4908264664623,PJM
2022-03-11,2181.49296306004,19.985619013100308,-107.01340214723271,64.85482007409246,PJM
2022-03-12,2181.5218392904912,-100.15316914023728,-116.82079201595388,358.8341218657001,PJM
2022-03-13,2181.5507155209425,-128.08489925408875,-126.56085051671018,328.33203424985663,PJM
2022-03-14,2181.5795917513938,37.09962244003018,-136.22148609146132,83.97527190003757,PJM
2022-03-15,2181.608467981845,58.113029591379174,-145.7906803612216,-66.1538172120022,PJM
2022-03-16,2181.6373442122963,62.64299791443917,-155.2565025236315,-128.50283960310367,PJM
2022-03-17,2181.666220442747,49.80191787357056,-164.60712365298548,-117.51601466333273,PJM
2022-03-18,2181.6950966731983,19.985619013100308,-173.83083088573943,-119.73188480055956,PJM
2022-03-19,2181.7239729036496,-100.15316914023728,-182.91604147465253,-104.48176228875946,PJM
2022-03-20,2181.752849134101,-128.08489925408875,-191.85131669487376,-83.83963318513815,PJM
2022-03-21,2181.781725364552,37.09962244003018,-200.62537558545466,-79.10397221912763,PJM
2022-03-22,2181.8106015950034,58.113029591379174,-209.22710850996575,-92.13152267641681,PJM
2022-03-23,2181.8394778254547,62.64299791443917,-217.64559052010247,-36.584885219790976,PJM
2022-03-24,2181.868354055906,49.80191787357056,-225.87009450640323,-3.001177423073159,PJM
2022-03-25,2181.8972302863567,19.985619013100308,-233.89010412044635,38.7262548209892,PJM
2022-03-26,2181.926106516808,-100.15316914023728,-241.69532645316798,136.18238907659725,PJM
2022-03-27,2181.9549827472592,-128.08489925408875,-249.27570445422404,275.16262096105356,PJM
2022-03-28,2181.9838589777105,37.09962244003018,-256.62142907762785,401.2019476598873,PJM
2022-03-29,2182.0127352081618,58.113029591379174,-263.72295113921695,360.07018633967596,PJM
2022-03-30,2182.041611438613,62.64299791443917,-270.5709928718405,172.6613835187884,PJM
2022-03-31,2182.0704876690643,49.80191787357056,-277.1565591645166,33.18715362188186,PJM
2022-04-01,2182.0993638995155,19.985619013100308,-283.4709484721816,79.68096555956618,PJM
2022-04-02,2182.1282401299663,-100.15316914023728,-289.5057633830382,119.47269239330899,PJM
2022-04-03,2182.1571163604176,-128.08489925408875,-295.2529208309189,113.74070372459005,PJM
2022-04-04,2182.185992590869,37.09962244003018,-300.7046619404948,123.02004690959575,PJM
2022-04-05,2182.21486882132,58.113029591379174,-305.8535614935949,72.99766308089556,PJM
2022-04-06,2182.2437450517714,62.64299791443917,-310.69253700534927,41.3527940391391,PJM
2022-04-07,2182.2726212822226,49.80191787357056,-315.2148573993274,102.99731824353421,PJM
2022-04-08,2182.301497512674,19.985619013100308,-319.4141512713176,106.1910347455439,PJM
2022-04-09,2182.330373743125,-100.15316914023728,-323.2844147318798,149.01021012899196,PJM
2022-04-10,2182.3592499735764,-128.08489925408875,-326.8200188182981,161.13766809881076,PJM
2022-04-11,2182.3881262040272,37.09962244003018,-330.01571646707305,84.46696782301547,PJM
2022-04-12,2182.4170024344785,58.113029591379174,-332.86664903860685,1.146617012749175,PJM
2022-04-13,2182.4458786649298,62.64299791443917,-335.36835238626577,15.604475806896971,PJM
2022-04-14,2182.474754895381,49.80191787357056,-337.51676246254556,49.3170896935942,PJM
2022-04-15,2182.5036311258323,19.985619013100308,-339.3082204556047,-69.81602968332754,PJM
2022-04-16,2182.5325073562835,-100.15316914023728,-340.73947744999316,-22.910860766052565,PJM
2022-04-17,2182.561383586735,-128.08489925408875,-341.8076986059603,-13.417785726685452,PJM
2022-04-18,2182.590259817186,37.09962244003018,-342.51046685229744,218.4175845950815,PJM
2022-04-19,2182.619136047637,58.113029591379174,-342.84578608824415,222.908620449228,PJM
2022-04-20,2182.648012278088,62.64299791443917,-342.81208389056843,113.81607369804124,PJM
2022-04-21,2182.6768885085394,49.80191787357056,-342.4082137225133,36.931407340402984,PJM
2022-04-22,2182.7057647389906,19.985619013100308,-341.63345664189376,20.50807288980309,PJM
2022-04-23,2182.734640969442,-100.15316914023728,-340.4875225062178,39.16705067701332,PJM
2022-04-24,2182.763517199893,-128.08489925408875,-338.9705506733005,71.5369327274966,PJM
2022-04-25,2182.7923934303444,37.09962244003018,-337.08311019643685,51.6520943260623,PJM
2022-04-26,2182.8212696607957,58.113029591379174,-334.82619951379434,3.572900261619452,PJM
2022-04-27,2182.8501458912465,62.64299791443917,-332.20124563228705,14.893101826600969,PJM
2022-04-28,2182.8790221216977,49.80191787357056,-329.2101028067881,63.668162811520006,PJM
2022-04-29,2182.907898352149,19.985619013100308,-325.85505071613517,28.59953335088585,PJM
2022-04-30,2182.9367745826003,-100.15316914023728,-322.1387921379779,-13.531813304384741,PJM
2022-05-01,2182.9656508130515,-128.08489925408875,-318.0644501251091,-21.551301433853496,PJM
2022-05-02,2182.994527043503,37.09962244003018,-313.635564686511,-10.120584797022275,PJM
2022-05-03,2183.023403273954,58.113029591379174,-308.8560889769314,-12.45734388840151,PJM
2022-05-04,2183.0522795044053,62.64299791443917,-303.7303849993907,-14.673892419453523,PJM
2022-05-05,2183.0811557348566,49.80191787357056,-298.2632188255895,-31.613854782837052,PJM
2022-05-06,2183.1100319653074,19.985619013100308,-292.45975533976355,-4.7098956386444115,PJM
2022-05-07,2183.1389081957586,-100.15316914023728,-286.3255525120908,-0.9161865434307401,PJM
2022-05-08,2183.16778442621,-128.08489925408875,-279.8665552083166,-24.370329963804352,PJM
2022-05-09,2183.196660656661,37.09962244003018,-273.08908854280605,-47.52119455388538,PJM
2022-05-10,2183.2255368871124,58.113029591379174,-265.99985078277786,13.033284304286326,PJM
2022-05-11,2183.2544131175637,62.64299791443917,-258.6059058120019,104.9854947799995,PJM
2022-05-12,2183.283289348015,49.80191787357056,-250.91467516276418,137.00046794117884,PJM
2022-05-13,2183.312165578466,19.985619013100308,-242.93392962541338,154.0571450338466,PJM
2022-05-14,2183.341041808917,-100.15316914023728,-234.6717804453037,132.82690777662378,PJM
2022-05-15,2183.3699180393683,-128.08489925408875,-226.13667011743715,123.69765133215742,PJM
2022-05-16,2183.3987942698195,37.09962244003018,-217.33736278958241,56.189946079732636,PJM
2022-05-17,2183.427670500271,58.113029591379174,-208.28293428511313,-46.98276580653692,PJM
2022-05-18,2183.456546730722,62.64299791443917,-198.98276175725596,-108.1057828879052,PJM
2022-05-19,2183.4854229611733,49.80191787357056,-189.44651298687623,43.696172152132476,PJM
2022-05-20,2183.5142991916246,19.985619013100308,-179.68413533635277,240.60721713162775,PJM
2022-05-21,2183.543175422076,-100.15316914023728,-169.70584437249573,374.83283809065733,PJM
2022-05-22,2183.572051652527,-128.08489925408875,-159.52211217185857,249.35695977342039,PJM
2022-05-23,2183.600927882978,37.09962244003018,-149.14365532216567,-81.99589500084289,PJM
2022-05-24,2183.629804113429,58.113029591379174,-138.58142263394097,-174.54141107086707,PJM
2022-05-25,2183.6586803438804,62.64299791443917,-127.84658257676604,-136.08909568155377,PJM
2022-05-26,2183.6875565743317,49.80191787357056,-116.95051045491884,-87.57796399298309,PJM
2022-05-27,2183.716432804783,19.985619013100308,-105.90477533745684,-72.37127648042633,PJM
2022-05-28,2183.745309035234,-100.15316914023728,-94.72112675809515,-127.19501313690148,PJM
2022-05-29,2183.7741852656854,-128.08489925408875,-83.41148120050633,-32.38980481109047,PJM
2022-05-30,2183.8030614961367,37.09962244003018,-71.98790838492289,82.02322444875608,PJM
2022-05-31,2183.8319377265875,58.113029591379174,-60.46261737215559,480.61465005418904,PJM
2022-06-01,2183.8608139570388,62.64299791443917,-48.847942501361246,365.97413062988335,PJM
2022-06-02,2183.88969018749,49.80191787357056,-37.156329178085,160.28372111702447,PJM
2022-06-03,2183.9185664179413,19.985619013100308,-25.400319529290954,9.775134098249055,PJM
2022-06-04,2183.9474426483926,-100.15316914023728,-13.592537942235936,-104.39673556591902,PJM
2022-06-05,2183.976318878844,-128.08489925408875,-1.74567650419786,-131.7917431205567,PJM
2022-06-06,2184.005195109295,37.09962244003018,10.127519639825948,-78.83733718915073,PJM
2022-06-07,2184.0340713397463,58.113029591379174,22.01426699423419,-91.32936792535929,PJM
2022-06-08,2184.0629475701976,62.64299791443917,33.90175846744867,22.238296047914446,PJM
2022-06-09,2184.0918238006484,49.80191787357056,45.77717815670951,-52.828919830928044,PJM
2022-06-10,2184.1207000310997,19.985619013100308,57.627716145643035,-170.7170351898435,PJM
2022-06-11,2184.149576261551,-100.15316914023728,69.44058329720212,-211.2469904185159,PJM
2022-06-12,2184.178452492002,-128.08489925408875,81.20302602457679,-121.74257926249038,PJM
2022-06-13,2184.2073287224534,37.09962244003018,92.90234102270534,254.88370781481126,PJM
2022-06-14,2184.2362049529047,58.113029591379174,104.52588994305097,257.19987551266513,PJM
2022-06-15,2184.265081183356,62.64299791443917,116.06111399438862,412.26080690781646,PJM
2022-06-16,2184.293957413807,49.80191787357056,127.49554845241938,364.1035762602037,PJM
2022-06-17,2184.322833644258,19.985619013100308,138.81683706115533,336.3897102814858,PJM
2022-06-18,2184.3517098747093,-100.15316914023728,150.01274630911882,-241.43528704359073,PJM
2022-06-19,2184.3805861051605,-128.08489925408875,161.07117956357666,-392.86886641464844,PJM
2022-06-20,2184.409462335612,37.09962244003018,171.98019104617217,-244.50027582181383,PJM
2022-06-21,2184.438338566063,58.113029591379174,182.72799963352026,36.23063220903805,PJM
2022-06-22,2184.4672147965143,62.64299791443917,193.30300246652914,125.64878482251788,PJM
2022-06-23,2184.4960910269656,49.80191787357056,203.69378835244277,-90.73679725297825,PJM
2022-06-24,2184.524967257417,19.985619013100308,213.88915094383557,-29.7297372143521,PJM
2022-06-25,2184.5538434878677,-100.15316914023728,223.87810167906133,50.96922397330809,PJM
2022-06-26,2184.582719718319,-128.08489925408875,233.6498824689333,108.19029706683659,PJM
2022-06-27,2184.61159594877,37.09962244003018,243.1939781147169,-74.19119650351695,PJM
2022-06-28,2184.6404721792214,58.113029591379174,252.5001284428282,-240.20663021342853,PJM
2022-06-29,2184.6693484096727,62.64299791443917,261.5583401419701,-104.65468646608178,PJM
2022-06-30,2184.698224640124,49.80191787357056,270.3588982887834,116.54995919752218,PJM
2022-07-01,2184.727100870575,19.985619013100308,278.89237754846476,194.82090256785978,PJM
2022-07-02,2184.7559771010265,-100.15316914023728,287.14965303717906,107.15953900203203,PJM
2022-07-03,2184.7848533314777,-128.08489925408875,295.1219108335005,-17.667864910888966,PJM
2022-07-04,2184.8137295619285,37.09962244003018,302.80065812652265,-227.85101012848145,PJM
2022-07-05,2184.84260579238,58.113029591379174,310.1777329887128,21.630631627528146,PJM
2022-07-06,2184.871482022831,62.64299791443917,317.2453137620254,83.1382063007045,PJM
2022-07-07,2184.9003582532823,49.80191787357056,323.99592804624723,26.492795826899965,PJM
2022-07-08,2184.9292344837336,19.985619013100308,330.42246127901564,-34.843314775849194,PJM
2022-07-09,2184.958110714185,-100.15316914023728,336.5181648974304,-180.78510647137773,PJM
2022-07-10,2184.986986944636,-128.08489925408875,342.27666407168016,-233.61975176222722,PJM
2022-07-11,2185.0158631750874,37.09962244003018,347.69196500160194,-93.5274506167193,PJM
2022-07-12,2185.044739405538,58.113029591379174,352.7584617676122,60.216769235470565,PJM
2022-07-13,2185.0736156359894,62.64299791443917,357.47094272797267,30.572443721598574,PJM
2022-07-14,2185.1024918664407,49.80191787357056,361.8245964548913,-8.232006194903079,PJM
2022-07-15,2185.131368096892,19.985619013100308,365.8150172024985,-100.88000431249066,PJM
2022-07-16,2185.160244327343,-100.15316914023728,369.43820990029513,-122.02828508740095,PJM
2022-07-17,2185.1891205577945,-128.08489925408875,372.69059466622855,-111.75181596993389,PJM
2022-07-18,2185.2179967882457,37.09962244003018,375.5690108341179,51.47636993760625,PJM
2022-07-19,2185.246873018697,58.113029591379174,378.0707204907236,166.60537689920056,PJM
2022-07-20,2185.275749249148,62.64299791443917,380.193411518336,316.872841318077,PJM
2022-07-21,2185.304625479599,49.80191787357056,381.9352001393394,348.69625650749094,PJM
2022-07-22,2185.3335017100503,19.985619013100308,383.2946329597978,302.73024631705175,PJM
2022-07-23,2185.3623779405016,-100.15316914023728,384.2706885096977,226.76810269003863,PJM
2022-07-24,2185.391254170953,-128.08489925408875,384.8627782780787,274.5598668050575,PJM
2022-07-25,2185.420130401404,37.09962244003018,385.0707472418783,189.76749991668794,PJM
2022-07-26,2185.4490066318554,58.113029591379174,384.8948738879144,-150.58191011114877,PJM
2022-07-27,2185.4778828623066,62.64299791443917,384.3358697280267,-47.091750504772335,PJM
2022-07-28,2185.506759092758,49.80191787357056,383.39487830799806,124.95244472567401,PJM
2022-07-29,2185.5356353232087,19.985619013100308,382.0734737114717,-33.45972804778103,PJM
2022-07-30,2185.56451155366,-100.15316914023728,380.3736585606785,-99.90000097410075,PJM
2022-07-31,2185.593387784111,-128.08489925408875,378.29786151637904,-162.71935004640136,PJM
2022-08-01,2185.6222640145625,37.09962244003018,375.84893428001965,-60.63382073461207,PJM
2022-08-02,2185.6511402450137,58.113029591379174,373.0301481016868,126.80468206192063,PJM
2022-08-03,2185.680016475465,62.64299791443917,369.84518979802635,189.15979581206966,PJM
2022-08-04,2185.7088927059162,49.80191787357056,366.2981572848747,247.14603213563896,PJM
2022-08-05,2185.7377689363675,19.985619013100308,362.3935546299195,168.10605742061307,PJM
2022-08-06,2185.7666451668183,-100.15316914023728,358.1362866312741,190.0662373421451,PJM
2022-08-07,2185.7955213972696,-128.08489925408875,353.53165292840947,274.53072492840965,PJM
2022-08-08,2185.824397627721,37.09962244003018,348.5853416524383,340.7256382798105,PJM
2022-08-09,2185.853273858172,58.113029591379174,343.3034226232902,289.73927392715814,PJM
2022-08-10,2185.8821500886233,62.64299791443917,337.69234010184874,107.8465118950885,PJM
2022-08-11,2185.9110263190746,49.80191787357056,331.7589051056501,-1.2708492982951611,PJM
2022-08-12,2185.939902549526,19.985619013100308,325.5102872972533,-188.60680885987904,PJM
2022-08-13,2185.968778779977,-100.15316914023728,318.9540064548987,-344.21561609463834,PJM
2022-08-14,2185.9976550104284,-128.08489925408875,312.0979235355611,-322.81967929190046,PJM
2022-08-15,2186.026531240879,37.09962244003018,304.95023134098847,-267.91738502189764,PJM
2022-08-16,2186.0554074713305,58.113029591379174,297.51944479778007,-248.92588186048943,PJM
2022-08-17,2186.0842837017817,62.64299791443917,289.8143908630178,-243.58167247923893,PJM
2022-08-18,2186.113159932233,49.80191787357056,281.8441980673986,-162.70927587320193,PJM
2022-08-19,2186.1420361626842,19.985619013100308,273.6182857082545,-15.91494088403897,PJM
2022-08-20,2186.1709123931355,-100.15316914023728,265.14635270524195,25.416904041860107,PJM
2022-08-21,2186.1997886235868,-128.08489925408875,256.4383661319,-70.24625550139808,PJM
2022-08-22,2186.228664854038,37.09962244003018,247.50454943664025,-12.058836730708208,PJM
2022-08-23,2186.257541084489,58.113029591379174,238.35537036710858,4.626058957022906,PJM
2022-08-24,2186.28641731494,62.64299791443917,229.0015286121997,47.253056158420804,PJM
2022-08-25,2186.3152935453913,49.80191787357056,219.45394317634953,93.91984540468866,PJM
2022-08-26,2186.3441697758426,19.985619013100308,209.7237395010289,170.24147171002824,PJM
2022-08-27,2186.373046006294,-100.15316914023728,199.82223634867086,126.53888678527301,PJM
2022-08-28,2186.401922236745,-128.08489925408875,189.7609324645466,222.39304455279716,PJM
2022-08-29,2186.4307984671964,37.09962244003018,179.55149303234813,364.3930860604255,PJM
2022-08-30,2186.4596746976476,58.113029591379174,169.20573593949786,231.45055977147558,PJM
2022-08-31,2186.4885509280984,62.64299791443917,158.73561786841697,46.69083328904571,PJM
2022-09-01,2186.5174271585497,49.80191787357056,148.15322023018854,66.86243473769173,PJM
2022-09-02,2186.546303389001,19.985619013100308,137.47073495724806,67.05134264065055,PJM
2022-09-03,2186.5751796194522,-100.15316914023728,126.70045017187431,78.5095393489105,PJM
2022-09-04,2186.6040558499035,-128.08489925408875,115.85473574743128,70.4321076567544,PJM
2022-09-05,2186.6329320803547,37.09962244003018,104.94602877940537,-82.25658329979024,PJM
2022-09-06,2186.661808310806,58.113029591379174,93.98681898340591,35.86034311440926,PJM
2022-09-07,2186.6906845412573,62.64299791443917,82.9896340373828,-50.3903164930789,PJM
2022-09-08,2186.7195607717085,49.80191787357056,71.96702488536073,-44.25750353063904,PJM
2022-09-09,2186.7484370021593,19.985619013100308,60.93155102005608,1.5173929646844044,PJM
2022-09-10,2186.7773132326106,-100.15316914023728,49.895765761746446,-7.61490985411956,PJM
2022-09-11,2186.806189463062,-128.08489925408875,38.87220155078424,-7.1184917597574895,PJM
2022-09-12,2186.835065693513,37.09962244003018,27.873355271105595,28.63095659535111,PJM
2022-09-13,2186.8639419239644,58.113029591379174,16.911673622064825,-46.941645137407704,PJM
2022-09-14,2186.8928181544156,62.64299791443917,5.999538555863808,-108.56235462471841,PJM
2022-09-15,2186.921694384867,49.80191787357056,-4.850747202246339,-80.7588650561911,PJM
2022-09-16,2186.950570615318,19.985619013100308,-15.626974533901887,-72.84221509451663,PJM
2022-09-17,2186.979446845769,-100.15316914023728,-26.3170421907283,-2.8152355148035895,PJM
2022-09-18,2187.00832307622,-128.08489925408875,-36.90897092379595,95.69254710166456,PJM
2022-09-19,2187.0371993066715,37.09962244003018,-47.390917462746785,164.7240957160452,PJM
2022-09-20,2187.0660755371227,58.113029591379174,-57.751188328119554,147.09408319961767,PJM
2022-09-21,2187.094951767574,62.64299791443917,-67.97825346057809,191.020303778565,PJM
2022-09-22,2187.1238279980253,49.80191787357056,-78.06075965097644,-39.22198622061933,PJM
2022-09-23,2187.1527042284765,19.985619013100308,-87.98754375543136,-287.54177948614506,PJM
2022-09-24,2187.181580458928,-100.15316914023728,-97.74764567982018,-271.09476563887006,PJM
2022-09-25,2187.210456689379,-128.08489925408875,-107.33032111841257,-180.98623631687747,PJM
2022-09-26,2187.23933291983,37.09962244003018,-116.72505403162333,-189.42890132823732,PJM
2022-09-27,2187.268209150281,58.113029591379174,-125.92156884818397,-233.1146698934765,PJM
2022-09-28,2187.2970853807324,62.64299791443917,-134.90984237737527,-232.14924091779608,PJM
2022-09-29,2187.3259616111836,49.80191787357056,-143.68011541728148,-211.08076406747273,PJM
2022-09-30,2187.354837841635,19.985619013100308,-152.222904045414,-184.5905528093208,PJM
2022-10-01,2187.383714072086,-100.15316914023728,-160.5290105784116,-160.15053435343702,PJM
2022-10-02,2187.4125903025374,-128.08489925408875,-168.5895341879255,-155.5241568605229,PJM
2022-10-03,2187.4414665329887,37.09962244003018,-176.39588116020758,-135.05920781281088,PJM
2022-10-04,2187.4703427634395,58.113029591379174,-183.93977478733285,-100.6055975674858,PJM
2022-10-05,2187.4992189938907,62.64299791443917,-191.2132648784409,-118.77195202988901,PJM
2022-10-06,2187.528095224342,49.80191787357056,-198.20873687981873,-121.92027621809393,PJM
2022-10-07,2187.5569714547933,19.985619013100308,-204.9189205931133,-127.77166987478017,PJM
2022-10-08,2187.5858476852445,-100.15316914023728,-211.33689848145121,-149.04278006355594,PJM
2022-10-09,2187.614723915696,-128.08489925408875,-217.4561135537116,-99.91371110789487,PJM
2022-10-10,2187.643600146147,37.09962244003018,-223.27037681772075,-111.34284576845607,PJM
2022-10-11,2187.6724763765983,58.113029591379174,-228.7738742936311,-105.75763167434593,PJM
2022-10-12,2187.701352607049,62.64299791443917,-233.96117357927852,-113.50717694220975,PJM
2022-10-13,2187.7302288375004,49.80191787357056,-238.82722995984216,-81.34091675122886,PJM
2022-10-14,2187.7591050679516,19.985619013100308,-243.36739205466537,-92.23933202638682,PJM
2022-10-15,2187.787981298403,-100.15316914023728,-247.57740699465768,-101.32140516350773,PJM
2022-10-16,2187.816857528854,-128.08489925408875,-251.45342512423883,-78.93953315052613,PJM
2022-10-17,2187.8457337593054,37.09962244003018,-254.9920042223645,-43.775351976971024,PJM
2022-10-18,2187.8746099897567,58.113029591379174,-258.19011323773384,25.465473656598533,PJM
2022-10-19,2187.903486220208,62.64299791443917,-261.04513553385743,73.38965139921083,PJM
2022-10-20,2187.932362450659,49.80191787357056,-263.5548716402491,79.14759131601954,PJM
2022-10-21,2187.96123868111,19.985619013100308,-265.7175415065858,29.985683812375555,PJM
2022-10-22,2187.9901149115612,-100.15316914023728,-267.5317862572698,-16.07515951405412,PJM
2022-10-23,2188.0189911420125,-128.08489925408875,-268.9966694444247,-7.212422443499236,PJM
2022-10-24,2188.0478673724638,37.09962244003018,-270.111677797942,-16.45781201455179,PJM
2022-10-25,2188.076743602915,58.113029591379174,-270.8767214718017,-33.4070517224925,PJM
2022-10-26,2188.1056198333663,62.64299791443917,-271.2921337864785,-52.908483961326965,PJM
2022-10-27,2188.1344960638176,49.80191787357056,-271.35867046784807,-49.27874346954013,PJM
2022-10-28,2188.163372294269,19.985619013100308,-271.07750838360255,12.582517076233898,PJM
2022-10-29,2188.1922485247196,-100.15316914023728,-270.45024377877917,-3.1298356057031924,PJM
2022-10-30,2188.221124755171,-128.08489925408875,-269.4788900126012,8.251664511519039,PJM
2022-10-31,2188.250000985622,37.09962244003018,-268.16587479942,-42.16674862623222,PJM
2022-11-01,2188.2788772160734,58.113029591379174,-266.51403695713554,-61.2628698503172,PJM
2022-11-02,2188.3077534465247,62.64299791443917,-264.5266226670551,-69.64812869390835,PJM
2022-11-03,2188.336629676976,49.80191787357056,-262.2072812497298,-54.622266300816364,PJM
2022-11-04,2188.365505907427,19.985619013100308,-259.5600604618816,-38.387064458645455,PJM
2022-11-05,2188.3943821378784,-100.15316914023728,-256.58940132010116,-41.73281167753953,PJM
2022-11-06,2188.4232583683292,-128.08489925408875,-253.30013245755626,43.17577334331554,PJM
2022-11-07,2188.4521345987805,37.09962244003018,-249.69746402050512,-37.87129301830578,PJM
2022-11-08,2188.4810108292318,58.113029591379174,-245.78698111195422,-82.9100593086564,PJM
2022-11-09,2188.509887059683,62.64299791443917,-241.57463679033455,-31.404248183788013,PJM
2022-11-10,2188.5387632901343,49.80191787357056,-237.06674463159865,-49.63493653210617,PJM
2022-11-11,2188.5676395205855,19.985619013100308,-232.26997086366003,-45.1082876700259,PJM
2022-11-12,2188.596515751037,-100.15316914023728,-227.1913260825972,-2.901020528201798,PJM
2022-11-13,2188.625391981488,-128.08489925408875,-221.83815656054662,75.15466383314742,PJM
2022-11-14,2188.6542682119393,37.09962244003018,-216.21813515568556,160.98224450371617,PJM
2022-11-15,2188.68314444239,58.113029591379174,-210.33925183518596,247.54407780141673,PJM
2022-11-16,2188.7120206728414,62.64299791443917,-204.209803822467,184.18578523518636,PJM
2022-11-17,2188.7408969032927,49.80191787357056,-197.8383853805277,279.01957060366476,PJM
2022-11-18,2188.769773133744,19.985619013100308,-191.23387724357303,341.9944850967288,PJM
2022-11-19,2188.798649364195,-100.15316914023728,-184.4054357095495,363.35395548559154,PJM
2022-11-20,2188.8275255946464,-128.08489925408875,-177.36248140662954,398.97285506607204,PJM
2022-11-21,2188.8564018250977,37.09962244003018,-170.11468774704716,340.4546634819194,PJM
2022-11-22,2188.885278055549,58.113029591379174,-162.67196908207282,166.8706614351454,PJM
2022-11-23,2188.9141542859998,62.64299791443917,-155.04446857226657,69.7103163718275,PJM
2022-11-24,2188.943030516451,49.80191787357056,-147.24254578747633,-158.98540260254526,PJM
2022-11-25,2188.9719067469023,19.985619013100308,-139.27676405137805,-185.6537617086242,PJM
2022-11-26,2189.0007829773535,-100.15316914023728,-131.1578775456592,-50.19073629145669,PJM
2022-11-27,2189.029659207805,-128.08489925408875,-122.89681818920644,-21.98494176450913,PJM
2022-11-28,2189.058535438256,37.09962244003018,-114.50468230797237,-46.86647557031392,PJM
2022-11-29,2189.0874116687073,58.113029591379174,-105.992717111383,14.894275851296698,PJM
2022-11-30,2189.1162878991586,62.64299791443917,-97.37230699142917,58.8330211778316,PJM
2022-12-01,2189.1451641296094,49.80191787357056,-88.6549596607679,190.17987765758835,PJM
2022-12-02,2189.1740403600606,19.985619013100308,-79.85229214634694,177.5236327731859,PJM
2022-12-03,2189.202916590512,-100.15316914023728,-70.97601665526031,9.719269204985494,PJM
2022-12-04,2189.231792820963,-128.08489925408875,-62.03792632965576,140.7140327627817,PJM
2022-12-05,2189.2606690514144,37.09962244003018,-53.04988090769247,183.02758941624825,PJM
2022-12-06,2189.2895452818657,58.113029591379174,-44.02379230760975,8.920217434364986,PJM
2022-12-07,2189.318421512317,62.64299791443917,-34.97161015210085,-113.21580927465493,PJM
2022-12-08,2189.347297742768,49.80191787357056,-25.905307250219195,-81.83090836611927,PJM
2022-12-09,2189.3761739732195,19.985619013100308,-16.836865054126577,-3.99892793219351,PJM
2022-12-10,2189.4050502036703,-100.15316914023728,-7.77825910799713,52.84737804456381,PJM
2022-12-11,2189.4339264341215,-128.08489925408875,1.258555493593235,23.30741732637398,PJM
2022-12-12,2189.462802664573,37.09962244003018,10.261658620458263,92.02791627493889,PJM
2022-12-13,2189.491678895024,58.113029591379174,19.219179577504462,133.60711193609222,PJM
2022-12-14,2189.5205551254753,62.64299791443917,28.119311514094747,156.65213544599055,PJM
2022-12-15,2189.5494313559266,49.80191787357056,36.95032575492658,120.8223250155761,PJM
2022-12-16,2189.578307586378,19.985619013100308,45.70058603534292,64.55948736517894,PJM
2022-12-17,2189.607183816829,-100.15316914023728,54.35856262413776,114.44842269927085,PJM
2022-12-18,2189.63606004728,-128.08489925408875,62.9128463170197,182.58299288978878,PJM
2022-12-19,2189.664936277731,37.09962244003018,71.35216228409031,266.55227899814827,PJM
2022-12-20,2189.6938125081824,58.113029591379174,79.66538375482219,192.07077414561672,PJM
2022-12-21,2189.7226887386337,62.64299791443917,87.84154552425761,171.3587678226695,PJM
2022-12-22,2189.751564969085,49.80191787357056,95.8698572643349,92.18165989300996,PJM
2022-12-23,2189.780441199536,19.985619013100308,103.73971662448267,398.2352231628811,PJM
2022-12-24,2189.8093174299875,-100.15316914023728,111.44072210589903,787.1811296043511,PJM
2022-12-25,2189.8381936604387,-128.08489925408875,118.96268569415057,488.58201989949885,PJM
2022-12-26,2189.86706989089,37.09962244003018,126.29564523507956,274.53866243400034,PJM
2022-12-27,2189.895946121341,58.113029591379174,133.42987653924638,157.4971477480335,PJM
2022-12-28,2189.924822351792,62.64299791443917,140.355905200511,53.14927453325754,PJM
2022-12-29,2189.9536985822433,49.80191787357056,147.0645181146577,-124.34013457047104,PJM
2022-12-30,2189.9825748126946,19.985619013100308,153.5467746843489,-297.8369685101443,PJM
2022-12-31,2190.011451043146,-100.15316914023728,159.79401769705757,-315.6622995999662,PJM
2023-01-01,2190.040327273597,-128.08489925408875,167.2598715129654,-384.92029953247356,PJM
2023-01-02,2190.0692035040483,37.09962244003018,172.9482199743774,-460.614045918456,PJM
2023-01-03,2190.0980797344996,58.113029591379174,178.37550100801144,-386.3786103338898,PJM
2023-01-04,2190.1269559649504,62.64299791443917,183.53437500805728,-410.4963288874469,PJM
2023-01-05,2190.1558321954017,49.80191787357056,188.41783700086796,-324.13958706983976,PJM
2023-01-06,2190.184708425853,19.985619013100308,193.01922520192736,-179.87655264088062,PJM
2023-01-07,2190.213584656304,-100.15316914023728,197.332229161532,-119.07764467759898,PJM
2023-01-08,2190.2424608867555,-128.08489925408875,201.35089748946905,-56.430459122135744,PJM
2023-01-09,2190.2713371172067,37.09962244003018,205.0696451494716,-111.7496047067084,PJM
2023-01-10,2190.300213347658,58.113029591379174,208.48326031474414,-76.52050325378059,PJM
2023-01-11,2190.3290895781092,62.64299791443917,211.5869107763711,-121.12699826891912,PJM
2023-01-12,2190.3579658085605,49.80191787357056,214.37614989695302,-227.16403357908393,PJM
2023-01-13,2190.3868420390113,19.985619013100308,216.846922102354,-169.58538315446594,PJM
2023-01-14,2190.4157182694626,-100.15316914023728,218.99556790499346,45.57988296578151,PJM
2023-01-15,2190.444594499914,-128.08489925408875,220.81882845267018,27.11047630150506,PJM
2023-01-16,2190.473470730365,37.09962244003018,222.31384959747018,-94.2629427678653,PJM
2023-01-17,2190.5023469608163,58.113029591379174,223.47818547988086,-209.53756203207604,PJM
2023-01-18,2190.5312231912676,62.64299791443917,224.30980162380715,-285.75202272951356,PJM
2023-01-19,2190.560099421719,49.80191787357056,224.80707753876823,-247.38309483405692,PJM
2023-01-20,2190.58897565217,19.985619013100308,224.96880882613675,-189.3634034914071,PJM
2023-01-21,2190.617851882621,-100.15316914023728,224.79420878687267,-97.1708915292561,PJM
2023-01-22,2190.646728113072,-128.08489925408875,224.28290952879388,-44.70873838777743,PJM
2023-01-23,2190.6756043435234,37.09962244003018,223.43496257202204,-59.201189355575934,PJM
2023-01-24,2190.7044805739747,58.113029591379174,222.2508389518362,-95.03534911718998,PJM
2023-01-25,2190.733356804426,62.64299791443917,220.7314288187635,-80.62578353762865,PJM
2023-01-26,2190.762233034877,49.80191787357056,218.87804053633528,-105.50119144478276,PJM
2023-01-27,2190.7911092653285,19.985619013100308,216.69239927752898,-24.51612755595761,PJM
2023-01-28,2190.8199854957797,-100.15316914023728,214.1766451215174,-145.0854614770601,PJM
2023-01-29,2190.8488617262306,-128.08489925408875,211.33333065293408,-142.65429312507604,PJM
2023-01-30,2190.877737956682,37.09962244003018,208.16541806645895,-183.13577846317048,PJM
2023-01-31,2190.906614187133,58.113029591379174,204.67627578011314,-30.86691955862534,PJM
2023-02-01,2190.9354904175843,62.64299791443917,200.86967456123634,48.012837106740335,PJM
2023-02-02,2190.9643666480356,49.80191787357056,196.7497831696987,61.22593230869552,PJM
2023-02-03,2190.993242878487,19.985619013100308,192.32116352347174,209.4269745849415,PJM
2023-02-04,2191.022119108938,-100.15316914023728,187.588765392252,311.53328463904745,PJM
2023-02-05,2191.0509953393894,-128.08489925408875,182.5579206253887,-31.313016710689226,PJM
2023-02-06,2191.0798715698406,37.09962244003018,177.23433692092337,-132.92783093079424,PJM
2023-02-07,2191.1087478002914,58.113029591379174,171.62409114309125,-108.91186853476165,PJM
2023-02-08,2191.1376240307427,62.64299791443917,165.73362219617246,-271.60424414135423,PJM
2023-02-09,2191.166500261194,49.80191787357056,159.56972346310891,-272.77114159787334,PJM
2023-02-10,2191.195376491645,19.985619013100308,153.13953481781613,-295.58853032256184,PJM
2023-02-11,2191.2242527220965,-100.15316914023728,146.45053422063148,-172.28361780249088,PJM
2023-02-12,2191.2531289525477,-128.08489925408875,139.51052890683093,-87.37875860528948,PJM
2023-02-13,2191.282005182999,37.09962244003018,132.3276461786308,-188.03527380165997,PJM
2023-02-14,2191.3108814134503,58.113029591379174,124.91032381156614,-239.24123481639572,PJM
2023-02-15,2191.339757643901,62.64299791443917,117.2673000865905,-350.4820556449308,PJM
2023-02-16,2191.3686338743523,49.80191787357056,109.40760345968974,-302.27115520761254,PJM
2023-02-17,2191.3975101048036,19.985619013100308,101.34054188123442,-135.39767099913843,PJM
2023-02-18,2191.426386335255,-100.15316914023728,93.07569177770864,1.831091027273942,PJM
2023-02-19,2191.455262565706,-128.08489925408875,84.62288670885826,-139.77525002047582,PJM
2023-02-20,2191.4841387961574,37.09962244003018,75.99220571368596,-241.95396694987357,PJM
2023-02-21,2191.5130150266086,58.113029591379174,67.19396135908968,-226.59700597707706,PJM
2023-02-22,2191.54189125706,62.64299791443917,58.23868750529857,-120.42257667679678,PJM
2023-02-23,2191.5707674875107,49.80191787357056,49.137126802593514,-234.60581216367473,PJM
2023-02-24,2191.599643717962,19.985619013100308,39.90021793412217,-169.59648066518412,PJM
2023-02-25,2191.628519948413,-100.15316914023728,30.539082619921274,39.084566571903,PJM
2023-02-26,2191.6573961788645,-128.08489925408875,21.06501239753979,-42.1325093223154,PJM
2023-02-27,2191.6862724093157,37.09962244003018,11.489455194928226,-67.38335004427427,PJM
2023-02-28,2191.715148639767,58.113029591379174,1.824001711504195,-119.4721799426502,PJM
2023-03-01,2191.7440248702183,62.64299791443917,-7.9196283764681255,-142.754394408189,PJM
2023-03-02,2191.7729011006695,49.80191787357056,-17.729600369831985,-172.81921860440798,PJM
2023-03-03,2191.801777331121,19.985619013100308,-27.59397864328848,-4.952417700932074,PJM
2023-03-04,2191.8306535615716,-100.15316914023728,-37.50074086823004,-85.61874355310465,PJM
2023-03-05,2191.859529792023,-128.08489925408875,-47.43779234479598,-86.49883819313823,PJM
2023-03-06,2191.888406022474,37.09962244003018,-57.392980426155674,-107.27604803634858,PJM
2023-03-07,2191.9172822529254,58.113029591379174,-67.35410901791732,-94.09520282638687,PJM
2023-03-08,2191.9461584833766,62.64299791443917,-77.30895313546131,28.05079673764567,PJM
2023-03-09,2191.975034713828,49.80191787357056,-87.2452735019402,5.3483209145420005,PJM
2023-03-10,2192.003910944279,19.985619013100308,-97.15083116962144,110.86530121224223,PJM
2023-03-11,2192.0327871747304,-100.15316914023728,-107.01340214723271,129.56078411273984,PJM
2023-03-12,2192.061663405181,-128.08489925408875,-116.82079201595388,122.39402786486153,PJM
2023-03-13,2192.0905396356325,37.09962244003018,-126.56085051671018,194.53168844104766,PJM
2023-03-14,2192.1194158660837,58.113029591379174,-136.22148609146132,287.9060406339986,PJM
2023-03-15,2192.148292096535,62.64299791443917,-145.7906803612216,219.86539035024725,PJM
2023-03-16,2192.1771683269862,49.80191787357056,-155.2565025236315,92.15441632307466,PJM
2023-03-17,2192.2060445574375,19.985619013100308,-164.60712365298548,31.155460082447235,PJM
2023-03-18,2192.2349207878888,-100.15316914023728,-173.83083088573943,135.44207923808835,PJM
2023-03-19,2192.26379701834,-128.08489925408875,-182.91604147465253,284.2851437104016,PJM
2023-03-20,2192.2926732487913,37.09962244003018,-191.85131669487376,225.9980210060528,PJM
2023-03-21,2192.321549479242,58.113029591379174,-200.62537558545466,96.96879651483277,PJM
2023-03-22,2192.3504257096934,62.64299791443917,-209.22710850996575,2.528684885832945,PJM
2023-03-23,2192.3793019401446,49.80191787357056,-217.64559052010247,-31.44962929361259,PJM
2023-03-24,2192.408178170596,19.985619013100308,-225.87009450640323,0.44529732270711975,PJM
2023-03-25,2192.437054401047,-100.15316914023728,-233.89010412044635,57.98521885963646,PJM
2023-03-26,2192.4659306314984,-128.08489925408875,-241.69532645316798,-28.70670492424142,PJM
2023-03-27,2192.4948068619497,37.09962244003018,-249.27570445422404,0.7132751522442504,PJM
2023-03-28,2192.523683092401,58.113029591379174,-256.62142907762785,28.08271639384793,PJM
2023-03-29,2192.5525593228517,62.64299791443917,-263.72295113921695,46.34239390192579,PJM
2023-03-30,2192.581435553303,49.80191787357056,-270.5709928718405,95.10963944496666,PJM
2023-03-31,2192.6103117837542,19.985619013100308,-277.1565591645166,100.88262836766194,PJM
2023-04-01,2192.6391880142055,-100.15316914023728,-283.4709484721816,-5.113070401786445,PJM
2023-04-02,2192.6680642446568,-128.08489925408875,-289.5057633830382,35.02459839247035,PJM
2023-04-03,2192.696940475108,37.09962244003018,-295.2529208309189,28.344357915780847,PJM
2023-04-04,2192.7258167055593,58.113029591379174,-300.7046619404948,-23.8481843564432,PJM
2023-04-05,2192.7546929360105,62.64299791443917,-305.8535614935949,27.706870643145294,PJM
2023-04-06,2192.783569166462,49.80191787357056,-310.69253700534927,49.74304996531737,PJM
2023-04-07,2192.8124453969126,19.985619013100308,-315.2148573993274,-32.5952070106855,PJM
2023-04-08,2192.841321627364,-100.15316914023728,-319.4141512713176,52.276998784191164,PJM
2023-04-09,2192.870197857815,-128.08489925408875,-323.2844147318798,15.499116128153219,PJM
2023-04-10,2192.8990740882664,37.09962244003018,-326.8200188182981,7.021322290001535,PJM
2023-04-11,2192.9279503187176,58.113029591379174,-330.01571646707305,-3.889263443023765,PJM
2023-04-12,2192.956826549169,62.64299791443917,-332.86664903860685,11.281824574999064,PJM
2023-04-13,2192.98570277962,49.80191787357056,-335.36835238626577,103.49073173307534,PJM
2023-04-14,2193.0145790100714,19.985619013100308,-337.51676246254556,110.45856443937441,PJM
2023-04-15,2193.0434552405222,-100.15316914023728,-339.3082204556047,113.71693435531984,PJM
2023-04-16,2193.0723314709735,-128.08489925408875,-340.73947744999316,70.82104523310863,PJM
2023-04-17,2193.1012077014248,37.09962244003018,-341.8076986059603,33.285868464505484,PJM
2023-04-18,2193.130083931876,58.113029591379174,-342.51046685229744,16.534353329042233,PJM
2023-04-19,2193.1589601623273,62.64299791443917,-342.84578608824415,-1.4021719885220136,PJM
2023-04-20,2193.1878363927785,49.80191787357056,-342.81208389056843,40.79432962421947,PJM
2023-04-21,2193.21671262323,19.985619013100308,-342.4082137225133,61.876882086183286,PJM
2023-04-22,2193.245588853681,-100.15316914023728,-341.63345664189376,4.0400369284504904,PJM
2023-04-23,2193.274465084132,-128.08489925408875,-340.4875225062178,24.32995667617456,PJM
2023-04-24,2193.303341314583,37.09962244003018,-338.9705506733005,26.25058691868753,PJM
2023-04-25,2193.3322175450344,58.113029591379174,-337.08311019643685,36.99886306002327,PJM
2023-04-26,2193.3610937754856,62.64299791443917,-334.82619951379434,-3.218892176130794,PJM
2023-04-27,2193.389970005937,49.80191787357056,-332.20124563228705,-11.410642247220494,PJM
2023-04-28,2193.418846236388,19.985619013100308,-329.2101028067881,12.254637557300157,PJM
2023-04-29,2193.4477224668394,-100.15316914023728,-325.85505071613517,6.516497389533242,PJM
2023-04-30,2193.4765986972907,-128.08489925408875,-322.1387921379779,9.340092694776558,PJM
2023-05-01,2193.505474927742,37.09962244003018,-318.0644501251091,33.985352757337296,PJM
2023-05-02,2193.5343511581927,58.113029591379174,-313.635564686511,47.484183936938734,PJM
2023-05-03,2193.563227388644,62.64299791443917,-308.8560889769314,25.77986367384824,PJM
2023-05-04,2193.5921036190953,49.80191787357056,-303.7303849993907,2.4913635067252926,PJM
2023-05-05,2193.6209798495465,19.985619013100308,-298.2632188255895,-36.910380037057394,PJM
2023-05-06,2193.649856079998,-100.15316914023728,-292.45975533976355,-70.81993159999683,PJM
2023-05-07,2193.678732310449,-128.08489925408875,-286.3255525120908,-18.515280544269444,PJM
2023-05-08,2193.7076085409003,37.09962244003018,-279.8665552083166,11.464324227386442,PJM
2023-05-09,2193.7364847713516,58.113029591379174,-273.08908854280605,-56.94842581992452,PJM
2023-05-10,2193.7653610018024,62.64299791443917,-265.99985078277786,-83.87250813346373,PJM
2023-05-11,2193.7942372322536,49.80191787357056,-258.6059058120019,3.8117507061776905,PJM
2023-05-12,2193.823113462705,19.985619013100308,-250.91467516276418,98.6719426869588,PJM
2023-05-13,2193.851989693156,-100.15316914023728,-242.93392962541338,41.89410907249453,PJM
2023-05-14,2193.8808659236074,-128.08489925408875,-234.6717804453037,-56.94218622421499,PJM
2023-05-15,2193.9097421540587,37.09962244003018,-226.13667011743715,-106.93369447665145,PJM
2023-05-16,2193.93861838451,58.113029591379174,-217.33736278958241,-63.02028518630664,PJM
2023-05-17,2193.967494614961,62.64299791443917,-208.28293428511313,-145.17255824428753,PJM
2023-05-18,2193.996370845412,49.80191787357056,-198.98276175725596,-167.24352696172673,PJM
2023-05-19,2194.0252470758633,19.985619013100308,-189.44651298687623,-113.77935310208727,PJM
2023-05-20,2194.0541233063145,-100.15316914023728,-179.68413533635277,-111.67281882972429,PJM
2023-05-21,2194.082999536766,-128.08489925408875,-169.70584437249573,-122.10525591018131,PJM
2023-05-22,2194.111875767217,37.09962244003018,-159.52211217185857,-92.69838603538892,PJM
2023-05-23,2194.1407519976683,58.113029591379174,-149.14365532216567,-91.01712626688163,PJM
2023-05-24,2194.1696282281196,62.64299791443917,-138.58142263394097,-113.83420350861752,PJM
2023-05-25,2194.198504458571,49.80191787357056,-127.84658257676604,-229.62683975537493,PJM
2023-05-26,2194.227380689022,19.985619013100308,-116.95051045491884,-234.98148924720317,PJM
2023-05-27,2194.256256919473,-100.15316914023728,-105.90477533745684,-244.00131244177896,PJM
2023-05-28,2194.285133149924,-128.08489925408875,-94.72112675809515,-242.93110713774036,PJM
2023-05-29,2194.3140093803754,37.09962244003018,-83.41148120050633,-283.29715061989964,PJM
2023-05-30,2194.3428856108267,58.113029591379174,-71.98790838492289,-81.6790068172827,PJM
2023-05-31,2194.371761841278,62.64299791443917,-60.46261737215559,-27.062142383561422,PJM
2023-06-01,2194.400638071729,49.80191787357056,-48.847942501361246,76.02838655606138,PJM
2023-06-02,2194.4295143021805,19.985619013100308,-37.156329178085,200.0961958628045,PJM
2023-06-03,2194.4583905326317,-100.15316914023728,-25.400319529290954,103.01409813689679,PJM
2023-06-04,2194.4872667630825,-128.08489925408875,-13.592537942235936,-132.64482956675783,PJM
2023-06-05,2194.516142993534,37.09962244003018,-1.74567650419786,-198.165088929366,PJM
2023-06-06,2194.545019223985,58.113029591379174,10.127519639825948,-203.79456845519007,PJM
2023-06-07,2194.5738954544363,62.64299791443917,22.01426699423419,-266.7731603631091,PJM
2023-06-08,2194.6027716848876,49.80191787357056,33.90175846744867,-315.93844802590684,PJM
2023-06-09,2194.631647915339,19.985619013100308,45.77717815670951,-289.5324450851481,PJM
2023-06-10,2194.66052414579,-100.15316914023728,57.627716145643035,-208.2030711511959,PJM
2023-06-11,2194.6894003762413,-128.08489925408875,69.44058329720212,-166.86908441935475,PJM
2023-06-12,2194.718276606692,37.09962244003018,81.20302602457679,-199.64592507129964,PJM
2023-06-13,2194.7471528371434,58.113029591379174,92.90234102270534,-310.53552345122785,PJM
2023-06-14,2194.7760290675947,62.64299791443917,104.52588994305097,-307.52291692508516,PJM
2023-06-15,2194.804905298046,49.80191787357056,116.06111399438862,-258.21293716600485,PJM
2023-06-16,2194.833781528497,19.985619013100308,127.49554845241938,-308.3859489940164,PJM
2023-06-17,2194.8626577589484,-100.15316914023728,138.81683706115533,-312.81232567986626,PJM
2023-06-18,2194.8915339893997,-128.08489925408875,150.01274630911882,-251.1853810444295,PJM
2023-06-19,2194.920410219851,37.09962244003018,161.07117956357666,-151.75221222345772,PJM
2023-06-20,2194.949286450302,58.113029591379174,171.98019104617217,-156.2225070878526,PJM
2023-06-21,2194.978162680753,62.64299791443917,182.72799963352026,-239.08316022871213,PJM
2023-06-22,2195.0070389112043,49.80191787357056,193.30300246652914,-336.6169592513038,PJM
2023-06-23,2195.0359151416556,19.985619013100308,203.69378835244277,-259.3083225071982,PJM
2023-06-24,2195.064791372107,-100.15316914023728,213.88915094383557,-101.86577317570482,PJM
2023-06-25,2195.093667602558,-128.08489925408875,223.87810167906133,-17.77087002753069,PJM
2023-06-26,2195.1225438330093,37.09962244003018,233.6498824689333,-60.70304874197291,PJM
2023-06-27,2195.1514200634606,58.113029591379174,243.1939781147169,-242.13242776955622,PJM
2023-06-28,2195.180296293912,62.64299791443917,252.5001284428282,-237.2414226511787,PJM
2023-06-29,2195.2091725243627,49.80191787357056,261.5583401419701,-134.46343053990267,PJM
2023-06-30,2195.238048754814,19.985619013100308,270.3588982887834,-23.008566056697873,PJM
2023-07-01,2195.266924985265,-100.15316914023728,278.89237754846476,-73.59513339349269,PJM
2023-07-02,2195.2958012157164,-128.08489925408875,287.14965303717906,-40.53955499880658,PJM
2023-07-03,2195.3246774461677,37.09962244003018,295.1219108335005,-63.84821071969827,PJM
2023-07-04,2195.353553676619,58.113029591379174,302.80065812652265,-90.58824139452008,PJM
2023-07-05,2195.38242990707,62.64299791443917,310.1777329887128,164.9388391897778,PJM
2023-07-06,2195.4113061375215,49.80191787357056,317.2453137620254,179.37646222688272,PJM
2023-07-07,2195.4401823679727,19.985619013100308,323.99592804624723,102.35927057268009,PJM
2023-07-08,2195.4690585984235,-100.15316914023728,330.42246127901564,-14.036350737201701,PJM
2023-07-09,2195.497934828875,-128.08489925408875,336.5181648974304,-122.87620047221662,PJM
2023-07-10,2195.526811059326,37.09962244003018,342.27666407168016,-101.9030975710366,PJM
2023-07-11,2195.5556872897773,58.113029591379174,347.69196500160194,-44.04268188275819,PJM
2023-07-12,2195.5845635202286,62.64299791443917,352.7584617676122,-3.345023202279208,PJM
2023-07-13,2195.61343975068,49.80191787357056,357.47094272797267,111.60069964777722,PJM
2023-07-14,2195.642315981131,19.985619013100308,361.8245964548913,152.94746855087715,PJM
2023-07-15,2195.6711922115824,-100.15316914023728,365.8150172024985,72.78795972615671,PJM
2023-07-16,2195.700068442033,-128.08489925408875,369.43820990029513,-19.369379088239384,PJM
2023-07-17,2195.7289446724844,37.09962244003018,372.69059466622855,-1.965161778743095,PJM
2023-07-18,2195.7578209029357,58.113029591379174,375.5690108341179,-47.16786132843254,PJM
2023-07-19,2195.786697133387,62.64299791443917,378.0707204907236,-79.9474155385501,PJM
2023-07-20,2195.815573363838,49.80191787357056,380.193411518336,40.02509724425545,PJM
2023-07-21,2195.8444495942895,19.985619013100308,381.9352001393394,-78.11126874672891,PJM
2023-07-22,2195.8733258247407,-100.15316914023728,383.2946329597978,-196.17578964430095,PJM
2023-07-23,2195.902202055192,-128.08489925408875,384.2706885096977,-141.96099131080064,PJM
2023-07-24,2195.931078285643,37.09962244003018,384.8627782780787,-51.35247900375134,PJM
2023-07-25,2195.959954516094,58.113029591379174,385.0707472418783,-11.37073134935099,PJM
2023-07-26,2195.9888307465453,62.64299791443917,384.8948738879144,65.827297451101,PJM
2023-07-27,2196.0177069769966,49.80191787357056,384.3358697280267,310.6645054214064,PJM
2023-07-28,2196.046583207448,19.985619013100308,383.39487830799806,331.31791947145393,PJM
2023-07-29,2196.075459437899,-100.15316914023728,382.0734737114717,148.79023599086668,PJM
2023-07-30,2196.1043356683504,-128.08489925408875,380.3736585606785,-143.05309497493954,PJM
2023-07-31,2196.1332118988016,37.09962244003018,378.29786151637904,-205.00669585521064,PJM
2023-08-01,2196.162088129253,58.113029591379174,375.84893428001965,-284.8080520006515,PJM
2023-08-02,2196.1909643597037,62.64299791443917,373.0301481016868,-280.0531103758294,PJM
2023-08-03,2196.219840590155,49.80191787357056,369.84518979802635,-205.33194826175213,PJM
2023-08-04,2196.248716820606,19.985619013100308,366.2981572848747,-126.06549311858089,PJM
2023-08-05,2196.2775930510575,-100.15316914023728,362.3935546299195,-124.62597854073965,PJM
2023-08-06,2196.3064692815087,-128.08489925408875,358.1362866312741,-89.07685665869394,PJM
2023-08-07,2196.33534551196,37.09962244003018,353.53165292840947,-99.51962088039909,PJM
2023-08-08,2196.3642217424112,58.113029591379174,348.5853416524383,-180.9725929862284,PJM
2023-08-09,2196.3930979728625,62.64299791443917,343.3034226232902,-142.90951851059208,PJM
2023-08-10,2196.4219742033133,49.80191787357056,337.69234010184874,-150.62923217873276,PJM
2023-08-11,2196.4508504337646,19.985619013100308,331.7589051056501,-60.14537455251502,PJM
2023-08-12,2196.479726664216,-100.15316914023728,325.5102872972533,43.45615517876831,PJM
2023-08-13,2196.508602894667,-128.08489925408875,318.9540064548987,75.76128990452253,PJM
2023-08-14,2196.5374791251184,37.09962244003018,312.0979235355611,-1.5080251007098013,PJM
2023-08-15,2196.5663553555696,58.113029591379174,304.95023134098847,147.30638371206305,PJM
2023-08-16,2196.595231586021,62.64299791443917,297.51944479778007,-76.95767429823991,PJM
2023-08-17,2196.624107816472,49.80191787357056,289.8143908630178,-24.696416553060317,PJM
2023-08-18,2196.6529840469234,19.985619013100308,281.8441980673986,-140.0618011274223,PJM
2023-08-19,2196.681860277374,-100.15316914023728,273.6182857082545,-281.63297684539157,PJM
2023-08-20,2196.7107365078255,-128.08489925408875,265.14635270524195,-22.99718995897865,PJM
2023-08-21,2196.7396127382767,37.09962244003018,256.4383661319,203.82339868979307,PJM
2023-08-22,2196.768488968728,58.113029591379174,247.50454943664025,64.62193200325282,PJM
2023-08-23,2196.7973651991792,62.64299791443917,238.35537036710858,15.89926651927317,PJM
2023-08-24,2196.8262414296305,49.80191787357056,229.0015286121997,130.3463120845995,PJM
2023-08-25,2196.8551176600818,19.985619013100308,219.45394317634953,190.7943201504686,PJM
2023-08-26,2196.883993890533,-100.15316914023728,209.7237395010289,158.98543574867563,PJM
2023-08-27,2196.912870120984,-128.08489925408875,199.82223634867086,23.106792784433765,PJM
2023-08-28,2196.941746351435,37.09962244003018,189.7609324645466,-60.24930125601213,PJM
2023-08-29,2196.9706225818863,58.113029591379174,179.55149303234813,-37.4451452056137,PJM
2023-08-30,2196.9994988123376,62.64299791443917,169.20573593949786,-68.11923266627446,PJM
2023-08-31,2197.028375042789,49.80191787357056,158.73561786841697,-240.4089107847758,PJM
2023-09-01,2197.05725127324,19.985619013100308,148.15322023018854,-233.47609051652898,PJM
2023-09-02,2197.0861275036914,-100.15316914023728,137.47073495724806,-102.34969332070204,PJM
2023-09-03,2197.1150037341426,-128.08489925408875,126.70045017187431,186.8514453480716,PJM
2023-09-04,2197.1438799645935,37.09962244003018,115.85473574743128,254.51376184794526,PJM
2023-09-05,2197.1727561950447,58.113029591379174,104.94602877940537,507.9861854341707,PJM
2023-09-06,2197.201632425496,62.64299791443917,93.98681898340591,500.36155067665914,PJM
2023-09-07,2197.2305086559472,49.80191787357056,82.9896340373828,354.2819394330995,PJM
2023-09-08,2197.2593848863985,19.985619013100308,71.96702488536073,196.4749712151406,PJM
2023-09-09,2197.2882611168498,-100.15316914023728,60.93155102005608,53.25935700333184,PJM
2023-09-10,2197.317137347301,-128.08489925408875,49.895765761746446,-4.533003854958679,PJM
2023-09-11,2197.3460135777523,37.09962244003018,38.87220155078424,61.57716243143341,PJM
2023-09-12,2197.3748898082035,58.113029591379174,27.873355271105595,33.04972532931197,PJM
2023-09-13,2197.4037660386543,62.64299791443917,16.911673622064825,-31.397437575158165,PJM
2023-09-14,2197.4326422691056,49.80191787357056,5.999538555863808,-132.48209869854009,PJM
2023-09-15,2197.461518499557,19.985619013100308,-4.850747202246339,-229.83539031041119,PJM
2023-09-16,2197.490394730008,-100.15316914023728,-15.626974533901887,-225.82525105586888,PJM
2023-09-17,2197.5192709604594,-128.08489925408875,-26.3170421907283,-196.6293295156422,PJM
2023-09-18,2197.5481471909106,37.09962244003018,-36.90897092379595,-181.2797987071442,PJM
2023-09-19,2197.577023421362,58.113029591379174,-47.390917462746785,-222.46313554999392,PJM
2023-09-20,2197.605899651813,62.64299791443917,-57.751188328119554,-165.14370923813226,PJM
2023-09-21,2197.634775882264,49.80191787357056,-67.97825346057809,-115.03144029525674,PJM
2023-09-22,2197.663652112715,19.985619013100308,-78.06075965097644,-125.28251147483934,PJM
2023-09-23,2197.6925283431665,-100.15316914023728,-87.98754375543136,-152.98181544749764,PJM
2023-09-24,2197.7214045736177,-128.08489925408875,-97.74764567982018,-142.42985963970864,PJM
2023-09-25,2197.750280804069,37.09962244003018,-107.33032111841257,-123.68958212568668,PJM
2023-09-26,2197.7791570345203,58.113029591379174,-116.72505403162333,-132.3001325942762,PJM
2023-09-27,2197.8080332649715,62.64299791443917,-125.92156884818397,-177.05946233122654,PJM
2023-09-28,2197.836909495423,49.80191787357056,-134.90984237737527,-148.7689849916178,PJM
2023-09-29,2197.8657857258736,19.985619013100308,-143.68011541728148,-98.46328932169217,PJM
2023-09-30,2197.894661956325,-100.15316914023728,-152.222904045414,-58.79958877067338,PJM
2023-10-01,2197.923538186776,-128.08489925408875,-160.5290105784116,-7.162628354275739,PJM
2023-10-02,2197.9524144172274,37.09962244003018,-168.5895341879255,64.4894973306682,PJM
2023-10-03,2197.9812906476786,58.113029591379174,-176.39588116020758,117.83856092114956,PJM
2023-10-04,2198.01016687813,62.64299791443917,-183.93977478733285,127.95860999476417,PJM
2023-10-05,2198.039043108581,49.80191787357056,-191.2132648784409,43.52630389628939,PJM
2023-10-06,2198.0679193390324,19.985619013100308,-198.20873687981873,29.38419852768584,PJM
2023-10-07,2198.0967955694837,-100.15316914023728,-204.9189205931133,-105.51070583613296,PJM
2023-10-08,2198.1256717999345,-128.08489925408875,-211.33689848145121,-148.64287406439485,PJM
2023-10-09,2198.1545480303857,37.09962244003018,-217.4561135537116,-132.33205691670423,PJM
2023-10-10,2198.183424260837,58.113029591379174,-223.27037681772075,-122.07107703449537,PJM
2023-10-11,2198.2123004912883,62.64299791443917,-228.7738742936311,-126.28442411209608,PJM
2023-10-12,2198.2411767217395,49.80191787357056,-233.96117357927852,-103.25292101603145,PJM
2023-10-13,2198.270052952191,19.985619013100308,-238.82722995984216,-98.50644200544866,PJM
2023-10-14,2198.298929182642,-100.15316914023728,-243.36739205466537,-56.5573679877391,PJM
2023-10-15,2198.3278054130933,-128.08489925408875,-247.57740699465768,-84.16949916434669,PJM
2023-10-16,2198.356681643544,37.09962244003018,-251.45342512423883,-62.48987895933533,PJM
2023-10-17,2198.3855578739954,58.113029591379174,-254.9920042223645,-70.99858324301022,PJM
2023-10-18,2198.4144341044466,62.64299791443917,-258.19011323773384,-73.41031878115155,PJM
2023-10-19,2198.443310334898,49.80191787357056,-261.04513553385743,-59.50509267461098,PJM
2023-10-20,2198.472186565349,19.985619013100308,-263.5548716402491,-61.23593393820056,PJM
2023-10-21,2198.5010627958004,-100.15316914023728,-265.7175415065858,-62.86635214897706,PJM
2023-10-22,2198.5299390262517,-128.08489925408875,-267.5317862572698,-56.24925351489287,PJM
2023-10-23,2198.558815256703,37.09962244003018,-268.9966694444247,-21.665768252308226,PJM
2023-10-24,2198.587691487154,58.113029591379174,-270.111677797942,-14.22604328059083,PJM
2023-10-25,2198.616567717605,62.64299791443917,-270.8767214718017,-55.18984416024273,PJM
2023-10-26,2198.6454439480563,49.80191787357056,-271.2921337864785,-32.90522803514864,PJM
2023-10-27,2198.6743201785075,19.985619013100308,-271.35867046784807,-8.959268723759806,PJM
2023-10-28,2198.703196408959,-100.15316914023728,-271.07750838360255,1.1224811148813387,PJM
2023-10-29,2198.73207263941,-128.08489925408875,-270.45024377877917,7.478070393457983,PJM
2023-10-30,2198.7609488698613,37.09962244003018,-269.4788900126012,5.907318702709972,PJM
2023-10-31,2198.7898251003126,58.113029591379174,-268.16587479942,55.28402010772834,PJM
2023-11-01,2198.818701330764,62.64299791443917,-266.51403695713554,148.09733771193282,PJM
2023-11-02,2198.8475775612146,49.80191787357056,-264.5266226670551,202.12812723227034,PJM
2023-11-03,2198.876453791666,19.985619013100308,-262.2072812497298,147.9152084449638,PJM
2023-11-04,2198.905330022117,-100.15316914023728,-259.5600604618816,45.67489958000192,PJM
2023-11-06,2198.9342062525684,37.09962244003018,-253.30013245755626,-10.560696235042315,PJM
2023-11-07,2198.9630824830197,58.113029591379174,-249.69746402050512,-56.278648053893676,PJM
2023-11-08,2198.991958713471,62.64299791443917,-245.78698111195422,-49.980975515955606,PJM
2023-11-09,2199.020834943922,49.80191787357056,-241.57463679033455,-39.88311602715817,PJM
2023-11-10,2199.0497111743734,19.985619013100308,-237.06674463159865,13.952414444124997,PJM
2023-11-11,2199.0785874048247,-100.15316914023728,-232.26997086366003,76.0565525990728,PJM
2023-11-12,2199.1074636352755,-128.08489925408875,-227.1913260825972,101.64476170141052,PJM
2023-11-13,2199.1363398657268,37.09962244003018,-221.83815656054662,117.52919425478967,PJM
2023-11-14,2199.165216096178,58.113029591379174,-216.21813515568556,66.51588946812831,PJM
2023-11-15,2199.1940923266293,62.64299791443917,-210.33925183518596,61.49616159411744,PJM
2023-11-16,2199.2229685570805,49.80191787357056,-204.209803822467,6.504917391816207,PJM
2023-11-17,2199.251844787532,19.985619013100308,-197.8383853805277,-37.20807842010436,PJM
2023-11-18,2199.280721017983,-100.15316914023728,-191.23387724357303,-16.50667463417267,PJM
2023-11-19,2199.3095972484343,-128.08489925408875,-184.4054357095495,64.58773771520396,PJM
2023-11-20,2199.338473478885,37.09962244003018,-177.36248140662954,99.36138548771396,PJM
2023-11-21,2199.3673497093364,58.113029591379174,-170.11468774704716,113.12730844633143,PJM
2023-11-22,2199.3962259397877,62.64299791443917,-162.67196908207282,-13.509254772153326,PJM
2023-11-23,2199.425102170239,49.80191787357056,-155.04446857226657,-184.32055147154279,PJM
2023-11-24,2199.45397840069,19.985619013100308,-147.24254578747633,-83.63405162631398,PJM
2023-11-25,2199.4828546311414,-100.15316914023728,-139.27676405137805,119.23007856047411,PJM
2023-11-26,2199.5117308615927,-128.08489925408875,-131.1578775456592,165.19004593815544,PJM
2023-11-27,2199.540607092044,37.09962244003018,-122.89681818920644,178.67958865713263,PJM
2023-11-28,2199.5694833224948,58.113029591379174,-114.50468230797237,366.9631693940987,PJM
2023-11-29,2199.598359552946,62.64299791443917,-105.992717111383,381.3723596439977,PJM
2023-11-30,2199.6272357833973,49.80191787357056,-97.37230699142917,186.1781533344615,PJM
2023-12-01,2199.6561120138485,19.985619013100308,-88.6549596607679,112.45122863381948,PJM
2023-12-02,2199.6849882443,-100.15316914023728,-79.85229214634694,-38.765526957715565,PJM
2023-12-03,2199.713864474751,-128.08489925408875,-70.97601665526031,-41.75894856540208,PJM
2023-12-04,2199.7427407052023,37.09962244003018,-62.03792632965576,1.0735631844240743,PJM
2023-12-05,2199.7716169356536,58.113029591379174,-53.04988090769247,88.8052343806603,PJM
2023-12-06,2199.800493166105,62.64299791443917,-44.02379230760975,132.215301227066,PJM
2023-12-07,2199.8293693965556,49.80191787357056,-34.97161015210085,159.9823228819746,PJM
2023-12-08,2199.858245627007,19.985619013100308,-25.905307250219195,21.925442610111986,PJM
2023-12-09,2199.887121857458,-100.15316914023728,-16.836865054126577,-56.10208766309461,PJM
2023-12-10,2199.9159980879094,-128.08489925408875,-7.77825910799713,-42.4838397258236,PJM
2023-12-11,2199.9448743183607,37.09962244003018,1.258555493593235,102.96194774801597,PJM
2023-12-12,2199.973750548812,58.113029591379174,10.261658620458263,138.04456123935097,PJM
2023-12-13,2200.002626779263,62.64299791443917,19.219179577504462,100.48119572879341,PJM
2023-12-14,2200.0315030097145,49.80191787357056,28.119311514094747,138.06326760262073,PJM
2023-12-15,2200.0603792401653,19.985619013100308,36.95032575492658,45.40467599180738,PJM
2023-12-16,2200.0892554706165,-100.15316914023728,45.70058603534292,-16.14967236572238,PJM
2023-12-17,2200.118131701068,-128.08489925408875,54.35856262413776,-71.7847950711166,PJM
2023-12-18,2200.147007931519,37.09962244003018,62.9128463170197,-50.38747668856922,PJM
2023-12-19,2200.1758841619703,58.113029591379174,71.35216228409031,141.57992396256031,PJM
2023-12-20,2200.2047603924216,62.64299791443917,79.66538375482219,125.80485793831758,PJM
2023-12-21,2200.233636622873,49.80191787357056,87.84154552425761,58.180899979299284,PJM
2023-12-22,2200.262512853324,19.985619013100308,95.8698572643349,-16.129989130758986,PJM
2023-12-23,2200.291389083775,-100.15316914023728,103.73971662448267,-75.19293656802029,PJM
2023-12-24,2200.320265314226,-128.08489925408875,111.44072210589903,-220.99908816603624,PJM
2023-12-25,2200.3491415446774,37.09962244003018,118.96268569415057,-472.84744967885877,PJM
2023-12-26,2200.3780177751287,58.113029591379174,126.29564523507956,-395.9896926015872,PJM
2023-12-27,2200.40689400558,62.64299791443917,133.42987653924638,-316.9137684592656,PJM
2023-12-28,2200.435770236031,49.80191787357056,140.355905200511,-306.49759331011273,PJM
2023-12-29,2200.4646464664825,19.985619013100308,147.0645181146577,-241.49078359424038,PJM
2023-12-30,2200.4935226969337,-100.15316914023728,153.5467746843489,-125.75412824104569,PJM
2023-12-31,2200.522398927385,-128.08489925408875,159.79401769705757,-125.12951737035382,PJM
2024-01-01,2200.551275157836,37.09962244003018,167.2598715129654,-256.6497691108316,PJM
2024-01-02,2200.580151388287,58.113029591379174,172.9482199743774,-77.59940095404363,PJM
2024-01-03,2200.6090276187383,62.64299791443917,178.37550100801144,-31.840526541188865,PJM
2024-01-04,2200.6379038491896,49.80191787357056,183.53437500805728,-5.836196730817392,PJM
2024-01-05,2200.666780079641,19.985619013100308,188.41783700086796,81.44476390639102,PJM
2024-01-06,2200.695656310092,-100.15316914023728,193.01922520192736,75.61728762821804,PJM
2024-01-07,2200.7245325405434,-128.08489925408875,197.332229161532,-19.591862447986387,PJM
2024-01-08,2200.7534087709946,37.09962244003018,201.35089748946905,-75.0279287004937,PJM
2024-01-09,2200.7822850014454,58.113029591379174,205.0696451494716,-73.89995974229623,PJM
2024-01-10,2200.8111612318967,62.64299791443917,208.48326031474414,-146.71741946108023,PJM
2024-01-11,2200.840037462348,49.80191787357056,211.5869107763711,-115.98186611228948,PJM
2024-01-12,2200.868913692799,19.985619013100308,214.37614989695302,-88.27368260285266,PJM
2024-01-13,2200.8977899232505,-100.15316914023728,216.846922102354,-85.26954288536672,PJM
2024-01-14,2200.9266661537017,-128.08489925408875,218.99556790499346,164.54966519539403,PJM
2024-01-15,2200.955542384153,37.09962244003018,220.81882845267018,281.8620067231468,PJM
2024-01-16,2200.9844186146042,58.113029591379174,222.31384959747018,356.3867021965466,PJM
2024-01-17,2201.0132948450555,62.64299791443917,223.47818547988086,469.84252176062455,PJM
2024-01-18,2201.0421710755063,49.80191787357056,224.30980162380715,309.9781094271161,PJM
2024-01-19,2201.0710473059576,19.985619013100308,224.80707753876823,269.4372561421742,PJM
2024-01-20,2201.099923536409,-100.15316914023728,224.96880882613675,474.7704367776919,PJM
2024-01-21,2201.12879976686,-128.08489925408875,224.79420878687267,436.1548907003562,PJM
2024-01-22,2201.1576759973113,37.09962244003018,224.28290952879388,276.2057920338648,PJM
2024-01-23,2201.1865522277626,58.113029591379174,223.43496257202204,14.270455608836528,PJM
2024-01-24,2201.215428458214,62.64299791443917,222.2508389518362,-188.67226532448922,PJM
2024-01-25,2201.244304688665,49.80191787357056,220.7314288187635,-313.7056513809989,PJM
2024-01-26,2201.273180919116,19.985619013100308,218.87804053633528,-350.6618404685514,PJM
2024-01-27,2201.302057149567,-100.15316914023728,216.69239927752898,-308.63728728685896,PJM
2024-01-28,2201.3309333800185,-128.08489925408875,214.1766451215174,-169.8976792474473,PJM
2024-01-29,2201.3598096104697,37.09962244003018,211.33333065293408,-95.45976270343408,PJM
2024-01-30,2201.388685840921,58.113029591379174,208.16541806645895,-49.4581334987588,PJM
2024-01-31,2201.4175620713722,62.64299791443917,204.67627578011314,-88.32183576592479,PJM
2024-02-01,2201.4464383018235,49.80191787357056,200.86967456123634,-141.6110307366298,PJM
2024-02-02,2201.4753145322748,19.985619013100308,196.7497831696987,-174.57971671507357,PJM
2024-02-03,2201.5041907627256,-100.15316914023728,192.32116352347174,-132.86718514595987,PJM
2024-02-04,2201.533066993177,-128.08489925408875,187.588765392252,-107.87993313133984,PJM
2024-02-05,2201.561943223628,37.09962244003018,182.5579206253887,-102.98348628904705,PJM
2024-02-06,2201.5908194540793,58.113029591379174,177.23433692092337,-93.10718596638162,PJM
2024-02-07,2201.6196956845306,62.64299791443917,171.62409114309125,-96.80078474206084,PJM
2024-02-08,2201.648571914982,49.80191787357056,165.73362219617246,-158.23911198472433,PJM
2024-02-09,2201.677448145433,19.985619013100308,159.56972346310891,-287.27679062164225,PJM
2024-02-10,2201.7063243758844,-100.15316914023728,153.13953481781613,-303.52369005346304,PJM
2024-02-11,2201.7352006063356,-128.08489925408875,146.45053422063148,-246.02383557287817,PJM
2024-02-12,2201.7640768367864,37.09962244003018,139.51052890683093,-193.6422281836476,PJM
2024-02-13,2201.7929530672377,58.113029591379174,132.3276461786308,-102.67362883724809,PJM
2024-02-14,2201.821829297689,62.64299791443917,124.91032381156614,-79.06615102369415,PJM
2024-02-15,2201.85070552814,49.80191787357056,117.2673000865905,-16.949923488301465,PJM
2024-02-16,2201.8795817585915,19.985619013100308,109.40760345968974,-31.009804231381622,PJM
2024-02-17,2201.9084579890427,-100.15316914023728,101.34054188123442,154.59816926996018,PJM
2024-02-18,2201.937334219494,-128.08489925408875,93.07569177770864,172.02087325688672,PJM
2024-02-19,2201.9662104499453,37.09962244003018,84.62288670885826,5.2862804011660955,PJM
2024-02-20,2201.995086680396,58.113029591379174,75.99220571368596,0.46567801453829816,PJM
2024-02-21,2202.0239629108473,62.64299791443917,67.19396135908968,-43.37092218437647,PJM
2024-02-22,2202.0528391412986,49.80191787357056,58.23868750529857,-76.38844452016747,PJM
2024-02-23,2202.08171537175,19.985619013100308,49.137126802593514,-122.7124611874433,PJM
2024-02-24,2202.110591602201,-100.15316914023728,39.90021793412217,-1.6056403960856187,PJM
2024-02-25,2202.1394678326524,-128.08489925408875,30.539082619921274,68.69134880151523,PJM
2024-02-26,2202.1683440631036,37.09962244003018,21.06501239753979,-125.67697890067348,PJM
2024-02-27,2202.197220293555,58.113029591379174,11.489455194928226,-216.93570507986215,PJM
2024-02-28,2202.226096524006,62.64299791443917,1.824001711504195,-170.63309614994932,PJM
2024-02-29,2202.254972754457,49.80191787357056,-7.9196283764681255,50.03673774844083,PJM
2024-03-01,2202.283848984908,19.985619013100308,-17.729600369831985,49.257132371823445,PJM
2024-03-02,2202.3127252153595,-100.15316914023728,-27.59397864328848,-55.63957743183346,PJM
2024-03-03,2202.3416014458107,-128.08489925408875,-37.50074086823004,-177.76296132349216,PJM
2024-03-04,2202.370477676262,37.09962244003018,-47.43779234479598,-216.28330777149608,PJM
2024-03-05,2202.3993539067133,58.113029591379174,-57.392980426155674,-180.2814030719362,PJM
2024-03-06,2202.4282301371645,62.64299791443917,-67.35410901791732,-142.61811903368607,PJM
2024-03-07,2202.457106367616,49.80191787357056,-77.30895313546131,-137.24307110572477,PJM
2024-03-08,2202.4859825980666,19.985619013100308,-87.2452735019402,-116.18932810922638,PJM
2024-03-09,2202.514858828518,-100.15316914023728,-97.15083116962144,3.2521414813406864,PJM
2024-03-10,2202.543735058969,-128.08489925408875,-107.01340214723271,-36.10443365764786,PJM
2024-03-11,2202.5726112894204,37.09962244003018,-116.82079201595388,60.99055828650353,PJM
2024-03-12,2202.6014875198716,58.113029591379174,-126.56085051671018,-85.22266659454044,PJM
2024-03-13,2202.630363750323,62.64299791443917,-136.22148609146132,-167.72487557330055,PJM
2024-03-14,2202.659239980774,49.80191787357056,-145.7906803612216,-151.23147749312307,PJM
2024-03-15,2202.6881162112254,19.985619013100308,-155.2565025236315,-149.09523270069417,PJM
2024-03-16,2202.716992441676,-100.15316914023728,-164.60712365298548,-125.44569964845391,PJM
2024-03-17,2202.7458686721275,-128.08489925408875,-173.83083088573943,-83.0341385322995,PJM
2024-03-18,2202.7747449025787,37.09962244003018,-182.91604147465253,76.16767413204389,PJM
2024-03-19,2202.80362113303,58.113029591379174,-191.85131669487376,139.77566597046462,PJM
2024-03-20,2202.8324973634813,62.64299791443917,-200.62537558545466,54.79788030753434,PJM
2024-03-21,2202.8613735939325,49.80191787357056,-209.22710850996575,150.0948170424624,PJM
2024-03-22,2202.890249824384,19.985619013100308,-217.64559052010247,185.3017216826188,PJM
2024-03-23,2202.919126054835,-100.15316914023728,-225.87009450640323,180.2071375918058,PJM
2024-03-24,2202.9480022852863,-128.08489925408875,-233.89010412044635,203.96300108924902,PJM
2024-03-25,2202.976878515737,37.09962244003018,-241.69532645316798,90.95782549740056,PJM
2024-03-26,2203.0057547461884,58.113029591379174,-249.27570445422404,56.40292011665656,PJM
2024-03-27,2203.0346309766396,62.64299791443917,-256.62142907762785,74.8958001865492,PJM
2024-03-28,2203.063507207091,49.80191787357056,-263.72295113921695,102.59652605855536,PJM
2024-03-29,2203.092383437542,19.985619013100308,-270.5709928718405,0.4769904211980247,PJM
2024-03-30,2203.1212596679934,-100.15316914023728,-277.1565591645166,20.65746863676077,PJM
2024-03-31,2203.1501358984447,-128.08489925408875,-283.4709484721816,-49.54428817217399,PJM
2024-04-01,2203.179012128896,37.09962244003018,-289.5057633830382,14.601128814112371,PJM
2024-04-02,2203.2078883593467,58.113029591379174,-295.2529208309189,71.03700288019286,PJM
2024-04-03,2203.236764589798,62.64299791443917,-300.7046619404948,138.7938994362578,PJM
2024-04-04,2203.2656408202492,49.80191787357056,-305.8535614935949,183.12500279977485,PJM
2024-04-05,2203.2945170507005,19.985619013100308,-310.69253700534927,199.6644009415486,PJM
2024-04-06,2203.3233932811518,-100.15316914023728,-315.2148573993274,168.28463325841312,PJM
2024-04-07,2203.352269511603,-128.08489925408875,-319.4141512713176,102.57478101380389,PJM
2024-04-08,2203.3811457420543,37.09962244003018,-323.2844147318798,11.557646549795209,PJM
2024-04-09,2203.4100219725055,58.113029591379174,-326.8200188182981,-19.18003274558646,PJM
2024-04-10,2203.4388982029564,62.64299791443917,-330.01571646707305,-17.638179650322627,PJM
2024-04-11,2203.4677744334076,49.80191787357056,-332.86664903860685,32.45395673162852,PJM
2024-04-12,2203.496650663859,19.985619013100308,-335.36835238626577,36.409082709306404,PJM
2024-04-13,2203.52552689431,-100.15316914023728,-337.51676246254556,21.02540470847316,PJM
2024-04-14,2203.5544031247614,-128.08489925408875,-339.3082204556047,38.526716584932274,PJM
2024-04-15,2203.5832793552127,37.09962244003018,-340.73947744999316,55.77557565475081,PJM
2024-04-16,2203.612155585664,58.113029591379174,-341.8076986059603,19.65551342891763,PJM
2024-04-17,2203.641031816115,62.64299791443917,-342.51046685229744,26.14543712174327,PJM
2024-04-18,2203.6699080465664,49.80191787357056,-342.84578608824415,45.285960168107295,PJM
2024-04-19,2203.6987842770172,19.985619013100308,-342.81208389056843,6.803680600450889,PJM
2024-04-20,2203.7276605074685,-100.15316914023728,-342.4082137225133,-3.1822776447181695,PJM
2024-04-21,2203.7565367379198,-128.08489925408875,-341.63345664189376,63.918819158063116,PJM
2024-04-22,2203.785412968371,37.09962244003018,-340.4875225062178,46.55748709781665,PJM
2024-04-23,2203.8142891988223,58.113029591379174,-338.9705506733005,8.478231883099397,PJM
2024-04-24,2203.8431654292735,62.64299791443917,-337.08311019643685,-18.874053147275845,PJM
2024-04-25,2203.872041659725,49.80191787357056,-334.82619951379434,-13.46976001950111,PJM
2024-04-26,2203.900917890176,19.985619013100308,-332.20124563228705,5.367708729010928,PJM
2024-04-27,2203.929794120627,-100.15316914023728,-329.2101028067881,49.39647782639872,PJM
2024-04-28,2203.958670351078,-128.08489925408875,-325.85505071613517,99.83527961914592,PJM
2024-04-29,2203.9875465815294,37.09962244003018,-322.1387921379779,218.7906231164186,PJM
2024-04-30,2204.0164228119806,58.113029591379174,-318.0644501251091,135.60199772174929,PJM
2024-05-01,2204.045299042432,62.64299791443917,-313.635564686511,139.87626772963972,PJM
2024-05-02,2204.074175272883,49.80191787357056,-308.8560889769314,208.71899583047798,PJM
2024-05-03,2204.1030515033344,19.985619013100308,-303.7303849993907,83.84571448295628,PJM
2024-05-04,2204.1319277337857,-100.15316914023728,-298.2632188255895,19.28546023204126,PJM
2024-05-05,2204.160803964237,-128.08489925408875,-292.45975533976355,50.54485062961544,PJM
2024-05-06,2204.1896801946878,37.09962244003018,-286.3255525120908,44.6712498773727,PJM
2024-05-07,2204.218556425139,58.113029591379174,-279.8665552083166,107.72096919179876,PJM
2024-05-08,2204.2474326555903,62.64299791443917,-273.08908854280605,214.03965797277647,PJM
2024-05-09,2204.2763088860415,49.80191787357056,-265.99985078277786,38.60362402316582,PJM
2024-05-10,2204.305185116493,19.985619013100308,-258.6059058120019,-57.14789831759094,PJM
2024-05-11,2204.334061346944,-100.15316914023728,-250.91467516276418,-92.88121704394257,PJM
2024-05-12,2204.3629375773953,-128.08489925408875,-242.93392962541338,-78.51810869789324,PJM
2024-05-13,2204.3918138078466,37.09962244003018,-234.6717804453037,-35.32765580257296,PJM
2024-05-14,2204.4206900382974,58.113029591379174,-226.13667011743715,-58.17804951223957,PJM
2024-05-15,2204.4495662687486,62.64299791443917,-217.33736278958241,-69.58120139360562,PJM
2024-05-16,2204.4784424992,49.80191787357056,-208.28293428511313,-17.263426087657535,PJM
2024-05-17,2204.507318729651,19.985619013100308,-198.98276175725596,-25.98517598549529,PJM
2024-05-18,2204.5361949601024,-100.15316914023728,-189.44651298687623,20.8814871670113,PJM
2024-05-19,2204.5650711905537,-128.08489925408875,-179.68413533635277,76.39896339988786,PJM
2024-05-20,2204.593947421005,37.09962244003018,-169.70584437249573,131.3372745114607,PJM
2024-05-21,2204.622823651456,58.113029591379174,-159.52211217185857,264.5432589290235,PJM
2024-05-22,2204.651699881907,62.64299791443917,-149.14365532216567,296.033957525819,PJM
2024-05-23,2204.6805761123583,49.80191787357056,-138.58142263394097,224.32392864801204,PJM
2024-05-24,2204.7094523428095,19.985619013100308,-127.84658257676604,211.77251122085636,PJM
2024-05-25,2204.738328573261,-100.15316914023728,-116.95051045491884,172.49535102189566,PJM
2024-05-26,2204.767204803712,-128.08489925408875,-105.90477533745684,146.60846978783343,PJM
2024-05-27,2204.7960810341633,37.09962244003018,-94.72112675809515,-93.41857671609841,PJM
2024-05-28,2204.8249572646146,58.113029591379174,-83.41148120050633,-26.953505655487334,PJM
2024-05-29,2204.853833495066,62.64299791443917,-71.98790838492289,-136.25792302458194,PJM
2024-05-30,2204.882709725517,49.80191787357056,-60.46261737215559,-203.59701022693162,PJM
2024-05-31,2204.911585955968,19.985619013100308,-48.847942501361246,-195.77226246770715,PJM
2024-06-01,2204.940462186419,-100.15316914023728,-37.156329178085,-146.6999638680968,PJM
2024-06-02,2204.9693384168704,-128.08489925408875,-25.400319529290954,-83.397119633491,PJM
2024-06-03,2204.9982146473217,37.09962244003018,-13.592537942235936,143.26770085488442,PJM
2024-06-04,2205.027090877773,58.113029591379174,-1.74567650419786,259.844556035046,PJM
2024-06-05,2205.055967108224,62.64299791443917,10.127519639825948,174.33051533751132,PJM
2024-06-06,2205.0848433386755,49.80191787357056,22.01426699423419,187.97497179352058,PJM
2024-06-07,2205.1137195691267,19.985619013100308,33.90175846744867,20.49490295032456,PJM
2024-06-08,2205.1425957995775,-100.15316914023728,45.77717815670951,-116.37360481604946,PJM
2024-06-09,2205.171472030029,-128.08489925408875,57.627716145643035,-109.27928892158343,PJM
2024-06-10,2205.20034826048,37.09962244003018,69.44058329720212,-230.1255539977128,PJM
2024-06-11,2205.2292244909313,58.113029591379174,81.20302602457679,-271.96128010688744,PJM
2024-06-12,2205.2581007213826,62.64299791443917,92.90234102270534,-120.15343965852662,PJM
2024-06-13,2205.286976951834,49.80191787357056,104.52588994305097,136.94721523154476,PJM
2024-06-14,2205.315853182285,19.985619013100308,116.06111399438862,180.53041381022604,PJM
2024-06-15,2205.3447294127363,-100.15316914023728,127.49554845241938,-33.29610872491776,PJM
2024-06-16,2205.3736056431876,-128.08489925408875,138.81683706115533,15.044456549745973,PJM
2024-06-17,2205.4024818736384,37.09962244003018,150.01274630911882,338.8961493772126,PJM
2024-06-18,2205.4313581040897,58.113029591379174,161.07117956357666,457.0074327409543,PJM
2024-06-19,2205.460234334541,62.64299791443917,171.98019104617217,415.4445767048478,PJM
2024-06-20,2205.489110564992,49.80191787357056,182.72799963352026,411.0519719279173,PJM
2024-06-21,2205.5179867954434,19.985619013100308,193.30300246652914,497.0503917249275,PJM
2024-06-22,2205.5468630258947,-100.15316914023728,203.69378835244277,573.4385177619001,PJM
2024-06-23,2205.575739256346,-128.08489925408875,213.88915094383557,440.1790090539075,PJM
2024-06-24,2205.6046154867972,37.09962244003018,223.87810167906133,190.34366039411134,PJM
2024-06-25,2205.633491717248,58.113029591379174,233.6498824689333,86.74559622243942,PJM
2024-06-26,2205.6623679476993,62.64299791443917,243.1939781147169,222.17065602314506,PJM
2024-06-27,2205.6912441781506,49.80191787357056,252.5001284428282,1.87670950545089,PJM
2024-06-28,2205.720120408602,19.985619013100308,261.5583401419701,-103.18707956367143,PJM
2024-06-29,2205.748996639053,-100.15316914023728,270.3588982887834,164.10827421240083,PJM
2024-06-30,2205.7778728695043,-128.08489925408875,278.89237754846476,132.91264883611984,PJM
2024-07-01,2205.8067490999556,37.09962244003018,287.14965303717906,-298.34202457716447,PJM
2024-07-02,2205.835625330407,58.113029591379174,295.1219108335005,-225.1875657552864,PJM
2024-07-03,2205.8645015608577,62.64299791443917,302.80065812652265,3.632842398180401,PJM
2024-07-04,2205.893377791309,49.80191787357056,310.1777329887128,-67.14502865359236,PJM
2024-07-05,2205.92225402176,19.985619013100308,317.2453137620254,131.93881320311402,PJM
2024-07-06,2205.9511302522114,-100.15316914023728,323.99592804624723,252.46711084177878,PJM
2024-07-07,2205.9800064826627,-128.08489925408875,330.42246127901564,218.09443149241042,PJM
2024-07-08,2206.008882713114,37.09962244003018,336.5181648974304,314.67932994942566,PJM
2024-07-09,2206.037758943565,58.113029591379174,342.27666407168016,365.9115473933757,PJM
2024-07-10,2206.0666351740165,62.64299791443917,347.69196500160194,308.5384019099424,PJM
2024-07-11,2206.0955114044677,49.80191787357056,352.7584617676122,95.78910895435047,PJM
2024-07-12,2206.1243876349185,19.985619013100308,357.47094272797267,37.88205062400857,PJM
2024-07-13,2206.15326386537,-100.15316914023728,361.8245964548913,203.48930881997558,PJM
2024-07-14,2206.182140095821,-128.08489925408875,365.8150172024985,259.7977419557692,PJM
2024-07-15,2206.2110163262723,37.09962244003018,369.43820990029513,379.66115133340236,PJM
2024-07-16,2206.2398925567236,58.113029591379174,372.69059466622855,423.61948318566874,PJM
2024-07-17,2206.268768787175,62.64299791443917,375.5690108341179,246.71822246426837,PJM
2024-07-18,2206.297645017626,49.80191787357056,378.0707204907236,-74.03828338192034,PJM
2024-07-19,2206.3265212480774,19.985619013100308,380.193411518336,-160.06955177951295,PJM
2024-07-20,2206.355397478528,-100.15316914023728,381.9352001393394,-156.03842847763008,PJM
2024-07-21,2206.3842737089794,-128.08489925408875,383.2946329597978,-56.752007414688705,PJM
2024-07-22,2206.4131499394307,37.09962244003018,384.2706885096977,-74.63946088915873,PJM
2024-07-23,2206.442026169882,58.113029591379174,384.8627782780787,-4.785834039339534,PJM
2024-07-24,2206.470902400333,62.64299791443917,385.0707472418783,-18.769647556650398,PJM
2024-07-25,2206.4997786307845,49.80191787357056,384.8948738879144,-66.90557039226906,PJM
2024-07-26,2206.5286548612357,19.985619013100308,384.3358697280267,-186.99214360236238,PJM
2024-07-27,2206.557531091687,-100.15316914023728,383.39487830799806,-146.94224025944732,PJM
2024-07-28,2206.586407322138,-128.08489925408875,382.0734737114717,-56.65198177952152,PJM
2024-07-29,2206.615283552589,37.09962244003018,380.3736585606785,70.24643544670244,PJM
2024-07-30,2206.6441597830403,58.113029591379174,378.29786151637904,126.49694910920198,PJM
2024-07-31,2206.6730360134916,62.64299791443917,375.84893428001965,226.56503179204992,PJM
2024-08-01,2206.701912243943,49.80191787357056,373.0301481016868,326.57602178080015,PJM
2024-08-02,2206.730788474394,19.985619013100308,369.84518979802635,297.1624027144794,PJM
2024-08-03,2206.7596647048454,-100.15316914023728,366.2981572848747,174.90934715051753,PJM
2024-08-04,2206.7885409352966,-128.08489925408875,362.3935546299195,113.30180368887295,PJM
2024-08-05,2206.817417165748,37.09962244003018,358.1362866312741,269.657673762948,PJM
2024-08-06,2206.8462933961987,58.113029591379174,353.53165292840947,224.9170240840126,PJM
2024-08-07,2206.87516962665,62.64299791443917,348.5853416524383,-58.99450919352785,PJM
2024-08-08,2206.904045857101,49.80191787357056,343.3034226232902,-81.71538635396246,PJM
2024-08-09,2206.9329220875525,19.985619013100308,337.69234010184874,6.909118797498195,PJM
2024-08-10,2206.9617983180037,-100.15316914023728,331.7589051056501,-102.24953428341632,PJM
2024-08-11,2206.990674548455,-128.08489925408875,325.5102872972533,-238.16706259161947,PJM
2024-08-12,2207.0195507789063,37.09962244003018,318.9540064548987,-232.6031796738357,PJM
2024-08-13,2207.0484270093575,58.113029591379174,312.0979235355611,-180.5343801362974,PJM
2024-08-14,2207.0773032398083,62.64299791443917,304.95023134098847,-97.59753249523601,PJM
2024-08-15,2207.1061794702596,49.80191787357056,297.51944479778007,-73.77654214161021,PJM
2024-08-16,2207.135055700711,19.985619013100308,289.8143908630178,28.6549344231712,PJM
2024-08-17,2207.163931931162,-100.15316914023728,281.8441980673986,16.660039141676407,PJM
2024-08-18,2207.1928081616134,-128.08489925408875,273.6182857082545,-8.328194615779012,PJM
2024-08-19,2207.2216843920646,37.09962244003018,265.14635270524195,-113.15565953733676,PJM
2024-08-20,2207.250560622516,58.113029591379174,256.4383661319,-409.7649563457953,PJM
2024-08-21,2207.279436852967,62.64299791443917,247.50454943664025,-476.13798420404623,PJM
2024-08-22,2207.3083130834184,49.80191787357056,238.35537036710858,-400.52160132409745,PJM
2024-08-23,2207.337189313869,19.985619013100308,229.0015286121997,-275.9543369391695,PJM
2024-08-24,2207.3660655443205,-100.15316914023728,219.45394317634953,-118.56583958043257,PJM
2024-08-25,2207.3949417747717,-128.08489925408875,209.7237395010289,89.24621797828831,PJM
2024-08-26,2207.423818005223,37.09962244003018,199.82223634867086,273.8083232060758,PJM
2024-08-27,2207.4526942356742,58.113029591379174,189.7609324645466,382.69734370840024,PJM
2024-08-28,2207.4815704661255,62.64299791443917,179.55149303234813,459.1059385870876,PJM
2024-08-29,2207.5104466965768,49.80191787357056,169.20573593949786,394.30689949035514,PJM
2024-08-30,2207.539322927028,19.985619013100308,158.73561786841697,180.81344019145536,PJM
2024-08-31,2207.568199157479,-100.15316914023728,148.15322023018854,97.43274975257009,PJM
2024-09-01,2207.59707538793,-128.08489925408875,137.47073495724806,83.73608890891046,PJM
2024-09-02,2207.6259516183814,37.09962244003018,126.70045017187431,-293.5370242302861,PJM
2024-09-03,2207.6548278488326,58.113029591379174,115.85473574743128,-329.9775931876429,PJM
2024-09-04,2207.683704079284,62.64299791443917,104.94602877940537,-256.94273077312846,PJM
2024-09-05,2207.712580309735,49.80191787357056,93.98681898340591,-117.27431716671117,PJM
2024-09-06,2207.7414565401864,19.985619013100308,82.9896340373828,-104.49970959066923,PJM
2024-09-07,2207.7703327706377,-100.15316914023728,71.96702488536073,-262.39418851576056,PJM
2024-09-08,2207.799209001089,-128.08489925408875,60.93155102005608,-373.95786076705554,PJM
2024-09-09,2207.8280852315397,37.09962244003018,49.895765761746446,-310.3614734333164,PJM
2024-09-10,2207.856961461991,58.113029591379174,38.87220155078424,-175.67019260415418,PJM
2024-09-11,2207.8858376924422,62.64299791443917,27.873355271105595,-79.3241908779869,PJM
2024-09-12,2207.9147139228935,49.80191787357056,16.911673622064825,-7.244305418528711,PJM
2024-09-13,2207.9435901533448,19.985619013100308,5.999538555863808,38.947252277691405,PJM
2024-09-14,2207.972466383796,-100.15316914023728,-4.850747202246339,103.56244995868747,PJM
2024-09-15,2208.0013426142473,-128.08489925408875,-15.626974533901887,100.1345311737432,PJM
2024-09-16,2208.0302188446985,37.09962244003018,-26.3170421907283,-2.124799094000082,PJM
2024-09-17,2208.0590950751493,58.113029591379174,-36.90897092379595,-0.4451537427321455,PJM
2024-09-18,2208.0879713056006,62.64299791443917,-47.390917462746785,54.30094824270691,PJM
2024-09-19,2208.116847536052,49.80191787357056,-57.751188328119554,156.57642291849743,PJM
2024-09-20,2208.145723766503,19.985619013100308,-67.97825346057809,186.2989106809746,PJM
2024-09-21,2208.1745999969544,-100.15316914023728,-78.06075965097644,192.4893287942591,PJM
2024-09-22,2208.2034762274056,-128.08489925408875,-87.98754375543136,84.2209667821146,PJM
2024-09-23,2208.232352457857,37.09962244003018,-97.74764567982018,-35.46332921806652,PJM
2024-09-24,2208.261228688308,58.113029591379174,-107.33032111841257,-79.13493716127459,PJM
2024-09-25,2208.290104918759,62.64299791443917,-116.72505403162333,-44.463048801575496,PJM
2024-09-26,2208.3189811492102,49.80191787357056,-125.92156884818397,58.72966982540311,PJM
2024-09-27,2208.3478573796615,19.985619013100308,-134.90984237737527,60.46936598461343,PJM
2024-09-28,2208.3767336101128,-100.15316914023728,-143.68011541728148,67.0425509474062,PJM
2024-09-29,2208.405609840564,-128.08489925408875,-152.222904045414,30.312193458938964,PJM
2024-09-30,2208.4344860710153,37.09962244003018,-160.5290105784116,10.599902067366202,PJM
2024-10-01,2208.4633623014665,58.113029591379174,-168.5895341879255,-41.32785770492001,PJM
2024-10-02,2208.492238531918,62.64299791443917,-176.39588116020758,-107.58635528614946,PJM
2024-10-03,2208.521114762369,49.80191787357056,-183.93977478733285,-58.700257848606725,PJM
2024-10-04,2208.54999099282,19.985619013100308,-191.2132648784409,-14.784345127479355,PJM
2024-10-05,2208.578867223271,-100.15316914023728,-198.20873687981873,-12.657961203215109,PJM
2024-10-06,2208.6077434537224,-128.08489925408875,-204.9189205931133,-8.244923606520615,PJM
2024-10-07,2208.6366196841736,37.09962244003018,-211.33689848145121,-79.81334364275267,PJM
2024-10-08,2208.665495914625,58.113029591379174,-217.4561135537116,-157.97141195229187,PJM
2024-10-09,2208.694372145076,62.64299791443917,-223.27037681772075,-150.9309932417941,PJM
2024-10-10,2208.7232483755274,49.80191787357056,-228.7738742936311,-139.2712919554665,PJM
2024-10-11,2208.7521246059787,19.985619013100308,-233.96117357927852,-94.75257003980028,PJM
2024-10-12,2208.7810008364295,-100.15316914023728,-238.82722995984216,-79.23860173635012,PJM
2024-10-13,2208.8098770668807,-128.08489925408875,-243.36739205466537,-52.6785857581267,PJM
2024-10-14,2208.838753297332,37.09962244003018,-247.57740699465768,-111.78296874270472,PJM
2024-10-15,2208.8676295277833,58.113029591379174,-251.45342512423883,-61.95923399492335,PJM
2024-10-16,2208.8965057582345,62.64299791443917,-254.9920042223645,-26.79449945030933,PJM
2024-10-17,2208.925381988686,49.80191787357056,-258.19011323773384,-4.579186624522208,PJM
2024-10-18,2208.954258219137,19.985619013100308,-261.04513553385743,-10.844741698379494,PJM
2024-10-19,2208.9831344495883,-100.15316914023728,-263.5548716402491,-35.168093669101836,PJM
2024-10-20,2209.012010680039,-128.08489925408875,-265.7175415065858,-29.81356991936468,PJM
2024-10-21,2209.0408869104904,37.09962244003018,-267.5317862572698,-25.761723093250794,PJM
2024-10-22,2209.0697631409416,58.113029591379174,-268.9966694444247,-20.51312328789618,PJM
2024-10-23,2209.098639371393,62.64299791443917,-270.111677797942,-47.71995948788981,PJM
2024-10-24,2209.127515601844,49.80191787357056,-270.8767214718017,-81.22371200361317,PJM
2024-10-25,2209.1563918322954,19.985619013100308,-271.2921337864785,-40.790877058917204,PJM
2024-10-26,2209.1852680627467,-100.15316914023728,-271.35867046784807,-63.017428454661285,PJM
2024-10-27,2209.214144293198,-128.08489925408875,-271.07750838360255,-3.7417366555062017,PJM
2024-10-28,2209.243020523649,37.09962244003018,-270.45024377877917,18.538600815100153,PJM
2024-10-29,2209.2718967541,58.113029591379174,-269.4788900126012,0.38996366712194686,PJM
2024-10-30,2209.3007729845513,62.64299791443917,-268.16587479942,-1.8998960995704692,PJM
2024-10-31,2209.3296492150025,49.80191787357056,-266.51403695713554,0.35546986856229523,PJM
2024-11-01,2209.358525445454,19.985619013100308,-264.5266226670551,-26.381521791498926,PJM
2024-11-02,2209.387401675905,-100.15316914023728,-262.2072812497298,-56.12495128593764,PJM
2024-11-03,2209.4162779063563,-128.08489925408875,-259.5600604618816,69.84868180961439,PJM
2024-11-04,2209.4451541368076,37.09962244003018,-256.58940132010116,-12.258375256736372,PJM
2024-11-05,2209.474030367259,58.113029591379174,-253.30013245755626,-25.23292750108135,PJM
2024-11-06,2209.5029065977096,62.64299791443917,-249.69746402050512,-14.758440491643796,PJM
2024-11-07,2209.531782828161,49.80191787357056,-245.78698111195422,-31.1187195897769,PJM
2024-11-08,2209.560659058612,19.985619013100308,-241.57463679033455,-69.0536412813783,PJM
2024-11-09,2209.5895352890634,-100.15316914023728,-237.06674463159865,-36.68962151722758,PJM
2024-11-10,2209.6184115195147,-128.08489925408875,-232.26997086366003,16.789458598234205,PJM
2024-11-11,2209.647287749966,37.09962244003018,-227.1913260825972,-78.22258410739869,PJM
2024-11-12,2209.676163980417,58.113029591379174,-221.83815656054662,-53.51803701124959,PJM
2024-11-13,2209.7050402108684,62.64299791443917,-216.21813515568556,54.10209703037799,PJM
2024-11-14,2209.7339164413193,49.80191787357056,-210.33925183518596,98.24041752029598,PJM
2024-11-15,2209.7627926717705,19.985619013100308,-204.209803822467,14.802392137595916,PJM
2024-11-16,2209.7916689022218,-100.15316914023728,-197.8383853805277,-9.582114381456677,PJM
2024-11-17,2209.820545132673,-128.08489925408875,-191.23387724357303,13.87323136498867,PJM
2024-11-18,2209.8494213631243,37.09962244003018,-184.4054357095495,-55.77360809360516,PJM
2024-11-19,2209.8782975935756,58.113029591379174,-177.36248140662954,-88.5438457783248,PJM
2024-11-20,2209.907173824027,62.64299791443917,-170.11468774704716,-90.560483991419,PJM
2024-11-21,2209.936050054478,49.80191787357056,-162.67196908207282,78.9500011540249,PJM
2024-11-22,2209.9649262849293,19.985619013100308,-155.04446857226657,223.7469232742369,PJM
2024-11-23,2209.99380251538,-100.15316914023728,-147.24254578747633,96.18091241233333,PJM
2024-11-24,2210.0226787458314,-128.08489925408875,-139.27676405137805,54.72698455963541,PJM
2024-11-25,2210.0515549762827,37.09962244003018,-131.1578775456592,10.050700129346296,PJM
2024-11-26,2210.080431206734,58.113029591379174,-122.89681818920644,-54.20164260890624,PJM
2024-11-27,2210.109307437185,62.64299791443917,-114.50468230797237,0.5923769563482892,PJM
2024-11-28,2210.1381836676364,49.80191787357056,-105.992717111383,-140.4823844298237,PJM
2024-11-29,2210.1670598980877,19.985619013100308,-97.37230699142917,45.44862808024118,PJM
2024-11-30,2210.195936128539,-100.15316914023728,-88.6549596607679,296.4531926724667,PJM
2024-12-01,2210.2248123589898,-128.08489925408875,-79.85229214634694,344.7103790414458,PJM
2024-12-02,2210.253688589441,37.09962244003018,-70.97601665526031,364.111705625789,PJM
2024-12-03,2210.2825648198923,58.113029591379174,-62.03792632965576,375.1753319183845,PJM
2024-12-04,2210.3114410503435,62.64299791443917,-53.04988090769247,387.01644194290975,PJM
2024-12-05,2210.340317280795,49.80191787357056,-44.02379230760975,377.5025571532442,PJM
2024-12-06,2210.369193511246,19.985619013100308,-34.97161015210085,443.7727976277547,PJM
2024-12-07,2210.3980697416973,-100.15316914023728,-25.905307250219195,351.28640664875957,PJM
2024-12-08,2210.4269459721486,-128.08489925408875,-16.836865054126577,70.87781833606641,PJM
2024-12-09,2210.4558222026,37.09962244003018,-7.77825910799713,-20.394185534632925,PJM
2024-12-10,2210.4846984330507,58.113029591379174,1.258555493593235,-56.81828351802278,PJM
2024-12-11,2210.513574663502,62.64299791443917,10.261658620458263,14.56176880160092,PJM
2024-12-12,2210.542450893953,49.80191787357056,19.219179577504462,268.51245165497176,PJM
2024-12-13,2210.5713271244044,19.985619013100308,28.119311514094747,315.3387423484005,PJM
2024-12-14,2210.6002033548557,-100.15316914023728,36.95032575492658,265.4796400304549,PJM
2024-12-15,2210.629079585307,-128.08489925408875,45.70058603534292,186.84423363343876,PJM
2024-12-16,2210.657955815758,37.09962244003018,54.35856262413776,9.882859120074045,PJM
2024-12-17,2210.6868320462095,58.113029591379174,62.9128463170197,-133.30870795460805,PJM
2024-12-18,2210.7157082766603,62.64299791443917,71.35216228409031,-48.93786847518959,PJM
2024-12-19,2210.7445845071115,49.80191787357056,79.66538375482219,11.297113864495714,PJM
2024-12-20,2210.773460737563,19.985619013100308,87.84154552425761,128.25637472507924,PJM
2024-12-21,2210.802336968014,-100.15316914023728,95.8698572643349,247.74997490788837,PJM
2024-12-22,2210.8312131984653,-128.08489925408875,103.73971662448267,381.5609694311411,PJM
2024-12-23,2210.8600894289166,37.09962244003018,111.44072210589903,283.6965660251549,PJM
2024-12-24,2210.888965659368,58.113029591379174,118.96268569415057,-34.97968094489761,PJM
2024-12-25,2210.917841889819,62.64299791443917,126.29564523507956,-240.73348503933767,PJM
2024-12-26,2210.9467181202704,49.80191787357056,133.42987653924638,-90.4715125330872,PJM
2024-12-27,2210.975594350721,19.985619013100308,140.355905200511,-82.91111856433281,PJM
2024-12-28,2211.0044705811724,-100.15316914023728,147.0645181146577,-195.1968195555928,PJM
2024-12-29,2211.0333468116237,-128.08489925408875,153.5467746843489,-291.38322224188414,PJM
2024-12-30,2211.062223042075,37.09962244003018,159.79401769705757,-357.141863179163,PJM
2024-12-31,2211.091099272526,58.113029591379174,165.79788386300606,-315.1310127269112,PJM
