period,trend,seasonal_7,seasonal_365,resid,respondent
2019-01-01,587.5265233238655,17.51127285040289,-36.68862682682142,-44.46516934744693,CISO
2019-01-02,587.5387446714834,20.9993825595948,-36.33819412613561,4.834066895057276,CISO
2019-01-03,587.5509660191015,18.263500856186283,-36.00143405526362,17.09096717997579,CISO
2019-01-04,587.5631873667194,11.78833084537094,-35.6797162475328,14.84319803544247,CISO
2019-01-05,587.5754087143374,-28.806890808794513,-35.37437547222815,51.21485756668528,CISO
2019-01-06,587.5876300619553,-47.32035000175321,-35.086709772489016,35.13342971228684,CISO
2019-01-07,587.5998514095734,7.5088071403653345,-34.81797865180582,-6.540679898132794,CISO
2019-01-08,587.6120727571913,17.51127285040289,-34.56940131134553,2.3430557037514745,CISO
2019-01-09,587.6242941048093,20.9993825595948,-34.342154940272465,0.44747827586832045,CISO
2019-01-10,587.6365154524273,18.263500856186283,-34.137373061166784,-11.106643247446755,CISO
2019-01-11,587.6487368000453,11.78833084537094,-33.95614393257671,8.21607628716049,CISO
2019-01-12,587.6609581476632,-28.806890808794513,-33.79950901067029,5.0294416718014645,CISO
2019-01-13,587.6731794952811,-47.32035000175321,-33.668461471882125,-10.27036802164588,CISO
2019-01-14,587.6854008428992,7.5088071403653345,-33.5639447983755,27.330736815111095,CISO
2019-01-15,587.6976221905171,17.51127285040289,-33.486851428065364,20.954956387145444,CISO
2019-01-16,587.7098435381351,20.9993825595948,-33.438021470868655,1.8577953731388561,CISO
2019-01-17,587.7220648857531,18.263500856186283,-33.41824149276869,-7.621324249170698,CISO
2019-01-18,587.7342862333711,11.78833084537094,-33.4282433691987,-47.1293737095433,CISO
2019-01-19,587.746507580989,-28.806890808794513,-33.46870320916498,-43.95291356302954,CISO
2019-01-20,587.7587289286071,-47.32035000175321,-33.54024035144541,-40.73113857540835,CISO
2019-01-21,587.770950276225,7.5088071403653345,-33.643416434111536,-59.92834098247869,CISO
2019-01-22,587.783171623843,17.51127285040289,-33.77873453853392,-21.168709935711945,CISO
2019-01-23,587.795392971461,20.9993825595948,-33.9466384089404,-27.827137122115346,CISO
2019-01-24,587.807614319079,18.263500856186283,-34.147511748506105,-29.57460342675904,CISO
2019-01-25,587.8198356666969,11.78833084537094,-34.38167759286064,-25.979488919207256,CISO
2019-01-26,587.8320570143148,-28.806890808794513,-34.64939776180552,-41.202768443714945,CISO
2019-01-27,587.8442783619329,-47.32035000175321,-34.9508723899394,-44.04105597024022,CISO
2019-01-28,587.8564997095508,7.5088071403653345,-35.2862395367944,-11.892067313121856,CISO
2019-01-29,587.8687210571688,17.51127285040289,-35.65557487698952,7.252580969417863,CISO
2019-01-30,587.8809424047868,20.9993825595948,-36.0588914708119,1.2865665064301766,CISO
2019-01-31,587.8931637524048,18.263500856186283,-36.49613961553842,12.80547500694729,CISO
2019-02-01,587.9053851000227,11.78833084537094,-36.96720677771306,2.661490832319373,CISO
2019-02-02,587.9176064476408,-28.806890808794513,-37.471917606497975,30.76520196765182,CISO
2019-02-03,587.9298277952587,-47.32035000175321,-38.01003402811738,17.07255623461191,CISO
2019-02-04,587.9420491428767,7.5088071403653345,-38.58125542131644,22.466399138074394,CISO
2019-02-05,587.9542704904947,17.51127285040289,-39.18521887365872,-34.399324467238785,CISO
2019-02-06,587.9664918381126,20.9993825595948,-39.82149951838826,-58.46437487931911,CISO
2019-02-07,587.9787131857306,18.263500856186283,-40.4896109514851,-34.07560309043174,CISO
2019-02-08,587.9909345333485,11.78833084537094,-41.189005728446055,8.685740349726416,CISO
2019-02-09,588.0031558809666,-28.806890808794513,-41.91907594022595,-0.1691891319461547,CISO
2019-02-10,588.0153772285845,-47.32035000175321,-42.67915386767916,-17.92887335915225,CISO
2019-02-11,588.0275985762025,7.5088071403653345,-43.46851271374594,-22.540893002821804,CISO
2019-02-12,588.0398199238205,17.51127285040289,-44.286367412534126,-11.185725361689265,CISO
2019-02-13,588.0520412714385,20.9993825595948,-45.13187551435425,-17.243548316678925,CISO
2019-02-14,588.0642626190564,18.263500856186283,-46.00413814567258,-37.105625329570216,CISO
2019-02-15,588.0764839666745,11.78833084537094,-46.90220104285803,-18.888613769187373,CISO
2019-02-16,588.0887053142924,-28.806890808794513,-47.825055658507665,3.148241153009735,CISO
2019-02-17,588.1009266619103,-47.32035000175321,-48.77164033904826,18.594063678891132,CISO
2019-02-18,588.1131480095283,7.5088071403653345,-49.740841572225186,-11.640113577668444,CISO
2019-02-19,588.1253693571463,17.51127285040289,-50.731495303004706,-16.492146904544484,CISO
2019-02-20,588.1375907047643,20.9993825595948,-51.74238831633242,28.756415051973363,CISO
2019-02-21,588.1498120523822,18.263500856186283,-52.772259685110534,35.55894677654203,CISO
2019-02-22,588.1620334000003,11.78833084537094,-53.819802281675756,26.516438036304635,CISO
2019-02-23,588.1742547476182,-28.806890808794513,-54.883664350983935,18.329300412160194,CISO
2019-02-24,588.1864760952362,-47.32035000175321,-55.96245114363134,-14.88867494985169,CISO
2019-02-25,588.1986974428542,7.5088071403653345,-57.05472660676987,-6.4837779764495735,CISO
2019-02-26,588.2109187904722,17.51127285040289,-58.15901513090353,-61.4891765099714,CISO
2019-02-27,588.2231401380901,20.9993825595948,-59.273803350484215,-82.64571934720072,CISO
2019-02-28,588.2353614857082,18.263500856186283,-60.39754199615982,-83.70032034573461,CISO
2019-03-01,588.2475828333261,11.78833084537094,-61.5286477964645,-80.67426588223242,CISO
2019-03-02,588.259804180944,-28.806890808794513,-62.66550542667994,-48.50840794546957,CISO
2019-03-03,588.272025528562,-47.32035000175321,-63.80646950253895,-50.37920602426976,CISO
2019-03-04,588.28424687618,7.5088071403653345,-64.94986661638742,-65.05218740015795,CISO
2019-03-05,588.296468223798,17.51127285040289,-66.09399741336838,-64.46574366083252,CISO
2019-03-06,588.3086895714159,20.9993825595948,-67.23713870514274,-56.81293342586804,CISO
2019-03-07,588.320910919034,18.263500856186283,-68.37754561861449,-66.37486615660566,CISO
2019-03-08,588.3331322666519,11.78833084537094,-69.51345377708469,-57.45400933493818,CISO
2019-03-09,588.3453536142699,-28.806890808794513,-70.64308151121904,-37.08038129425631,CISO
2019-03-10,588.3575749618878,-47.32035000175321,-71.76463209717497,-44.13059286295976,CISO
2019-03-11,588.3697963095059,7.5088071403653345,-72.87629601920167,-34.012307430669466,CISO
2019-03-12,588.3820176571238,17.51127285040289,-73.9762532539946,-61.97703725353216,CISO
2019-03-13,588.3942390047417,20.9993825595948,-75.0626755740583,-78.31794599027825,CISO
2019-03-14,588.4064603523598,18.263500856186283,-76.13372886730784,-64.38123234123827,CISO
2019-03-15,588.4186816999777,11.78833084537094,-77.18757547011639,-69.50143707523233,CISO
2019-03-16,588.4309030475957,-28.806890808794513,-78.22237651100056,-45.45963572780073,CISO
2019-03-17,588.4431243952137,-47.32035000175321,-79.236294262119,-32.39348013134139,CISO
2019-03-18,588.4553457428317,7.5088071403653345,-80.22749449574954,-43.76765838744751,CISO
2019-03-19,588.4675670904496,17.51127285040289,-81.19414884290205,-56.7066910979504,CISO
2019-03-20,588.4797884380677,20.9993825595948,-82.13443715121997,-47.5207338464424,CISO
2019-03-21,588.4920097856856,18.263500856186283,-83.04654983932237,-41.54196080254957,CISO
2019-03-22,588.5042311333036,11.78833084537094,-83.92869024474052,-38.517871733934044,CISO
2019-03-23,588.5164524809215,-28.806890808794513,-84.77907696260962,-34.98748470951739,CISO
2019-03-24,588.5286738285395,-47.32035000175321,-85.59594617228403,-24.139377654502198,CISO
2019-03-25,588.5408951761575,7.5088071403653345,-86.37755394905861,-13.353148367464144,CISO
2019-03-26,588.5531165237754,17.51127285040289,-87.12217855819293,-28.430210815985504,CISO
2019-03-27,588.5653378713935,20.9993825595948,-87.82812272845594,-8.689597702532296,CISO
2019-03-28,588.5775592190114,18.263500856186283,-88.49371590242947,-1.1333441727681475,CISO
2019-03-29,588.5897805666294,11.78833084537094,-89.11731646083685,2.564205048836584,CISO
2019-03-30,588.6020019142474,-28.806890808794513,-89.69731391818975,27.06020281273686,CISO
2019-03-31,588.6142232618654,-47.32035000175321,-90.23213108708062,3.976257826968549,CISO
2019-04-01,588.6264446094833,7.5088071403653345,-90.7202262084822,39.47297445863359,CISO
2019-04-02,588.6386659571014,17.51127285040289,-91.16009504545502,26.66615623795076,CISO
2019-04-03,588.6508873047193,20.9993825595948,-91.55027293770502,26.749003073390895,CISO
2019-04-04,588.6631086523372,18.263500856186283,-91.88933681447864,14.041727305955078,CISO
2019-04-05,588.6753299999552,11.78833084537094,-92.17590716333024,6.801246318004132,CISO
2019-04-06,588.6875513475732,-28.806890808794513,-92.40864995234728,14.341989413568513,CISO
2019-04-07,588.6997726951912,-47.32035000175321,-92.58627850347294,20.37685581003501,CISO
2019-04-08,588.7119940428091,7.5088071403653345,-92.70755531462137,31.548754131446913,CISO
2019-04-09,588.7242153904272,17.51127285040289,-92.7712938283407,0.43780558751086573,CISO
2019-04-10,588.7364367380451,20.9993825595948,-92.77636014484033,-12.438459152799567,CISO
2019-04-11,588.7486580856631,18.263500856186283,-92.72167467726403,3.4485157354146168,CISO
2019-04-12,588.760879433281,11.78833084537094,-92.6062137471565,-20.374996531495412,CISO
2019-04-13,588.7731007808991,-28.806890808794513,-92.42901111814129,-27.660198853963323,CISO
2019-04-14,588.785322128517,-47.32035000175321,-92.1891594658996,13.048187339135893,CISO
2019-04-15,588.797543476135,7.5088071403653345,-91.88581178261373,20.00546116611349,CISO
2019-04-16,588.809764823753,17.51127285040289,-91.51818271411426,-1.934854960041548,CISO
2019-04-17,588.8219861713709,20.9993825595948,-91.08554982805052,25.139181097084702,CISO
2019-04-18,588.8342075189889,18.263500856186283,-90.58725481148218,56.37654643630697,CISO
2019-04-19,588.8464288666069,11.78833084537094,-90.0227045963737,58.921944884395884,CISO
2019-04-20,588.8586502142249,-28.806890808794513,-89.39137241155674,40.371613006126324,CISO
2019-04-21,588.8708715618428,-47.32035000175321,-88.69279875981223,13.920277199722591,CISO
2019-04-22,588.8830929094609,7.5088071403653345,-87.92659231881049,29.89269226898432,CISO
2019-04-23,588.8953142570788,17.51127285040289,-87.09243076473794,54.77784365725631,CISO
2019-04-24,588.9075356046968,20.9993825595948,-86.1900615175285,74.68314335323691,CISO
2019-04-25,588.9197569523147,18.263500856186283,-85.21930240671045,81.15504459820943,CISO
2019-04-26,588.9319782999328,11.78833084537094,-84.18004225697139,66.94773311166773,CISO
2019-04-27,588.9441996475507,-28.806890808794513,-83.0722413926395,49.068932553883315,CISO
2019-04-28,588.9564209951686,-47.32035000175321,-81.89593206037335,39.26786106695795,CISO
2019-04-29,588.9686423427867,7.5088071403653345,-80.65121876944863,31.31876928629663,CISO
2019-04-30,588.9808636904046,17.51127285040289,-79.33827854912738,22.22114200831993,CISO
2019-05-01,588.9930850380226,20.9993825595948,-77.95736112269205,16.486893525074834,CISO
2019-05-02,589.0053063856406,18.263500856186283,-76.5087889978252,25.256981755998368,CISO
2019-05-03,589.0175277332586,11.78833084537094,-74.99295747311328,31.673098894483815,CISO
2019-05-04,589.0297490808765,-28.806890808794513,-73.4103345605522,28.684476288470194,CISO
2019-05-05,589.0419704284946,-47.32035000175321,-71.76146082403102,6.24084039728973,CISO
2019-05-06,589.0541917761125,7.5088071403653345,-70.0469491338684,23.67195021739053,CISO
2019-05-07,589.0664131237305,17.51127285040289,-68.26748433757571,21.927798363442434,CISO
2019-05-08,589.0786344713484,20.9993825595948,-66.42382284711994,19.955805816176735,CISO
2019-05-09,589.0908558189664,18.263500856186283,-64.51679214305597,-14.881564532096718,CISO
2019-05-10,589.1030771665844,11.78833084537094,-62.547290195998,19.8648821840427,CISO
2019-05-11,589.1152985142023,-28.806890808794513,-60.51628480599578,16.990877100587966,CISO
2019-05-12,589.1275198618204,-47.32035000175321,-58.42481286047855,22.13564300041139,CISO
2019-05-13,589.1397412094383,7.5088071403653345,-56.27397951152567,28.3984311617221,CISO
2019-05-14,589.1519625570563,17.51127285040289,-54.064957273317624,22.95872186585848,CISO
2019-05-15,589.1641839046742,20.9993825595948,-51.798985040716516,13.257418576447435,CISO
2019-05-16,589.1764052522923,18.263500856186283,-49.47736703001645,-6.939539078462076,CISO
2019-05-17,589.1886265999102,11.78833084537094,-47.10147164299783,-14.331485802283282,CISO
2019-05-18,589.2008479475282,-28.806890808794513,-44.67273025550861,-2.349226883225242,CISO
2019-05-19,589.2130692951462,-47.32035000175321,-42.192635931886066,-8.691083361506855,CISO
2019-05-20,589.2252906427642,7.5088071403653345,-39.66274206661983,-27.76335571650975,CISO
2019-05-21,589.2375119903821,17.51127285040289,-37.08466095474256,-28.95112388604241,CISO
2019-05-22,589.249733338,20.9993825595948,-34.46006229251952,-35.87805360507548,CISO
2019-05-23,589.2619546856181,18.263500856186283,-31.7906716100905,-20.498783931713888,CISO
2019-05-24,589.274176033236,11.78833084537094,-29.078268637797933,-38.921238240808975,CISO
2019-05-25,589.286397380854,-28.806890808794513,-26.32468560801454,-49.27882096404505,CISO
2019-05-26,589.298618728472,-47.32035000175321,-23.531805494358913,-48.94746323235984,CISO
2019-05-27,589.31084007609,7.5088071403653345,-20.70156019026303,-106.49008702619216,CISO
2019-05-28,589.3230614237079,17.51127285040289,-17.83592862892614,-56.87040564518463,CISO
2019-05-29,589.335282771326,20.9993825595948,-14.93693484676055,-36.65873048416017,CISO
2019-05-30,589.3475041189439,18.263500856186283,-12.006645992501504,-28.204358982628605,CISO
2019-05-31,589.3597254665619,11.78833084537094,-9.047170284217103,-18.968886027715826,CISO
2019-06-01,589.3719468141799,-28.806890808794513,-6.060654916517564,-17.249401088867785,CISO
2019-06-02,589.3841681617978,-47.32035000175321,-3.049283920320761,-17.58553423972387,CISO
2019-06-03,589.3963895094158,7.5088071403653345,-0.015275977589865875,-4.842920672191099,CISO
2019-06-04,589.4086108570338,17.51127285040289,3.039117806490438,28.635998486072936,CISO
2019-06-05,589.4208322046518,20.9993825595948,6.111616171378671,50.86316906437469,CISO
2019-06-06,589.4330535522697,18.263500856186283,9.199910006515957,6.452535585028045,CISO
2019-06-07,589.4452748998877,11.78833084537094,12.301664691529162,-24.24227043678775,CISO
2019-06-08,589.4574962475057,-28.806890808794513,15.41452246864226,-8.815127907353599,CISO
2019-06-09,589.4697175951237,-47.32035000175321,18.536104844605994,39.622527562023606,CISO
2019-06-10,589.4819389427416,7.5088071403653345,21.664015019415828,126.53223889747721,CISO
2019-06-11,589.4941602903597,17.51127285040289,24.795840339059538,157.37272652017782,CISO
2019-06-12,589.5063816379776,20.9993825595948,27.929154769503903,124.43808103292372,CISO
2019-06-13,589.5186029855955,18.263500856186283,31.06152138910646,35.42737476911168,CISO
2019-06-14,589.5308243332136,11.78833084537094,34.190494896613316,-6.481650075197649,CISO
2019-06-15,589.5430456808315,-28.806890808794513,37.313624131886904,-25.12177900392396,CISO
2019-06-16,589.5552670284495,-47.32035000175321,40.428454606489396,-35.84937163318568,CISO
2019-06-17,589.5674883760674,7.5088071403653345,43.53253104123901,-12.294826557671854,CISO
2019-06-18,589.5797097236855,17.51127285040289,46.62339990784072,7.332617518071061,CISO
2019-06-19,589.5919310713034,20.9993825595948,49.69861197169452,7.820074397407325,CISO
2019-06-20,589.6041524189214,18.263500856186283,52.75572483297627,-25.265378108084064,CISO
2019-06-21,589.6163737665394,11.78833084537094,55.792305463090464,-57.08201007500077,CISO
2019-06-22,589.6285951141574,-28.806890808794513,58.80593273359699,-44.02263703895983,CISO
2019-06-23,589.6408164617753,-47.32035000175321,61.79419993472363,-11.462666394745725,CISO
2019-06-24,589.6530378093934,7.5088071403653345,64.75471728058471,-8.57656223034337,CISO
2019-06-25,589.6652591570113,17.51127285040289,67.68511439824348,-38.58264640565767,CISO
2019-06-26,589.6774805046292,20.9993825595948,70.58304279777188,-69.06890586199586,CISO
2019-06-27,589.6897018522473,18.263500856186283,73.44617832048432,-71.7543810289178,CISO
2019-06-28,589.7019231998652,11.78833084537094,76.27222356254504,-63.51347760778117,CISO
2019-06-29,589.7141445474832,-28.806890808794513,79.05891027117798,-56.43116400986685,CISO
2019-06-30,589.7263658951011,-47.32035000175321,81.80400171073805,-42.98701760408608,CISO
2019-07-01,589.7385872427192,7.5088071403653345,84.50529499593807,-31.242689379022522,CISO
2019-07-02,589.7508085903371,17.51127285040289,87.16062338956249,-38.28170483030249,CISO
2019-07-03,589.7630299379551,20.9993825595948,89.76785856204062,-59.77527105959052,CISO
2019-07-04,589.7752512855731,18.263500856186283,92.32491281029417,-123.49366495205356,CISO
2019-07-05,589.7874726331911,11.78833084537094,94.82974123332271,-69.84654471188469,CISO
2019-07-06,589.799693980809,-28.806890808794513,97.28034386203876,-54.19214703405328,CISO
2019-07-07,589.811915328427,-47.32035000175321,99.67476774091823,-75.68633306759193,CISO
2019-07-08,589.824136676045,7.5088071403653345,102.01110895908684,-84.9870527754972,CISO
2019-07-09,589.8363580236629,17.51127285040289,104.28751462852065,-68.96014550258656,CISO
2019-07-10,589.848579371281,20.9993825595948,106.50218480710231,-38.604146737978,CISO
2019-07-11,589.8608007188989,18.263500856186283,108.65337436433529,-4.317675939420496,CISO
2019-07-12,589.8730220665169,11.78833084537094,110.73939478758754,16.35525230052474,CISO
2019-07-13,589.8852434141348,-28.806890808794513,112.75861592680221,18.835031467857448,CISO
2019-07-14,589.8974647617529,-47.32035000175321,114.70946767568668,7.368417564313631,CISO
2019-07-15,589.9096861093708,7.5088071403653345,116.59044158746286,25.072065162800982,CISO
2019-07-16,589.9219074569888,17.51127285040289,118.40009242333814,5.245727269270219,CISO
2019-07-17,589.9341288046068,20.9993825595948,120.13703963193464,-15.923550996136214,CISO
2019-07-18,589.9463501522247,18.263500856186283,121.79996875799424,-22.443819766405227,CISO
2019-07-19,589.9585714998427,11.78833084537094,123.38763277875837,-46.06753512397199,CISO
2019-07-20,589.9707928474606,-28.806890808794513,124.89885336650593,-57.48075540517209,CISO
2019-07-21,589.9830141950787,-47.32035000175321,126.33252207581829,-25.840186269143828,CISO
2019-07-22,589.9952355426966,7.5088071403653345,127.68760145422738,22.114355862710795,CISO
2019-07-23,590.0074568903146,17.51127285040289,128.96312607499175,60.65814418429068,CISO
2019-07-24,590.0196782379326,20.9993825595948,130.15820349083668,73.17273571163594,CISO
2019-07-25,590.0318995855506,18.263500856186283,131.2720151075843,62.81758445067885,CISO
2019-07-26,590.0441209331685,11.78833084537094,132.3038169766948,70.1057312447657,CISO
2019-07-27,590.0563422807866,-28.806890808794513,133.25294050583219,72.03060802217578,CISO
2019-07-28,590.0685636284045,-47.32035000175321,134.11879308666414,57.78799328668458,CISO
2019-07-29,590.0807849760225,7.5088071403653345,134.90085863920143,18.02954924441076,CISO
2019-07-30,590.0930063236405,17.51127285040289,135.59869807207895,-13.937977246122273,CISO
2019-07-31,590.1052276712584,20.9993825595948,136.211949658278,-11.338559889131261,CISO
2019-08-01,590.1174490188764,18.263500856186283,136.74032932588796,-4.703279200950533,CISO
2019-08-02,590.1296703664943,11.78833084537094,137.1836308636037,-0.5966320754689605,CISO
2019-08-03,590.1418917141124,-28.806890808794513,137.54172604075458,6.915273053927535,CISO
2019-08-04,590.1541130617303,-47.32035000175321,137.81456464175892,7.106672298264016,CISO
2019-08-05,590.1663344093483,7.5088071403653345,138.0021744149987,21.6396840352877,CISO
2019-08-06,590.1785557569663,17.51127285040289,138.10466093620707,24.304510456423827,CISO
2019-08-07,590.1907771045843,20.9993825595948,138.12220738656157,-10.759367050740593,CISO
2019-08-08,590.2029984522022,18.263500856186283,138.05507424577394,-43.446573554162455,CISO
2019-08-09,590.2152197998203,11.78833084537094,137.90359890056706,-57.27814954575808,CISO
2019-08-10,590.2274411474382,-28.806890808794513,137.66819516902598,-65.92974550766974,CISO
2019-08-11,590.2396624950561,-47.32035000175321,137.34935274140994,-65.63266523471293,CISO
2019-08-12,590.2518838426741,7.5088071403653345,136.94763653810668,-26.818327521146216,CISO
2019-08-13,590.2641051902921,17.51127285040289,136.46368598550794,3.6309359737971363,CISO
2019-08-14,590.2763265379101,20.9993825595948,135.89821421067947,40.591076691815715,CISO
2019-08-15,590.288547885528,18.263500856186283,135.25200715579334,57.03994410249243,CISO
2019-08-16,590.3007692331461,11.78833084537094,134.52592261338233,32.148977308100825,CISO
2019-08-17,590.312990580764,-28.806890808794513,133.7208891835695,-36.80898895553901,CISO
2019-08-18,590.325211928382,-47.32035000175321,132.83790515451403,-64.9487670811427,CISO
2019-08-19,590.337433276,7.5088071403653345,131.87803730740563,-48.45627772377088,CISO
2019-08-20,590.349654623618,17.51127285040289,130.84241964742512,-36.95834712144597,CISO
2019-08-21,590.3618759712359,20.9993825595948,129.73225206217538,-7.064510593006162,CISO
2019-08-22,590.3740973188538,18.263500856186283,128.54879890917033,3.4706029157895273,CISO
2019-08-23,590.3863186664719,11.78833084537094,127.29338753405156,0.6979629541057193,CISO
2019-08-24,590.3985400140898,-28.806890808794513,125.96740672128149,22.73994407342309,CISO
2019-08-25,590.4107613617078,-47.32035000175321,124.57230507914161,45.7782835609039,CISO
2019-08-26,590.4229827093258,7.5088071403653345,123.10958936093745,74.91662078937134,CISO
2019-08-27,590.4352040569438,17.51127285040289,121.5808227243871,69.26270036826622,CISO
2019-08-28,590.4474254045617,20.9993825595948,119.9876229312417,34.655569104601796,CISO
2019-08-29,590.4596467521798,18.263500856186283,118.3316604892524,42.95119190238154,CISO
2019-08-30,590.4718680997977,11.78833084537094,116.61465673866756,49.5901443161639,CISO
2019-08-31,590.4840894474157,-28.806890808794513,114.83838188550547,43.214419475873456,CISO
2019-09-01,590.4963107950337,-47.32035000175321,113.00465298390917,45.834386222810394,CISO
2019-09-02,590.5085321426516,7.5088071403653345,111.11533186994997,33.12032884703308,CISO
2019-09-03,590.5207534902696,17.51127285040289,109.17232304929759,93.07965061002994,CISO
2019-09-04,590.5329748378875,20.9993825595948,107.17757154123292,102.20207106128476,CISO
2019-09-05,590.5451961855056,18.263500856186283,105.1330606815239,96.15124227678427,CISO
2019-09-06,590.5574175331235,11.78833084537094,103.04080988673469,83.2064417347708,CISO
2019-09-07,590.5696388807415,-28.806890808794513,100.90287238258207,29.176379545470922,CISO
2019-09-08,590.5818602283595,-47.32035000175321,98.72133289899095,-33.77484312559727,CISO
2019-09-09,590.5940815759775,7.5088071403653345,96.4983053345415,-29.380194050884256,CISO
2019-09-10,590.6063029235954,17.51127285040289,94.23593039303188,-48.24050616703005,CISO
2019-09-11,590.6185242712135,20.9993825595948,91.9363731949148,-39.998280025723034,CISO
2019-09-12,590.6307456188314,18.263500856186283,89.60182086638972,18.588932658592626,CISO
2019-09-13,590.6429669664494,11.78833084537094,87.23448010896055,74.9302220792191,CISO
2019-09-14,590.6551883140673,-28.806890808794513,84.8365747522893,75.1841277424378,CISO
2019-09-15,590.6674096616853,-47.32035000175321,82.41034329319166,25.574597046876306,CISO
2019-09-16,590.6796310093033,7.5088071403653345,79.95803642363757,-5.090474573306096,CISO
2019-09-17,590.6918523569212,17.51127285040289,77.48191455063116,-29.324039757955347,CISO
2019-09-18,590.7040737045393,20.9993825595948,74.98424531084827,-32.769701574982264,CISO
2019-09-19,590.7162950521572,18.263500856186283,72.46730108292041,-44.00709699126389,CISO
2019-09-20,590.7285163997752,11.78833084537094,69.93335650024858,-31.81620374539466,CISO
2019-09-21,590.7407377473932,-28.806890808794513,67.38468596723243,-9.255532905831046,CISO
2019-09-22,590.7529590950112,-47.32035000175321,64.82356118179268,5.128829724949355,CISO
2019-09-23,590.7651804426291,7.5088071403653345,62.252248667054474,21.868763749951086,CISO
2019-09-24,590.7774017902472,17.51127285040289,59.67300731505023,52.67931804429975,CISO
2019-09-25,590.7896231378651,20.9993825595948,57.08808594527959,74.37990835726055,CISO
2019-09-26,590.801844485483,18.263500856186283,54.49972088094847,34.528933777382235,CISO
2019-09-27,590.814065833101,11.78833084537094,51.91013354568727,-6.308530224159199,CISO
2019-09-28,590.826287180719,-28.806890808794513,49.321528083516654,-51.92192445544117,CISO
2019-09-29,590.838508528337,-47.32035000175321,46.73608900480872,-74.43724753139247,CISO
2019-09-30,590.8507298759549,7.5088071403653345,44.15597886095062,-80.6645158772709,CISO
2019-10-01,590.862951223573,17.51127285040289,41.58333595038796,-81.9725600243637,CISO
2019-10-02,590.8751725711909,20.9993825595948,39.02027205868389,-72.98682718946964,CISO
2019-10-03,590.8873939188089,18.263500856186283,36.46887023518778,-62.824765010183,CISO
2019-10-04,590.8996152664268,11.78833084537094,33.9311826088654,-62.95312872066313,CISO
2019-10-05,590.9118366140449,-28.806890808794513,31.40922824578979,-56.23817405104023,CISO
2019-10-06,590.9240579616628,-47.32035000175321,28.904991050745213,-37.167699010654815,CISO
2019-10-07,590.9362793092807,7.5088071403653345,26.420417715342907,-9.531504164989087,CISO
2019-10-08,590.9485006568988,17.51127285040289,23.95741571498617,-19.11118922228775,CISO
2019-10-09,590.9607220045167,20.9993825595948,21.51785135697063,-61.15695592108216,CISO
2019-10-10,590.9729433521347,18.263500856186283,19.10354788193566,-60.981992090256654,CISO
2019-10-11,590.9851646997527,11.78833084537094,16.716283620824612,-42.7357791659482,CISO
2019-10-12,590.9973860473707,-28.806890808794513,14.357790209441156,-43.328285448017255,CISO
2019-10-13,591.0096073949886,-47.32035000175321,12.02975086262002,-47.400008255855425,CISO
2019-10-14,591.0218287426067,7.5088071403653345,9.733798709960858,-45.69043459293289,CISO
2019-10-15,591.0340500902246,17.51127285040289,7.47151519499478,-31.55583813562214,CISO
2019-10-16,591.0462714378426,20.9993825595948,5.24442853958368,-15.416082537020998,CISO
2019-10-17,591.0584927854605,18.263500856186283,3.0540122752673966,-32.437005916914245,CISO
2019-10-18,591.0707141330786,11.78833084537094,0.9016838431974605,-36.65672882164688,CISO
2019-10-19,591.0829354806965,-28.806890808794513,-1.2111967357861744,-35.106847936115855,CISO
2019-10-20,591.0951568283144,-47.32035000175321,-3.283328119466404,-25.830478707094926,CISO
2019-10-21,591.1073781759325,7.5088071403653345,-5.3134688295618915,11.269283513264213,CISO
2019-10-22,591.1195995235504,17.51127285040289,-7.300438362742035,31.255565988788703,CISO
2019-10-23,591.1318208711684,20.9993825595948,-9.243118226139458,27.470914795376302,CISO
2019-10-24,591.1440422187864,18.263500856186283,-11.140452896235946,46.736909821263225,CISO
2019-10-25,591.1562635664044,11.78833084537094,-12.991450700099854,48.71485628832454,CISO
2019-10-26,591.1684849140223,-28.806890808794513,-14.795184618036991,4.492590512809215,CISO
2019-10-27,591.1807062616404,-47.32035000175321,-16.550793006817656,-52.58456325306952,CISO
2019-10-28,591.1929276092583,7.5088071403653345,-18.25748024273316,-46.61025450689044,CISO
2019-10-29,591.2051489568763,17.51127285040289,-19.914517283831636,-41.82090452344755,CISO
2019-10-30,591.2173703044942,20.9993825595948,-21.52124215078161,-38.34351071330752,CISO
2019-10-31,591.2295916521122,18.263500856186283,-23.07706032590623,-29.619032182392175,CISO
2019-11-01,591.2418129997302,11.78833084537094,-24.581445070029055,-15.025698775072101,CISO
2019-11-02,591.2540343473481,-28.806890808794513,-26.03393765687239,-16.936205881681417,CISO
2019-11-03,591.2662556949662,-47.32035000175321,-27.434147524844605,7.105241831631702,CISO
2019-11-04,591.2784770425841,7.5088071403653345,-28.781752346153326,-3.130531836796081,CISO
2019-11-05,591.2906983902021,17.51127285040289,-30.076498013278027,-4.15147322732696,CISO
2019-11-06,591.30291973782,20.9993825595948,-31.318198542936123,-1.718103754478875,CISO
2019-11-07,591.3151410854381,18.263500856186283,-32.50673589777326,7.11109395614892,CISO
2019-11-08,591.327362433056,11.78833084537094,-33.64205972610576,15.55236644767865,CISO
2019-11-09,591.339583780674,-28.806890808794513,-34.72418702014322,14.47449404826375,CISO
2019-11-10,591.351805128292,-47.32035000175321,-35.7532016932137,5.011746566674958,CISO
2019-11-11,591.3640264759099,7.5088071403653345,-36.72925407661047,-5.490579539664736,CISO
2019-11-12,591.3762478235279,17.51127285040289,-37.65256033677679,-3.2949603371539524,CISO
2019-11-13,591.3884691711459,20.9993825595948,-38.52340181363703,-8.784449917103643,CISO
2019-11-14,591.4006905187639,18.263500856186283,-39.34212428097817,-8.299067093971985,CISO
2019-11-15,591.4129118663818,11.78833084537094,-40.10913712987667,-5.414105581876129,CISO
2019-11-16,591.4251332139999,-28.806890808794513,-40.82491247625861,-2.9913299289468114,CISO
2019-11-17,591.4373545616178,-47.32035000175321,-41.48998419376947,19.510979633904924,CISO
2019-11-18,591.4495759092358,7.5088071403653345,-42.10494687321888,26.264563823617777,CISO
2019-11-19,591.4617972568537,17.51127285040289,-42.6704547099537,13.471384602697071,CISO
2019-11-20,591.4740186044718,20.9993825595948,-43.18722032059634,7.785819156529897,CISO
2019-11-21,591.4862399520897,18.263500856186283,-43.656013490670354,4.334272682394385,CISO
2019-11-22,591.4984612997077,11.78833084537094,-44.0776598547168,9.221867709638218,CISO
2019-11-23,591.5106826473257,-28.806890808794513,-44.45303951058373,7.6262476720525,CISO
2019-11-24,591.5229039949436,-47.32035000175321,-44.78308556965061,14.67253157646013,CISO
2019-11-25,591.5351253425616,7.5088071403653345,-45.06878264482403,10.38585016189711,CISO
2019-11-26,591.5473466901796,17.51127285040289,-45.311165278214496,20.618545737632076,CISO
2019-11-27,591.5595680377976,20.9993825595948,-45.51131631047681,23.242365713084496,CISO
2019-11-28,591.5717893854155,18.263500856186283,-45.670365193862615,-12.614925047739234,CISO
2019-11-29,591.5840107330336,11.78833084537094,-45.789486251103426,-11.86085532730101,CISO
2019-11-30,591.5962320806515,-28.806890808794513,-45.869896882303095,43.38455561044623,CISO
2019-12-01,591.6084534282695,-47.32035000175321,-45.91285572208227,45.95275229556603,CISO
2019-12-02,591.6206747758874,7.5088071403653345,-45.9196607492744,33.60917883302159,CISO
2019-12-03,591.6328961235055,17.51127285040289,-45.89164735152947,33.67747837762113,CISO
2019-12-04,591.6451174711234,20.9993825595948,-45.830186347234026,40.36368631651578,CISO
2019-12-05,591.6573388187413,18.263500856186283,-45.73668196720661,23.135842292278994,CISO
2019-12-06,591.6695601663594,11.78833084537094,-45.61256979867428,26.204678786943987,CISO
2019-12-07,591.6817815139773,-28.806890808794513,-45.45931469408052,40.12542398889775,CISO
2019-12-08,591.6940028615953,-47.32035000175321,-45.278408647315324,34.5817557874733,CISO
2019-12-09,591.7062242092132,7.5088071403653345,-45.07136863999703,29.0063372904184,CISO
2019-12-10,591.7184455568313,17.51127285040289,-44.83973446046911,33.133016053234996,CISO
2019-12-11,591.7306669044492,20.9993825595948,-44.58506649820789,31.661017034163933,CISO
2019-12-12,591.7428882520672,18.263500856186283,-44.30894351636489,22.622554408111455,CISO
2019-12-13,591.7551095996852,11.78833084537094,-44.01296040519267,25.16251996013648,CISO
2019-12-14,591.7673309473032,-28.806890808794513,-43.69872591912533,29.207285780616644,CISO
2019-12-15,591.7795522949211,-47.32035000175321,-43.36786040030263,35.10265810713463,CISO
2019-12-16,591.791773642539,7.5088071403653345,-43.0219934913427,44.57041270843831,CISO
2019-12-17,591.8039949901571,17.51127285040289,-42.662761840179485,49.50249399961956,CISO
2019-12-18,591.816216337775,20.9993825595948,-42.29180679979012,51.26220790242019,CISO
2019-12-19,591.828437685393,18.263500856186283,-41.910772125641856,-40.94816641593741,CISO
2019-12-20,591.840659033011,11.78833084537094,-41.52130167369066,34.41831179530857,CISO
2019-12-21,591.852880380629,-28.806890808794513,-41.125037101761485,76.70604752992699,CISO
2019-12-22,591.8651017282469,-47.32035000175321,-40.72361557713496,70.93386385064127,CISO
2019-12-23,591.877323075865,7.5088071403653345,-40.31866749315775,46.08053727692743,CISO
2019-12-24,591.8895444234829,17.51127285040289,-39.91181419768055,-4.075003076205235,CISO
2019-12-25,591.9017657711009,20.9993825595948,-39.50466573611467,-38.10748259458114,CISO
2019-12-26,591.9139871187189,18.263500856186283,-39.098818611876915,18.89933063697174,CISO
2019-12-27,591.9262084663368,11.78833084537094,-38.695853566974044,15.029314255266286,CISO
2019-12-28,591.9384298139548,-28.806890808794513,-38.29733338544954,23.4487943802892,CISO
2019-12-29,591.9506511615728,-47.32035000175321,-37.90480072239017,39.42649956257071,CISO
2019-12-30,591.9628725091908,7.5088071403653345,-37.51977596115626,14.043096311600152,CISO
2019-12-31,591.9750938568087,17.51127285040289,-37.14375510146565,-21.20261160574603,CISO
2020-01-01,591.9873152044267,20.9993825595948,-36.68862682682142,-67.63507093720011,CISO
2020-01-02,591.9995365520447,18.263500856186283,-36.33819412613561,-20.00784328209545,CISO
2020-01-03,592.0117578996627,11.78833084537094,-36.00143405526362,-12.871654689770025,CISO
2020-01-04,592.0239792472806,-28.806890808794513,-35.6797162475328,-8.396372190953343,CISO
2020-01-05,592.0362005948987,-47.32035000175321,-35.37437547222815,2.121524879082756,CISO
2020-01-06,592.0484219425166,7.5088071403653345,-35.086709772489016,-5.8515193103928596,CISO
2020-01-07,592.0606432901346,17.51127285040289,-34.81797865180582,-6.347937488731645,CISO
2020-01-08,592.0728646377526,20.9993825595948,-34.56940131134553,-8.309845886001767,CISO
2020-01-09,592.0850859853705,18.263500856186283,-34.342154940272465,-0.6024319012843762,CISO
2020-01-10,592.0973073329885,11.78833084537094,-34.137373061166784,-5.081265117192629,CISO
2020-01-11,592.1095286806064,-28.806890808794513,-33.95614393257671,-8.263493939235445,CISO
2020-01-12,592.1217500282245,-47.32035000175321,-33.79950901067029,3.815108984199071,CISO
2020-01-13,592.1339713758424,7.5088071403653345,-33.668461471882125,-0.890317044325684,CISO
2020-01-14,592.1461927234604,17.51127285040289,-33.5639447983755,-7.839520775487699,CISO
2020-01-15,592.1584140710784,20.9993825595948,-33.486851428065364,-1.565945202607736,CISO
2020-01-16,592.1706354186964,18.263500856186283,-33.438021470868655,20.564885195986108,CISO
2020-01-17,592.1828567663143,11.78833084537094,-33.41824149276869,9.038053881083329,CISO
2020-01-18,592.1950781139324,-28.806890808794513,-33.4282433691987,6.554056064060887,CISO
2020-01-19,592.2072994615503,-47.32035000175321,-33.46870320916498,16.840753749367934,CISO
2020-01-20,592.2195208091682,7.5088071403653345,-33.54024035144541,14.148912401911844,CISO
2020-01-21,592.2317421567863,17.51127285040289,-33.643416434111536,4.531401426922457,CISO
2020-01-22,592.2439635044042,20.9993825595948,-33.77873453853392,-13.63761152546499,CISO
2020-01-23,592.2561848520222,18.263500856186283,-33.9466384089404,-5.630047299268085,CISO
2020-01-24,592.2684061996401,11.78833084537094,-34.147511748506105,-11.248225296505098,CISO
2020-01-25,592.2806275472582,-28.806890808794513,-34.38167759286064,-16.796059145602953,CISO
2020-01-26,592.2928488948761,-47.32035000175321,-34.64939776180552,-2.3851011313174695,CISO
2020-01-27,592.3050702424941,7.5088071403653345,-34.9508723899394,-4.565004992919967,CISO
2020-01-28,592.3172915901121,17.51127285040289,-35.2862395367944,-7.767324903720578,CISO
2020-01-29,592.3295129377301,20.9993825595948,-35.65557487698952,-6.413320620335298,CISO
2020-01-30,592.341734285348,18.263500856186283,-36.0588914708119,-4.533343670722388,CISO
2020-01-31,592.353955632966,11.78833084537094,-36.49613961553842,-6.817146862798609,CISO
2020-02-01,592.366176980584,-28.806890808794513,-36.96720677771306,-7.18907939407643,CISO
2020-02-02,592.3783983282019,-47.32035000175321,-37.471917606497975,-2.4861307199507223,CISO
2020-02-03,592.39061967582,7.5088071403653345,-38.01003402811738,14.41560721193207,CISO
2020-02-04,592.4028410234379,17.51127285040289,-38.58125542131644,23.612141547475744,CISO
2020-02-05,592.4150623710559,20.9993825595948,-39.18521887365872,20.14077394300807,CISO
2020-02-06,592.4272837186738,18.263500856186283,-39.82149951838826,7.40471494352812,CISO
2020-02-07,592.4395050662919,11.78833084537094,-40.4896109514851,2.4397750398223934,CISO
2020-02-08,592.4517264139098,-28.806890808794513,-41.189005728446055,0.4801701233307085,CISO
2020-02-09,592.4639477615278,-47.32035000175321,-41.91907594022595,13.481478180451461,CISO
2020-02-10,592.4761691091458,7.5088071403653345,-42.67915386767916,17.329177618167932,CISO
2020-02-11,592.4883904567638,17.51127285040289,-43.46851271374594,7.846849406579395,CISO
2020-02-12,592.5006118043817,20.9993825595948,-44.286367412534126,-4.430626951442264,CISO
2020-02-13,592.5128331519996,18.263500856186283,-45.13187551435425,0.9665415061682552,CISO
2020-02-14,592.5250544996177,11.78833084537094,-46.00413814567258,1.478752800683992,CISO
2020-02-15,592.5372758472356,-28.806890808794513,-46.90220104285803,-7.771183995583101,CISO
2020-02-16,592.5494971948536,-47.32035000175321,-47.825055658507665,-9.52009153459278,CISO
2020-02-17,592.5617185424716,7.5088071403653345,-48.77164033904826,-25.06888534378868,CISO
2020-02-18,592.5739398900896,17.51127285040289,-49.740841572225186,-6.215371168267211,CISO
2020-02-19,592.5861612377075,20.9993825595948,-50.731495303004706,-5.531048494297693,CISO
2020-02-20,592.5983825853256,18.263500856186283,-51.74238831633242,-3.173495125179329,CISO
2020-02-21,592.6106039329435,11.78833084537094,-52.772259685110534,5.049324906796187,CISO
2020-02-22,592.6228252805615,-28.806890808794513,-53.819802281675756,4.745867809908759,CISO
2020-02-23,592.6350466281795,-47.32035000175321,-54.883664350983935,-1.7110322754422782,CISO
2020-02-24,592.6472679757974,7.5088071403653345,-55.96245114363134,1.993376027468571,CISO
2020-02-25,592.6594893234154,17.51127285040289,-57.05472660676987,-0.7770355670483013,CISO
2020-02-26,592.6717106710333,20.9993825595948,-58.15901513090353,-2.8230780997246256,CISO
2020-02-27,592.6839320186514,18.263500856186283,-59.273803350484215,8.211370475646504,CISO
2020-02-28,592.6961533662693,11.78833084537094,-60.39754199615982,15.339057784519582,CISO
2020-02-29,592.7083747138873,-28.806890808794513,-61.5286477964645,-4.722836108628314,CISO
2020-03-01,592.7205960615053,-47.32035000175321,-62.66550542667994,15.302259366927956,CISO
2020-03-02,592.7328174091233,7.5088071403653345,-63.80646950253895,17.329844953050497,CISO
2020-03-03,592.7450387567412,17.51127285040289,-64.94986661638742,13.225555009243408,CISO
2020-03-04,592.7572601043593,20.9993825595948,-66.09399741336838,10.203354749414302,CISO
2020-03-05,592.7694814519772,18.263500856186283,-67.23713870514274,17.67715639697917,CISO
2020-03-06,592.7817027995951,11.78833084537094,-68.37754561861449,17.62751197364844,CISO
2020-03-07,592.7939241472131,-28.806890808794513,-69.51345377708469,20.798420438666085,CISO
2020-03-08,592.8061454948311,-47.32035000175321,-70.64308151121904,-2.523713981858805,CISO
2020-03-09,592.8183668424491,7.5088071403653345,-71.76463209717497,28.67345811436053,CISO
2020-03-10,592.830588190067,17.51127285040289,-72.87629601920167,33.957434978731726,CISO
2020-03-11,592.8428095376851,20.9993825595948,-73.9762532539946,17.19906115671472,CISO
2020-03-12,592.855030885303,18.263500856186283,-75.0626755740583,36.772143832568986,CISO
2020-03-13,592.867252232921,11.78833084537094,-76.13372886730784,36.17414578901594,CISO
2020-03-14,592.879473580539,-28.806890808794513,-77.18757547011639,37.43899269837186,CISO
2020-03-15,592.891694928157,-47.32035000175321,-78.22237651100056,32.10503158459676,CISO
2020-03-16,592.9039162757749,7.5088071403653345,-79.236294262119,45.361570845978804,CISO
2020-03-17,592.916137623393,17.51127285040289,-80.22749449574954,18.52008402195372,CISO
2020-03-18,592.9283589710109,20.9993825595948,-81.19414884290205,31.52740731229642,CISO
2020-03-19,592.9405803186288,18.263500856186283,-82.13443715121997,21.04635597640481,CISO
2020-03-20,592.9528016662468,11.78833084537094,-83.04654983932237,3.378417327704483,CISO
2020-03-21,592.9650230138648,-28.806890808794513,-83.92869024474052,10.071558039670151,CISO
2020-03-22,592.9772443614828,-47.32035000175321,-84.77907696260962,13.172182602880127,CISO
2020-03-23,592.9894657091007,7.5088071403653345,-85.59594617228403,-4.63032667718204,CISO
2020-03-24,593.0016870567188,17.51127285040289,-86.37755394905861,-3.3384059580629355,CISO
2020-03-25,593.0139084043367,20.9993825595948,-87.12217855819293,-14.771112405738677,CISO
2020-03-26,593.0261297519547,18.263500856186283,-87.82812272845594,-15.386507879685098,CISO
2020-03-27,593.0383510995727,11.78833084537094,-88.49371590242947,-13.121966042514032,CISO
2020-03-28,593.0505724471907,-28.806890808794513,-89.11731646083685,5.57963482244071,CISO
2020-03-29,593.0627937948086,-47.32035000175321,-89.69731391818975,-0.21512987486562452,CISO
2020-03-30,593.0750151424265,7.5088071403653345,-90.23213108708062,-16.897691195711275,CISO
2020-03-31,593.0872364900446,17.51127285040289,-90.7202262084822,-18.607283131965175,CISO
2020-04-01,593.0994578376625,20.9993825595948,-91.16009504545502,-34.102745351802355,CISO
2020-04-02,593.1116791852805,18.263500856186283,-91.55027293770502,-29.614907103761823,CISO
2020-04-03,593.1239005328985,11.78833084537094,-91.88933681447864,-33.548894563790725,CISO
2020-04-04,593.1361218805165,-28.806890808794513,-92.17590716333024,-2.426323908391737,CISO
2020-04-05,593.1483432281344,-47.32035000175321,-92.40864995234728,21.92765672596596,CISO
2020-04-06,593.1605645757525,7.5088071403653345,-92.58627850347294,9.032906787355216,CISO
2020-04-07,593.1727859233704,17.51127285040289,-92.70755531462137,-6.455503459151885,CISO
2020-04-08,593.1850072709884,20.9993825595948,-92.7712938283407,-11.25509600224234,CISO
2020-04-09,593.1972286186063,18.263500856186283,-92.77636014484033,4.391630670047789,CISO
2020-04-10,593.2094499662243,11.78833084537094,-92.72167467726403,-16.270106134331286,CISO
2020-04-11,593.2216713138423,-28.806890808794513,-92.6062137471565,-25.690566757891247,CISO
2020-04-12,593.2338926614602,-47.32035000175321,-92.42901111814129,-9.351531541565805,CISO
2020-04-13,593.2461140090783,7.5088071403653345,-92.1891594658996,-31.60276168354386,CISO
2020-04-14,593.2583353566962,17.51127285040289,-91.88581178261373,-44.48179642448537,CISO
2020-04-15,593.2705567043142,20.9993825595948,-91.51818271411426,-43.63675654979477,CISO
2020-04-16,593.2827780519322,18.263500856186283,-91.08554982805052,-42.451729080067935,CISO
2020-04-17,593.2949993995502,11.78833084537094,-90.58725481148218,-28.28807543343879,CISO
2020-04-18,593.3072207471681,-28.806890808794513,-90.0227045963737,-13.10162534199992,CISO
2020-04-19,593.3194420947862,-47.32035000175321,-89.39137241155674,-20.87471968147611,CISO
2020-04-20,593.3316634424041,7.5088071403653345,-88.69279875981223,-25.48167182295714,CISO
2020-04-21,593.3438847900221,17.51127285040289,-87.92659231881049,-42.69256532161444,CISO
2020-04-22,593.35610613764,20.9993825595948,-87.09243076473794,-22.266057932496835,CISO
2020-04-23,593.368327485258,18.263500856186283,-86.1900615175285,4.446233176084206,CISO
2020-04-24,593.380548832876,11.78833084537094,-85.21930240671045,43.06742272846361,CISO
2020-04-25,593.3927701804939,-28.806890808794513,-84.18004225697139,67.21116288527185,CISO
2020-04-26,593.404991528112,-47.32035000175321,-83.0722413926395,44.54759986628079,CISO
2020-04-27,593.4172128757299,7.5088071403653345,-81.89593206037335,23.77991204427815,CISO
2020-04-28,593.4294342233479,17.51127285040289,-80.65121876944863,50.25051169569781,CISO
2020-04-29,593.4416555709658,20.9993825595948,-79.33827854912738,38.6452404185668,CISO
2020-04-30,593.4538769185839,18.263500856186283,-77.95736112269205,18.30598334792205,CISO
2020-05-01,593.4660982662018,11.78833084537094,-76.5087889978252,7.273359886252479,CISO
2020-05-02,593.4783196138198,-28.806890808794513,-74.99295747311328,11.364528668088042,CISO
2020-05-03,593.4905409614378,-47.32035000175321,-73.4103345605522,-1.0698563991322771,CISO
2020-05-04,593.5027623090557,7.5088071403653345,-71.76146082403102,7.070891374609914,CISO
2020-05-05,593.5149836566737,17.51127285040289,-70.0469491338684,31.624692626791898,CISO
2020-05-06,593.5272050042917,20.9993825595948,-68.26748433757571,48.41189677368925,CISO
2020-05-07,593.5394263519097,18.263500856186283,-66.42382284711994,68.06989563902391,CISO
2020-05-08,593.5516476995276,11.78833084537094,-64.51679214305597,72.54581359815745,CISO
2020-05-09,593.5638690471457,-28.806890808794513,-62.547290195998,57.913311957646954,CISO
2020-05-10,593.5760903947636,-47.32035000175321,-60.51628480599578,24.01254441298545,CISO
2020-05-11,593.5883117423816,7.5088071403653345,-58.42481286047855,-1.9743060222683653,CISO
2020-05-12,593.6005330899995,17.51127285040289,-56.27397951152567,-22.289826428876722,CISO
2020-05-13,593.6127544376176,20.9993825595948,-54.064957273317624,-31.724179723894736,CISO
2020-05-14,593.6249757852355,18.263500856186283,-51.798985040716516,-27.710491600705268,CISO
2020-05-15,593.6371971328534,11.78833084537094,-49.47736703001645,-20.06316094820795,CISO
2020-05-16,593.6494184804715,-28.806890808794513,-47.10147164299783,4.360943971320808,CISO
2020-05-17,593.6616398280894,-47.32035000175321,-44.67273025550861,0.13244042917227716,CISO
2020-05-18,593.6738611757074,7.5088071403653345,-42.192635931886066,-33.7750323841866,CISO
2020-05-19,593.6860825233254,17.51127285040289,-39.66274206661983,-64.04561330710845,CISO
2020-05-20,593.6983038709434,20.9993825595948,-37.08466095474256,-61.776025475795564,CISO
2020-05-21,593.7105252185613,18.263500856186283,-34.46006229251952,-34.092963782228026,CISO
2020-05-22,593.7227465661794,11.78833084537094,-31.7906716100905,-40.197405801459695,CISO
2020-05-23,593.7349679137973,-28.806890808794513,-29.078268637797933,-43.587808467204866,CISO
2020-05-24,593.7471892614153,-47.32035000175321,-26.32468560801454,-23.032153651647548,CISO
2020-05-25,593.7594106090332,7.5088071403653345,-23.531805494358913,-1.1334122550397296,CISO
2020-05-26,593.7716319566513,17.51127285040289,-20.70156019026303,91.53865538320906,CISO
2020-05-27,593.7838533042692,20.9993825595948,-17.83592862892614,107.76269276506218,CISO
2020-05-28,593.7960746518871,18.263500856186283,-14.93693484676055,78.57035933868701,CISO
2020-05-29,593.8082959995052,11.78833084537094,-12.006645992501504,25.353019147625446,CISO
2020-05-30,593.8205173471231,-28.806890808794513,-9.047170284217103,-12.624456254111578,CISO
2020-05-31,593.8327386947411,-47.32035000175321,-6.060654916517564,-19.836733776470282,CISO
2020-06-01,593.844960042359,7.5088071403653345,-3.049283920320761,-1.4904832624036999,CISO
2020-06-02,593.8571813899771,17.51127285040289,-0.015275977589865875,40.71082173721004,CISO
2020-06-03,593.869402737595,20.9993825595948,3.039117806490438,105.40309689631977,CISO
2020-06-04,593.881624085213,18.263500856186283,6.111616171378671,76.92225888722191,CISO
2020-06-05,593.893845432831,11.78833084537094,9.199910006515957,-23.312086284717793,CISO
2020-06-06,593.906066780449,-28.806890808794513,12.301664691529162,-60.47784066318354,CISO
2020-06-07,593.9182881280669,-47.32035000175321,15.41452246864226,-81.25646059495614,CISO
2020-06-08,593.9305094756849,7.5088071403653345,18.536104844605994,-60.26142146065615,CISO
2020-06-09,593.9427308233029,17.51127285040289,21.664015019415828,7.130981306878425,CISO
2020-06-10,593.9549521709208,20.9993825595948,24.795840339059538,62.28982493042474,CISO
2020-06-11,593.9671735185389,18.263500856186283,27.929154769503903,58.35617085577098,CISO
2020-06-12,593.9793948661568,11.78833084537094,31.06152138910646,-24.65924710063416,CISO
2020-06-13,593.9916162137748,-28.806890808794513,34.190494896613316,-60.721220301593576,CISO
2020-06-14,594.0038375613927,-47.32035000175321,37.313624131886904,-51.86411169152643,CISO
2020-06-15,594.0160589090108,7.5088071403653345,40.428454606489396,-34.11932065586552,CISO
2020-06-16,594.0282802566287,17.51127285040289,43.53253104123901,-62.49908414827064,CISO
2020-06-17,594.0405016042467,20.9993825595948,46.62339990784072,-59.73628407168212,CISO
2020-06-18,594.0527229518647,18.263500856186283,49.69861197169452,-37.49083577974545,CISO
2020-06-19,594.0649442994826,11.78833084537094,52.75572483297627,-28.745999977829797,CISO
2020-06-20,594.0771656471006,-28.806890808794513,55.792305463090464,-29.16858030139656,CISO
2020-06-21,594.0893869947186,-47.32035000175321,58.80593273359699,-21.315969726562344,CISO
2020-06-22,594.1016083423366,7.5088071403653345,61.79419993472363,4.607384582574355,CISO
2020-06-23,594.1138296899545,17.51127285040289,64.75471728058471,12.733180179057968,CISO
2020-06-24,594.1260510375726,20.9993825595948,67.68511439824348,10.212452004589181,CISO
2020-06-25,594.1382723851905,18.263500856186283,70.58304279777188,3.572183960851362,CISO
2020-06-26,594.1504937328085,11.78833084537094,73.44617832048432,10.045997101336297,CISO
2020-06-27,594.1627150804264,-28.806890808794513,76.27222356254504,6.020952165823019,CISO
2020-06-28,594.1749364280445,-47.32035000175321,79.05891027117798,-73.63049669746931,CISO
2020-06-29,594.1871577756624,7.5088071403653345,81.80400171073805,-87.27296662676576,CISO
2020-06-30,594.1993791232803,17.51127285040289,84.50529499593807,-63.61794696962136,CISO
2020-07-01,594.2116004708984,20.9993825595948,87.16062338956249,-72.26160642005561,CISO
2020-07-02,594.2238218185163,18.263500856186283,89.76785856204062,-75.67518123674313,CISO
2020-07-03,594.2360431661343,11.78833084537094,92.32491281029417,-85.82028682179941,CISO
2020-07-04,594.2482645137522,-28.806890808794513,94.82974123332271,-44.44111493828041,CISO
2020-07-05,594.2604858613703,-47.32035000175321,97.28034386203876,-12.027479721655823,CISO
2020-07-06,594.2727072089882,7.5088071403653345,99.67476774091823,-15.170282090271826,CISO
2020-07-07,594.2849285566062,17.51127285040289,102.01110895908684,-32.38131036609593,CISO
2020-07-08,594.2971499042242,20.9993825595948,104.28751462852065,-37.568047092339725,CISO
2020-07-09,594.3093712518422,18.263500856186283,106.50218480710231,-18.843056915130774,CISO
2020-07-10,594.3215925994601,11.78833084537094,108.65337436433529,22.4637021908336,CISO
2020-07-11,594.3338139470782,-28.806890808794513,110.73939478758754,71.95068207412885,CISO
2020-07-12,594.3460352946961,-47.32035000175321,112.75861592680221,76.3986987802549,CISO
2020-07-13,594.358256642314,7.5088071403653345,114.70946767568668,39.7814685416339,CISO
2020-07-14,594.370477989932,17.51127285040289,116.59044158746286,-21.135192427797847,CISO
2020-07-15,594.38269933755,20.9993825595948,118.40009242333814,-37.43317432048286,CISO
2020-07-16,594.394920685168,18.263500856186283,120.13703963193464,-47.17946117328904,CISO
2020-07-17,594.4071420327859,11.78833084537094,121.79996875799424,-38.70144163615112,CISO
2020-07-18,594.419363380404,-28.806890808794513,123.38763277875837,-25.086105350367802,CISO
2020-07-19,594.4315847280219,-47.32035000175321,124.89885336650593,-35.59408809277454,CISO
2020-07-20,594.4438060756399,7.5088071403653345,126.33252207581829,-44.37313529182347,CISO
2020-07-21,594.4560274232579,17.51127285040289,127.68760145422738,-51.8929017278881,CISO
2020-07-22,594.4682487708759,20.9993825595948,128.96312607499175,-84.18575740546248,CISO
2020-07-23,594.4804701184938,18.263500856186283,130.15820349083668,-95.83317446551689,CISO
2020-07-24,594.4926914661118,11.78833084537094,131.2720151075843,-87.51203741906693,CISO
2020-07-25,594.5049128137298,-28.806890808794513,132.3038169766948,-72.22783898163004,CISO
2020-07-26,594.5171341613477,-47.32035000175321,133.25294050583219,-55.14572466542677,CISO
2020-07-27,594.5293555089658,7.5088071403653345,134.11879308666414,-51.28395573599505,CISO
2020-07-28,594.5415768565837,17.51127285040289,134.90085863920143,-54.84770834618803,CISO
2020-07-29,594.5537982042017,20.9993825595948,135.59869807207895,-51.06787883587549,CISO
2020-07-30,594.5660195518196,18.263500856186283,136.211949658278,-25.194470066283884,CISO
2020-07-31,594.5782408994377,11.78833084537094,136.74032932588796,5.914098929303464,CISO
2020-08-01,594.5904622470556,-28.806890808794513,137.1836308636037,-9.74020230186477,CISO
2020-08-02,594.6026835946736,-47.32035000175321,137.54172604075458,-27.38705963367488,CISO
2020-08-03,594.6149049422916,7.5088071403653345,137.81456464175892,-18.536276724415757,CISO
2020-08-04,594.6271262899095,17.51127285040289,138.0021744149987,-54.92157355531094,CISO
2020-08-05,594.6393476375275,20.9993825595948,138.10466093620707,-94.39939113332935,CISO
2020-08-06,594.6515689851454,18.263500856186283,138.12220738656157,-106.29327722789333,CISO
2020-08-07,594.6637903327635,11.78833084537094,138.05507424577394,-86.47319542390835,CISO
2020-08-08,594.6760116803814,-28.806890808794513,137.90359890056706,-61.16071977215404,CISO
2020-08-09,594.6882330279994,-47.32035000175321,137.66819516902598,-44.610078195272195,CISO
2020-08-10,594.7004543756174,7.5088071403653345,137.34935274140994,-36.62061425739273,CISO
2020-08-11,594.7126757232354,17.51127285040289,136.94763653810668,-57.06758511174485,CISO
2020-08-12,594.7248970708533,20.9993825595948,136.46368598550794,-27.790965615955997,CISO
2020-08-13,594.7371184184714,18.263500856186283,135.89821421067947,29.83416651466291,CISO
2020-08-14,594.7493397660893,11.78833084537094,135.25200715579334,106.60732223274658,CISO
2020-08-15,594.7615611137073,-28.806890808794513,134.52592261338233,144.47440708170495,CISO
2020-08-16,594.7737824613253,-47.32035000175321,133.7208891835695,136.30167835685847,CISO
2020-08-17,594.7860038089432,7.5088071403653345,132.83790515451403,132.40228389617744,CISO
2020-08-18,594.7982251565612,17.51127285040289,131.87803730740563,155.4034646856303,CISO
2020-08-19,594.8104465041791,20.9993825595948,130.84241964742512,138.93075128880082,CISO
2020-08-20,594.8226678517972,18.263500856186283,129.73225206217538,89.91157922984121,CISO
2020-08-21,594.8348891994151,11.78833084537094,128.54879890917033,90.81398104604352,CISO
2020-08-22,594.8471105470331,-28.806890808794513,127.29338753405156,103.51939272770983,CISO
2020-08-23,594.8593318946511,-47.32035000175321,125.96740672128149,91.79061138582063,CISO
2020-08-24,594.8715532422691,7.5088071403653345,124.57230507914161,99.10933453822406,CISO
2020-08-25,594.883774589887,17.51127285040289,123.10958936093745,65.12036319877257,CISO
2020-08-26,594.8959959375051,20.9993825595948,121.5808227243871,42.67179877851311,CISO
2020-08-27,594.908217285123,18.263500856186283,119.9876229312417,31.014658927448977,CISO
2020-08-28,594.9204386327409,11.78833084537094,118.3316604892524,12.708570032635748,CISO
2020-08-29,594.932659980359,-28.806890808794513,116.61465673866756,-19.369425910232053,CISO
2020-08-30,594.9448813279769,-47.32035000175321,114.83838188550547,-38.264913211729095,CISO
2020-08-31,594.9571026755949,7.5088071403653345,113.00465298390917,-32.824562799869454,CISO
2020-09-01,594.9693240232128,17.51127285040289,111.11533186994997,-47.01192874356582,CISO
2020-09-02,594.9815453708309,20.9993825595948,109.17232304929759,-45.29525097972328,CISO
2020-09-03,594.9937667184488,18.263500856186283,107.17757154123292,-16.18983911586804,CISO
2020-09-04,595.0059880660668,11.78833084537094,105.1330606815239,33.26562040703834,CISO
2020-09-05,595.0182094136848,-28.806890808794513,103.04080988673469,133.07887150837507,CISO
2020-09-06,595.0304307613028,-47.32035000175321,100.90287238258207,200.2680468578684,CISO
2020-09-07,595.0426521089207,7.5088071403653345,98.72133289899095,96.83620785172309,CISO
2020-09-08,595.0548734565386,17.51127285040289,96.4983053345415,23.822548358516997,CISO
2020-09-09,595.0670948041567,20.9993825595948,94.23593039303188,-24.895407756783243,CISO
2020-09-10,595.0793161517746,18.263500856186283,91.9363731949148,-60.880190202875724,CISO
2020-09-11,595.0915374993926,11.78833084537094,89.60182086638972,-57.382689211153206,CISO
2020-09-12,595.1037588470106,-28.806890808794513,87.23448010896055,-40.53734814717666,CISO
2020-09-13,595.1159801946286,-47.32035000175321,84.8365747522893,-37.9322049451647,CISO
2020-09-14,595.1282015422465,7.5088071403653345,82.41034329319166,-18.569351975803556,CISO
2020-09-15,595.1404228898646,17.51127285040289,79.95803642363757,-16.01073216390489,CISO
2020-09-16,595.1526442374825,20.9993825595948,77.48191455063116,-3.0749413477085454,CISO
2020-09-17,595.1648655851005,18.263500856186283,74.98424531084827,7.323388247864955,CISO
2020-09-18,595.1770869327185,11.78833084537094,72.46730108292041,27.586281138990216,CISO
2020-09-19,595.1893082803364,-28.806890808794513,69.93335650024858,14.220226028209368,CISO
2020-09-20,595.2015296279544,-47.32035000175321,67.38468596723243,0.8271344065664152,CISO
2020-09-21,595.2137509755723,7.5088071403653345,64.82356118179268,-1.6121192977303735,CISO
2020-09-22,595.2259723231904,17.51127285040289,62.252248667054474,-5.642493840647717,CISO
2020-09-23,595.2381936708083,20.9993825595948,59.67300731505023,-5.919583545453406,CISO
2020-09-24,595.2504150184263,18.263500856186283,57.08808594527959,11.20899818010787,CISO
2020-09-25,595.2626363660443,11.78833084537094,54.49972088094847,-10.321688092363615,CISO
2020-09-26,595.2748577136623,-28.806890808794513,51.91013354568727,-0.28010045055509636,CISO
2020-09-27,595.2870790612802,-47.32035000175321,49.321528083516654,28.918742856956328,CISO
2020-09-28,595.2993004088983,7.5088071403653345,46.73608900480872,74.94380344592776,CISO
2020-09-29,595.3115217565162,17.51127285040289,44.15597886095062,78.50922653213047,CISO
2020-09-30,595.3237431041342,20.9993825595948,41.58333595038796,104.43553838588309,CISO
2020-10-01,595.3359644517521,18.263500856186283,39.02027205868389,118.58026263337774,CISO
2020-10-02,595.3481857993701,11.78833084537094,36.46887023518778,104.98461312007123,CISO
2020-10-03,595.3604071469881,-28.806890808794513,33.9311826088654,77.32530105294086,CISO
2020-10-04,595.372628494606,-47.32035000175321,31.40922824578979,56.49449326135732,CISO
2020-10-05,595.3848498422241,7.5088071403653345,28.904991050745213,43.547351966665474,CISO
2020-10-06,595.397071189842,17.51127285040289,26.420417715342907,18.075238244412162,CISO
2020-10-07,595.40929253746,20.9993825595948,23.95741571498617,-3.3340908120409267,CISO
2020-10-08,595.421513885078,18.263500856186283,21.51785135697063,-31.465866098234983,CISO
2020-10-09,595.433735232696,11.78833084537094,19.10354788193566,-32.86461396000243,CISO
2020-10-10,595.4459565803139,-28.806890808794513,16.716283620824612,-22.351349392344105,CISO
2020-10-11,595.458177927932,-47.32035000175321,14.357790209441156,-23.223618135619745,CISO
2020-10-12,595.4703992755499,7.5088071403653345,12.02975086262002,17.767042721464804,CISO
2020-10-13,595.4826206231678,17.51127285040289,9.733798709960858,51.92330781646831,CISO
2020-10-14,595.4948419707858,20.9993825595948,7.47151519499478,54.53226027462472,CISO
2020-10-15,595.5070633184038,18.263500856186283,5.24442853958368,71.22900728582624,CISO
2020-10-16,595.5192846660218,11.78833084537094,3.0540122752673966,84.9233722133398,CISO
2020-10-17,595.5315060136397,-28.806890808794513,0.9016838431974605,60.04270095195727,CISO
2020-10-18,595.5437273612578,-47.32035000175321,-1.2111967357861744,40.37481937628161,CISO
2020-10-19,595.5559487088757,7.5088071403653345,-3.283328119466404,30.140572270225448,CISO
2020-10-20,595.5681700564937,17.51127285040289,-5.3134688295618915,12.52202592266542,CISO
2020-10-21,595.5803914041117,20.9993825595948,-7.300438362742035,4.72166439903549,CISO
2020-10-22,595.5926127517297,18.263500856186283,-9.243118226139458,-9.267995381776473,CISO
2020-10-23,595.6048340993476,11.78833084537094,-11.140452896235946,-14.944712048482643,CISO
2020-10-24,595.6170554469655,-28.806890808794513,-12.991450700099854,-11.792713938071302,CISO
2020-10-25,595.6292767945836,-47.32035000175321,-14.795184618036991,-19.321742174793258,CISO
2020-10-26,595.6414981422015,7.5088071403653345,-16.550793006817656,-56.19551227574925,CISO
2020-10-27,595.6537194898195,17.51127285040289,-18.25748024273316,-55.29251209748918,CISO
2020-10-28,595.6659408374375,20.9993825595948,-19.914517283831636,-48.84880611320068,CISO
2020-10-29,595.6781621850555,18.263500856186283,-21.52124215078161,-32.36242089046027,CISO
2020-10-30,595.6903835326734,11.78833084537094,-23.07706032590623,-27.348654052138045,CISO
2020-10-31,595.7026048802915,-28.806890808794513,-24.581445070029055,-24.349269001467974,CISO
2020-11-01,595.7148262279094,-47.32035000175321,-26.03393765687239,6.781461430716263,CISO
2020-11-02,595.7270475755274,7.5088071403653345,-27.434147524844605,-12.36070719104805,CISO
2020-11-03,595.7392689231453,17.51127285040289,-28.781752346153326,-17.87578942739492,CISO
2020-11-04,595.7514902707634,20.9993825595948,-30.076498013278027,-10.273374817080139,CISO
2020-11-05,595.7637116183813,18.263500856186283,-31.318198542936123,3.1779860683684547,CISO
2020-11-06,595.7759329659992,11.78833084537094,-32.50673589777326,-9.305527913597075,CISO
2020-11-07,595.7881543136173,-28.806890808794513,-33.64205972610576,-28.8052037787171,CISO
2020-11-08,595.8003756612352,-47.32035000175321,-34.72418702014322,-16.87583863933878,CISO
2020-11-09,595.8125970088532,7.5088071403653345,-35.7532016932137,-11.546202456004721,CISO
2020-11-10,595.8248183564712,17.51127285040289,-36.72925407661047,-8.876837130263539,CISO
2020-11-11,595.8370397040892,20.9993825595948,-37.65256033677679,-21.90686192690714,CISO
2020-11-12,595.8492610517071,18.263500856186283,-38.52340181363703,-16.97936009425632,CISO
2020-11-13,595.8614823993252,11.78833084537094,-39.34212428097817,-3.7226889637178147,CISO
2020-11-14,595.8737037469431,-28.806890808794513,-40.10913712987667,-15.85367580827193,CISO
2020-11-15,595.8859250945611,-47.32035000175321,-40.82491247625861,-11.868662616549273,CISO
2020-11-16,595.898146442179,7.5088071403653345,-41.48998419376947,-12.966969388774828,CISO
2020-11-17,595.910367789797,17.51127285040289,-42.10494687321888,-9.962693766981033,CISO
2020-11-18,595.922589137415,20.9993825595948,-42.6704547099537,-18.810516987055962,CISO
2020-11-19,595.9348104850329,18.263500856186283,-43.18722032059634,-14.874091020622927,CISO
2020-11-20,595.947031832651,11.78833084537094,-43.656013490670354,-1.2153491873514213,CISO
2020-11-21,595.9592531802689,-28.806890808794513,-44.0776598547168,0.9452974832423706,CISO
2020-11-22,595.9714745278869,-47.32035000175321,-44.45303951058373,6.07891498445008,CISO
2020-11-23,595.9836958755048,7.5088071403653345,-44.78308556965061,5.356582553780413,CISO
2020-11-24,595.9959172231229,17.51127285040289,-45.06878264482403,-0.4214074287016274,CISO
2020-11-25,596.0081385707408,20.9993825595948,-45.311165278214496,-7.831355852121078,CISO
2020-11-26,596.0203599183588,18.263500856186283,-45.51131631047681,-53.86554446406819,CISO
2020-11-27,596.0325812659768,11.78833084537094,-45.670365193862615,-43.2485469174851,CISO
2020-11-28,596.0448026135947,-28.806890808794513,-45.789486251103426,1.2245744463032224,CISO
2020-11-29,596.0570239612127,-47.32035000175321,-45.869896882303095,15.358222922843709,CISO
2020-11-30,596.0692453088307,7.5088071403653345,-45.91285572208227,19.39580327288627,CISO
2020-12-01,596.0814666564487,17.51127285040289,-45.9196607492744,17.823921242422784,CISO
2020-12-02,596.0936880040666,20.9993825595948,-45.89164735152947,11.352576787868088,CISO
2020-12-03,596.1059093516847,18.263500856186283,-45.830186347234026,9.91577613936306,CISO
2020-12-04,596.1181306993026,11.78833084537094,-45.73668196720661,18.22522042253297,CISO
2020-12-05,596.1303520469206,-28.806890808794513,-45.61256979867428,28.96210856054813,CISO
2020-12-06,596.1425733945385,-47.32035000175321,-45.45931469408052,27.186091301295164,CISO
2020-12-07,596.1547947421566,7.5088071403653345,-45.278408647315324,31.58580676479346,CISO
2020-12-08,596.1670160897745,17.51127285040289,-45.07136863999703,14.179079699819567,CISO
2020-12-09,596.1792374373925,20.9993825595948,-44.83973446046911,9.297114463481762,CISO
2020-12-10,596.1914587850105,18.263500856186283,-44.58506649820789,12.685106857011078,CISO
2020-12-11,596.2036801326284,11.78833084537094,-44.30894351636489,31.44293253836554,CISO
2020-12-12,596.2159014802464,-28.806890808794513,-44.01296040519267,37.41094973374072,CISO
2020-12-13,596.2281228278644,-47.32035000175321,-43.69872591912533,37.5929530930141,CISO
2020-12-14,596.2403441754824,7.5088071403653345,-43.36786040030263,18.692709084454805,CISO
2020-12-15,596.2525655231003,17.51127285040289,-43.0219934913427,19.453155117839515,CISO
2020-12-16,596.2647868707184,20.9993825595948,-42.662761840179485,16.76359240986642,CISO
2020-12-17,596.2770082183363,18.263500856186283,-42.29180679979012,14.106297725267495,CISO
2020-12-18,596.2892295659543,11.78833084537094,-41.910772125641856,15.106211714316714,CISO
2020-12-19,596.3014509135722,-28.806890808794513,-41.52130167369066,23.72574156891278,CISO
2020-12-20,596.3136722611903,-47.32035000175321,-41.125037101761485,30.615714842324508,CISO
2020-12-21,596.3258936088082,7.5088071403653345,-40.72361557713496,15.612914827961504,CISO
2020-12-22,596.3381149564261,17.51127285040289,-40.31866749315775,4.967279686328766,CISO
2020-12-23,596.3503363040442,20.9993825595948,-39.91181419768055,10.157095334041628,CISO
2020-12-24,596.3625576516621,18.263500856186283,-39.50466573611467,-9.106392771733795,CISO
2020-12-25,596.3747789992801,11.78833084537094,-39.098818611876915,-55.77229123277414,CISO
2020-12-26,596.387000346898,-28.806890808794513,-38.695853566974044,-20.62325597112948,CISO
2020-12-27,596.3992216945161,-47.32035000175321,-38.29733338544954,10.17846169268671,CISO
2020-12-28,596.411443042134,7.5088071403653345,-37.90480072239017,7.736550539890914,CISO
2020-12-29,596.423664389752,17.51127285040289,-37.51977596115626,-13.451161278998597,CISO
2020-12-30,596.43588573737,20.9993825595948,-37.14375510146565,-16.8585131954992,CISO
2020-12-31,596.448107084988,18.263500856186283,-36.77820768092369,-36.022400260250606,CISO
2021-01-01,596.4603284326059,11.78833084537094,-36.68862682682142,-69.50403245115552,CISO
2021-01-02,596.4725497802239,-28.806890808794513,-36.33819412613561,-11.814464845293855,CISO
2021-01-03,596.4847711278419,-47.32035000175321,-36.00143405526362,-5.1689870708250965,CISO
2021-01-04,596.4969924754598,7.5088071403653345,-35.6797162475328,-8.739083368292313,CISO
2021-01-05,596.5092138230779,17.51127285040289,-35.37437547222815,-15.392111201252533,CISO
2021-01-06,596.5214351706958,20.9993825595948,-35.086709772489016,-5.711107957801573,CISO
2021-01-07,596.5336565183138,18.263500856186283,-34.81797865180582,-6.061178722694194,CISO
2021-01-08,596.5458778659317,11.78833084537094,-34.56940131134553,-5.253807399957168,CISO
2021-01-09,596.5580992135498,-28.806890808794513,-34.342154940272465,-4.117053464482865,CISO
2021-01-10,596.5703205611677,-47.32035000175321,-34.137373061166784,1.6824025017523354,CISO
2021-01-11,596.5825419087857,7.5088071403653345,-33.95614393257671,-6.653205116574441,CISO
2021-01-12,596.5947632564037,17.51127285040289,-33.79950901067029,-2.783527096136254,CISO
2021-01-13,596.6069846040217,20.9993825595948,-33.668461471882125,-24.466905691734382,CISO
2021-01-14,596.6192059516396,18.263500856186283,-33.5639447983755,-25.887762009450284,CISO
2021-01-15,596.6314272992576,11.78833084537094,-33.486851428065364,-20.714906716563178,CISO
2021-01-16,596.6436486468756,-28.806890808794513,-33.438021470868655,-24.93273636721233,CISO
2021-01-17,596.6558699944935,-47.32035000175321,-33.41824149276869,-22.171278499971663,CISO
2021-01-18,596.6680913421116,7.5088071403653345,-33.4282433691987,-41.666655113278125,CISO
2021-01-19,596.6803126897295,17.51127285040289,-33.46870320916498,-35.9588823309673,CISO
2021-01-20,596.6925340373475,20.9993825595948,-33.54024035144541,-34.95567624549676,CISO
2021-01-21,596.7047553849654,18.263500856186283,-33.643416434111536,-30.288839807040176,CISO
2021-01-22,596.7169767325835,11.78833084537094,-33.77873453853392,-8.635573039420365,CISO
2021-01-23,596.7291980802014,-28.806890808794513,-33.9466384089404,7.614331137533554,CISO
2021-01-24,596.7414194278194,-47.32035000175321,-34.147511748506105,17.763442322439914,CISO
2021-01-25,596.7536407754374,7.5088071403653345,-34.38167759286064,14.032229677058012,CISO
2021-01-26,596.7658621230553,17.51127285040289,-34.64939776180552,13.73626278834729,CISO
2021-01-27,596.7780834706733,20.9993825595948,-34.9508723899394,1.5244063596713886,CISO
2021-01-28,596.7903048182912,18.263500856186283,-35.2862395367944,-3.2925661376832522,CISO
2021-01-29,596.8025261659093,11.78833084537094,-35.65557487698952,-2.53428213429072,CISO
2021-01-30,596.8147475135272,-28.806890808794513,-36.0588914708119,-16.733965233920912,CISO
2021-01-31,596.8269688611452,-47.32035000175321,-36.49613961553842,-15.83247924385364,CISO
2021-02-01,596.8391902087632,7.5088071403653345,-36.96720677771306,-23.116790571415436,CISO
2021-02-02,596.8514115563812,17.51127285040289,-37.471917606497975,-37.116766800286086,CISO
2021-02-03,596.8636329039991,20.9993825595948,-38.01003402811738,-31.47298143547664,CISO
2021-02-04,596.8758542516172,18.263500856186283,-38.58125542131644,-26.096099686487037,CISO
2021-02-05,596.8880755992351,11.78833084537094,-39.18521887365872,-32.033187570947234,CISO
2021-02-06,596.900296946853,-28.806890808794513,-39.82149951838826,-31.89690661967029,CISO
2021-02-07,596.912518294471,-47.32035000175321,-40.4896109514851,-29.55655734123269,CISO
2021-02-08,596.924739642089,7.5088071403653345,-41.189005728446055,-24.869541054008323,CISO
2021-02-09,596.936960989707,17.51127285040289,-41.91907594022595,-13.326157899883924,CISO
2021-02-10,596.9491823373249,20.9993825595948,-42.67915386767916,-33.95141102924072,CISO
2021-02-11,596.961403684943,18.263500856186283,-43.46851271374594,-14.655391827383255,CISO
2021-02-12,596.9736250325609,11.78833084537094,-44.286367412534126,-34.74458846539767,CISO
2021-02-13,596.9858463801789,-28.806890808794513,-45.13187551435425,-21.623080057030165,CISO
2021-02-14,596.9980677277969,-47.32035000175321,-46.00413814567258,-12.289579580371026,CISO
2021-02-15,597.0102890754149,7.5088071403653345,-46.90220104285803,-16.01489517292225,CISO
2021-02-16,597.0225104230328,17.51127285040289,-47.825055658507665,-22.18072761492806,CISO
2021-02-17,597.0347317706509,20.9993825595948,-48.77164033904826,-22.803473991197393,CISO
2021-02-18,597.0469531182688,18.263500856186283,-49.740841572225186,-17.57361240222997,CISO
2021-02-19,597.0591744658867,11.78833084537094,-50.731495303004706,-14.330010008253112,CISO
2021-02-20,597.0713958135048,-28.806890808794513,-51.74238831633242,-15.280116688377746,CISO
2021-02-21,597.0836171611227,-47.32035000175321,-52.772259685110534,-14.808007474258943,CISO
2021-02-22,597.0958385087407,7.5088071403653345,-53.819802281675756,-19.621843367430188,CISO
2021-02-23,597.1080598563586,17.51127285040289,-54.883664350983935,-28.160668355777602,CISO
2021-02-24,597.1202812039767,20.9993825595948,-55.96245114363134,-26.788212619940055,CISO
2021-02-25,597.1325025515946,18.263500856186283,-57.05472660676987,-23.587276801010944,CISO
2021-02-26,597.1447238992126,11.78833084537094,-58.15901513090353,-15.753039613680016,CISO
2021-02-27,597.1569452468306,-28.806890808794513,-59.273803350484215,-16.027251087551974,CISO
2021-02-28,597.1691665944486,-47.32035000175321,-60.39754199615982,-13.6362745965356,CISO
2021-03-01,597.1813879420665,7.5088071403653345,-61.5286477964645,-9.629547285967305,CISO
2021-03-02,597.1936092896844,17.51127285040289,-62.66550542667994,-8.168376713407383,CISO
2021-03-03,597.2058306373025,20.9993825595948,-63.80646950253895,22.67225630564178,CISO
2021-03-04,597.2180519849204,18.263500856186283,-64.94986661638742,-2.5146862247192985,CISO
2021-03-05,597.2302733325384,11.78833084537094,-66.09399741336838,-1.4196067645410722,CISO
2021-03-06,597.2424946801564,-28.806890808794513,-67.23713870514274,-5.829465166219165,CISO
2021-03-07,597.2547160277744,-47.32035000175321,-68.37754561861449,7.721179592593387,CISO
2021-03-08,597.2669373753923,7.5088071403653345,-69.51345377708469,15.651709261327028,CISO
2021-03-09,597.2791587230104,17.51127285040289,-70.64308151121904,21.846649937805864,CISO
2021-03-10,597.2913800706283,20.9993825595948,-71.76463209717497,34.01586946695181,CISO
2021-03-11,597.3036014182463,18.263500856186283,-72.87629601920167,22.12519374476915,CISO
2021-03-12,597.3158227658643,11.78833084537094,-73.9762532539946,19.13209964275927,CISO
2021-03-13,597.3280441134822,-28.806890808794513,-75.0626755740583,11.24852226937054,CISO
2021-03-14,597.3402654611002,-47.32035000175321,-76.13372886730784,7.385813407960825,CISO
2021-03-15,597.3524868087181,7.5088071403653345,-77.18757547011639,39.34428152103294,CISO
2021-03-16,597.3647081563362,17.51127285040289,-78.22237651100056,21.224395504261565,CISO
2021-03-17,597.3769295039541,20.9993825595948,-79.236294262119,24.42698219857016,CISO
2021-03-18,597.3891508515721,18.263500856186283,-80.22749449574954,23.15084278799111,CISO
2021-03-19,597.4013721991901,11.78833084537094,-81.19414884290205,11.65944579834104,CISO
2021-03-20,597.4135935468081,-28.806890808794513,-82.13443715121997,3.676734413206418,CISO
2021-03-21,597.425814894426,-47.32035000175321,-83.04654983932237,-0.8119150533505035,CISO
2021-03-22,597.4380362420441,7.5088071403653345,-83.92869024474052,1.8288468623311473,CISO
2021-03-23,597.450257589662,17.51127285040289,-84.77907696260962,-0.3854534774551439,CISO
2021-03-24,597.46247893728,20.9993825595948,-85.59594617228403,-6.590915324590696,CISO
2021-03-25,597.474700284898,18.263500856186283,-86.37755394905861,10.33535280797446,CISO
2021-03-26,597.4869216325159,11.78833084537094,-87.12217855819293,0.5289260803060643,CISO
2021-03-27,597.4991429801339,-28.806890808794513,-87.82812272845594,4.8918705571164764,CISO
2021-03-28,597.5113643277518,-47.32035000175321,-88.49371590242947,15.200701576430902,CISO
2021-03-29,597.5235856753699,7.5088071403653345,-89.11731646083685,13.74792364510165,CISO
2021-03-30,597.5358070229878,17.51127285040289,-89.69731391818975,8.032234044798997,CISO
2021-03-31,597.5480283706058,20.9993825595948,-90.23213108708062,19.017720156880046,CISO
2021-04-01,597.5602497182238,18.263500856186283,-90.7202262084822,31.40747563407217,CISO
2021-04-02,597.5724710658418,11.78833084537094,-91.16009504545502,15.147293134242318,CISO
2021-04-03,597.5846924134597,-28.806890808794513,-91.55027293770502,15.965471333039716,CISO
2021-04-04,597.5969137610778,-47.32035000175321,-91.88933681447864,11.840773055154216,CISO
2021-04-05,597.6091351086957,7.5088071403653345,-92.17590716333024,18.41696491426933,CISO
2021-04-06,597.6213564563136,17.51127285040289,-92.40864995234728,15.027020645630728,CISO
2021-04-07,597.6335778039316,20.9993825595948,-92.58627850347294,23.16931813994654,CISO
2021-04-08,597.6457991515496,18.263500856186283,-92.70755531462137,22.66425530688548,CISO
2021-04-09,597.6580204991676,11.78833084537094,-92.7712938283407,19.986942483802295,CISO
2021-04-10,597.6702418467855,-28.806890808794513,-92.77636014484033,24.59700910684927,CISO
2021-04-11,597.6824631944036,-47.32035000175321,-92.72167467726403,19.33856148461365,CISO
2021-04-12,597.6946845420215,7.5088071403653345,-92.6062137471565,24.507722064769723,CISO
2021-04-13,597.7069058896395,17.51127285040289,-92.42901111814129,29.605832378098853,CISO
2021-04-14,597.7191272372575,20.9993825595948,-92.1891594658996,9.176649669047492,CISO
2021-04-15,597.7313485848755,18.263500856186283,-91.88581178261373,12.118962341551992,CISO
2021-04-16,597.7435699324934,11.78833084537094,-91.51818271411426,16.874281936249872,CISO
2021-04-17,597.7557912801113,-28.806890808794513,-91.08554982805052,17.688649356733606,CISO
2021-04-18,597.7680126277294,-47.32035000175321,-90.58725481148218,25.188592185506025,CISO
2021-04-19,597.7802339753473,7.5088071403653345,-90.0227045963737,43.730663480661065,CISO
2021-04-20,597.7924553229653,17.51127285040289,-89.39137241155674,23.67264423818858,CISO
2021-04-21,597.8046766705833,20.9993825595948,-88.69279875981223,20.65273952963412,CISO
2021-04-22,597.8168980182013,18.263500856186283,-87.92659231881049,31.667193444422992,CISO
2021-04-23,597.8291193658192,11.78833084537094,-87.09243076473794,23.62598055354772,CISO
2021-04-24,597.8413407134373,-28.806890808794513,-86.1900615175285,18.08161161288575,CISO
2021-04-25,597.8535620610552,-47.32035000175321,-85.21930240671045,19.34809034740846,CISO
2021-04-26,597.8657834086732,7.5088071403653345,-84.18004225697139,7.782451707932864,CISO
2021-04-27,597.8780047562911,17.51127285040289,-83.0722413926395,-5.876036214054466,CISO
2021-04-28,597.8902261039092,20.9993825595948,-81.89593206037335,10.756323396869448,CISO
2021-04-29,597.9024474515271,18.263500856186283,-80.65121876944863,43.41327046173524,CISO
2021-04-30,597.914668799145,11.78833084537094,-79.33827854912738,72.10527890461151,CISO
2021-05-01,597.9268901467631,-28.806890808794513,-77.95736112269205,32.32936178472352,CISO
2021-05-02,597.939111494381,-47.32035000175321,-76.5087889978252,9.687027505197477,CISO
2021-05-03,597.951332841999,7.5088071403653345,-74.99295747311328,28.680817490749064,CISO
2021-05-04,597.963554189617,17.51127285040289,-73.4103345605522,54.410507520532406,CISO
2021-05-05,597.975775537235,20.9993825595948,-71.76146082403102,66.24430272720122,CISO
2021-05-06,597.9879968848529,18.263500856186283,-70.0469491338684,38.410451392829145,CISO
2021-05-07,598.000218232471,11.78833084537094,-68.26748433757571,25.44693525973389,CISO
2021-05-08,598.0124395800889,-28.806890808794513,-66.42382284711994,21.658274075825602,CISO
2021-05-09,598.0246609277069,-47.32035000175321,-64.51679214305597,20.215481217102308,CISO
2021-05-10,598.0368822753248,7.5088071403653345,-62.547290195998,31.241600780307863,CISO
2021-05-11,598.0491036229428,17.51127285040289,-60.51628480599578,35.84690833265006,CISO
2021-05-12,598.0613249705608,20.9993825595948,-58.42481286047855,43.14010533032297,CISO
2021-05-13,598.0735463181787,18.263500856186283,-56.27397951152567,38.53793233716067,CISO
2021-05-14,598.0857676657968,11.78833084537094,-54.064957273317624,26.165858762149924,CISO
2021-05-15,598.0979890134147,-28.806890808794513,-51.798985040716516,3.6398868360962524,CISO
2021-05-16,598.1102103610327,-47.32035000175321,-49.47736703001645,-6.828493329263097,CISO
2021-05-17,598.1224317086507,7.5088071403653345,-47.10147164299783,9.228232793981874,CISO
2021-05-18,598.1346530562687,17.51127285040289,-44.67273025550861,5.733804348836998,CISO
2021-05-19,598.1468744038866,20.9993825595948,-42.192635931886066,-11.41062103159527,CISO
2021-05-20,598.1590957515047,18.263500856186283,-39.66274206661983,-27.7908545410711,CISO
2021-05-21,598.1713170991226,11.78833084537094,-37.08466095474256,-35.07198698975094,CISO
2021-05-22,598.1835384467405,-28.806890808794513,-34.46006229251952,-39.55058534542661,CISO
2021-05-23,598.1957597943585,-47.32035000175321,-31.7906716100905,-40.95273818251479,CISO
2021-05-24,598.2079811419765,7.5088071403653345,-29.078268637797933,-2.5115196445439096,CISO
2021-05-25,598.2202024895945,17.51127285040289,-26.32468560801454,12.173210268017215,CISO
2021-05-26,598.2324238372124,20.9993825595948,-23.531805494358913,3.3279990975516967,CISO
2021-05-27,598.2446451848305,18.263500856186283,-20.70156019026303,-2.493585850753675,CISO
2021-05-28,598.2568665324484,11.78833084537094,-17.83592862892614,6.927731251106707,CISO
2021-05-29,598.2690878800664,-28.806890808794513,-14.93693484676055,-13.036262224511347,CISO
2021-05-30,598.2813092276843,-47.32035000175321,-12.006645992501504,-6.540313233429629,CISO
2021-05-31,598.2935305753024,7.5088071403653345,-9.047170284217103,-5.27916743145056,CISO
2021-06-01,598.3057519229203,17.51127285040289,-6.060654916517564,48.82663014319439,CISO
2021-06-02,598.3179732705382,20.9993825595948,-3.049283920320761,46.40792809018774,CISO
2021-06-03,598.3301946181563,18.263500856186283,-0.015275977589865875,51.33058050324746,CISO
2021-06-04,598.3424159657742,11.78833084537094,3.039117806490438,47.31913538236438,CISO
2021-06-05,598.3546373133922,-28.806890808794513,6.111616171378671,24.429637324023588,CISO
2021-06-06,598.3668586610102,-47.32035000175321,9.199910006515957,-5.060418665772886,CISO
2021-06-07,598.3790800086282,7.5088071403653345,12.301664691529162,-29.668551840522696,CISO
2021-06-08,598.3913013562461,17.51127285040289,15.41452246864226,-62.33709667529138,CISO
2021-06-09,598.4035227038642,20.9993825595948,18.536104844605994,-72.6190101080648,CISO
2021-06-10,598.4157440514821,18.263500856186283,21.664015019415828,-75.09025992708416,CISO
2021-06-11,598.4279653991001,11.78833084537094,24.795840339059538,-53.67413658353064,CISO
2021-06-12,598.440186746718,-28.806890808794513,27.929154769503903,-9.158450707427505,CISO
2021-06-13,598.4524080943361,-47.32035000175321,31.06152138910646,7.67542051831083,CISO
2021-06-14,598.464629441954,7.5088071403653345,34.190494896613316,40.4960685210674,CISO
2021-06-15,598.4768507895719,17.51127285040289,37.313624131886904,70.54825222813827,CISO
2021-06-16,598.48907213719,20.9993825595948,40.428454606489396,90.2890906967259,CISO
2021-06-17,598.5012934848079,18.263500856186283,43.53253104123901,115.85267461776675,CISO
2021-06-18,598.5135148324259,11.78833084537094,46.62339990784072,121.61275441436248,CISO
2021-06-19,598.5257361800439,-28.806890808794513,49.69861197169452,86.04054265705611,CISO
2021-06-20,598.5379575276619,-47.32035000175321,52.75572483297627,44.259667641115016,CISO
2021-06-21,598.5501788752798,7.5088071403653345,55.792305463090464,22.1647085212644,CISO
2021-06-22,598.5624002228978,17.51127285040289,58.80593273359699,4.559394193102321,CISO
2021-06-23,598.5746215705158,20.9993825595948,61.79419993472363,1.2607959351657883,CISO
2021-06-24,598.5868429181338,18.263500856186283,64.75471728058471,-21.70206105490479,CISO
2021-06-25,598.5990642657517,11.78833084537094,67.68511439824348,-13.67150950936616,CISO
2021-06-26,598.6112856133697,-28.806890808794513,70.58304279777188,24.322562397652973,CISO
2021-06-27,598.6235069609877,-47.32035000175321,73.44617832048432,46.953664720281154,CISO
2021-06-28,598.6357283086056,7.5088071403653345,76.27222356254504,44.606240988484046,CISO
2021-06-29,598.6479496562237,17.51127285040289,79.05891027117798,31.317867222195332,CISO
2021-06-30,598.6601710038416,20.9993825595948,81.80400171073805,30.89844472582547,CISO
2021-07-01,598.6723923514596,18.263500856186283,84.50529499593807,30.325811796416133,CISO
2021-07-02,598.6846136990775,11.78833084537094,87.16062338956249,28.028432065989023,CISO
2021-07-03,598.6968350466956,-28.806890808794513,89.76785856204062,17.83819720005829,CISO
2021-07-04,598.7090563943135,-47.32035000175321,92.32491281029417,-23.39061920285451,CISO
2021-07-05,598.7212777419315,7.5088071403653345,94.82974123332271,-52.48082611561961,CISO
2021-07-06,598.7334990895495,17.51127285040289,97.28034386203876,-15.956115801991132,CISO
2021-07-07,598.7457204371674,20.9993825595948,99.67476774091823,5.480129262319565,CISO
2021-07-08,598.7579417847854,18.263500856186283,102.01110895908684,54.51444839994144,CISO
2021-07-09,598.7701631324034,11.78833084537094,104.28751462852065,100.91299139370494,CISO
2021-07-10,598.7823844800214,-28.806890808794513,106.50218480710231,96.34732152167089,CISO
2021-07-11,598.7946058276393,-47.32035000175321,108.65337436433529,59.99636980977857,CISO
2021-07-12,598.8068271752574,7.5088071403653345,110.73939478758754,30.820970896789845,CISO
2021-07-13,598.8190485228753,17.51127285040289,112.75861592680221,26.75006269991968,CISO
2021-07-14,598.8312698704933,20.9993825595948,114.70946767568668,17.355879894225154,CISO
2021-07-15,598.8434912181112,18.263500856186283,116.59044158746286,8.284566338239529,CISO
2021-07-16,598.8557125657293,11.78833084537094,118.40009242333814,-2.0441358344382934,CISO
2021-07-17,598.8679339133472,-28.806890808794513,120.13703963193464,13.353917263512585,CISO
2021-07-18,598.8801552609651,-47.32035000175321,121.79996875799424,38.166225982793776,CISO
2021-07-19,598.8923766085832,7.5088071403653345,123.38763277875837,62.502183472293154,CISO
2021-07-20,598.9045979562011,17.51127285040289,124.89885336650593,44.31827582689016,CISO
2021-07-21,598.9168193038191,20.9993825595948,126.33252207581829,41.75927606076789,CISO
2021-07-22,598.929040651437,18.263500856186283,127.68760145422738,28.114857038149353,CISO
2021-07-23,598.9412619990551,11.78833084537094,128.96312607499175,19.945281080582276,CISO
2021-07-24,598.953483346673,-28.806890808794513,130.15820349083668,-5.229796028715214,CISO
2021-07-25,598.965704694291,-47.32035000175321,131.2720151075843,-18.942369800122037,CISO
2021-07-26,598.977926041909,7.5088071403653345,132.3038169766948,-32.87055015896908,CISO
2021-07-27,598.990147389527,17.51127285040289,133.25294050583219,1.4306392542379172,CISO
2021-07-28,599.0023687371449,20.9993825595948,134.11879308666414,18.479455616596283,CISO
2021-07-29,599.014590084763,18.263500856186283,134.90085863920143,31.226050419849344,CISO
2021-07-30,599.0268114323809,11.78833084537094,135.59869807207895,30.581159650169184,CISO
2021-07-31,599.0390327799988,-28.806890808794513,136.211949658278,5.859908370517701,CISO
2021-08-01,599.0512541276169,-47.32035000175321,136.74032932588796,-14.061233451751605,CISO
2021-08-02,599.0634754752348,7.5088071403653345,137.1836308636037,4.080086520796158,CISO
2021-08-03,599.0756968228528,17.51127285040289,137.54172604075458,11.338304285989693,CISO
2021-08-04,599.0879181704707,20.9993825595948,137.81456464175892,10.748134628175535,CISO
2021-08-05,599.1001395180888,18.263500856186283,138.0021744149987,-3.3028147892736115,CISO
2021-08-06,599.1123608657067,11.78833084537094,138.10466093620707,-16.511352647284752,CISO
2021-08-07,599.1245822133247,-28.806890808794513,138.12220738656157,-31.235898791091813,CISO
2021-08-08,599.1368035609427,-47.32035000175321,138.05507424577394,-34.11552780496345,CISO
2021-08-09,599.1490249085607,7.5088071403653345,137.90359890056706,-9.868430949493018,CISO
2021-08-10,599.1612462561786,17.51127285040289,137.66819516902598,21.204285724392435,CISO
2021-08-11,599.1734676037966,20.9993825595948,137.34935274140994,38.54579709519862,CISO
2021-08-12,599.1856889514146,18.263500856186283,136.94763653810668,41.852173654292415,CISO
2021-08-13,599.1979102990325,11.78833084537094,136.46368598550794,18.14307287008853,CISO
2021-08-14,599.2101316466506,-28.806890808794513,135.89821421067947,20.0235449514646,CISO
2021-08-15,599.2223529942685,-47.32035000175321,135.25200715579334,34.93498985169151,CISO
2021-08-16,599.2345743418865,7.5088071403653345,134.52592261338233,60.02769590436594,CISO
2021-08-17,599.2467956895044,17.51127285040289,133.7208891835695,14.482042276523202,CISO
2021-08-18,599.2590170371225,20.9993825595948,132.83790515451403,-55.91630475123122,CISO
2021-08-19,599.2712383847404,18.263500856186283,131.87803730740563,-61.090776548332315,CISO
2021-08-20,599.2834597323584,11.78833084537094,130.84241964742512,-71.04321022515444,CISO
2021-08-21,599.2956810799764,-28.806890808794513,129.73225206217538,-100.84304233335718,CISO
2021-08-22,599.3079024275943,-47.32035000175321,128.54879890917033,-98.31235133501139,CISO
2021-08-23,599.3201237752123,7.5088071403653345,127.29338753405156,-86.56431844962913,CISO
2021-08-24,599.3323451228302,17.51127285040289,125.96740672128149,-76.22902469451469,CISO
2021-08-25,599.3445664704483,20.9993825595948,124.57230507914161,-46.047254109184564,CISO
2021-08-26,599.3567878180662,18.263500856186283,123.10958936093745,-0.7868780351900568,CISO
2021-08-27,599.3690091656842,11.78833084537094,121.5808227243871,29.578837264557706,CISO
2021-08-28,599.3812305133022,-28.806890808794513,119.9876229312417,34.34503736425063,CISO
2021-08-29,599.3934518609202,-47.32035000175321,118.3316604892524,33.49323765158067,CISO
2021-08-30,599.4056732085381,7.5088071403653345,116.61465673866756,27.09186291242895,CISO
2021-08-31,599.4178945561562,17.51127285040289,114.83838188550547,-32.310549292064366,CISO
2021-09-01,599.4301159037741,20.9993825595948,113.00465298390917,-71.19015144727803,CISO
2021-09-02,599.4423372513921,18.263500856186283,111.11533186994997,-68.55916997752843,CISO
2021-09-03,599.45455859901,11.78833084537094,109.17232304929759,-56.18121249367846,CISO
2021-09-04,599.466779946628,-28.806890808794513,107.17757154123292,-27.766460679066427,CISO
2021-09-05,599.479001294246,-47.32035000175321,105.1330606815239,7.357288025983394,CISO
2021-09-06,599.4912226418639,7.5088071403653345,103.04080988673469,-2.744839668963891,CISO
2021-09-07,599.503443989482,17.51127285040289,100.90287238258207,54.432410777533164,CISO
2021-09-08,599.5156653370999,20.9993825595948,98.72133289899095,73.73361920431444,CISO
2021-09-09,599.5278866847179,18.263500856186283,96.4983053345415,92.67130712455435,CISO
2021-09-10,599.5401080323359,11.78833084537094,94.23593039303188,69.95563072926132,CISO
2021-09-11,599.5523293799539,-28.806890808794513,91.9363731949148,54.07718823392588,CISO
2021-09-12,599.5645507275718,-47.32035000175321,89.60182086638972,40.186978407791685,CISO
2021-09-13,599.5767720751899,7.5088071403653345,87.23448010896055,28.574940675484186,CISO
2021-09-14,599.5889934228078,17.51127285040289,84.8365747522893,-4.345841025500022,CISO
2021-09-15,599.6012147704257,20.9993825595948,82.41034329319166,-35.29094062321212,CISO
2021-09-16,599.6134361180438,18.263500856186283,79.95803642363757,-59.35297339786757,CISO
2021-09-17,599.6256574656617,11.78833084537094,77.48191455063116,-62.330902861663844,CISO
2021-09-18,599.6378788132797,-28.806890808794513,74.98424531084827,-65.9422333153334,CISO
2021-09-19,599.6501001608976,-47.32035000175321,72.46730108292041,-70.64005124206483,CISO
2021-09-20,599.6623215085157,7.5088071403653345,69.93335650024858,-34.31748514912954,CISO
2021-09-21,599.6745428561336,17.51127285040289,67.38468596723243,42.93849832623107,CISO
2021-09-22,599.6867642037516,20.9993825595948,64.82356118179268,60.280292054860865,CISO
2021-09-23,599.6989855513696,18.263500856186283,62.252248667054474,21.879264925389634,CISO
2021-09-24,599.7112068989876,11.78833084537094,59.67300731505023,0.9454549405912758,CISO
2021-09-25,599.7234282466055,-28.806890808794513,57.08808594527959,-23.677623383090577,CISO
2021-09-26,599.7356495942234,-47.32035000175321,54.49972088094847,-49.314020473418736,CISO
2021-09-27,599.7478709418415,7.5088071403653345,51.91013354568727,-52.29981162789409,CISO
2021-09-28,599.7600922894594,17.51127285040289,49.321528083516654,-68.33489322337891,CISO
2021-09-29,599.7723136370774,20.9993825595948,46.73608900480872,-72.93778520148089,CISO
2021-09-30,599.7845349846954,18.263500856186283,44.15597886095062,-42.364014701832275,CISO
2021-10-01,599.7967563323134,11.78833084537094,41.58333595038796,-17.39142312807212,CISO
2021-10-02,599.8089776799313,-28.806890808794513,39.02027205868389,-2.547358929820689,CISO
2021-10-03,599.8211990275494,-47.32035000175321,36.46887023518778,7.9852807390161615,CISO
2021-10-04,599.8334203751673,7.5088071403653345,33.9311826088654,7.95158987560194,CISO
2021-10-05,599.8456417227853,17.51127285040289,31.40922824578979,-14.68014281897797,CISO
2021-10-06,599.8578630704033,20.9993825595948,28.904991050745213,-35.994236680743256,CISO
2021-10-07,599.8700844180213,18.263500856186283,26.420417715342907,-43.191002989550384,CISO
2021-10-08,599.8823057656392,11.78833084537094,23.95741571498617,-59.48905232599634,CISO
2021-10-09,599.8945271132571,-28.806890808794513,21.51785135697063,-72.94548766143339,CISO
2021-10-10,599.9067484608752,-47.32035000175321,19.10354788193566,-63.50294634105751,CISO
2021-10-11,599.9189698084931,7.5088071403653345,16.716283620824612,-75.60906056968315,CISO
2021-10-12,599.9311911561111,17.51127285040289,14.357790209441156,-82.66525421595509,CISO
2021-10-13,599.9434125037291,20.9993825595948,12.02975086262002,-69.52154592594388,CISO
2021-10-14,599.9556338513471,18.263500856186283,9.733798709960858,-60.97393341749421,CISO
2021-10-15,599.967855198965,11.78833084537094,7.47151519499478,-37.410701239330706,CISO
2021-10-16,599.9800765465831,-28.806890808794513,5.24442853958368,-33.5616142773722,CISO
2021-10-17,599.992297894201,-47.32035000175321,3.0540122752673966,-44.56396016771515,CISO
2021-10-18,600.004519241819,7.5088071403653345,0.9016838431974605,-42.22201022538172,CISO
2021-10-19,600.016740589437,17.51127285040289,-1.2111967357861744,-53.13681670405367,CISO
2021-10-20,600.0289619370549,20.9993825595948,-3.283328119466404,-40.02201637718338,CISO
2021-10-21,600.0411832846729,18.263500856186283,-5.3134688295618915,-28.74321531129715,CISO
2021-10-22,600.0534046322908,11.78833084537094,-7.300438362742035,-33.90829711491972,CISO
2021-10-23,600.0656259799089,-28.806890808794513,-9.243118226139458,-32.502616944974875,CISO
2021-10-24,600.0778473275268,-47.32035000175321,-11.140452896235946,-20.433044429537745,CISO
2021-10-25,600.0900686751448,7.5088071403653345,-12.991450700099854,-29.36542511541029,CISO
2021-10-26,600.1022900227628,17.51127285040289,-14.795184618036991,-41.781378255128516,CISO
2021-10-27,600.1145113703808,20.9993825595948,-16.550793006817656,-31.913100923157913,CISO
2021-10-28,600.1267327179987,18.263500856186283,-18.25748024273316,-7.005753331451842,CISO
2021-10-29,600.1389540656168,11.78833084537094,-19.914517283831636,-5.175767627156006,CISO
2021-10-30,600.1511754132347,-28.806890808794513,-21.52124215078161,-16.07704245365869,CISO
2021-10-31,600.1633967608526,-47.32035000175321,-23.07706032590623,-17.9759864331931,CISO
2021-11-01,600.1756181084706,7.5088071403653345,-24.581445070029055,-10.932980178807043,CISO
2021-11-02,600.1878394560886,17.51127285040289,-26.03393765687239,-24.571174649619138,CISO
2021-11-03,600.2000608037066,20.9993825595948,-27.434147524844605,-32.32229583845674,CISO
2021-11-04,600.2122821513245,18.263500856186283,-28.781752346153326,-19.43603066135745,CISO
2021-11-05,600.2245034989426,11.78833084537094,-30.076498013278027,-18.837336331035317,CISO
2021-11-06,600.2367248465605,-28.806890808794513,-31.318198542936123,-15.778635494829928,CISO
2021-11-07,600.2489461941785,-47.32035000175321,-32.50673589777326,2.800139705347874,CISO
2021-11-08,600.2611675417965,7.5088071403653345,-33.64205972610576,-14.93591495605608,CISO
2021-11-09,600.2733888894145,17.51127285040289,-34.72418702014322,-8.120474719674007,CISO
2021-11-10,600.2856102370324,20.9993825595948,-35.7532016932137,-13.941791103413493,CISO
2021-11-11,600.2978315846505,18.263500856186283,-36.72925407661047,-0.5470783642261949,CISO
2021-11-12,600.3100529322684,11.78833084537094,-37.65256033677679,26.368176559137396,CISO
2021-11-13,600.3222742798863,-28.806890808794513,-38.52340181363703,15.68201834254512,CISO
2021-11-14,600.3344956275043,-47.32035000175321,-39.34212428097817,15.170978655227032,CISO
2021-11-15,600.3467169751223,7.5088071403653345,-40.10913712987667,13.054613014389133,CISO
2021-11-16,600.3589383227403,17.51127285040289,-40.82491247625861,-3.976298696884669,CISO
2021-11-17,600.3711596703582,20.9993825595948,-41.48998419376947,-10.859558036183671,CISO
2021-11-18,600.3833810179763,18.263500856186283,-42.10494687321888,-2.5529350009436484,CISO
2021-11-19,600.3956023655942,11.78833084537094,-42.6704547099537,0.9915214989886181,CISO
2021-11-20,600.4078237132122,-28.806890808794513,-43.18722032059634,1.8332874161786776,CISO
2021-11-21,600.4200450608301,-47.32035000175321,-43.656013490670354,6.07231843159343,CISO
2021-11-22,600.4322664084482,7.5088071403653345,-44.0776598547168,6.650586305903403,CISO
2021-11-23,600.4444877560661,17.51127285040289,-44.45303951058373,-0.8637210958852393,CISO
2021-11-24,600.456709103684,20.9993825595948,-44.78308556965061,-11.884006093628273,CISO
2021-11-25,600.4689304513021,18.263500856186283,-45.06878264482403,-70.79564866266429,CISO
2021-11-26,600.48115179892,11.78833084537094,-45.311165278214496,-58.59431736607638,CISO
2021-11-27,600.493373146538,-28.806890808794513,-45.51131631047681,-20.15316602726665,CISO
2021-11-28,600.505594494156,-47.32035000175321,-45.670365193862615,-2.689879298540177,CISO
2021-11-29,600.517815841774,7.5088071403653345,-45.789486251103426,8.43286326896407,CISO
2021-11-30,600.5300371893919,17.51127285040289,-45.869896882303095,7.429586842508456,CISO
2021-12-01,600.54225853701,20.9993825595948,-45.91285572208227,4.074214625477566,CISO
2021-12-02,600.5544798846279,18.263500856186283,-45.9196607492744,6.867680008460184,CISO
2021-12-03,600.5667012322459,11.78833084537094,-45.89164735152947,9.057615273912688,CISO
2021-12-04,600.5789225798638,-28.806890808794513,-45.830186347234026,22.783154576164634,CISO
2021-12-05,600.5911439274818,-47.32035000175321,-45.73668196720661,32.52788804147798,CISO
2021-12-06,600.6033652750998,7.5088071403653345,-45.61256979867428,36.47439738320918,CISO
2021-12-07,600.6155866227177,17.51127285040289,-45.45931469408052,28.18945522095987,CISO
2021-12-08,600.6278079703358,20.9993825595948,-45.278408647315324,24.689218117384826,CISO
2021-12-09,600.6400293179537,18.263500856186283,-45.07136863999703,35.466838465856995,CISO
2021-12-10,600.6522506655717,11.78833084537094,-44.83973446046911,32.78915294952651,CISO
2021-12-11,600.6644720131897,-28.806890808794513,-44.58506649820789,34.97148529381275,CISO
2021-12-12,600.6766933608077,-47.32035000175321,-44.30894351636489,53.02960015731048,CISO
2021-12-13,600.6889147084256,7.5088071403653345,-44.01296040519267,69.94823855640175,CISO
2021-12-14,600.7011360560437,17.51127285040289,-43.69872591912533,68.09731701267879,CISO
2021-12-15,600.7133574036616,20.9993825595948,-43.36786040030263,58.204120437046186,CISO
2021-12-16,600.7255787512796,18.263500856186283,-43.0219934913427,57.23091388387684,CISO
2021-12-17,600.7378000988975,11.78833084537094,-42.662761840179485,50.100630895911195,CISO
2021-12-18,600.7500214465155,-28.806890808794513,-42.29180679979012,66.07367616206909,CISO
2021-12-19,600.7622427941335,-47.32035000175321,-41.910772125641856,77.38687933326167,CISO
2021-12-20,600.7744641417514,7.5088071403653345,-41.52130167369066,64.47103039157378,CISO
2021-12-21,600.7866854893695,17.51127285040289,-41.125037101761485,43.68107876198928,CISO
2021-12-22,600.7989068369874,20.9993825595948,-40.72361557713496,35.95232618055286,CISO
2021-12-23,600.8111281846054,18.263500856186283,-40.31866749315775,26.012038452366028,CISO
2021-12-24,600.8233495322233,11.78833084537094,-39.91181419768055,-20.374866179913738,CISO
2021-12-25,600.8355708798414,-28.806890808794513,-39.50466573611467,11.840985665067706,CISO
2021-12-26,600.8477922274593,-47.32035000175321,-39.098818611876915,30.64937638617073,CISO
2021-12-27,600.8600135750773,7.5088071403653345,-38.695853566974044,29.404032851531497,CISO
2021-12-28,600.8722349226953,17.51127285040289,-38.29733338544954,29.439825612351342,CISO
2021-12-29,600.8844562703132,20.9993825595948,-37.90480072239017,32.242961892482185,CISO
2021-12-30,600.8966776179312,18.263500856186283,-37.51977596115626,9.922597487038729,CISO
2021-12-31,600.9088989655492,11.78833084537094,-37.14375510146565,-18.72647470945458,CISO
2022-01-01,600.9211203131672,-28.806890808794513,-36.68862682682142,-4.388602677551262,CISO
2022-01-02,600.9333416607851,-47.32035000175321,-36.33819412613561,27.089202467103632,CISO
2022-01-03,600.9455630084032,7.5088071403653345,-36.00143405526362,22.318063906495013,CISO
2022-01-04,600.9577843560211,17.51127285040289,-35.6797162475328,5.928659041108858,CISO
2022-01-05,600.9700057036391,20.9993825595948,-35.37437547222815,-4.160012791005784,CISO
2022-01-06,600.982227051257,18.263500856186283,-35.086709772489016,-2.696018134954329,CISO
2022-01-07,600.9944483988751,11.78833084537094,-34.81797865180582,11.768199407559905,CISO
2022-01-08,601.006669746493,-28.806890808794513,-34.56940131134553,1.3456223736470747,CISO
2022-01-09,601.0188910941109,-47.32035000175321,-34.342154940272465,5.198613847914544,CISO
2022-01-10,601.031112441729,7.5088071403653345,-34.137373061166784,6.06445347907254,CISO
2022-01-11,601.0433337893469,17.51127285040289,-33.95614393257671,-10.729462707173184,CISO
2022-01-12,601.0555551369649,20.9993825595948,-33.79950901067029,-9.657428685889386,CISO
2022-01-13,601.0677764845829,18.263500856186283,-33.668461471882125,0.7091841311129201,CISO
2022-01-14,601.0799978322009,11.78833084537094,-33.5639447983755,-10.329383879196143,CISO
2022-01-15,601.0922191798188,-28.806890808794513,-33.486851428065364,6.581523057041068,CISO
2022-01-16,601.1044405274369,-47.32035000175321,-33.438021470868655,-9.757069054814849,CISO
2022-01-17,601.1166618750548,7.5088071403653345,-33.41824149276869,-13.678227522651468,CISO
2022-01-18,601.1288832226728,17.51127285040289,-33.4282433691987,-20.258912703876945,CISO
2022-01-19,601.1411045702907,20.9993825595948,-33.46870320916498,-21.647783920720485,CISO
2022-01-20,601.1533259179088,18.263500856186283,-33.54024035144541,-20.6575864226495,CISO
2022-01-21,601.1655472655267,11.78833084537094,-33.643416434111536,-15.369461676786045,CISO
2022-01-22,601.1777686131446,-28.806890808794513,-33.77873453853392,-23.49814326581611,CISO
2022-01-23,601.1899899607627,-47.32035000175321,-33.9466384089404,-15.645001550068969,CISO
2022-01-24,601.2022113083806,7.5088071403653345,-34.147511748506105,-12.726506700239838,CISO
2022-01-25,601.2144326559986,17.51127285040289,-34.38167759286064,-14.877027913540815,CISO
2022-01-26,601.2266540036165,20.9993825595948,-34.64939776180552,-12.710638801405935,CISO
2022-01-27,601.2388753512346,18.263500856186283,-34.9508723899394,-9.816503817481362,CISO
2022-01-28,601.2510966988525,11.78833084537094,-35.2862395367944,-1.2711880074291457,CISO
2022-01-29,601.2633180464705,-28.806890808794513,-35.65557487698952,7.792147639313498,CISO
2022-01-30,601.2755393940885,-47.32035000175321,-36.0588914708119,-6.704297921523448,CISO
2022-01-31,601.2877607417065,7.5088071403653345,-36.49613961553842,16.9465717334665,CISO
2022-02-01,601.2999820893244,17.51127285040289,-36.96720677771306,-5.7640481620142054,CISO
2022-02-02,601.3122034369424,20.9993825595948,-37.471917606497975,-15.139668390039105,CISO
2022-02-03,601.3244247845604,18.263500856186283,-38.01003402811738,-6.501891612629265,CISO
2022-02-04,601.3366461321783,11.78833084537094,-38.58125542131644,-10.842721556232846,CISO
2022-02-05,601.3488674797964,-28.806890808794513,-39.18521887365872,-12.946757797343139,CISO
2022-02-06,601.3610888274143,-47.32035000175321,-39.82149951838826,-17.852239307272782,CISO
2022-02-07,601.3733101750323,7.5088071403653345,-40.4896109514851,-13.042506363912366,CISO
2022-02-08,601.3855315226502,17.51127285040289,-41.189005728446055,-20.148798644607155,CISO
2022-02-09,601.3977528702683,20.9993825595948,-41.91907594022595,-15.024059489637125,CISO
2022-02-10,601.4099742178862,18.263500856186283,-42.67915386767916,-13.09632120639344,CISO
2022-02-11,601.4221955655042,11.78833084537094,-43.46851271374594,-15.46101369712926,CISO
2022-02-12,601.4344169131222,-28.806890808794513,-44.286367412534126,-17.00515869179344,CISO
2022-02-13,601.4466382607401,-47.32035000175321,-45.13187551435425,-18.707412744632677,CISO
2022-02-14,601.4588596083581,7.5088071403653345,-46.00413814567258,-21.77752860305077,CISO
2022-02-15,601.471080955976,17.51127285040289,-46.90220104285803,-14.77615276352094,CISO
2022-02-16,601.4833023035941,20.9993825595948,-47.825055658507665,-22.849629204681264,CISO
2022-02-17,601.495523651212,18.263500856186283,-48.77164033904826,-21.504384168350157,CISO
2022-02-18,601.50774499883,11.78833084537094,-49.740841572225186,-16.8192342719758,CISO
2022-02-19,601.519966346448,-28.806890808794513,-50.731495303004706,-21.22458023464884,CISO
2022-02-20,601.532187694066,-47.32035000175321,-51.74238831633242,-21.98444937598026,CISO
2022-02-21,601.5444090416839,7.5088071403653345,-52.772259685110534,-21.813956496938772,CISO
2022-02-22,601.556630389302,17.51127285040289,-53.819802281675756,15.228899041970976,CISO
2022-02-23,601.5688517369199,20.9993825595948,-54.883664350983935,22.44043005446929,CISO
2022-02-24,601.5810730845378,18.263500856186283,-55.96245114363134,23.086877202907203,CISO
2022-02-25,601.5932944321559,11.78833084537094,-57.05472660676987,15.308101329243073,CISO
2022-02-26,601.6055157797738,-28.806890808794513,-58.15901513090353,9.98039015992424,CISO
2022-02-27,601.6177371273918,-47.32035000175321,-59.273803350484215,-11.951583775154404,CISO
2022-02-28,601.6299584750097,7.5088071403653345,-60.39754199615982,-4.744223619215404,CISO
2022-03-01,601.6421798226278,17.51127285040289,-61.5286477964645,-6.801804876566166,CISO
2022-03-02,601.6544011702457,20.9993825595948,-62.66550542667994,-9.651278303160552,CISO
2022-03-03,601.6666225178637,18.263500856186283,-63.80646950253895,0.7553461284891227,CISO
2022-03-04,601.6788438654817,11.78833084537094,-64.94986661638742,7.669691905534819,CISO
2022-03-05,601.6910652130997,-28.806890808794513,-66.09399741336838,7.819823009063157,CISO
2022-03-06,601.7032865607176,-47.32035000175321,-67.23713870514274,1.270202146178292,CISO
2022-03-07,601.7155079083357,7.5088071403653345,-68.37754561861449,-0.11276943008635953,CISO
2022-03-08,601.7277292559536,17.51127285040289,-69.51345377708469,-9.396548329271809,CISO
2022-03-09,601.7399506035715,20.9993825595948,-70.64308151121904,-17.114251651947257,CISO
2022-03-10,601.7521719511896,18.263500856186283,-71.76463209717497,-10.786040710200837,CISO
2022-03-11,601.7643932988075,11.78833084537094,-72.87629601920167,-6.768428124976822,CISO
2022-03-12,601.7766146464255,-28.806890808794513,-73.9762532539946,-8.714470583636512,CISO
2022-03-13,601.7888359940434,-47.32035000175321,-75.0626755740583,-30.19581041823193,CISO
2022-03-14,601.8010573416615,7.5088071403653345,-76.13372886730784,0.9068643852809828,CISO
2022-03-15,601.8132786892794,17.51127285040289,-77.18757547011639,9.518023930434083,CISO
2022-03-16,601.8255000368974,20.9993825595948,-78.22237651100056,-3.1715060854916146,CISO
2022-03-17,601.8377213845154,18.263500856186283,-79.236294262119,9.804072021417369,CISO
2022-03-18,601.8499427321334,11.78833084537094,-80.22749449574954,7.1312209182451625,CISO
2022-03-19,601.8621640797513,-28.806890808794513,-81.19414884290205,17.115875571945196,CISO
2022-03-20,601.8743854273692,-47.32035000175321,-82.13443715121997,-4.759598274396012,CISO
2022-03-21,601.8866067749873,7.5088071403653345,-83.04654983932237,1.8211359239696776,CISO
2022-03-22,601.8988281226052,17.51127285040289,-83.92869024474052,17.714589271732393,CISO
2022-03-23,601.9110494702232,20.9993825595948,-84.77907696260962,25.867644932791677,CISO
2022-03-24,601.9232708178412,18.263500856186283,-85.59594617228403,30.128174498256612,CISO
2022-03-25,601.9354921654592,11.78833084537094,-86.37755394905861,28.480730938228476,CISO
2022-03-26,601.9477135130771,-28.806890808794513,-87.12217855819293,12.26835585391018,CISO
2022-03-27,601.9599348606952,-47.32035000175321,-87.82812272845594,7.279537869514002,CISO
2022-03-28,601.9721562083131,7.5088071403653345,-88.49371590242947,21.985752553751013,CISO
2022-03-29,601.9843775559311,17.51127285040289,-89.11731646083685,-6.552333945497139,CISO
2022-03-30,601.996598903549,20.9993825595948,-89.69731391818975,-4.757667544954074,CISO
2022-03-31,602.008820251167,18.263500856186283,-90.23213108708062,3.8588099797273117,CISO
2022-04-01,602.021041598785,11.78833084537094,-90.7202262084822,1.7258537643263026,CISO
2022-04-02,602.0332629464029,-28.806890808794513,-91.16009504545502,11.604722907846508,CISO
2022-04-03,602.045484294021,-47.32035000175321,-91.55027293770502,10.43813864543722,CISO
2022-04-04,602.0577056416389,7.5088071403653345,-91.88933681447864,9.309824032474353,CISO
2022-04-05,602.0699269892569,17.51127285040289,-92.17590716333024,16.010707323670545,CISO
2022-04-06,602.0821483368749,20.9993825595948,-92.40864995234728,49.285119055877544,CISO
2022-04-07,602.0943696844929,18.263500856186283,-92.58627850347294,92.07540796279375,CISO
2022-04-08,602.1065910321108,11.78833084537094,-92.70755531462137,118.63063343713964,CISO
2022-04-09,602.1188123797289,-28.806890808794513,-92.7712938283407,45.015372257406455,CISO
2022-04-10,602.1310337273468,-47.32035000175321,-92.77636014484033,13.511676419246726,CISO
2022-04-11,602.1432550749648,7.5088071403653345,-92.72167467726403,20.735612461933897,CISO
2022-04-12,602.1554764225828,17.51127285040289,-92.6062137471565,-1.6125355258291165,CISO
2022-04-13,602.1676977702007,20.9993825595948,-92.42901111814129,6.826930788345749,CISO
2022-04-14,602.1799191178187,18.263500856186283,-92.1891594658996,19.62773949189466,CISO
2022-04-15,602.1921404654366,11.78833084537094,-91.88581178261373,-2.6736595281937525,CISO
2022-04-16,602.2043618130547,-28.806890808794513,-91.51818271411426,3.5797117098540525,CISO
2022-04-17,602.2165831606726,-47.32035000175321,-91.08554982805052,-14.68468333086895,CISO
2022-04-18,602.2288045082906,7.5088071403653345,-90.58725481148218,14.244643162826264,CISO
2022-04-19,602.2410258559086,17.51127285040289,-90.0227045963737,12.92540589006228,CISO
2022-04-20,602.2532472035266,20.9993825595948,-89.39137241155674,3.0467426484353837,CISO
2022-04-21,602.2654685511445,18.263500856186283,-88.69279875981223,4.0388293524813434,CISO
2022-04-22,602.2776898987626,11.78833084537094,-87.92659231881049,-8.113428425322923,CISO
2022-04-23,602.2899112463805,-28.806890808794513,-87.09243076473794,-15.323589672848016,CISO
2022-04-24,602.3021325939984,-47.32035000175321,-86.1900615175285,0.4332789252832754,CISO
2022-04-25,602.3143539416164,7.5088071403653345,-85.21930240671045,26.87814132472863,CISO
2022-04-26,602.3265752892344,17.51127285040289,-84.18004225697139,19.89019411733409,CISO
2022-04-27,602.3387966368524,20.9993825595948,-83.0722413926395,2.1630621961923,CISO
2022-04-28,602.3510179844703,18.263500856186283,-81.89593206037335,-2.2285867802831945,CISO
2022-04-29,602.3632393320884,11.78833084537094,-80.65121876944863,-2.300351408010556,CISO
2022-04-30,602.3754606797063,-28.806890808794513,-79.33827854912738,2.699708678215643,CISO
2022-05-01,602.3876820273243,-47.32035000175321,-77.95736112269205,-8.59497090287897,CISO
2022-05-02,602.3999033749423,7.5088071403653345,-76.5087889978252,3.361078482517655,CISO
2022-05-03,602.4121247225603,17.51127285040289,-74.99295747311328,2.810559900150224,CISO
2022-05-04,602.4243460701782,20.9993825595948,-73.4103345605522,15.667605930779246,CISO
2022-05-05,602.4365674177961,18.263500856186283,-71.76146082403102,25.387392550048617,CISO
2022-05-06,602.4487887654142,11.78833084537094,-70.0469491338684,27.82482952308328,CISO
2022-05-07,602.4610101130321,-28.806890808794513,-68.26748433757571,0.5263650333380383,CISO
2022-05-08,602.4732314606501,-47.32035000175321,-66.42382284711994,-21.814058611776943,CISO
2022-05-09,602.4854528082681,7.5088071403653345,-64.51679214305597,-19.933467805577493,CISO
2022-05-10,602.4976741558861,17.51127285040289,-62.547290195998,-25.66765681029085,CISO
2022-05-11,602.509895503504,20.9993825595948,-60.51628480599578,-36.49899325710294,CISO
2022-05-12,602.5221168511221,18.263500856186283,-58.42481286047855,-20.139804846829747,CISO
2022-05-13,602.53433819874,11.78833084537094,-56.27397951152567,9.442310467414814,CISO
2022-05-14,602.546559546358,-28.806890808794513,-54.064957273317624,46.254288535754085,CISO
2022-05-15,602.558780893976,-47.32035000175321,-51.798985040716516,36.21355414849381,CISO
2022-05-16,602.5710022415939,7.5088071403653345,-49.47736703001645,12.926557648057155,CISO
2022-05-17,602.5832235892119,17.51127285040289,-47.10147164299783,5.323975203383043,CISO
2022-05-18,602.5954449368298,20.9993825595948,-44.67273025550861,27.059902759083798,CISO
2022-05-19,602.6076662844479,18.263500856186283,-42.192635931886066,35.93246879125195,CISO
2022-05-20,602.6198876320658,11.78833084537094,-39.66274206661983,3.1625235891830243,CISO
2022-05-21,602.6321089796838,-28.806890808794513,-37.08466095474256,-2.117557216146679,CISO
2022-05-22,602.6443303273018,-47.32035000175321,-34.46006229251952,0.6410819669708872,CISO
2022-05-23,602.6565516749198,7.5088071403653345,-31.7906716100905,20.446312794805408,CISO
2022-05-24,602.6687730225377,17.51127285040289,-29.078268637797933,51.59522276485734,CISO
2022-05-25,602.6809943701558,20.9993825595948,-26.32468560801454,76.93830867826398,CISO
2022-05-26,602.6932157177737,18.263500856186283,-23.531805494358913,36.79508892039894,CISO
2022-05-27,602.7054370653917,11.78833084537094,-20.70156019026303,-1.9682077204995494,CISO
2022-05-28,602.7176584130096,-28.806890808794513,-17.83592862892614,-22.13483897528897,CISO
2022-05-29,602.7298797606276,-47.32035000175321,-14.93693484676055,-41.856594912113906,CISO
2022-05-30,602.7421011082456,7.5088071403653345,-12.006645992501504,-78.76026225610929,CISO
2022-05-31,602.7543224558635,17.51127285040289,-9.047170284217103,-26.782425022049324,CISO
2022-06-01,602.7665438034816,20.9993825595948,-6.060654916517564,11.124728553441287,CISO
2022-06-02,602.7787651510995,18.263500856186283,-3.049283920320761,17.470017913034894,CISO
2022-06-03,602.7909864987175,11.78833084537094,-0.015275977589865875,4.417958633501485,CISO
2022-06-04,602.8032078463355,-28.806890808794513,3.039117806490438,-13.216434844031482,CISO
2022-06-05,602.8154291939535,-47.32035000175321,6.111616171378671,-0.9726953635789641,CISO
2022-06-06,602.8276505415714,7.5088071403653345,9.199910006515957,10.102632311547268,CISO
2022-06-07,602.8398718891895,17.51127285040289,12.301664691529162,17.431190568878606,CISO
2022-06-08,602.8520932368074,20.9993825595948,15.41452246864226,30.231001734955385,CISO
2022-06-09,602.8643145844253,18.263500856186283,18.536104844605994,54.42607971478242,CISO
2022-06-10,602.8765359320433,11.78833084537094,21.664015019415828,110.24811820316995,CISO
2022-06-11,602.8887572796613,-28.806890808794513,24.795840339059538,93.8052931900736,CISO
2022-06-12,602.9009786272793,-47.32035000175321,27.929154769503903,40.116216604969964,CISO
2022-06-13,602.9131999748972,7.5088071403653345,31.06152138910646,-15.253528504369001,CISO
2022-06-14,602.9254213225153,17.51127285040289,34.190494896613316,-5.076189069531324,CISO
2022-06-15,602.9376426701332,20.9993825595948,37.313624131886904,19.607350638385014,CISO
2022-06-16,602.9498640177512,18.263500856186283,40.428454606489396,8.64418051957307,CISO
2022-06-17,602.9620853653691,11.78833084537094,43.53253104123901,-40.52594725197923,CISO
2022-06-18,602.9743067129872,-28.806890808794513,46.62339990784072,-76.23781581203332,CISO
2022-06-19,602.9865280606051,-47.32035000175321,49.69861197169452,-72.95879003054642,CISO
2022-06-20,602.998749408223,7.5088071403653345,52.75572483297627,-4.796281381564768,CISO
2022-06-21,603.0109707558411,17.51127285040289,55.792305463090464,56.895450930665675,CISO
2022-06-22,603.023192103459,20.9993825595948,58.80593273359699,57.561492603349166,CISO
2022-06-23,603.035413451077,18.263500856186283,61.79419993472363,78.82088575801299,CISO
2022-06-24,603.047634798695,11.78833084537094,64.75471728058471,70.97831707534931,CISO
2022-06-25,603.059856146313,-28.806890808794513,67.68511439824348,48.96192026423796,CISO
2022-06-26,603.0720774939309,-47.32035000175321,70.58304279777188,44.61522971005047,CISO
2022-06-27,603.084298841549,7.5088071403653345,73.44617832048432,77.78371569760145,CISO
2022-06-28,603.0965201891669,17.51127285040289,76.27222356254504,78.12498339788522,CISO
2022-06-29,603.1087415367849,20.9993825595948,79.05891027117798,45.13896563244225,CISO
2022-06-30,603.1209628844028,18.263500856186283,81.80400171073805,17.204534548672882,CISO
2022-07-01,603.1331842320209,11.78833084537094,84.50529499593807,-2.0848100733298907,CISO
2022-07-02,603.1454055796388,-28.806890808794513,87.16062338956249,-35.46713816040676,CISO
2022-07-03,603.1576269272567,-47.32035000175321,89.76785856204062,-81.34613548754419,CISO
2022-07-04,603.1698482748748,7.5088071403653345,92.32491281029417,-133.59356822553434,CISO
2022-07-05,603.1820696224927,17.51127285040289,94.82974123332271,-52.07708370621833,CISO
2022-07-06,603.1942909701107,20.9993825595948,97.28034386203876,-48.64301739174425,CISO
2022-07-07,603.2065123177287,18.263500856186283,99.67476774091823,-39.985780914833185,CISO
2022-07-08,603.2187336653467,11.78833084537094,102.01110895908684,-16.983173469804456,CISO
2022-07-09,603.2309550129646,-28.806890808794513,104.28751462852065,-11.724578832690895,CISO
2022-07-10,603.2431763605827,-47.32035000175321,106.50218480710231,6.06998883406834,CISO
2022-07-11,603.2553977082006,7.5088071403653345,108.65337436433529,26.616420787098832,CISO
2022-07-12,603.2676190558186,17.51127285040289,110.73939478758754,-8.250286693808903,CISO
2022-07-13,603.2798404034365,20.9993825595948,112.75861592680221,-23.922838889833542,CISO
2022-07-14,603.2920617510545,18.263500856186283,114.70946767568668,-5.787030282927503,CISO
2022-07-15,603.3042830986725,11.78833084537094,116.59044158746286,15.596944468493689,CISO
2022-07-16,603.3165044462904,-28.806890808794513,118.40009242333814,42.88829393916592,CISO
2022-07-17,603.3287257939085,-47.32035000175321,120.13703963193464,48.58858457591009,CISO
2022-07-18,603.3409471415264,7.5088071403653345,121.79996875799424,58.59827696011405,CISO
2022-07-19,603.3531684891444,17.51127285040289,123.38763277875837,45.65492588169445,CISO
2022-07-20,603.3653898367623,20.9993825595948,124.89885336650593,28.852374237136928,CISO
2022-07-21,603.3776111843804,18.263500856186283,126.33252207581829,14.277365883615062,CISO
2022-07-22,603.3898325319983,11.78833084537094,127.68760145422738,1.2032351684033529,CISO
2022-07-23,603.4020538796163,-28.806890808794513,128.96312607499175,-19.98828914581361,CISO
2022-07-24,603.4142752272343,-47.32035000175321,130.15820349083668,-19.51612871631778,CISO
2022-07-25,603.4264965748522,7.5088071403653345,131.2720151075843,-17.11631882280176,CISO
2022-07-26,603.4387179224702,17.51127285040289,132.3038169766948,-14.495807749567803,CISO
2022-07-27,603.4509392700882,20.9993825595948,133.25294050583219,-20.58726233551522,CISO
2022-07-28,603.4631606177062,18.263500856186283,134.11879308666414,-16.397454560556525,CISO
2022-07-29,603.4753819653241,11.78833084537094,134.90085863920143,-0.07157144989662356,CISO
2022-07-30,603.4876033129422,-28.806890808794513,135.59869807207895,1.6095894237734,CISO
2022-07-31,603.4998246605601,-47.32035000175321,136.211949658278,8.569575682915229,CISO
2022-08-01,603.5120460081781,7.5088071403653345,136.74032932588796,25.69381752556876,CISO
2022-08-02,603.524267355796,17.51127285040289,137.1836308636037,35.43182893019741,CISO
2022-08-03,603.5364887034141,20.9993825595948,137.54172604075458,39.101402696236505,CISO
2022-08-04,603.548710051032,18.263500856186283,137.81456464175892,36.6422244510228,CISO
2022-08-05,603.56093139865,11.78833084537094,138.0021744149987,12.015563340980407,CISO
2022-08-06,603.573152746268,-28.806890808794513,138.10466093620707,-5.899922873680566,CISO
2022-08-07,603.5853740938859,-47.32035000175321,138.12220738656157,-2.175231478694286,CISO
2022-08-08,603.5975954415039,7.5088071403653345,138.05507424577394,15.127523172356746,CISO
2022-08-09,603.6098167891219,17.51127285040289,137.90359890056706,28.886311459908143,CISO
2022-08-10,603.6220381367399,20.9993825595948,137.66819516902598,29.58838413463934,CISO
2022-08-11,603.6342594843578,18.263500856186283,137.34935274140994,26.922886918045833,CISO
2022-08-12,603.6464808319759,11.78833084537094,136.94763653810668,16.97155178454659,CISO
2022-08-13,603.6587021795938,-28.806890808794513,136.46368598550794,23.259502643692826,CISO
2022-08-14,603.6709235272118,-47.32035000175321,135.89821421067947,25.89521226386205,CISO
2022-08-15,603.6831448748297,7.5088071403653345,135.25200715579334,45.31504082901165,CISO
2022-08-16,603.6953662224478,17.51127285040289,134.52592261338233,70.74343831376711,CISO
2022-08-17,603.7075875700657,20.9993825595948,133.7208891835695,76.59714068676999,CISO
2022-08-18,603.7198089176836,18.263500856186283,132.83790515451403,45.35878507161601,CISO
2022-08-19,603.7320302653017,11.78833084537094,131.87803730740563,31.888601581921762,CISO
2022-08-20,603.7442516129196,-28.806890808794513,130.84241964742512,24.758219548449688,CISO
2022-08-21,603.7564729605376,-47.32035000175321,129.73225206217538,5.253624979040296,CISO
2022-08-22,603.7686943081555,7.5088071403653345,128.54879890917033,13.732699642308717,CISO
2022-08-23,603.7809156557736,17.51127285040289,127.29338753405156,33.742423959772054,CISO
2022-08-24,603.7931370033915,20.9993825595948,125.96740672128149,41.37707371573208,CISO
2022-08-25,603.8053583510095,18.263500856186283,124.57230507914161,43.44183571366261,CISO
2022-08-26,603.8175796986275,11.78833084537094,123.10958936093745,37.30750009506414,CISO
2022-08-27,603.8298010462455,-28.806890808794513,121.5808227243871,8.22526703816186,CISO
2022-08-28,603.8420223938634,-47.32035000175321,119.9876229312417,-13.76629532335187,CISO
2022-08-29,603.8542437414814,7.5088071403653345,118.3316604892524,2.7582886289008,CISO
2022-08-30,603.8664650890994,17.51127285040289,116.61465673866756,43.83860532183019,CISO
2022-08-31,603.8786864367173,20.9993825595948,114.83838188550547,85.57754911818245,CISO
2022-09-01,603.8909077843354,18.263500856186283,113.00465298390917,134.8109383755692,CISO
2022-09-02,603.9031291319533,11.78833084537094,111.11533186994997,148.80220815272583,CISO
2022-09-03,603.9153504795713,-28.806890808794513,109.17232304929759,159.0752172799257,CISO
2022-09-04,603.9275718271892,-47.32035000175321,107.17757154123292,182.09020663333104,CISO
2022-09-05,603.9397931748073,7.5088071403653345,105.1330606815239,175.17333900330357,CISO
2022-09-06,603.9520145224252,17.51127285040289,103.04080988673469,238.4659027404373,CISO
2022-09-07,603.9642358700432,20.9993825595948,100.90287238258207,234.32650918777995,CISO
2022-09-08,603.9764572176612,18.263500856186283,98.72133289899095,219.56670902716166,CISO
2022-09-09,603.9886785652792,11.78833084537094,96.4983053345415,177.06368525480855,CISO
2022-09-10,604.0008999128971,-28.806890808794513,94.23593039303188,72.63306050286553,CISO
2022-09-11,604.013121260515,-47.32035000175321,91.9363731949148,88.27985554632335,CISO
2022-09-12,604.0253426081331,7.5088071403653345,89.60182086638972,72.96802938511189,CISO
2022-09-13,604.037563955751,17.51127285040289,87.23448010896055,21.574683084885464,CISO
2022-09-14,604.049785303369,20.9993825595948,84.8365747522893,-24.29674261525315,CISO
2022-09-15,604.062006650987,18.263500856186283,82.41034329319166,-46.51485080036491,CISO
2022-09-16,604.074227998605,11.78833084537094,79.95803642363757,-51.13559526761355,CISO
2022-09-17,604.0864493462229,-28.806890808794513,77.48191455063116,-66.89047308805971,CISO
2022-09-18,604.098670693841,-47.32035000175321,74.98424531084827,-73.10156600293601,CISO
2022-09-19,604.1108920414589,7.5088071403653345,72.46730108292041,-76.87800026474463,CISO
2022-09-20,604.1231133890769,17.51127285040289,69.93335650024858,-60.87674273972834,CISO
2022-09-21,604.1353347366949,20.9993825595948,67.38468596723243,-62.78640326352206,CISO
2022-09-22,604.1475560843128,18.263500856186283,64.82356118179268,-53.69561812229176,CISO
2022-09-23,604.1597774319308,11.78833084537094,62.252248667054474,-12.800356944356281,CISO
2022-09-24,604.1719987795487,-28.806890808794513,59.67300731505023,24.370884714195427,CISO
2022-09-25,604.1842201271668,-47.32035000175321,57.08808594527959,34.22604392930691,CISO
2022-09-26,604.1964414747847,7.5088071403653345,54.49972088094847,49.416030503901425,CISO
2022-09-27,604.2086628224027,17.51127285040289,51.91013354568727,49.77893078150714,CISO
2022-09-28,604.2208841700207,20.9993825595948,49.321528083516654,49.369205186867816,CISO
2022-09-29,604.2331055176387,18.263500856186283,46.73608900480872,33.763304621366274,CISO
2022-09-30,604.2453268652566,11.78833084537094,44.15597886095062,6.471363428421796,CISO
2022-10-01,604.2575482128747,-28.806890808794513,41.58333595038796,-32.12199335446803,CISO
2022-10-02,604.2697695604926,-47.32035000175321,39.02027205868389,-34.89569161742327,CISO
2022-10-03,604.2819909081105,7.5088071403653345,36.46887023518778,-18.113668283663742,CISO
2022-10-04,604.2942122557286,17.51127285040289,33.9311826088654,0.41033228500316454,CISO
2022-10-05,604.3064336033465,20.9993825595948,31.40922824578979,8.612955591268815,CISO
2022-10-06,604.3186549509645,18.263500856186283,28.904991050745213,12.553853142104003,CISO
2022-10-07,604.3308762985824,11.78833084537094,26.420417715342907,26.61537514070369,CISO
2022-10-08,604.3430976462005,-28.806890808794513,23.95741571498617,28.32537744760782,CISO
2022-10-09,604.3553189938184,-47.32035000175321,21.51785135697063,21.321179650964154,CISO
2022-10-10,604.3675403414364,7.5088071403653345,19.10354788193566,12.341104636262685,CISO
2022-10-11,604.3797616890544,17.51127285040289,16.716283620824612,-2.293318160281956,CISO
2022-10-12,604.3919830366724,20.9993825595948,14.357790209441156,-8.431155805708272,CISO
2022-10-13,604.4042043842903,18.263500856186283,12.02975086262002,-9.741456103096539,CISO
2022-10-14,604.4164257319084,11.78833084537094,9.733798709960858,-9.927555287240125,CISO
2022-10-15,604.4286470795263,-28.806890808794513,7.47151519499478,-14.758271465726466,CISO
2022-10-16,604.4408684271442,-47.32035000175321,5.24442853958368,-15.84994696497472,CISO
2022-10-17,604.4530897747622,7.5088071403653345,3.0540122752673966,-21.322909190394967,CISO
2022-10-18,604.4653111223802,17.51127285040289,0.9016838431974605,17.09473218401945,CISO
2022-10-19,604.4775324699982,20.9993825595948,-1.2111967357861744,40.24128170619315,CISO
2022-10-20,604.4897538176161,18.263500856186283,-3.283328119466404,34.41607344566398,CISO
2022-10-21,604.5019751652342,11.78833084537094,-5.3134688295618915,13.854162818956866,CISO
2022-10-22,604.5141965128521,-28.806890808794513,-7.300438362742035,-16.976867341315597,CISO
2022-10-23,604.5264178604701,-47.32035000175321,-9.243118226139458,-46.46294963257742,CISO
2022-10-24,604.5386392080881,7.5088071403653345,-11.140452896235946,-38.98399345221742,CISO
2022-10-25,604.5508605557061,17.51127285040289,-12.991450700099854,-38.75668270600909,CISO
2022-10-26,604.563081903324,20.9993825595948,-14.795184618036991,-40.53127984488174,CISO
2022-10-27,604.5753032509419,18.263500856186283,-16.550793006817656,-35.066011100310675,CISO
2022-10-28,604.58752459856,11.78833084537094,-18.25748024273316,-19.434375201197668,CISO
2022-10-29,604.5997459461779,-28.806890808794513,-19.914517283831636,-27.773337853551766,CISO
2022-10-30,604.6119672937959,-47.32035000175321,-21.52124215078161,-21.11537514126121,CISO
2022-10-31,604.6241886414139,7.5088071403653345,-23.07706032590623,-13.455935455872918,CISO
2022-11-01,604.6364099890319,17.51127285040289,-24.581445070029055,-18.035237769405853,CISO
2022-11-02,604.6486313366498,20.9993825595948,-26.03393765687239,-31.966076239372228,CISO
2022-11-03,604.6608526842679,18.263500856186283,-27.434147524844605,-30.7782060156095,CISO
2022-11-04,604.6730740318858,11.78833084537094,-28.781752346153326,-13.220652531103383,CISO
2022-11-05,604.6852953795038,-28.806890808794513,-30.076498013278027,-20.048906557431224,CISO
2022-11-06,604.6975167271218,-47.32035000175321,-31.318198542936123,7.3310318175675775,CISO
2022-11-07,604.7097380747397,7.5088071403653345,-32.50673589777326,-4.3728093173317575,CISO
2022-11-08,604.7219594223577,17.51127285040289,-33.64205972610576,11.434827453345065,CISO
2022-11-09,604.7341807699756,20.9993825595948,-34.72418702014322,-17.600376309427247,CISO
2022-11-10,604.7464021175937,18.263500856186283,-35.7532016932137,-19.037701280566125,CISO
2022-11-11,604.7586234652116,11.78833084537094,-36.72925407661047,-13.442700233972005,CISO
2022-11-12,604.7708448128296,-28.806890808794513,-37.65256033677679,-13.186393667258358,CISO
2022-11-13,604.7830661604476,-47.32035000175321,-38.52340181363703,5.891685654942648,CISO
2022-11-14,604.7952875080656,7.5088071403653345,-39.34212428097817,-3.395970367452719,CISO
2022-11-15,604.8075088556835,17.51127285040289,-40.10913712987667,-4.688644576209754,CISO
2022-11-16,604.8197302033016,20.9993825595948,-40.82491247625861,-6.392200286637831,CISO
2022-11-17,604.8319515509195,18.263500856186283,-41.48998419376947,2.9745317866637606,CISO
2022-11-18,604.8441728985374,11.78833084537094,-42.10494687321888,-2.0995568706895256,CISO
2022-11-19,604.8563942461554,-28.806890808794513,-42.6704547099537,6.906951272592778,CISO
2022-11-20,604.8686155937734,-47.32035000175321,-43.18722032059634,12.164954728576163,CISO
2022-11-21,604.8808369413914,7.5088071403653345,-43.656013490670354,8.43536940891363,CISO
2022-11-22,604.8930582890093,17.51127285040289,-44.0776598547168,-0.8156712846954406,CISO
2022-11-23,604.9052796366274,20.9993825595948,-44.45303951058373,-16.171622685638454,CISO
2022-11-24,604.9175009842453,18.263500856186283,-44.78308556965061,-76.60891627078104,CISO
2022-11-25,604.9297223318633,11.78833084537094,-45.06878264482403,-60.88527053241012,CISO
2022-11-26,604.9419436794813,-28.806890808794513,-45.311165278214496,-27.34788759247226,CISO
2022-11-27,604.9541650270993,-47.32035000175321,-45.51131631047681,-3.381498714869167,CISO
2022-11-28,604.9663863747172,7.5088071403653345,-45.670365193862615,5.0381716787800315,CISO
2022-11-29,604.9786077223351,17.51127285040289,-45.789486251103426,4.1976056783654485,CISO
2022-11-30,604.9908290699532,20.9993825595948,-45.869896882303095,12.984685252755298,CISO
2022-12-01,605.0030504175711,18.263500856186283,-45.91285572208227,35.893304448324784,CISO
2022-12-02,605.0152717651891,11.78833084537094,-45.9196607492744,31.048058138714396,CISO
2022-12-03,605.0274931128071,-28.806890808794513,-45.89164735152947,38.023045047516916,CISO
2022-12-04,605.0397144604251,-47.32035000175321,-45.830186347234026,30.18082188856215,CISO
2022-12-05,605.051935808043,7.5088071403653345,-45.73668196720661,16.309939018798218,CISO
2022-12-06,605.0641571556611,17.51127285040289,-45.61256979867428,23.915139792610375,CISO
2022-12-07,605.076378503279,20.9993825595948,-45.45931469408052,25.23155363120668,CISO
2022-12-08,605.088599850897,18.263500856186283,-45.278408647315324,36.39830794023203,CISO
2022-12-09,605.100821198515,11.78833084537094,-45.07136863999703,26.094216596111096,CISO
2022-12-10,605.113042546133,-28.806890808794513,-44.83973446046911,36.64058272313059,CISO
2022-12-11,605.1252638937509,-47.32035000175321,-44.58506649820789,46.88115260621021,CISO
2022-12-12,605.1374852413688,7.5088071403653345,-44.30894351636489,45.8966511346307,CISO
2022-12-13,605.1497065889869,17.51127285040289,-44.01296040519267,51.686980965802945,CISO
2022-12-14,605.1619279366048,20.9993825595948,-43.69872591912533,47.226415422925584,CISO
2022-12-15,605.1741492842228,18.263500856186283,-43.36786040030263,45.91121025989344,CISO
2022-12-16,605.1863706318408,11.78833084537094,-43.0219934913427,38.938292014130866,CISO
2022-12-17,605.1985919794588,-28.806890808794513,-42.662761840179485,49.9120606695152,CISO
2022-12-18,605.2108133270767,-47.32035000175321,-42.29180679979012,50.36334347446655,CISO
2022-12-19,605.2230346746948,7.5088071403653345,-41.910772125641856,57.7609303105819,CISO
2022-12-20,605.2352560223127,17.51127285040289,-41.52130167369066,31.634772800975043,CISO
2022-12-21,605.2474773699307,20.9993825595948,-41.125037101761485,34.56117717223606,CISO
2022-12-22,605.2596987175486,18.263500856186283,-40.72361557713496,27.984416003400042,CISO
2022-12-23,605.2719200651666,11.78833084537094,-40.31866749315775,-5.953583417379832,CISO
2022-12-24,605.2841414127846,-28.806890808794513,-39.91181419768055,-1.06343640630962,CISO
2022-12-25,605.2963627604025,-47.32035000175321,-39.50466573611467,-8.3103470225347,CISO
2022-12-26,605.3085841080206,7.5088071403653345,-39.098818611876915,-33.85757263650896,CISO
2022-12-27,605.3208054556385,17.51127285040289,-38.695853566974044,0.3697752609326699,CISO
2022-12-28,605.3330268032565,20.9993825595948,-38.29733338544954,-23.811075977401742,CISO
2022-12-29,605.3452481508745,18.263500856186283,-37.90480072239017,7.966051715329513,CISO
2022-12-30,605.3574694984925,11.78833084537094,-37.51977596115626,-4.994024382707153,CISO
2022-12-31,605.3696908461104,-28.806890808794513,-37.14375510146565,13.717955064149578,CISO
2023-01-01,605.3819121937285,-47.32035000175321,-36.68862682682142,-8.677935365153758,CISO
2023-01-02,605.3941335413464,7.5088071403653345,-36.33819412613561,1.2082534444238036,CISO
2023-01-03,605.4063548889643,17.51127285040289,-36.00143405526362,25.418806315896404,CISO
2023-01-04,605.4185762365823,20.9993825595948,-35.6797162475328,12.284757451355745,CISO
2023-01-05,605.4307975842003,18.263500856186283,-35.37437547222815,10.72107703184156,CISO
2023-01-06,605.4430189318183,11.78833084537094,-35.086709772489016,-4.404640004700127,CISO
2023-01-07,605.4552402794362,-28.806890808794513,-34.81797865180582,8.7206291811641,CISO
2023-01-08,605.4674616270543,-47.32035000175321,-34.56940131134553,2.77428968604454,CISO
2023-01-09,605.4796829746722,7.5088071403653345,-34.342154940272465,14.497664825234892,CISO
2023-01-10,605.4919043222902,17.51127285040289,-34.137373061166784,11.799195888473719,CISO
2023-01-11,605.5041256699081,20.9993825595948,-33.95614393257671,23.413635703073624,CISO
2023-01-12,605.5163470175262,18.263500856186283,-33.79950901067029,-5.332338863042082,CISO
2023-01-13,605.5285683651441,11.78833084537094,-33.668461471882125,-2.2974377386329934,CISO
2023-01-14,605.5407897127621,-28.806890808794513,-33.5639447983755,18.48604589440788,CISO
2023-01-15,605.5530110603801,-47.32035000175321,-33.486851428065364,24.51119036943851,CISO
2023-01-16,605.565232407998,7.5088071403653345,-33.438021470868655,3.705981922505316,CISO
2023-01-17,605.577453755616,17.51127285040289,-33.41824149276869,2.493514886749722,CISO
2023-01-18,605.589675103234,20.9993825595948,-33.4282433691987,5.84018570636988,CISO
2023-01-19,605.601896450852,18.263500856186283,-33.46870320916498,13.413305902126694,CISO
2023-01-20,605.6141177984699,11.78833084537094,-33.54024035144541,7.2537917076045915,CISO
2023-01-21,605.626339146088,-28.806890808794513,-33.643416434111536,7.205968096818083,CISO
2023-01-22,605.6385604937059,-47.32035000175321,-33.77873453853392,14.57052404658134,CISO
2023-01-23,605.6507818413239,7.5088071403653345,-33.9466384089404,3.922049427251295,CISO
2023-01-24,605.6630031889418,17.51127285040289,-34.147511748506105,-3.5467642908386097,CISO
2023-01-25,605.6752245365599,20.9993825595948,-34.38167759286064,-11.10692950329394,CISO
2023-01-26,605.6874458841778,18.263500856186283,-34.64939776180552,-18.6705489785586,CISO
2023-01-27,605.6996672317958,11.78833084537094,-34.9508723899394,-11.9711256872273,CISO
2023-01-28,605.7118885794138,-28.806890808794513,-35.2862395367944,-13.657758233824893,CISO
2023-01-29,605.7241099270317,-47.32035000175321,-35.65557487698952,27.443814951711033,CISO
2023-01-30,605.7363312746497,7.5088071403653345,-36.0588914708119,17.308753055796842,CISO
2023-01-31,605.7485526222677,17.51127285040289,-36.49613961553842,1.6103141428678782,CISO
2023-02-01,605.7607739698857,20.9993825595948,-36.96720677771306,-7.6399497517674035,CISO
2023-02-02,605.7729953175036,18.263500856186283,-37.471917606497975,-1.1415785671919139,CISO
2023-02-03,605.7852166651217,11.78833084537094,-38.01003402811738,0.4754865176247449,CISO
2023-02-04,605.7974380127396,-28.806890808794513,-38.58125542131644,-13.945291782628601,CISO
2023-02-05,605.8096593603576,-47.32035000175321,-39.18521887365872,-2.2910904849455846,CISO
2023-02-06,605.8218807079755,7.5088071403653345,-39.82149951838826,-11.86218832995246,CISO
2023-02-07,605.8341020555935,17.51127285040289,-40.4896109514851,-21.182763954511188,CISO
2023-02-08,605.8463234032115,20.9993825595948,-41.189005728446055,-31.41670023436029,CISO
2023-02-09,605.8585447508294,18.263500856186283,-41.91907594022595,-31.182969666789745,CISO
2023-02-10,605.8707660984475,11.78833084537094,-42.67915386767916,-28.524943076139266,CISO
2023-02-11,605.8829874460654,-28.806890808794513,-43.46851271374594,-19.702583923525026,CISO
2023-02-12,605.8952087936834,-47.32035000175321,-44.286367412534126,-16.554491379395984,CISO
2023-02-13,605.9074301413013,7.5088071403653345,-45.13187551435425,-24.151361767312437,CISO
2023-02-14,605.9196514889194,17.51127285040289,-46.00413814567258,-5.317786193649567,CISO
2023-02-15,605.9318728365373,20.9993825595948,-46.90220104285803,-4.126054353274071,CISO
2023-02-16,605.9440941841553,18.263500856186283,-47.825055658507665,11.617460618166092,CISO
2023-02-17,605.9563155317733,11.78833084537094,-48.77164033904826,-7.488006038095932,CISO
2023-02-18,605.9685368793913,-28.806890808794513,-49.740841572225186,-12.78180449837157,CISO
2023-02-19,605.9807582270092,-47.32035000175321,-50.731495303004706,-9.117912922251378,CISO
2023-02-20,605.9929795746272,7.5088071403653345,-51.74238831633242,-36.84439839866013,CISO
2023-02-21,606.0052009222452,17.51127285040289,-52.772259685110534,-21.865214087537538,CISO
2023-02-22,606.0174222698631,20.9993825595948,-53.819802281675756,-0.6340025477821882,CISO
2023-02-23,606.0296436174812,18.263500856186283,-54.883664350983935,36.923519877316494,CISO
2023-02-24,606.0418649650991,11.78833084537094,-55.96245114363134,55.631255333161334,CISO
2023-02-25,606.0540863127171,-28.806890808794513,-57.05472660676987,61.973531102847346,CISO
2023-02-26,606.066307660335,-47.32035000175321,-58.15901513090353,48.288057472321725,CISO
2023-02-27,606.0785290079531,7.5088071403653345,-59.273803350484215,54.61846720216579,CISO
2023-02-28,606.090750355571,17.51127285040289,-60.39754199615982,30.709518790185825,CISO
2023-03-01,606.102971703189,20.9993825595948,-61.5286477964645,17.654293533680743,CISO
2023-03-02,606.115193050807,18.263500856186283,-62.66550542667994,6.3148115196868275,CISO
2023-03-03,606.1274143984249,11.78833084537094,-63.80646950253895,-5.201275741256836,CISO
2023-03-04,606.1396357460429,-28.806890808794513,-64.94986661638742,25.09212167913904,CISO
2023-03-05,606.1518570936609,-47.32035000175321,-66.09399741336838,36.97249032146067,CISO
2023-03-06,606.1640784412789,7.5088071403653345,-67.23713870514274,22.796253123498445,CISO
2023-03-07,606.1762997888968,17.51127285040289,-68.37754561861449,4.967972979314823,CISO
2023-03-08,606.1885211365149,20.9993825595948,-69.51345377708469,9.310550080975077,CISO
2023-03-09,606.2007424841328,18.263500856186283,-70.64308151121904,40.09783817089999,CISO
2023-03-10,606.2129638317508,11.78833084537094,-71.76463209717497,47.194337420053216,CISO
2023-03-11,606.2251851793687,-28.806890808794513,-72.87629601920167,43.94900164862736,CISO
2023-03-12,606.2374065269868,-47.32035000175321,-73.9762532539946,19.19619672876098,CISO
2023-03-13,606.2496278746047,7.5088071403653345,-75.0626755740583,23.170240559088256,CISO
2023-03-14,606.2618492222226,17.51127285040289,-76.13372886730784,43.07960679468238,CISO
2023-03-15,606.2740705698407,20.9993825595948,-77.18757547011639,22.465122340680978,CISO
2023-03-16,606.2862919174586,18.263500856186283,-78.22237651100056,8.210583737355591,CISO
2023-03-17,606.2985132650766,11.78833084537094,-79.236294262119,-4.827549848328431,CISO
2023-03-18,606.3107346126945,-28.806890808794513,-80.22749449574954,-1.204349308150654,CISO
2023-03-19,606.3229559603126,-47.32035000175321,-81.19414884290205,37.97054288434276,CISO
2023-03-20,606.3351773079305,7.5088071403653345,-82.13443715121997,17.780452702924208,CISO
2023-03-21,606.3473986555485,17.51127285040289,-83.04654983932237,51.60887833337097,CISO
2023-03-22,606.3596200031665,20.9993825595948,-83.92869024474052,39.96068768197915,CISO
2023-03-23,606.3718413507845,18.263500856186283,-84.77907696260962,40.3547347556389,CISO
2023-03-24,606.3840626984024,11.78833084537094,-85.59594617228403,18.139552628510728,CISO
2023-03-25,606.3962840460205,-28.806890808794513,-86.37755394905861,12.763160711832711,CISO
2023-03-26,606.4085053936384,-47.32035000175321,-87.12217855819293,24.184023166307668,CISO
2023-03-27,606.4207267412563,7.5088071403653345,-87.82812272845594,20.682588846834165,CISO
2023-03-28,606.4329480888744,17.51127285040289,-88.49371590242947,41.34649496315228,CISO
2023-03-29,606.4451694364923,20.9993825595948,-89.11731646083685,59.065764464749805,CISO
2023-03-30,606.4573907841103,18.263500856186283,-89.69731391818975,46.842422277893206,CISO
2023-03-31,606.4696121317282,11.78833084537094,-90.23213108708062,24.436188109981458,CISO
2023-04-01,606.4818334793463,-28.806890808794513,-90.7202262084822,7.20828353793047,CISO
2023-04-02,606.4940548269642,-47.32035000175321,-91.16009504545502,16.274390220244015,CISO
2023-04-03,606.5062761745822,7.5088071403653345,-91.55027293770502,27.293189622757495,CISO
2023-04-04,606.5184975222002,17.51127285040289,-91.88933681447864,25.39956644187555,CISO
2023-04-05,606.5307188698182,20.9993825595948,-92.17590716333024,15.887805733917276,CISO
2023-04-06,606.5429402174361,18.263500856186283,-92.40864995234728,11.740208878724843,CISO
2023-04-07,606.555161565054,11.78833084537094,-92.58627850347294,14.222786093047944,CISO
2023-04-08,606.5673829126721,-28.806890808794513,-92.70755531462137,-4.295936789256189,CISO
2023-04-09,606.57960426029,-47.32035000175321,-92.7712938283407,-1.123960430196064,CISO
2023-04-10,606.591825607908,7.5088071403653345,-92.77636014484033,-0.47827260343296985,CISO
2023-04-11,606.604046955526,17.51127285040289,-92.72167467726403,-0.607645128664899,CISO
2023-04-12,606.616268303144,20.9993825595948,-92.6062137471565,10.236562884417822,CISO
2023-04-13,606.6284896507619,18.263500856186283,-92.42901111814129,11.696020611193035,CISO
2023-04-14,606.64071099838,11.78833084537094,-92.1891594658996,7.694117622148838,CISO
2023-04-15,606.6529323459979,-28.806890808794513,-91.88581178261373,-5.12922975458963,CISO
2023-04-16,606.6651536936159,-47.32035000175321,-91.51818271411426,6.9453790222515295,CISO
2023-04-17,606.6773750412339,7.5088071403653345,-91.08554982805052,20.34436764645136,CISO
2023-04-18,606.6895963888518,17.51127285040289,-90.58725481148218,3.4513855722275366,CISO
2023-04-19,606.7018177364698,20.9993825595948,-90.0227045963737,-11.776495699690827,CISO
2023-04-20,606.7140390840877,18.263500856186283,-89.39137241155674,0.4168324712827598,CISO
2023-04-21,606.7262604317058,11.78833084537094,-88.69279875981223,12.5052074827355,CISO
2023-04-22,606.7384817793237,-28.806890808794513,-87.92659231881049,14.90600134828128,CISO
2023-04-23,606.7507031269417,-47.32035000175321,-87.09243076473794,13.164077639549475,CISO
2023-04-24,606.7629244745597,7.5088071403653345,-86.1900615175285,12.924329902603517,CISO
2023-04-25,606.7751458221777,17.51127285040289,-85.21930240671045,1.3628837341298095,CISO
2023-04-26,606.7873671697956,20.9993825595948,-84.18004225697139,19.16429252758087,CISO
2023-04-27,606.7995885174137,18.263500856186283,-83.0722413926395,37.10015201903957,CISO
2023-04-28,606.8118098650316,11.78833084537094,-81.89593206037335,45.75779134997083,CISO
2023-04-29,606.8240312126496,-28.806890808794513,-80.65121876944863,33.31207836559349,CISO
2023-04-30,606.8362525602676,-47.32035000175321,-79.33827854912738,20.895375990613104,CISO
2023-05-01,606.8484739078855,7.5088071403653345,-77.95736112269205,25.137080074441315,CISO
2023-05-02,606.8606952555035,17.51127285040289,-76.5087889978252,5.428820891918917,CISO
2023-05-03,606.8729166031214,20.9993825595948,-74.99295747311328,0.5726583103970597,CISO
2023-05-04,606.8851379507395,18.263500856186283,-73.4103345605522,15.418695753626594,CISO
2023-05-05,606.8973592983574,11.78833084537094,-71.76146082403102,9.189770680302672,CISO
2023-05-06,606.9095806459754,-28.806890808794513,-70.0469491338684,-18.109740703312468,CISO
2023-05-07,606.9218019935934,-47.32035000175321,-68.26748433757571,-23.08096765426444,CISO
2023-05-08,606.9340233412114,7.5088071403653345,-66.42382284711994,-20.12700763445673,CISO
2023-05-09,606.9462446888293,17.51127285040289,-64.51679214305597,-27.975725396176244,CISO
2023-05-10,606.9584660364474,20.9993825595948,-62.547290195998,-29.631558400044014,CISO
2023-05-11,606.9706873840653,18.263500856186283,-60.51628480599578,-28.329903434255698,CISO
2023-05-12,606.9829087316832,11.78833084537094,-58.42481286047855,-4.308426716575582,CISO
2023-05-13,606.9951300793012,-28.806890808794513,-56.27397951152567,20.232740241018973,CISO
2023-05-14,607.0073514269192,-47.32035000175321,-54.064957273317624,25.89595584815163,CISO
2023-05-15,607.0195727745372,7.5088071403653345,-51.798985040716516,21.44160512581402,CISO
2023-05-16,607.0317941221551,17.51127285040289,-49.47736703001645,30.977300057458365,CISO
2023-05-17,607.0440154697732,20.9993825595948,-47.10147164299783,30.555073613629816,CISO
2023-05-18,607.0562368173911,18.263500856186283,-44.67273025550861,26.63899258193112,CISO
2023-05-19,607.0684581650091,11.78833084537094,-42.192635931886066,21.06384692150607,CISO
2023-05-20,607.0806795126271,-28.806890808794513,-39.66274206661983,15.77395336278721,CISO
2023-05-21,607.0929008602451,-47.32035000175321,-37.08466095474256,24.130110096250746,CISO
2023-05-22,607.105122207863,7.5088071403653345,-34.46006229251952,29.33313294429115,CISO
2023-05-23,607.1173435554809,17.51127285040289,-31.7906716100905,3.669055204206529,CISO
2023-05-24,607.129564903099,20.9993825595948,-29.078268637797933,-19.964678824895714,CISO
2023-05-25,607.1417862507169,18.263500856186283,-26.32468560801454,-32.67160149888866,CISO
2023-05-26,607.1540075983349,11.78833084537094,-23.531805494358913,-38.08153294934698,CISO
2023-05-27,607.1662289459529,-28.806890808794513,-20.70156019026303,-47.28377794689527,CISO
2023-05-28,607.1784502935709,-47.32035000175321,-17.83592862892614,-36.01317166289152,CISO
2023-05-29,607.1906716411888,7.5088071403653345,-14.93693484676055,-83.5605439347936,CISO
2023-05-30,607.2028929888069,17.51127285040289,-12.006645992501504,-55.41951984670811,CISO
2023-05-31,607.2151143364248,20.9993825595948,-9.047170284217103,-40.74132661180249,CISO
2023-06-01,607.2273356840428,18.263500856186283,-6.060654916517564,-39.88218162371152,CISO
2023-06-02,607.2395570316608,11.78833084537094,-3.049283920320761,-46.15260395671089,CISO
2023-06-03,607.2517783792788,-28.806890808794513,-0.015275977589865875,-42.44061159289424,CISO
2023-06-04,607.2639997268967,-47.32035000175321,3.039117806490438,-26.26176753163395,CISO
2023-06-05,607.2762210745146,7.5088071403653345,6.111616171378671,-36.54064438625869,CISO
2023-06-06,607.2884424221327,17.51127285040289,9.199910006515957,-63.9816252790514,CISO
2023-06-07,607.3006637697506,20.9993825595948,12.301664691529162,-74.3907110208745,CISO
2023-06-08,607.3128851173686,18.263500856186283,15.41452246864226,-72.47690844219721,CISO
2023-06-09,607.3251064649866,11.78833084537094,18.536104844605994,-60.91554215496342,CISO
2023-06-10,607.3373278126046,-28.806890808794513,21.664015019415828,-63.85445202322592,CISO
2023-06-11,607.3495491602225,-47.32035000175321,24.795840339059538,-74.09803949752893,CISO
2023-06-12,607.3617705078406,7.5088071403653345,27.929154769503903,-79.76373241770978,CISO
2023-06-13,607.3739918554585,17.51127285040289,31.06152138910646,-72.6687860949678,CISO
2023-06-14,607.3862132030765,20.9993825595948,34.190494896613316,-57.05009065928448,CISO
2023-06-15,607.3984345506944,18.263500856186283,37.313624131886904,-49.52855953876758,CISO
2023-06-16,607.4106558983124,11.78833084537094,40.428454606489396,-46.555441350172714,CISO
2023-06-17,607.4228772459304,-28.806890808794513,43.53253104123901,-37.518517478374974,CISO
2023-06-18,607.4350985935483,-47.32035000175321,46.62339990784072,-63.16814849963578,CISO
2023-06-19,607.4473199411664,7.5088071403653345,49.69861197169452,-101.7937390532262,CISO
2023-06-20,607.4595412887843,17.51127285040289,52.75572483297627,-108.75953897216357,CISO
2023-06-21,607.4717626364023,20.9993825595948,55.792305463090464,-108.2844506590875,CISO
2023-06-22,607.4839839840203,18.263500856186283,58.80593273359699,-110.47241757380357,CISO
2023-06-23,607.4962053316383,11.78833084537094,61.79419993472363,-119.24573611173287,CISO
2023-06-24,607.5084266792562,-28.806890808794513,64.75471728058471,-115.69125315104645,CISO
2023-06-25,607.5206480268743,-47.32035000175321,67.68511439824348,-117.17541242336443,CISO
2023-06-26,607.5328693744922,7.5088071403653345,70.58304279777188,-111.52471931262937,CISO
2023-06-27,607.5450907221101,17.51127285040289,73.44617832048432,-104.62154189299736,CISO
2023-06-28,607.5573120697281,20.9993825595948,76.27222356254504,-99.31091819186793,CISO
2023-06-29,607.5695334173461,18.263500856186283,79.05891027117798,-68.49494454471039,CISO
2023-06-30,607.5817547649641,11.78833084537094,81.80400171073805,-13.398087321073149,CISO
2023-07-01,607.593976112582,-28.806890808794513,84.50529499593807,18.505619700274337,CISO
2023-07-02,607.6061974602001,-47.32035000175321,87.16062338956249,23.650529151990668,CISO
2023-07-03,607.618418807818,7.5088071403653345,89.76785856204062,-17.251084510223905,CISO
2023-07-04,607.630640155436,17.51127285040289,92.32491281029417,-112.44382581613297,CISO
2023-07-05,607.642861503054,20.9993825595948,94.82974123332271,-84.14798529597147,CISO
2023-07-06,607.655082850672,18.263500856186283,97.28034386203876,-90.42492756889703,CISO
2023-07-07,607.6673041982899,11.78833084537094,99.67476774091823,-96.00940278457904,CISO
2023-07-08,607.679525545908,-28.806890808794513,102.01110895908684,-101.64674369620025,CISO
2023-07-09,607.6917468935259,-47.32035000175321,104.28751462852065,-107.68691152029339,CISO
2023-07-10,607.7039682411438,7.5088071403653345,106.50218480710231,-80.10996018861147,CISO
2023-07-11,607.7161895887618,17.51127285040289,108.65337436433529,-37.305836803499915,CISO
2023-07-12,607.7284109363798,20.9993825595948,110.73939478758754,-10.295188283562084,CISO
2023-07-13,607.7406322839978,18.263500856186283,112.75861592680221,-3.1137490669863155,CISO
2023-07-14,607.7528536316157,11.78833084537094,114.70946767568668,21.077347847326564,CISO
2023-07-15,607.7650749792338,-28.806890808794513,116.59044158746286,39.21937424209784,CISO
2023-07-16,607.7772963268517,-47.32035000175321,118.40009242333814,60.29396125156336,CISO
2023-07-17,607.7895176744697,7.5088071403653345,120.13703963193464,80.7056355532302,CISO
2023-07-18,607.8017390220876,17.51127285040289,121.79996875799424,42.37501936951526,CISO
2023-07-19,607.8139603697057,20.9993825595948,123.38763277875837,32.71602429194127,CISO
2023-07-20,607.8261817173236,18.263500856186283,124.89885336650593,49.25346405998425,CISO
2023-07-21,607.8384030649415,11.78833084537094,126.33252207581829,44.07874401386914,CISO
2023-07-22,607.8506244125596,-28.806890808794513,127.68760145422738,38.22866494200764,CISO
2023-07-23,607.8628457601775,-47.32035000175321,128.96312607499175,27.974378166583847,CISO
2023-07-24,607.8750671077955,7.5088071403653345,130.15820349083668,31.356922261002524,CISO
2023-07-25,607.8872884554135,17.51127285040289,131.2720151075843,50.84442358659942,CISO
2023-07-26,607.8995098030315,20.9993825595948,132.3038169766948,59.51129066067904,CISO
2023-07-27,607.9117311506494,18.263500856186283,133.25294050583219,35.41482748733199,CISO
2023-07-28,607.9239524982675,11.78833084537094,134.11879308666414,15.453923569697508,CISO
2023-07-29,607.9361738458854,-28.806890808794513,134.90085863920143,13.768858323707605,CISO
2023-07-30,607.9483951935034,-47.32035000175321,135.59869807207895,9.342256736170839,CISO
2023-07-31,607.9606165411213,7.5088071403653345,136.211949658278,23.408626660235427,CISO
2023-08-01,607.9728378887393,17.51127285040289,136.74032932588796,6.042559934969972,CISO
2023-08-02,607.9850592363573,20.9993825595948,137.1836308636037,-27.264072659555723,CISO
2023-08-03,607.9972805839752,18.263500856186283,137.54172604075458,-59.77750748091614,CISO
2023-08-04,608.0095019315933,11.78833084537094,137.81456464175892,-54.498397418723016,CISO
2023-08-05,608.0217232792112,-28.806890808794513,138.0021744149987,-16.2670068854153,CISO
2023-08-06,608.0339446268292,-47.32035000175321,138.10466093620707,13.555744438716943,CISO
2023-08-07,608.0461659744471,7.5088071403653345,138.12220738656157,15.478819498625967,CISO
2023-08-08,608.0583873220652,17.51127285040289,138.05507424577394,-21.633734418242057,CISO
2023-08-09,608.0706086696831,20.9993825595948,137.90359890056706,-37.919590129845005,CISO
2023-08-10,608.0828300173011,18.263500856186283,137.66819516902598,-52.155526042513316,CISO
2023-08-11,608.0950513649191,11.78833084537094,137.34935274140994,-48.71073495169992,CISO
2023-08-12,608.1072727125371,-28.806890808794513,136.94763653810668,-37.646018441849264,CISO
2023-08-13,608.119494060155,-47.32035000175321,136.46368598550794,-14.480830043909691,CISO
2023-08-14,608.131715407773,7.5088071403653345,135.89821421067947,31.49426324118224,CISO
2023-08-15,608.143936755391,17.51127285040289,135.25200715579334,57.0707832384129,CISO
2023-08-16,608.1561581030089,20.9993825595948,134.52592261338233,81.99453672401398,CISO
2023-08-17,608.168379450627,18.263500856186283,133.7208891835695,65.18323050961726,CISO
2023-08-18,608.1806007982449,11.78833084537094,132.83790515451403,10.80416320187021,CISO
2023-08-19,608.1928221458629,-28.806890808794513,131.87803730740563,-40.196968644474055,CISO
2023-08-20,608.2050434934808,-47.32035000175321,130.84241964742512,-38.82911313915281,CISO
2023-08-21,608.2172648410989,7.5088071403653345,129.73225206217538,-84.25632404363955,CISO
2023-08-22,608.2294861887168,17.51127285040289,128.54879890917033,-67.22955794829011,CISO
2023-08-23,608.2417075363348,20.9993825595948,127.29338753405156,-16.454477629981056,CISO
2023-08-24,608.2539288839528,18.263500856186283,125.96740672128149,-9.106836461420585,CISO
2023-08-25,608.2661502315707,11.78833084537094,124.57230507914161,-45.34578615608325,CISO
2023-08-26,608.2783715791887,-28.806890808794513,123.10958936093745,-56.31007013133171,CISO
2023-08-27,608.2905929268067,-47.32035000175321,121.5808227243871,-28.99706564944063,CISO
2023-08-28,608.3028142744247,7.5088071403653345,119.9876229312417,34.69275565396822,CISO
2023-08-29,608.3150356220426,17.51127285040289,118.3316604892524,39.99303103830209,CISO
2023-08-30,608.3272569696607,20.9993825595948,116.61465673866756,45.33570373207715,CISO
2023-08-31,608.3394783172786,18.263500856186283,114.83838188550547,5.209638941029652,CISO
2023-09-01,608.3516996648966,11.78833084537094,113.00465298390917,-35.3786834941767,CISO
2023-09-02,608.3639210125145,-28.806890808794513,111.11533186994997,-56.79336207366998,CISO
2023-09-03,608.3761423601326,-47.32035000175321,109.17232304929759,-85.5691154076768,CISO
2023-09-04,608.3883637077505,7.5088071403653345,107.17757154123292,-139.22674238934871,CISO
2023-09-05,608.4005850553684,17.51127285040289,105.1330606815239,-82.8969185872952,CISO
2023-09-06,608.4128064029865,20.9993825595948,103.04080988673469,-66.12299884931588,CISO
2023-09-07,608.4250277506044,18.263500856186283,100.90287238258207,-49.572400989372795,CISO
2023-09-08,608.4372490982224,11.78833084537094,98.72133289899095,-3.6849128425843674,CISO
2023-09-09,608.4494704458403,-28.806890808794513,96.4983053345415,20.814115028412743,CISO
2023-09-10,608.4616917934584,-47.32035000175321,94.23593039303188,21.404727815263072,CISO
2023-09-11,608.4739131410763,7.5088071403653345,91.9363731949148,21.907906523643533,CISO
2023-09-12,608.4861344886943,17.51127285040289,89.60182086638972,-10.390228205487006,CISO
2023-09-13,608.4983558363123,20.9993825595948,87.23448010896055,-38.95421850486764,CISO
2023-09-14,608.5105771839303,18.263500856186283,84.8365747522893,-42.719652792405896,CISO
2023-09-15,608.5227985315482,11.78833084537094,82.41034329319166,-38.24747267011071,CISO
2023-09-16,608.5350198791662,-28.806890808794513,79.95803642363757,-43.267165494009305,CISO
2023-09-17,608.5472412267842,-47.32035000175321,77.48191455063116,-59.90280577566216,CISO
2023-09-18,608.5594625744021,7.5088071403653345,74.98424531084827,-61.54451502561574,CISO
2023-09-19,608.5716839220202,17.51127285040289,72.46730108292041,-73.58225785534341,CISO
2023-09-20,608.5839052696381,20.9993825595948,69.93335650024858,-75.90764432948151,CISO
2023-09-21,608.5961266172561,18.263500856186283,67.38468596723243,-83.02131344067482,CISO
2023-09-22,608.608347964874,11.78833084537094,64.82356118179268,-84.01623999203775,CISO
2023-09-23,608.6205693124921,-28.806890808794513,62.252248667054474,-78.42592717075206,CISO
2023-09-24,608.63279066011,-47.32035000175321,59.67300731505023,-67.31544797340712,CISO
2023-09-25,608.645012007728,7.5088071403653345,57.08808594527959,-66.1069050933728,CISO
2023-09-26,608.657233355346,17.51127285040289,54.49972088094847,-56.05622708669728,CISO
2023-09-27,608.6694547029639,20.9993825595948,51.91013354568727,-56.48197080824593,CISO
2023-09-28,608.6816760505819,18.263500856186283,49.321528083516654,-56.637704990284874,CISO
2023-09-29,608.6938973981999,11.78833084537094,46.73608900480872,-56.53131724837954,CISO
2023-09-30,608.7061187458179,-28.806890808794513,44.15597886095062,-71.99120679797397,CISO
2023-10-01,608.7183400934358,-47.32035000175321,41.58333595038796,-87.1583260420706,CISO
2023-10-02,608.7305614410539,7.5088071403653345,39.02027205868389,-93.126640640103,CISO
2023-10-03,608.7427827886718,17.51127285040289,36.46887023518778,-74.3669258742625,CISO
2023-10-04,608.7550041362898,20.9993825595948,33.9311826088654,-34.78256930475004,CISO
2023-10-05,608.7672254839077,18.263500856186283,31.40922824578979,20.352045414116105,CISO
2023-10-06,608.7794468315258,11.78833084537094,28.904991050745213,41.34123127235807,CISO
2023-10-07,608.7916681791437,-28.806890808794513,26.420417715342907,31.52380491430779,CISO
2023-10-08,608.8038895267617,-47.32035000175321,23.95741571498617,28.612044760005347,CISO
2023-10-09,608.8161108743797,7.5088071403653345,21.51785135697063,-13.210769371715628,CISO
2023-10-10,608.8283322219976,17.51127285040289,19.10354788193566,-44.49415295433619,CISO
2023-10-11,608.8405535696156,20.9993825595948,16.716283620824612,-60.147219750035106,CISO
2023-10-12,608.8527749172335,18.263500856186283,14.357790209441156,-55.23906598286089,CISO
2023-10-13,608.8649962648516,11.78833084537094,12.02975086262002,-36.21407797284246,CISO
2023-10-14,608.8772176124695,-28.806890808794513,9.733798709960858,-36.12512551363591,CISO
2023-10-15,608.8894389600875,-47.32035000175321,7.47151519499478,-14.631604153329022,CISO
2023-10-16,608.9016603077055,7.5088071403653345,5.24442853958368,4.9581040123455296,CISO
2023-10-17,608.9138816553235,17.51127285040289,3.0540122752673966,7.1708332190062265,CISO
2023-10-18,608.9261030029414,20.9993825595948,0.9016838431974605,24.442830594266297,CISO
2023-10-19,608.9383243505595,18.263500856186283,-1.2111967357861744,48.05937152904039,CISO
2023-10-20,608.9505456981774,11.78833084537094,-3.283328119466404,46.70345157591805,CISO
2023-10-21,608.9627670457954,-28.806890808794513,-5.3134688295618915,10.01459259256103,CISO
2023-10-22,608.9749883934134,-47.32035000175321,-7.300438362742035,-8.554200028918103,CISO
2023-10-23,608.9872097410313,7.5088071403653345,-9.243118226139458,-15.15589865525726,CISO
2023-10-24,608.9994310886493,17.51127285040289,-11.140452896235946,-34.6162510428162,CISO
2023-10-25,609.0116524362672,20.9993825595948,-12.991450700099854,-19.504584295762243,CISO
2023-10-26,609.0238737838853,18.263500856186283,-14.795184618036991,-36.58419002203436,CISO
2023-10-27,609.0360951315032,11.78833084537094,-16.550793006817656,-34.09263297005657,CISO
2023-10-28,609.0483164791212,-28.806890808794513,-18.25748024273316,-44.4519454275935,CISO
2023-10-29,609.0605378267392,-47.32035000175321,-19.914517283831636,-40.26867054115428,CISO
2023-10-30,609.0727591743572,7.5088071403653345,-21.52124215078161,-29.930324163940895,CISO
2023-10-31,609.0849805219751,17.51127285040289,-23.07706032590623,-35.61019304647175,CISO
2023-11-01,609.097201869593,20.9993825595948,-24.581445070029055,-22.078139359158854,CISO
2023-11-02,609.1094232172111,18.263500856186283,-26.03393765687239,-10.092986416525036,CISO
2023-11-03,609.121644564829,11.78833084537094,-27.434147524844605,-14.605827885355325,CISO
2023-11-04,609.133865912447,-28.806890808794513,-28.781752346153326,-12.971222757499277,CISO
2023-11-05,609.146087260065,-47.32035000175321,-30.076498013278027,16.982760754966193,CISO
2023-11-06,609.158308607683,7.5088071403653345,-31.318198542936123,-12.402917205112203,CISO
2023-11-07,609.1705299553009,17.51127285040289,-32.50673589777326,-18.740066907930668,CISO
2023-11-08,609.182751302919,20.9993825595948,-33.64205972610576,-22.159074136408094,CISO
2023-11-09,609.1949726505369,18.263500856186283,-34.72418702014322,-21.906286486579916,CISO
2023-11-10,609.2071939981549,11.78833084537094,-35.7532016932137,-26.09732315031215,CISO
2023-11-11,609.2194153457729,-28.806890808794513,-36.72925407661047,-26.079270460367752,CISO
2023-11-12,609.2316366933909,-47.32035000175321,-37.65256033677679,-15.093726354860848,CISO
2023-11-13,609.2438580410088,7.5088071403653345,-38.52340181363703,-13.699263367737103,CISO
2023-11-14,609.2560793886267,17.51127285040289,-39.34212428097817,-14.353227958051548,CISO
2023-11-15,609.2683007362448,20.9993825595948,-40.10913712987667,5.721453834037106,CISO
2023-11-16,609.2805220838627,18.263500856186283,-40.82491247625861,-3.5991104637904527,CISO
2023-11-17,609.2927434314807,11.78833084537094,-41.48998419376947,1.1599099169177407,CISO
2023-11-18,609.3049647790987,-28.806890808794513,-42.10494687321888,6.9338729029145725,CISO
2023-11-19,609.3171861267167,-47.32035000175321,-42.6704547099537,-2.018381415009685,CISO
2023-11-20,609.3294074743346,7.5088071403653345,-43.18722032059634,-6.048994294103636,CISO
2023-11-21,609.3416288219527,17.51127285040289,-43.656013490670354,3.1241118183149865,CISO
2023-11-22,609.3538501695706,20.9993825595948,-44.0776598547168,-5.226572874448607,CISO
2023-11-23,609.3660715171886,18.263500856186283,-44.45303951058373,-72.0745328627911,CISO
2023-11-24,609.3782928648066,11.78833084537094,-44.78308556965061,-56.72253814052692,CISO
2023-11-25,609.3905142124246,-28.806890808794513,-45.06878264482403,-17.174840758806,CISO
2023-11-26,609.4027355600425,-47.32035000175321,-45.311165278214496,12.960779719925199,CISO
2023-11-27,609.4149569076604,7.5088071403653345,-45.51131631047681,17.29855226245104,CISO
2023-11-28,609.4271782552785,17.51127285040289,-45.670365193862615,13.512914088181219,CISO
2023-11-29,609.4393996028964,20.9993825595948,-45.789486251103426,20.24570408861223,CISO
2023-11-30,609.4516209505144,18.263500856186283,-45.869896882303095,25.85377507560247,CISO
2023-12-01,609.4638422981324,11.78833084537094,-45.91285572208227,17.059682578578986,CISO
2023-12-02,609.4760636457504,-28.806890808794513,-45.9196607492744,13.015487912318463,CISO
2023-12-03,609.4882849933683,-47.32035000175321,-45.89164735152947,19.38271235991442,CISO
2023-12-04,609.5005063409864,7.5088071403653345,-45.830186347234026,4.460872865882266,CISO
2023-12-05,609.5127276886043,17.51127285040289,-45.73668196720661,-1.745318571800567,CISO
2023-12-06,609.5249490362222,20.9993825595948,-45.61256979867428,6.103238202857142,CISO
2023-12-07,609.5371703838402,18.263500856186283,-45.45931469408052,0.899643454053944,CISO
2023-12-08,609.5493917314582,11.78833084537094,-45.278408647315324,7.619686070486182,CISO
2023-12-09,609.5616130790762,-28.806890808794513,-45.07136863999703,6.572646369715244,CISO
2023-12-10,609.5738344266941,-47.32035000175321,-44.83973446046911,39.2692500355281,CISO
2023-12-11,609.5860557743122,7.5088071403653345,-44.58506649820789,28.98920358353041,CISO
2023-12-12,609.5982771219301,17.51127285040289,-44.30894351636489,22.838393544031987,CISO
2023-12-13,609.6104984695481,20.9993825595948,-44.01296040519267,20.32307937604969,CISO
2023-12-14,609.6227198171661,18.263500856186283,-43.69872591912533,26.608505245772903,CISO
2023-12-15,609.6349411647841,11.78833084537094,-43.36786040030263,24.68458839014761,CISO
2023-12-16,609.647162512402,-28.806890808794513,-43.0219934913427,24.87072178773508,CISO
2023-12-17,609.6593838600201,-47.32035000175321,-42.662761840179485,47.264727981912756,CISO
2023-12-18,609.671605207638,7.5088071403653345,-42.29180679979012,34.88139445178683,CISO
2023-12-19,609.6838265552559,17.51127285040289,-41.910772125641856,18.616672719983058,CISO
2023-12-20,609.6960479028739,20.9993825595948,-41.52130167369066,20.77387121122183,CISO
2023-12-21,609.7082692504919,18.263500856186283,-41.125037101761485,9.172266995083305,CISO
2023-12-22,609.7204905981099,11.78833084537094,-40.72361557713496,-0.9332058663458156,CISO
2023-12-23,609.7327119457278,-28.806890808794513,-40.31866749315775,1.0518463562243596,CISO
2023-12-24,609.7449332933459,-47.32035000175321,-39.91181419768055,11.812230906087962,CISO
2023-12-25,609.7571546409638,7.5088071403653345,-39.50466573611467,-54.08729604521454,CISO
2023-12-26,609.7693759885818,17.51127285040289,-39.098818611876915,-23.704830227107777,CISO
2023-12-27,609.7815973361998,20.9993825595948,-38.695853566974044,-11.287126328820477,CISO
2023-12-28,609.7938186838178,18.263500856186283,-38.29733338544954,-15.892986154554592,CISO
2023-12-29,609.8060400314357,11.78833084537094,-37.90480072239017,-20.74557015441644,CISO
2023-12-30,609.8182613790536,-28.806890808794513,-37.51977596115626,3.5624053908970836,CISO
2023-12-31,609.8304827266717,-47.32035000175321,-37.14375510146565,16.7356223765471,CISO
2024-01-01,609.8427040742896,7.5088071403653345,-36.68862682682142,-64.26188438783367,CISO
2024-01-02,609.8549254219076,17.51127285040289,-36.33819412613561,-21.83100414617502,CISO
2024-01-03,609.8671467695256,20.9993825595948,-36.00143405526362,-16.200095273856846,CISO
2024-01-04,609.8793681171436,18.263500856186283,-35.6797162475328,-13.893152725796995,CISO
2024-01-05,609.8915894647615,11.78833084537094,-35.37437547222815,-12.524544837904386,CISO
2024-01-06,609.9038108123796,-28.806890808794513,-35.086709772489016,10.107789768904013,CISO
2024-01-07,609.9160321599975,-47.32035000175321,-34.81797865180582,10.780296493561536,CISO
2024-01-08,609.9282535076155,7.5088071403653345,-34.56940131134553,23.18934066336476,CISO
2024-01-09,609.9404748552334,17.51127285040289,-34.342154940272465,12.234407234636137,CISO
2024-01-10,609.9526962028514,20.9993825595948,-34.137373061166784,12.241294298720618,CISO
2024-01-11,609.9649175504694,18.263500856186283,-33.95614393257671,-4.794274474079089,CISO
2024-01-12,609.9771388980873,11.78833084537094,-33.79950901067029,18.199039267212015,CISO
2024-01-13,609.9893602457054,-28.806890808794513,-33.668461471882125,17.18099203497127,CISO
2024-01-14,610.0015815933233,-47.32035000175321,-33.5639447983755,-2.119286793194533,CISO
2024-01-15,610.0138029409413,7.5088071403653345,-33.486851428065364,-20.899758653241292,CISO
2024-01-16,610.0260242885593,17.51127285040289,-33.438021470868655,-4.5382756680934335,CISO
2024-01-17,610.0382456361773,20.9993825595948,-33.41824149276869,-15.443386703003398,CISO
2024-01-18,610.0504669837952,18.263500856186283,-33.4282433691987,-14.019724470782762,CISO
2024-01-19,610.0626883314133,11.78833084537094,-33.46870320916498,-6.280315967619117,CISO
2024-01-20,610.0749096790312,-28.806890808794513,-33.54024035144541,2.1012214812087677,CISO
2024-01-21,610.0871310266492,-47.32035000175321,-33.643416434111536,6.388635409215567,CISO
2024-01-22,610.0993523742671,7.5088071403653345,-33.77873453853392,2.3765750239015233,CISO
2024-01-23,610.1115737218851,17.51127285040289,-33.9466384089404,-37.05620816334749,CISO
2024-01-24,610.1237950695031,20.9993825595948,-34.147511748506105,-12.765665880591769,CISO
2024-01-25,610.136016417121,18.263500856186283,-34.38167759286064,-32.14083968044679,CISO
2024-01-26,610.1482377647391,11.78833084537094,-34.64939776180552,-28.80317084830449,CISO
2024-01-27,610.160459112357,-28.806890808794513,-34.9508723899394,-37.73669591362312,CISO
2024-01-28,610.172680459975,-47.32035000175321,-35.2862395367944,-33.46209092142743,CISO
2024-01-29,610.184901807593,7.5088071403653345,-35.65557487698952,-46.26913407096879,CISO
2024-01-30,610.197123155211,17.51127285040289,-36.0588914708119,-50.88050453480196,CISO
2024-01-31,610.2093445028289,20.9993825595948,-36.49613961553842,-31.97758744688531,CISO
2024-02-01,610.221565850447,18.263500856186283,-36.96720677771306,-10.197859928920138,CISO
2024-02-02,610.2337871980649,11.78833084537094,-37.471917606497975,-17.94120043693772,CISO
2024-02-03,610.2460085456828,-28.806890808794513,-38.01003402811738,-7.802083708771079,CISO
2024-02-04,610.2582298933008,-47.32035000175321,-38.58125542131644,12.544375529768786,CISO
2024-02-05,610.2704512409188,7.5088071403653345,-39.18521887365872,-0.8700395076252789,CISO
2024-02-06,610.2826725885368,17.51127285040289,-39.82149951838826,1.1495540794486487,CISO
2024-02-07,610.2948939361547,20.9993825595948,-40.4896109514851,15.59933445573563,CISO
2024-02-08,610.3071152837728,18.263500856186283,-41.189005728446055,5.992389588487072,CISO
2024-02-09,610.3193366313907,11.78833084537094,-41.91907594022595,-3.062591536535706,CISO
2024-02-10,610.3315579790087,-28.806890808794513,-42.67915386767916,-17.065513302535123,CISO
2024-02-11,610.3437793266266,-47.32035000175321,-43.46851271374594,-3.8379166111275254,CISO
2024-02-12,610.3560006742447,7.5088071403653345,-44.286367412534126,-18.370440402075815,CISO
2024-02-13,610.3682220218626,17.51127285040289,-45.13187551435425,-28.378619357911134,CISO
2024-02-14,610.3804433694805,20.9993825595948,-46.00413814567258,-20.930687783402732,CISO
2024-02-15,610.3926647170986,18.263500856186283,-46.90220104285803,-24.76296453042687,CISO
2024-02-16,610.4048860647165,11.78833084537094,-47.825055658507665,-22.238161251579868,CISO
2024-02-17,610.4171074123345,-28.806890808794513,-48.77164033904826,2.137423735508264,CISO
2024-02-18,610.4293287599525,-47.32035000175321,-49.740841572225186,-14.170137185974113,CISO
2024-02-19,610.4415501075705,7.5088071403653345,-50.731495303004706,-21.48486194493114,CISO
2024-02-20,610.4537714551884,17.51127285040289,-51.74238831633242,4.3513440107411725,CISO
2024-02-21,610.4659928028065,20.9993825595948,-52.772259685110534,-24.497115677290594,CISO
2024-02-22,610.4782141504244,18.263500856186283,-53.819802281675756,-36.67191272493494,CISO
2024-02-23,610.4904354980424,11.78833084537094,-54.883664350983935,-25.140101992429322,CISO
2024-02-24,610.5026568456603,-28.806890808794513,-55.96245114363134,-33.25631489323462,CISO
2024-02-25,610.5148781932784,-47.32035000175321,-57.05472660676987,-27.568801584755192,CISO
2024-02-26,610.5270995408963,7.5088071403653345,-58.15901513090353,-5.852891550358095,CISO
2024-02-27,610.5393208885142,17.51127285040289,-59.273803350484215,-33.44979038843303,CISO
2024-02-28,610.5515422361323,20.9993825595948,-60.39754199615982,-41.50038279956732,CISO
2024-02-29,610.5637635837502,18.263500856186283,-61.5286477964645,-8.988616643472028,CISO
2024-03-01,610.5759849313682,11.78833084537094,-62.66550542667994,-7.104810350059097,CISO
2024-03-02,610.5882062789861,-28.806890808794513,-63.80646950253895,8.85815403234733,CISO
2024-03-03,610.6004276266042,-47.32035000175321,-64.94986661638742,12.760788991536515,CISO
2024-03-04,610.6126489742221,7.5088071403653345,-66.09399741336838,-5.706458701219162,CISO
2024-03-05,610.6248703218401,17.51127285040289,-67.23713870514274,-7.867004467100173,CISO
2024-03-06,610.6370916694581,20.9993825595948,-68.37754561861449,-3.23592861043835,CISO
2024-03-07,610.6493130170761,18.263500856186283,-69.51345377708469,-7.743360096177753,CISO
2024-03-08,610.661534364694,11.78833084537094,-70.64308151121904,-29.878783698845837,CISO
2024-03-09,610.673755712312,-28.806890808794513,-71.76463209717497,-21.138232806342614,CISO
2024-03-10,610.68597705993,-47.32035000175321,-72.87629601920167,-39.530331038975135,CISO
2024-03-11,610.6981984075479,7.5088071403653345,-73.9762532539946,-19.089752293918764,CISO
2024-03-12,610.710419755166,17.51127285040289,-75.0626755740583,-2.754017031510557,CISO
2024-03-13,610.7226411027839,20.9993825595948,-76.13372886730784,-22.67929479507086,CISO
2024-03-14,610.7348624504019,18.263500856186283,-77.18757547011639,-30.102787836471748,CISO
2024-03-15,610.7470837980198,11.78833084537094,-78.22237651100056,-25.131038132390245,CISO
2024-03-16,610.7593051456379,-28.806890808794513,-79.236294262119,-26.671120074724286,CISO
2024-03-17,610.7715264932558,-47.32035000175321,-80.22749449574954,-20.740681995753164,CISO
2024-03-18,610.7837478408738,7.5088071403653345,-81.19414884290205,-11.701406138337006,CISO
2024-03-19,610.7959691884918,17.51127285040289,-82.13443715121997,-28.236804887674566,CISO
2024-03-20,610.8081905361097,20.9993825595948,-83.04654983932237,-30.46902325638223,CISO
2024-03-21,610.8204118837277,18.263500856186283,-83.92869024474052,-29.006222495173574,CISO
2024-03-22,610.8326332313457,11.78833084537094,-84.77907696260962,-10.78788711410698,CISO
2024-03-23,610.8448545789637,-28.806890808794513,-85.59594617228403,-0.08401759788512209,CISO
2024-03-24,610.8570759265816,-47.32035000175321,-86.37755394905861,-1.4041719757698274,CISO
2024-03-25,610.8692972741997,7.5088071403653345,-87.12217855819293,-12.598925856372034,CISO
2024-03-26,610.8815186218176,17.51127285040289,-87.82812272845594,-22.484668743764473,CISO
2024-03-27,610.8937399694356,20.9993825595948,-88.49371590242947,-1.6504066266008977,CISO
2024-03-28,610.9059613170535,18.263500856186283,-89.11731646083685,-11.414145712402956,CISO
2024-03-29,610.9181826646716,11.78833084537094,-89.69731391818975,2.9698004081473073,CISO
2024-03-30,610.9304040122895,-28.806890808794513,-90.23213108708062,18.7466178835856,CISO
2024-03-31,610.9426253599075,-47.32035000175321,-90.7202262084822,6.1429508503279635,CISO
2024-04-01,610.9548467075255,7.5088071403653345,-91.16009504545502,-28.187558802435774,CISO
2024-04-02,610.9670680551434,17.51127285040289,-91.55027293770502,-23.035067967841314,CISO
2024-04-03,610.9792894027614,20.9993825595948,-91.88933681447864,-13.403335147877556,CISO
2024-04-04,610.9915107503793,18.263500856186283,-92.17590716333024,25.231895556764584,CISO
2024-04-05,611.0037320979974,11.78833084537094,-92.40864995234728,23.707587008978976,CISO
2024-04-06,611.0159534456153,-28.806890808794513,-92.58627850347294,0.19321586665211044,CISO
2024-04-07,611.0281747932333,-47.32035000175321,-92.70755531462137,-5.001269476858681,CISO
2024-04-08,611.0403961408513,7.5088071403653345,-92.7712938283407,-14.335909452875853,CISO
2024-04-09,611.0526174884693,17.51127285040289,-92.77636014484033,-19.33853019403182,CISO
2024-04-10,611.0648388360872,20.9993825595948,-92.72167467726403,-14.977546718418012,CISO
2024-04-11,611.0770601837053,18.263500856186283,-92.6062137471565,-3.3323472927348803,CISO
2024-04-12,611.0892815313232,11.78833084537094,-92.42901111814129,3.602398741447132,CISO
2024-04-13,611.1015028789411,-28.806890808794513,-92.1891594658996,25.107547395752988,CISO
2024-04-14,611.1137242265592,-47.32035000175321,-91.88581178261373,20.065437557807854,CISO
2024-04-15,611.1259455741771,7.5088071403653345,-91.51818271411426,-12.036570000428242,CISO
2024-04-16,611.1381669217951,17.51127285040289,-91.08554982805052,-17.705889944147543,CISO
2024-04-17,611.150388269413,20.9993825595948,-90.58725481148218,-10.397516017525732,CISO
2024-04-18,611.1626096170311,18.263500856186283,-90.0227045963737,-5.438405876843603,CISO
2024-04-19,611.174830964649,11.78833084537094,-89.39137241155674,-10.22978939846314,CISO
2024-04-20,611.187052312267,-28.806890808794513,-88.69279875981223,-14.040362743660296,CISO
2024-04-21,611.199273659885,-47.32035000175321,-87.92659231881049,3.0336686606787566,CISO
2024-04-22,611.211495007503,7.5088071403653345,-87.09243076473794,17.03312861686959,CISO
2024-04-23,611.2237163551209,17.51127285040289,-86.1900615175285,-3.6369276879952395,CISO
2024-04-24,611.2359377027389,20.9993825595948,-85.21930240671045,-8.692017855623362,CISO
2024-04-25,611.2481590503569,18.263500856186283,-84.18004225697139,-6.578617649571811,CISO
2024-04-26,611.2603803979748,11.78833084537094,-83.0722413926395,-11.148469850706306,CISO
2024-04-27,611.2726017455929,-28.806890808794513,-81.89593206037335,-23.51877887642496,CISO
2024-04-28,611.2848230932108,-47.32035000175321,-80.65121876944863,-22.06925432200893,CISO
2024-04-29,611.2970444408288,7.5088071403653345,-79.33827854912738,-19.332573032066648,CISO
2024-04-30,611.3092657884467,17.51127285040289,-77.95736112269205,-9.953177516157552,CISO
2024-05-01,611.3214871360648,20.9993825595948,-76.5087889978252,-5.411080697834336,CISO
2024-05-02,611.3337084836827,18.263500856186283,-74.99295747311328,1.3667481332443003,CISO
2024-05-03,611.3459298313007,11.78833084537094,-73.4103345605522,3.858073883880593,CISO
2024-05-04,611.3581511789187,-28.806890808794513,-71.76146082403102,18.064200453906892,CISO
2024-05-05,611.3703725265367,-47.32035000175321,-70.0469491338684,-29.10107339091502,CISO
2024-05-06,611.3825938741546,7.5088071403653345,-68.26748433757571,-38.298916676944145,CISO
2024-05-07,611.3948152217725,17.51127285040289,-66.42382284711994,-35.082265225055494,CISO
2024-05-08,611.4070365693906,20.9993825595948,-64.51679214305597,-32.70762698592944,CISO
2024-05-09,611.4192579170085,18.263500856186283,-62.547290195998,-11.194468577196744,CISO
2024-05-10,611.4314792646265,11.78833084537094,-60.51628480599578,-1.2145253040015405,CISO
2024-05-11,611.4437006122445,-28.806890808794513,-58.42481286047855,0.07300305702847254,CISO
2024-05-12,611.4559219598625,-47.32035000175321,-56.27397951152567,1.843407553416455,CISO
2024-05-13,611.4681433074804,7.5088071403653345,-54.064957273317624,-3.009993174528063,CISO
2024-05-14,611.4803646550985,17.51127285040289,-51.798985040716516,-3.6446524647848264,CISO
2024-05-15,611.4925860027164,20.9993825595948,-49.47736703001645,9.861398467705158,CISO
2024-05-16,611.5048073503344,18.263500856186283,-47.10147164299783,15.031163436477186,CISO
2024-05-17,611.5170286979524,11.78833084537094,-44.67273025550861,11.30137071218519,CISO
2024-05-18,611.5292500455703,-28.806890808794513,-42.192635931886066,-11.42772330488981,CISO
2024-05-19,611.5414713931883,-47.32035000175321,-39.66274206661983,-21.991379324815284,CISO
2024-05-20,611.5536927408062,7.5088071403653345,-37.08466095474256,-29.45583892642901,CISO
2024-05-21,611.5659140884243,17.51127285040289,-34.46006229251952,-30.086124646307667,CISO
2024-05-22,611.5781354360422,20.9993825595948,-31.7906716100905,-23.76784638554659,CISO
2024-05-23,611.5903567836602,18.263500856186283,-29.078268637797933,-28.974589002048447,CISO
2024-05-24,611.6025781312782,11.78833084537094,-26.32468560801454,-41.93122336863462,CISO
2024-05-25,611.6147994788962,-28.806890808794513,-23.531805494358913,-55.23510317574272,CISO
2024-05-26,611.6270208265141,-47.32035000175321,-20.70156019026303,-60.82211063449779,CISO
2024-05-27,611.6392421741322,7.5088071403653345,-17.83592862892614,-93.64612068557125,CISO
2024-05-28,611.6514635217501,17.51127285040289,-14.93693484676055,-50.028801525392396,CISO
2024-05-29,611.663684869368,20.9993825595948,-12.006645992501504,-31.491421436461337,CISO
2024-05-30,611.675906216986,18.263500856186283,-9.047170284217103,-20.271236788955207,CISO
2024-05-31,611.688127564604,11.78833084537094,-6.060654916517564,-5.037803493457318,CISO
2024-06-01,611.700348912222,-28.806890808794513,-3.049283920320761,-19.961174183106664,CISO
2024-06-02,611.7125702598399,-47.32035000175321,-0.015275977589865875,-35.32194428049684,CISO
2024-06-03,611.724791607458,7.5088071403653345,3.039117806490438,-32.852716554313815,CISO
2024-06-04,611.7370129550759,17.51127285040289,6.111616171378671,2.3170980231425347,CISO
2024-06-05,611.7492343026939,20.9993825595948,9.199910006515957,58.99147313119545,CISO
2024-06-06,611.7614556503119,18.263500856186283,12.301664691529162,52.92837880197271,CISO
2024-06-07,611.7736769979299,11.78833084537094,15.41452246864226,21.557469688056813,CISO
2024-06-08,611.7858983455478,-28.806890808794513,18.536104844605994,-27.05211238135928,CISO
2024-06-09,611.7981196931659,-47.32035000175321,21.664015019415828,-43.011784710828465,CISO
2024-06-10,611.8103410407838,7.5088071403653345,24.795840339059538,-22.93998852020877,CISO
2024-06-11,611.8225623884017,17.51127285040289,27.929154769503903,14.895009991691495,CISO
2024-06-12,611.8347837360197,20.9993825595948,31.06152138910646,14.249312315278985,CISO
2024-06-13,611.8470050836377,18.263500856186283,34.190494896613316,-34.70200083643715,CISO
2024-06-14,611.8592264312557,11.78833084537094,37.313624131886904,-28.96518140851356,CISO
2024-06-15,611.8714477788736,-28.806890808794513,40.428454606489396,-25.472011576568548,CISO
2024-06-16,611.8836691264917,-47.32035000175321,43.53253104123901,-50.04185016597751,CISO
2024-06-17,611.8958904741096,7.5088071403653345,46.62339990784072,-63.576097522315536,CISO
2024-06-18,611.9081118217276,17.51127285040289,49.69861197169452,-52.578996643824894,CISO
2024-06-19,611.9203331693456,20.9993825595948,52.75572483297627,-71.9644405619166,CISO
2024-06-20,611.9325545169636,18.263500856186283,55.792305463090464,-55.92036083624032,CISO
2024-06-21,611.9447758645815,11.78833084537094,58.80593273359699,-29.411039443549384,CISO
2024-06-22,611.9569972121994,-28.806890808794513,61.79419993472363,36.70669366187133,CISO
2024-06-23,611.9692185598175,-47.32035000175321,64.75471728058471,76.99441416135107,CISO
2024-06-24,611.9814399074354,7.5088071403653345,67.68511439824348,76.88663855395578,CISO
2024-06-25,611.9936612550534,17.51127285040289,70.58304279777188,62.061023096771805,CISO
2024-06-26,612.0058826026714,20.9993825595948,73.44617832048432,15.750556517249493,CISO
2024-06-27,612.0181039502894,18.263500856186283,76.27222356254504,6.7391716309792855,CISO
2024-06-28,612.0303252979073,11.78833084537094,79.05891027117798,0.9314335855435729,CISO
2024-06-29,612.0425466455254,-28.806890808794513,81.80400171073805,-1.016657547468867,CISO
2024-06-30,612.0547679931433,-47.32035000175321,84.50529499593807,18.377287012671786,CISO
2024-07-01,612.0669893407613,7.5088071403653345,87.16062338956249,31.892580129310886,CISO
2024-07-02,612.0792106883792,17.51127285040289,89.76785856204062,63.948657899177306,CISO
2024-07-03,612.0914320359972,20.9993825595948,92.32491281029417,93.65327259411379,CISO
2024-07-04,612.1036533836152,18.263500856186283,94.82974123332271,29.317104526875823,CISO
2024-07-05,612.1158747312331,11.78833084537094,97.28034386203876,73.7444505613571,CISO
2024-07-06,612.1280960788512,-28.806890808794513,99.67476774091823,90.14102698902514,CISO
2024-07-07,612.1403174264691,-47.32035000175321,102.01110895908684,82.3409236161973,CISO
2024-07-08,612.1525387740871,7.5088071403653345,104.28751462852065,74.34613945702677,CISO
2024-07-09,612.1647601217051,17.51127285040289,106.50218480710231,62.447782220789804,CISO
2024-07-10,612.1769814693231,20.9993825595948,108.65337436433529,83.82926160674685,CISO
2024-07-11,612.189202816941,18.263500856186283,110.73939478758754,102.35590153928524,CISO
2024-07-12,612.2014241645591,11.78833084537094,112.75861592680221,77.42562906326782,CISO
2024-07-13,612.213645512177,-28.806890808794513,114.70946767568668,30.25277762093083,CISO
2024-07-14,612.2258668597949,-47.32035000175321,116.59044158746286,1.8800415544952784,CISO
2024-07-15,612.2380882074129,7.5088071403653345,118.40009242333814,-2.0419877711162826,CISO
2024-07-16,612.2503095550309,17.51127285040289,120.13703963193464,-14.829622037368608,CISO
2024-07-17,612.2625309026489,20.9993825595948,121.79996875799424,-28.52588222023803,CISO
2024-07-18,612.2747522502668,18.263500856186283,123.38763277875837,11.69711411478852,CISO
2024-07-19,612.2869735978849,11.78833084537094,124.89885336650593,47.08584219023828,CISO
2024-07-20,612.2991949455028,-28.806890808794513,126.33252207581829,50.52617378747334,CISO
2024-07-21,612.3114162931208,-47.32035000175321,127.68760145422738,22.314332254405144,CISO
2024-07-22,612.3236376407388,7.5088071403653345,128.96312607499175,63.13542914390416,CISO
2024-07-23,612.3358589883568,17.51127285040289,130.15820349083668,103.77066467040368,CISO
2024-07-24,612.3480803359747,20.9993825595948,131.2720151075843,113.0035219968463,CISO
2024-07-25,612.3603016835926,18.263500856186283,132.3038169766948,110.16638048352638,CISO
2024-07-26,612.3725230312107,11.78833084537094,133.25294050583219,57.21120561758619,CISO
2024-07-27,612.3847443788286,-28.806890808794513,134.11879308666414,-43.5256466566982,CISO
2024-07-28,612.3969657264466,-47.32035000175321,134.90085863920143,-68.04247436389494,CISO
2024-07-29,612.4091870740646,7.5088071403653345,135.59869807207895,-61.02469228650898,CISO
2024-07-30,612.4214084216826,17.51127285040289,136.211949658278,-50.39363093036343,CISO
2024-07-31,612.4336297693005,20.9993825595948,136.74032932588796,-27.785341654783224,CISO
2024-08-01,612.4458511169186,18.263500856186283,137.1836308636037,-3.0969828367084347,CISO
2024-08-02,612.4580724645365,11.78833084537094,137.54172604075458,34.66087064933788,CISO
2024-08-03,612.4702938121545,-28.806890808794513,137.81456464175892,40.96903235488105,CISO
2024-08-04,612.4825151597724,-47.32035000175321,138.0021744149987,25.218660426982183,CISO
2024-08-05,612.4947365073905,7.5088071403653345,138.10466093620707,51.75979541603715,CISO
2024-08-06,612.5069578550084,17.51127285040289,138.12220738656157,55.75756190802724,CISO
2024-08-07,612.5191792026263,20.9993825595948,138.05507424577394,47.05936399200482,CISO
2024-08-08,612.5314005502444,18.263500856186283,137.90359890056706,0.8774996930023917,CISO
2024-08-09,612.5436218978623,11.78833084537094,137.66819516902598,10.19785208774067,CISO
2024-08-10,612.5558432454803,-28.806890808794513,137.34935274140994,6.95769482190417,CISO
2024-08-11,612.5680645930983,-47.32035000175321,136.94763653810668,21.07464887054823,CISO
2024-08-12,612.5802859407163,7.5088071403653345,136.46368598550794,23.451220933410468,CISO
2024-08-13,612.5925072883342,17.51127285040289,135.89821421067947,-3.607994349416458,CISO
2024-08-14,612.6047286359523,20.9993825595948,135.25200715579334,-8.162118351340268,CISO
2024-08-15,612.6169499835702,18.263500856186283,134.52592261338233,4.454626546861277,CISO
2024-08-16,612.6291713311882,11.78833084537094,133.7208891835695,9.615608639871425,CISO
2024-08-17,612.6413926788061,-28.806890808794513,132.83790515451403,-26.4024070245257,CISO
2024-08-18,612.6536140264242,-47.32035000175321,131.87803730740563,-41.85530133207658,CISO
2024-08-19,612.6658353740421,7.5088071403653345,130.84241964742512,-7.074062161832558,CISO
2024-08-20,612.67805672166,17.51127285040289,129.73225206217538,-5.776581634238369,CISO
2024-08-21,612.6902780692781,20.9993825595948,128.54879890917033,-0.9934595380432256,CISO
2024-08-22,612.702499416896,18.263500856186283,127.29338753405156,-31.25338780713389,CISO
2024-08-23,612.714720764514,11.78833084537094,125.96740672128149,-69.82845833116642,CISO
2024-08-24,612.726942112132,-28.806890808794513,124.57230507914161,-88.3483563824791,CISO
2024-08-25,612.73916345975,-47.32035000175321,123.10958936093745,-81.15940281893415,CISO
2024-08-26,612.7513848073679,7.5088071403653345,121.5808227243871,-27.121014672120396,CISO
2024-08-27,612.763606154986,17.51127285040289,119.9876229312417,-0.6655019366305623,CISO
2024-08-28,612.7758275026039,20.9993825595948,118.3316604892524,-9.58587055145108,CISO
2024-08-29,612.7880488502218,18.263500856186283,116.61465673866756,-32.83520644507564,CISO
2024-08-30,612.8002701978398,11.78833084537094,114.83838188550547,-35.8759829287161,CISO
2024-08-31,612.8124915454578,-28.806890808794513,113.00465298390917,-23.384253720572588,CISO
2024-09-01,612.8247128930758,-47.32035000175321,111.11533186994997,-6.5336947612725,CISO
2024-09-02,612.8369342406937,7.5088071403653345,109.17232304929759,-35.07206443035659,CISO
2024-09-03,612.8491555883118,17.51127285040289,107.17757154123292,45.28900002005253,CISO
2024-09-04,612.8613769359297,20.9993825595948,105.1330606815239,96.84117982295163,CISO
2024-09-05,612.8735982835477,18.263500856186283,103.04080988673469,145.97009097353146,CISO
2024-09-06,612.8858196311656,11.78833084537094,100.90287238258207,173.3239771408813,CISO
2024-09-07,612.8980409787837,-28.806890808794513,98.72133289899095,146.25251693101995,CISO
2024-09-08,612.9102623264016,-47.32035000175321,96.4983053345415,157.23078234081015,CISO
2024-09-09,612.9224836740196,7.5088071403653345,94.23593039303188,157.74277879258318,CISO
2024-09-10,612.9347050216376,17.51127285040289,91.9363731949148,60.57764893304477,CISO
2024-09-11,612.9469263692555,20.9993825595948,89.60182086638972,-30.675129795240082,CISO
2024-09-12,612.9591477168735,18.263500856186283,87.23448010896055,-50.92812868202043,CISO
2024-09-13,612.9713690644915,11.78833084537094,84.8365747522893,-43.63727466215187,CISO
2024-09-14,612.9835904121095,-28.806890808794513,82.41034329319166,-39.406042896506506,CISO
2024-09-15,612.9958117597274,-47.32035000175321,79.95803642363757,-57.90349818161178,CISO
2024-09-16,613.0080331073455,7.5088071403653345,77.48191455063116,-83.61075479834187,CISO
2024-09-17,613.0202544549634,17.51127285040289,74.98424531084827,-91.43677261621451,CISO
2024-09-18,613.0324758025814,20.9993825595948,72.46730108292041,-88.47015944509656,CISO
2024-09-19,613.0446971501993,18.263500856186283,69.93335650024858,-82.32155450663424,CISO
2024-09-20,613.0569184978174,11.78833084537094,67.38468596723243,-76.14193531042065,CISO
2024-09-21,613.0691398454353,-28.806890808794513,64.82356118179268,-61.050810218433526,CISO
2024-09-22,613.0813611930532,-47.32035000175321,62.252248667054474,-31.97425985835457,CISO
2024-09-23,613.0935825406713,7.5088071403653345,59.67300731505023,4.078603003913258,CISO
2024-09-24,613.1058038882892,17.51127285040289,57.08808594527959,12.452837316028422,CISO
2024-09-25,613.1180252359072,20.9993825595948,54.49972088094847,-27.296128676450394,CISO
2024-09-26,613.1302465835251,18.263500856186283,51.91013354568727,-43.28588098539865,CISO
2024-09-27,613.1424679311432,11.78833084537094,49.321528083516654,-21.23732686003075,CISO
2024-09-28,613.1546892787611,-28.806890808794513,46.73608900480872,-31.37788747477532,CISO
2024-09-29,613.1669106263791,-47.32035000175321,44.15597886095062,-35.1825394855764,CISO
2024-09-30,613.1791319739971,7.5088071403653345,41.58333595038796,1.9747249352495828,CISO
2024-10-01,613.1913533216151,17.51127285040289,39.02027205868389,61.70010176929816,CISO
2024-10-02,613.203574669233,20.9993825595948,36.46887023518778,94.56617253598449,CISO
2024-10-03,613.215796016851,18.263500856186283,33.9311826088654,92.60452051809727,CISO
2024-10-04,613.228017364469,11.78833084537094,31.40922824578979,84.57842354437025,CISO
2024-10-05,613.2402387120869,-28.806890808794513,28.904991050745213,84.91666104596231,CISO
2024-10-06,613.252460059705,-47.32035000175321,26.420417715342907,99.0274722267053,CISO
2024-10-07,613.2646814073229,7.5088071403653345,23.95741571498617,108.19109573732555,CISO
2024-10-08,613.2769027549409,17.51127285040289,21.51785135697063,71.83097303768557,CISO
2024-10-09,613.2891241025588,20.9993825595948,19.10354788193566,29.79694545591076,CISO
2024-10-10,613.3013454501769,18.263500856186283,16.716283620824612,16.67087007281225,CISO
2024-10-11,613.3135667977948,11.78833084537094,14.357790209441156,6.1573121473931,CISO
2024-10-12,613.3257881454128,-28.806890808794513,12.02975086262002,-9.486648199238289,CISO
2024-10-13,613.3380094930308,-47.32035000175321,9.733798709960858,-20.323458201238395,CISO
2024-10-14,613.3502308406488,7.5088071403653345,7.47151519499478,-12.45655317600881,CISO
2024-10-15,613.3624521882667,17.51127285040289,5.24442853958368,-4.503153578253318,CISO
2024-10-16,613.3746735358847,20.9993825595948,3.0540122752673966,-4.057068370746947,CISO
2024-10-17,613.3868948835027,18.263500856186283,0.9016838431974605,-18.872079582886386,CISO
2024-10-18,613.3991162311206,11.78833084537094,-1.2111967357861744,-41.76625034070537,CISO
2024-10-19,613.4113375787387,-28.806890808794513,-3.283328119466404,-34.8271186504777,CISO
2024-10-20,613.4235589263566,-47.32035000175321,-5.3134688295618915,-25.90474009504146,CISO
2024-10-21,613.4357802739746,7.5088071403653345,-7.300438362742035,-26.268149051597902,CISO
2024-10-22,613.4480016215925,17.51127285040289,-9.243118226139458,-21.290156245855883,CISO
2024-10-23,613.4602229692106,20.9993825595948,-11.140452896235946,-16.886152632569406,CISO
2024-10-24,613.4724443168285,18.263500856186283,-12.991450700099854,-20.24549447291497,CISO
2024-10-25,613.4846656644465,11.78833084537094,-14.795184618036991,-23.160811891780327,CISO
2024-10-26,613.4968870120645,-28.806890808794513,-16.550793006817656,-8.271203196452348,CISO
2024-10-27,613.5091083596824,-47.32035000175321,-18.25748024273316,6.042721884803996,CISO
2024-10-28,613.5213297073004,7.5088071403653345,-19.914517283831636,-6.552619563834128,CISO
2024-10-29,613.5335510549183,17.51127285040289,-21.52124215078161,-28.397581754539715,CISO
2024-10-30,613.5457724025364,20.9993825595948,-23.07706032590623,-20.506094636224816,CISO
2024-10-31,613.5579937501543,18.263500856186283,-24.581445070029055,-20.801049536311666,CISO
2024-11-01,613.5702150977723,11.78833084537094,-26.03393765687239,-21.43860828627089,CISO
2024-11-02,613.5824364453903,-28.806890808794513,-27.434147524844605,20.3646018882489,CISO
2024-11-03,613.5946577930083,-47.32035000175321,-28.781752346153326,8.04844455489831,CISO
2024-11-04,613.6068791406262,7.5088071403653345,-30.076498013278027,-20.09918826771343,CISO
2024-11-05,613.6191004882443,17.51127285040289,-31.318198542936123,-16.74317479571107,CISO
2024-11-06,613.6313218358622,20.9993825595948,-32.50673589777326,-23.534968497683735,CISO
2024-11-07,613.6435431834801,18.263500856186283,-33.64205972610576,-21.428984313560704,CISO
2024-11-08,613.6557645310982,11.78833084537094,-34.72418702014322,-17.661908356325853,CISO
2024-11-09,613.6679858787161,-28.806890808794513,-35.7532016932137,-5.102893376707925,CISO
2024-11-10,613.6802072263341,-47.32035000175321,-36.72925407661047,-4.93060314797026,CISO
2024-11-11,613.692428573952,7.5088071403653345,-37.65256033677679,3.489324622459435,CISO
2024-11-12,613.7046499215701,17.51127285040289,-38.52340181363703,-10.439520958335834,CISO
2024-11-13,613.716871269188,20.9993825595948,-39.34212428097817,0.9668704521953941,CISO
2024-11-14,613.729092616806,18.263500856186283,-40.10913712987667,-6.77245634311555,CISO
2024-11-15,613.741313964424,11.78833084537094,-40.82491247625861,6.209267666463575,CISO
2024-11-16,613.753535312042,-28.806890808794513,-41.48998419376947,6.8923396905220216,CISO
2024-11-17,613.7657566596599,-47.32035000175321,-42.10494687321888,23.38954021531208,CISO
2024-11-18,613.777978007278,7.5088071403653345,-42.6704547099537,20.55466956231055,CISO
2024-11-19,613.7901993548959,17.51127285040289,-43.18722032059634,25.185748115297542,CISO
2024-11-20,613.8024207025138,20.9993825595948,-43.656013490670354,30.640210228561727,CISO
2024-11-21,613.8146420501319,18.263500856186283,-44.0776598547168,23.508516948398665,CISO
2024-11-22,613.8268633977498,11.78833084537094,-44.45303951058373,31.484845267463015,CISO
2024-11-23,613.8390847453678,-28.806890808794513,-44.78308556965061,17.783891633077246,CISO
2024-11-24,613.8513060929857,-47.32035000175321,-45.06878264482403,18.773826553591448,CISO
2024-11-25,613.8635274406038,7.5088071403653345,-45.311165278214496,29.051830697245578,CISO
2024-11-26,613.8757487882217,17.51127285040289,-45.51131631047681,21.55929467185217,CISO
2024-11-27,613.8879701358397,20.9993825595948,-45.670365193862615,-1.7719875015718571,CISO
2024-11-28,613.9001914834577,18.263500856186283,-45.789486251103426,-43.59220608854048,CISO
2024-11-29,613.9124128310757,11.78833084537094,-45.869896882303095,-25.24984679414331,CISO
2024-11-30,613.9246341786936,-28.806890808794513,-45.91285572208227,15.729112352183165,CISO
2024-12-01,613.9368555263115,-47.32035000175321,-45.9196607492744,25.407155224716007,CISO
2024-12-02,613.9490768739296,7.5088071403653345,-45.89164735152947,13.153763337234636,CISO
2024-12-03,613.9612982215475,17.51127285040289,-45.830186347234026,11.168615275283628,CISO
2024-12-04,613.9735195691655,20.9993825595948,-45.73668196720661,7.162779838446227,CISO
2024-12-05,613.9857409167835,18.263500856186283,-45.61256979867428,14.195328025704498,CISO
2024-12-06,613.9979622644015,11.78833084537094,-45.45931469408052,16.252021584308068,CISO
2024-12-07,614.0101836120194,-28.806890808794513,-45.278408647315324,28.608115844090435,CISO
2024-12-08,614.0224049596375,-47.32035000175321,-45.07136863999703,31.936313682112768,CISO
2024-12-09,614.0346263072554,7.5088071403653345,-44.83973446046911,33.126301012848444,CISO
2024-12-10,614.0468476548734,17.51127285040289,-44.58506649820789,33.05894599293174,CISO
2024-12-11,614.0590690024914,20.9993825595948,-44.30894351636489,40.38349195427884,CISO
2024-12-12,614.0712903501093,18.263500856186283,-44.01296040519267,53.02116919889693,CISO
2024-12-13,614.0835116977273,11.78833084537094,-43.69872591912533,52.23688337602698,CISO
2024-12-14,614.0957330453452,-28.806890808794513,-43.36786040030263,41.29801816375186,CISO
2024-12-15,614.1079543929633,-47.32035000175321,-43.0219934913427,48.39838910013259,CISO
2024-12-16,614.1201757405812,7.5088071403653345,-42.662761840179485,60.74877895923305,CISO
2024-12-17,614.1323970881992,17.51127285040289,-42.29180679979012,41.23113686118802,CISO
2024-12-18,614.1446184358172,20.9993825595948,-41.910772125641856,39.139771130229974,CISO
2024-12-19,614.1568397834352,18.263500856186283,-41.52130167369066,21.64196103406914,CISO
2024-12-20,614.1690611310531,11.78833084537094,-41.125037101761485,26.704645125337493,CISO
2024-12-21,614.1812824786712,-28.806890808794513,-40.72361557713496,26.65422390725837,CISO
2024-12-22,614.1935038262891,-47.32035000175321,-40.31866749315775,20.76751366862186,CISO
2024-12-23,614.2057251739071,7.5088071403653345,-39.91181419768055,0.5462818834081418,CISO
2024-12-24,614.217946521525,17.51127285040289,-39.50466573611467,-27.991553635813375,CISO
2024-12-25,614.230167869143,20.9993825595948,-39.098818611876915,-61.431731816860975,CISO
2024-12-26,614.242389216761,18.263500856186283,-38.695853566974044,-13.097036505973165,CISO
2024-12-27,614.2546105643789,11.78833084537094,-38.29733338544954,-6.688608024300379,CISO
2024-12-28,614.266831911997,-28.806890808794513,-37.90480072239017,2.748859619187783,CISO
2024-12-29,614.2790532596149,-47.32035000175321,-37.51977596115626,17.023072703294588,CISO
2024-12-30,614.2912746072329,7.5088071403653345,-37.14375510146565,-15.803326646132746,CISO
2024-12-31,614.3034959548509,17.51127285040289,-36.77820768092369,-26.411561124330092,CISO
